session_id,stage,step_seconds,abandon_cohort,device_tier
S000001,liveness_check,39,Mid (5-60s),iOS-HighEnd
S000002,liveness_check,2,No-intent (<5s),Android-MidTier
S000011,registration,3,No-intent (<5s),iOS-HighEnd
S000014,phone_otp,2,No-intent (<5s),Android-MidTier
S000020,doc_upload,44,Mid (5-60s),Android-Budget
S000026,consent_sign,3,No-intent (<5s),Android-MidTier
S000027,consent_sign,2,No-intent (<5s),iOS-HighEnd
S000033,phone_otp,1,No-intent (<5s),iOS-HighEnd
S000036,doc_upload,49,Mid (5-60s),Android-Budget
S000039,registration,3,No-intent (<5s),Android-Budget
S000041,liveness_check,51,Mid (5-60s),Android-MidTier
S000042,phone_otp,2,No-intent (<5s),Android-MidTier
S000043,liveness_check,42,Mid (5-60s),Android-MidTier
S000048,registration,3,No-intent (<5s),iOS-HighEnd
S000052,liveness_check,32,Mid (5-60s),Android-MidTier
S000055,doc_upload,4,No-intent (<5s),Android-MidTier
S000056,registration,3,No-intent (<5s),Android-MidTier
S000061,liveness_check,4,No-intent (<5s),Android-MidTier
S000067,doc_upload,70,Blocker (60s+),Android-MidTier
S000069,registration,3,No-intent (<5s),Android-MidTier
S000075,doc_upload,111,Blocker (60s+),Android-Budget
S000078,consent_sign,3,No-intent (<5s),iOS-HighEnd
S000083,liveness_check,2,No-intent (<5s),Android-Budget
S000094,liveness_check,32,Mid (5-60s),Android-Budget
S000096,phone_otp,1,No-intent (<5s),iOS-HighEnd
S000100,liveness_check,53,Mid (5-60s),iOS-HighEnd
S000101,liveness_check,34,Mid (5-60s),Android-MidTier
S000102,doc_upload,39,Mid (5-60s),Android-Budget
S000110,liveness_check,23,Mid (5-60s),Android-MidTier
S000111,liveness_check,21,Mid (5-60s),iOS-HighEnd
S000112,liveness_check,97,Blocker (60s+),Android-Budget
S000113,liveness_check,19,Mid (5-60s),Android-MidTier
S000116,registration,3,No-intent (<5s),Android-Budget
S000119,registration,3,No-intent (<5s),Android-MidTier
S000120,liveness_check,30,Mid (5-60s),Android-MidTier
S000122,phone_otp,2,No-intent (<5s),iOS-HighEnd
S000129,registration,3,No-intent (<5s),Android-MidTier
S000131,liveness_check,127,Blocker (60s+),Android-Budget
S000134,registration,3,No-intent (<5s),Android-Budget
S000138,phone_otp,3,No-intent (<5s),iOS-HighEnd
S000144,liveness_check,18,Mid (5-60s),Android-MidTier
S000148,doc_upload,3,No-intent (<5s),iOS-HighEnd
S000152,doc_upload,42,Mid (5-60s),Android-Budget
S000157,liveness_check,21,Mid (5-60s),iOS-HighEnd
S000166,liveness_check,29,Mid (5-60s),Android-MidTier
S000167,consent_sign,4,No-intent (<5s),Android-MidTier
S000168,doc_upload,4,No-intent (<5s),iOS-HighEnd
S000170,liveness_check,33,Mid (5-60s),iOS-HighEnd
S000176,doc_upload,55,Mid (5-60s),Android-MidTier
S000177,registration,3,No-intent (<5s),Android-MidTier
S000178,liveness_check,43,Mid (5-60s),Android-Budget
S000182,liveness_check,120,Blocker (60s+),Android-Budget
S000190,liveness_check,63,Blocker (60s+),Android-Budget
S000201,doc_upload,113,Blocker (60s+),Android-Budget
S000202,doc_upload,4,No-intent (<5s),Android-MidTier
S000203,phone_otp,3,No-intent (<5s),iOS-HighEnd
S000208,consent_sign,17,Mid (5-60s),iOS-HighEnd
S000213,consent_sign,1,No-intent (<5s),Android-Budget
S000215,liveness_check,36,Mid (5-60s),Android-MidTier
S000217,registration,3,No-intent (<5s),Android-MidTier
S000218,registration,3,No-intent (<5s),Android-MidTier
S000223,consent_sign,2,No-intent (<5s),iOS-HighEnd
S000224,liveness_check,60,Mid (5-60s),Android-MidTier
S000227,liveness_check,42,Mid (5-60s),Android-MidTier
S000230,doc_upload,51,Mid (5-60s),Android-Budget
S000232,liveness_check,27,Mid (5-60s),Android-Budget
S000254,registration,3,No-intent (<5s),Android-Budget
S000260,phone_otp,2,No-intent (<5s),Android-Budget
S000261,phone_otp,1,No-intent (<5s),Android-Budget
S000264,registration,3,No-intent (<5s),Android-Budget
S000268,doc_upload,44,Mid (5-60s),Android-Budget
S000269,liveness_check,2,No-intent (<5s),iOS-HighEnd
S000272,phone_otp,2,No-intent (<5s),Android-MidTier
S000273,doc_upload,2,No-intent (<5s),iOS-HighEnd
S000276,doc_upload,1,No-intent (<5s),Android-MidTier
S000284,liveness_check,38,Mid (5-60s),iOS-HighEnd
S000286,doc_upload,34,Mid (5-60s),Android-MidTier
S000292,registration,3,No-intent (<5s),Android-Budget
S000294,registration,25,Mid (5-60s),Android-MidTier
S000295,consent_sign,1,No-intent (<5s),Android-Budget
S000301,consent_sign,2,No-intent (<5s),iOS-HighEnd
S000308,doc_upload,2,No-intent (<5s),Android-Budget
S000313,consent_sign,4,No-intent (<5s),iOS-HighEnd
S000315,liveness_check,102,Blocker (60s+),Android-Budget
S000320,phone_otp,19,Mid (5-60s),iOS-HighEnd
S000324,liveness_check,10,Mid (5-60s),Android-MidTier
S000326,liveness_check,30,Mid (5-60s),Android-MidTier
S000327,registration,3,No-intent (<5s),Android-MidTier
S000328,doc_upload,85,Blocker (60s+),Android-Budget
S000329,liveness_check,91,Blocker (60s+),Android-Budget
S000331,liveness_check,4,No-intent (<5s),Android-MidTier
S000338,liveness_check,27,Mid (5-60s),Android-Budget
S000340,phone_otp,2,No-intent (<5s),Android-Budget
S000344,registration,3,No-intent (<5s),iOS-HighEnd
S000345,doc_upload,1,No-intent (<5s),Android-MidTier
S000346,liveness_check,47,Mid (5-60s),Android-MidTier
S000347,consent_sign,4,No-intent (<5s),Android-MidTier
S000348,liveness_check,101,Blocker (60s+),Android-Budget
S000349,doc_upload,1,No-intent (<5s),iOS-HighEnd
S000355,doc_upload,34,Mid (5-60s),Android-MidTier
S000361,registration,3,No-intent (<5s),iOS-HighEnd
S000362,phone_otp,2,No-intent (<5s),iOS-HighEnd
S000363,liveness_check,79,Blocker (60s+),Android-Budget
S000364,liveness_check,18,Mid (5-60s),Android-MidTier
S000371,consent_sign,1,No-intent (<5s),Android-MidTier
S000374,doc_upload,3,No-intent (<5s),Android-MidTier
S000388,phone_otp,4,No-intent (<5s),iOS-HighEnd
S000389,doc_upload,3,No-intent (<5s),Android-MidTier
S000390,liveness_check,30,Mid (5-60s),Android-Budget
S000395,consent_sign,2,No-intent (<5s),Android-MidTier
S000396,doc_upload,28,Mid (5-60s),Android-MidTier
S000399,consent_sign,15,Mid (5-60s),Android-Budget
S000401,doc_upload,24,Mid (5-60s),Android-MidTier
S000415,doc_upload,4,No-intent (<5s),Android-MidTier
S000420,doc_upload,126,Blocker (60s+),Android-Budget
S000425,doc_upload,38,Mid (5-60s),iOS-HighEnd
S000429,liveness_check,60,Mid (5-60s),Android-MidTier
S000434,doc_upload,88,Blocker (60s+),Android-MidTier
S000435,doc_upload,1,No-intent (<5s),Android-Budget
S000448,phone_otp,4,No-intent (<5s),Android-MidTier
S000449,consent_sign,4,No-intent (<5s),Android-Budget
S000454,doc_upload,73,Blocker (60s+),Android-Budget
S000456,registration,27,Mid (5-60s),Android-MidTier
S000463,liveness_check,93,Blocker (60s+),Android-Budget
S000465,registration,3,No-intent (<5s),iOS-HighEnd
S000467,registration,3,No-intent (<5s),Android-Budget
S000472,registration,3,No-intent (<5s),iOS-HighEnd
S000475,consent_sign,22,Mid (5-60s),Android-Budget
S000481,doc_upload,4,No-intent (<5s),Android-MidTier
S000488,doc_upload,65,Blocker (60s+),Android-MidTier
S000489,liveness_check,20,Mid (5-60s),Android-Budget
S000497,registration,3,No-intent (<5s),iOS-HighEnd
S000502,phone_otp,1,No-intent (<5s),Android-MidTier
S000519,registration,3,No-intent (<5s),iOS-HighEnd
S000520,phone_otp,1,No-intent (<5s),iOS-HighEnd
S000528,doc_upload,61,Blocker (60s+),iOS-HighEnd
S000536,registration,3,No-intent (<5s),iOS-HighEnd
S000539,liveness_check,77,Blocker (60s+),Android-Budget
S000547,liveness_check,99,Blocker (60s+),Android-MidTier
S000555,consent_sign,4,No-intent (<5s),Android-MidTier
S000556,doc_upload,56,Mid (5-60s),Android-MidTier
S000558,liveness_check,37,Mid (5-60s),Android-Budget
S000563,phone_otp,2,No-intent (<5s),Android-Budget
S000566,registration,3,No-intent (<5s),iOS-HighEnd
S000574,phone_otp,17,Mid (5-60s),Android-Budget
S000581,consent_sign,1,No-intent (<5s),Android-MidTier
S000593,doc_upload,81,Blocker (60s+),Android-MidTier
S000594,consent_sign,2,No-intent (<5s),Android-MidTier
S000597,doc_upload,3,No-intent (<5s),Android-Budget
S000603,registration,3,No-intent (<5s),iOS-HighEnd
S000604,doc_upload,39,Mid (5-60s),Android-Budget
S000606,registration,3,No-intent (<5s),Android-MidTier
S000607,doc_upload,56,Mid (5-60s),Android-Budget
S000608,consent_sign,18,Mid (5-60s),iOS-HighEnd
S000621,consent_sign,2,No-intent (<5s),Android-MidTier
S000624,liveness_check,85,Blocker (60s+),Android-Budget
S000629,doc_upload,3,No-intent (<5s),iOS-HighEnd
S000637,liveness_check,30,Mid (5-60s),Android-Budget
S000641,doc_upload,20,Mid (5-60s),Android-MidTier
S000643,doc_upload,24,Mid (5-60s),Android-Budget
S000645,liveness_check,63,Blocker (60s+),Android-Budget
S000647,registration,3,No-intent (<5s),iOS-HighEnd
S000648,liveness_check,36,Mid (5-60s),Android-Budget
S000651,registration,3,No-intent (<5s),iOS-HighEnd
S000658,registration,3,No-intent (<5s),Android-Budget
S000662,phone_otp,4,No-intent (<5s),Android-Budget
S000663,doc_upload,4,No-intent (<5s),iOS-HighEnd
S000664,doc_upload,3,No-intent (<5s),iOS-HighEnd
S000668,phone_otp,21,Mid (5-60s),Android-MidTier
S000671,doc_upload,2,No-intent (<5s),iOS-HighEnd
S000685,liveness_check,1,No-intent (<5s),Android-MidTier
S000691,liveness_check,31,Mid (5-60s),Android-Budget
S000693,doc_upload,34,Mid (5-60s),Android-MidTier
S000694,liveness_check,17,Mid (5-60s),Android-MidTier
S000695,registration,3,No-intent (<5s),iOS-HighEnd
S000696,doc_upload,43,Mid (5-60s),Android-MidTier
S000700,liveness_check,41,Mid (5-60s),Android-MidTier
S000701,doc_upload,3,No-intent (<5s),iOS-HighEnd
S000711,liveness_check,29,Mid (5-60s),Android-Budget
S000713,liveness_check,28,Mid (5-60s),Android-MidTier
S000715,liveness_check,2,No-intent (<5s),iOS-HighEnd
S000718,registration,3,No-intent (<5s),iOS-HighEnd
S000724,liveness_check,35,Mid (5-60s),Android-MidTier
S000726,liveness_check,20,Mid (5-60s),Android-Budget
S000728,liveness_check,68,Blocker (60s+),Android-Budget
S000730,doc_upload,91,Blocker (60s+),Android-MidTier
S000735,registration,3,No-intent (<5s),Android-MidTier
S000738,registration,3,No-intent (<5s),Android-Budget
S000742,consent_sign,1,No-intent (<5s),Android-MidTier
S000743,registration,3,No-intent (<5s),iOS-HighEnd
S000746,doc_upload,23,Mid (5-60s),Android-Budget
S000757,liveness_check,117,Blocker (60s+),Android-Budget
S000758,liveness_check,2,No-intent (<5s),iOS-HighEnd
S000769,liveness_check,13,Mid (5-60s),Android-MidTier
S000781,liveness_check,29,Mid (5-60s),Android-Budget
S000793,doc_upload,122,Blocker (60s+),iOS-HighEnd
S000795,consent_sign,2,No-intent (<5s),Android-MidTier
S000803,registration,3,No-intent (<5s),Android-MidTier
S000811,liveness_check,34,Mid (5-60s),Android-Budget
S000813,liveness_check,80,Blocker (60s+),Android-Budget
S000822,doc_upload,80,Blocker (60s+),Android-MidTier
S000823,registration,3,No-intent (<5s),Android-MidTier
S000826,doc_upload,30,Mid (5-60s),Android-Budget
S000828,doc_upload,32,Mid (5-60s),iOS-HighEnd
S000830,doc_upload,94,Blocker (60s+),Android-MidTier
S000834,doc_upload,3,No-intent (<5s),Android-Budget
S000838,doc_upload,4,No-intent (<5s),iOS-HighEnd
S000839,doc_upload,46,Mid (5-60s),Android-Budget
S000843,liveness_check,28,Mid (5-60s),iOS-HighEnd
S000848,phone_otp,2,No-intent (<5s),iOS-HighEnd
S000849,liveness_check,29,Mid (5-60s),Android-Budget
S000854,liveness_check,29,Mid (5-60s),Android-Budget
S000857,consent_sign,3,No-intent (<5s),iOS-HighEnd
S000858,liveness_check,83,Blocker (60s+),Android-Budget
S000863,registration,3,No-intent (<5s),Android-MidTier
S000869,consent_sign,2,No-intent (<5s),iOS-HighEnd
S000870,phone_otp,2,No-intent (<5s),Android-MidTier
S000873,phone_otp,1,No-intent (<5s),iOS-HighEnd
S000874,consent_sign,4,No-intent (<5s),iOS-HighEnd
S000879,doc_upload,3,No-intent (<5s),iOS-HighEnd
S000885,doc_upload,88,Blocker (60s+),Android-MidTier
S000886,registration,3,No-intent (<5s),iOS-HighEnd
S000887,doc_upload,4,No-intent (<5s),Android-Budget
S000892,liveness_check,28,Mid (5-60s),Android-MidTier
S000903,liveness_check,25,Mid (5-60s),Android-Budget
S000905,consent_sign,4,No-intent (<5s),Android-MidTier
S000913,registration,3,No-intent (<5s),Android-Budget
S000914,registration,3,No-intent (<5s),iOS-HighEnd
S000916,liveness_check,63,Blocker (60s+),Android-MidTier
S000918,phone_otp,3,No-intent (<5s),iOS-HighEnd
S000921,phone_otp,3,No-intent (<5s),Android-MidTier
S000930,consent_sign,2,No-intent (<5s),Android-MidTier
S000931,phone_otp,4,No-intent (<5s),iOS-HighEnd
S000939,doc_upload,63,Blocker (60s+),Android-MidTier
S000941,doc_upload,31,Mid (5-60s),iOS-HighEnd
S000945,liveness_check,13,Mid (5-60s),Android-MidTier
S000947,doc_upload,50,Mid (5-60s),iOS-HighEnd
S000948,registration,3,No-intent (<5s),iOS-HighEnd
S000950,registration,3,No-intent (<5s),iOS-HighEnd
S000958,liveness_check,51,Mid (5-60s),Android-Budget
S000963,consent_sign,13,Mid (5-60s),iOS-HighEnd
S000967,phone_otp,3,No-intent (<5s),iOS-HighEnd
S000973,registration,3,No-intent (<5s),Android-Budget
S000980,registration,3,No-intent (<5s),iOS-HighEnd
S000981,liveness_check,23,Mid (5-60s),Android-Budget
S000992,registration,3,No-intent (<5s),Android-MidTier
S000996,registration,3,No-intent (<5s),Android-Budget
S001002,phone_otp,4,No-intent (<5s),iOS-HighEnd
S001006,liveness_check,58,Mid (5-60s),Android-Budget
S001008,doc_upload,1,No-intent (<5s),Android-MidTier
S001012,doc_upload,39,Mid (5-60s),Android-MidTier
S001016,registration,3,No-intent (<5s),Android-Budget
S001017,phone_otp,4,No-intent (<5s),iOS-HighEnd
S001018,phone_otp,4,No-intent (<5s),Android-Budget
S001020,registration,3,No-intent (<5s),iOS-HighEnd
S001022,doc_upload,52,Mid (5-60s),Android-Budget
S001026,consent_sign,1,No-intent (<5s),iOS-HighEnd
S001027,consent_sign,3,No-intent (<5s),iOS-HighEnd
S001030,registration,3,No-intent (<5s),iOS-HighEnd
S001032,phone_otp,4,No-intent (<5s),Android-Budget
S001036,consent_sign,4,No-intent (<5s),Android-MidTier
S001040,doc_upload,28,Mid (5-60s),Android-Budget
S001042,registration,3,No-intent (<5s),iOS-HighEnd
S001049,doc_upload,26,Mid (5-60s),Android-MidTier
S001052,phone_otp,3,No-intent (<5s),Android-MidTier
S001053,liveness_check,62,Blocker (60s+),Android-MidTier
S001056,registration,3,No-intent (<5s),Android-Budget
S001057,liveness_check,37,Mid (5-60s),Android-Budget
S001058,phone_otp,2,No-intent (<5s),iOS-HighEnd
S001062,registration,3,No-intent (<5s),Android-MidTier
S001063,liveness_check,24,Mid (5-60s),Android-Budget
S001064,phone_otp,1,No-intent (<5s),Android-MidTier
S001065,registration,3,No-intent (<5s),Android-MidTier
S001066,doc_upload,61,Blocker (60s+),Android-Budget
S001068,doc_upload,53,Mid (5-60s),Android-MidTier
S001069,doc_upload,46,Mid (5-60s),Android-Budget
S001072,doc_upload,79,Blocker (60s+),Android-Budget
S001076,registration,3,No-intent (<5s),Android-MidTier
S001077,liveness_check,29,Mid (5-60s),Android-MidTier
S001084,doc_upload,40,Mid (5-60s),Android-Budget
S001090,consent_sign,2,No-intent (<5s),Android-Budget
S001092,doc_upload,59,Mid (5-60s),iOS-HighEnd
S001096,consent_sign,23,Mid (5-60s),Android-MidTier
S001097,registration,3,No-intent (<5s),iOS-HighEnd
S001105,doc_upload,3,No-intent (<5s),Android-Budget
S001106,phone_otp,3,No-intent (<5s),Android-MidTier
S001112,doc_upload,36,Mid (5-60s),Android-Budget
S001119,doc_upload,36,Mid (5-60s),Android-Budget
S001123,doc_upload,2,No-intent (<5s),Android-MidTier
S001125,consent_sign,10,Mid (5-60s),Android-MidTier
S001127,registration,3,No-intent (<5s),iOS-HighEnd
S001130,liveness_check,70,Blocker (60s+),Android-MidTier
S001132,phone_otp,27,Mid (5-60s),Android-Budget
S001135,doc_upload,53,Mid (5-60s),Android-Budget
S001142,registration,45,Mid (5-60s),Android-Budget
S001151,liveness_check,55,Mid (5-60s),Android-Budget
S001160,liveness_check,38,Mid (5-60s),Android-MidTier
S001163,registration,3,No-intent (<5s),Android-MidTier
S001171,phone_otp,2,No-intent (<5s),Android-MidTier
S001172,liveness_check,43,Mid (5-60s),Android-MidTier
S001175,doc_upload,81,Blocker (60s+),iOS-HighEnd
S001176,registration,3,No-intent (<5s),iOS-HighEnd
S001177,phone_otp,16,Mid (5-60s),Android-Budget
S001183,doc_upload,153,Blocker (60s+),Android-Budget
S001187,phone_otp,2,No-intent (<5s),iOS-HighEnd
S001188,registration,3,No-intent (<5s),Android-MidTier
S001189,consent_sign,1,No-intent (<5s),iOS-HighEnd
S001192,doc_upload,2,No-intent (<5s),iOS-HighEnd
S001195,doc_upload,48,Mid (5-60s),Android-Budget
S001204,doc_upload,34,Mid (5-60s),Android-MidTier
S001206,registration,3,No-intent (<5s),Android-MidTier
S001211,doc_upload,57,Mid (5-60s),Android-Budget
S001216,registration,3,No-intent (<5s),Android-Budget
S001219,doc_upload,21,Mid (5-60s),iOS-HighEnd
S001223,liveness_check,2,No-intent (<5s),Android-MidTier
S001228,liveness_check,74,Blocker (60s+),Android-MidTier
S001229,phone_otp,4,No-intent (<5s),iOS-HighEnd
S001230,liveness_check,46,Mid (5-60s),Android-MidTier
S001231,doc_upload,103,Blocker (60s+),Android-Budget
S001233,liveness_check,22,Mid (5-60s),Android-MidTier
S001234,doc_upload,114,Blocker (60s+),Android-MidTier
S001235,doc_upload,2,No-intent (<5s),iOS-HighEnd
S001238,liveness_check,33,Mid (5-60s),Android-MidTier
S001244,consent_sign,1,No-intent (<5s),iOS-HighEnd
S001247,doc_upload,93,Blocker (60s+),Android-Budget
S001248,registration,3,No-intent (<5s),Android-Budget
S001249,registration,3,No-intent (<5s),iOS-HighEnd
S001251,doc_upload,154,Blocker (60s+),Android-Budget
S001259,registration,3,No-intent (<5s),Android-MidTier
S001268,phone_otp,4,No-intent (<5s),iOS-HighEnd
S001271,registration,3,No-intent (<5s),iOS-HighEnd
S001274,doc_upload,1,No-intent (<5s),Android-MidTier
S001276,consent_sign,4,No-intent (<5s),iOS-HighEnd
S001278,liveness_check,26,Mid (5-60s),Android-MidTier
S001281,doc_upload,35,Mid (5-60s),Android-MidTier
S001284,doc_upload,33,Mid (5-60s),Android-MidTier
S001289,doc_upload,1,No-intent (<5s),Android-Budget
S001291,liveness_check,29,Mid (5-60s),Android-Budget
S001293,liveness_check,35,Mid (5-60s),Android-MidTier
S001295,liveness_check,15,Mid (5-60s),Android-MidTier
S001296,registration,3,No-intent (<5s),Android-MidTier
S001308,doc_upload,113,Blocker (60s+),Android-Budget
S001309,registration,21,Mid (5-60s),iOS-HighEnd
S001314,doc_upload,4,No-intent (<5s),iOS-HighEnd
S001317,doc_upload,38,Mid (5-60s),Android-Budget
S001322,registration,3,No-intent (<5s),Android-Budget
S001324,doc_upload,47,Mid (5-60s),Android-MidTier
S001326,registration,3,No-intent (<5s),Android-MidTier
S001329,registration,3,No-intent (<5s),Android-MidTier
S001339,doc_upload,41,Mid (5-60s),Android-MidTier
S001340,doc_upload,2,No-intent (<5s),iOS-HighEnd
S001343,liveness_check,63,Blocker (60s+),Android-MidTier
S001344,doc_upload,48,Mid (5-60s),Android-MidTier
S001346,registration,3,No-intent (<5s),iOS-HighEnd
S001347,registration,3,No-intent (<5s),iOS-HighEnd
S001351,consent_sign,1,No-intent (<5s),Android-MidTier
S001354,doc_upload,40,Mid (5-60s),Android-MidTier
S001363,doc_upload,41,Mid (5-60s),Android-MidTier
S001365,liveness_check,14,Mid (5-60s),iOS-HighEnd
S001368,liveness_check,3,No-intent (<5s),Android-MidTier
S001375,doc_upload,47,Mid (5-60s),Android-MidTier
S001388,consent_sign,4,No-intent (<5s),Android-MidTier
S001396,phone_otp,4,No-intent (<5s),Android-MidTier
S001398,registration,3,No-intent (<5s),Android-MidTier
S001400,liveness_check,4,No-intent (<5s),Android-MidTier
S001406,liveness_check,27,Mid (5-60s),Android-MidTier
S001412,doc_upload,133,Blocker (60s+),Android-Budget
S001417,doc_upload,159,Blocker (60s+),Android-Budget
S001418,doc_upload,4,No-intent (<5s),iOS-HighEnd
S001424,doc_upload,73,Blocker (60s+),Android-Budget
S001431,phone_otp,2,No-intent (<5s),Android-MidTier
S001433,phone_otp,3,No-intent (<5s),Android-Budget
S001440,doc_upload,2,No-intent (<5s),Android-Budget
S001441,liveness_check,33,Mid (5-60s),Android-MidTier
S001442,doc_upload,4,No-intent (<5s),Android-MidTier
S001445,consent_sign,3,No-intent (<5s),Android-MidTier
S001446,doc_upload,34,Mid (5-60s),Android-MidTier
S001447,doc_upload,43,Mid (5-60s),Android-MidTier
S001451,doc_upload,1,No-intent (<5s),Android-Budget
S001455,registration,3,No-intent (<5s),iOS-HighEnd
S001459,liveness_check,29,Mid (5-60s),Android-MidTier
S001464,liveness_check,22,Mid (5-60s),iOS-HighEnd
S001468,liveness_check,48,Mid (5-60s),Android-Budget
S001473,consent_sign,2,No-intent (<5s),Android-MidTier
S001476,doc_upload,97,Blocker (60s+),Android-Budget
S001477,phone_otp,18,Mid (5-60s),Android-MidTier
S001483,liveness_check,24,Mid (5-60s),Android-MidTier
S001489,doc_upload,52,Mid (5-60s),Android-MidTier
S001491,registration,3,No-intent (<5s),Android-MidTier
S001492,registration,3,No-intent (<5s),Android-MidTier
S001495,liveness_check,32,Mid (5-60s),Android-Budget
S001498,liveness_check,35,Mid (5-60s),Android-MidTier
S001500,liveness_check,3,No-intent (<5s),iOS-HighEnd
S001501,liveness_check,16,Mid (5-60s),Android-Budget
S001509,liveness_check,1,No-intent (<5s),iOS-HighEnd
S001510,doc_upload,57,Mid (5-60s),Android-Budget
S001511,liveness_check,1,No-intent (<5s),Android-MidTier
S001513,phone_otp,3,No-intent (<5s),iOS-HighEnd
S001515,doc_upload,74,Blocker (60s+),Android-Budget
S001516,doc_upload,115,Blocker (60s+),Android-Budget
S001519,doc_upload,3,No-intent (<5s),iOS-HighEnd
S001521,registration,3,No-intent (<5s),Android-MidTier
S001522,doc_upload,87,Blocker (60s+),Android-MidTier
S001534,liveness_check,30,Mid (5-60s),Android-MidTier
S001535,doc_upload,68,Blocker (60s+),Android-MidTier
S001540,doc_upload,81,Blocker (60s+),Android-MidTier
S001545,liveness_check,43,Mid (5-60s),Android-Budget
S001547,phone_otp,1,No-intent (<5s),iOS-HighEnd
S001548,liveness_check,23,Mid (5-60s),Android-Budget
S001563,consent_sign,2,No-intent (<5s),Android-MidTier
S001565,doc_upload,24,Mid (5-60s),Android-Budget
S001567,consent_sign,4,No-intent (<5s),Android-Budget
S001569,registration,3,No-intent (<5s),Android-MidTier
S001572,liveness_check,40,Mid (5-60s),iOS-HighEnd
S001575,doc_upload,62,Blocker (60s+),Android-Budget
S001582,doc_upload,44,Mid (5-60s),Android-MidTier
S001586,doc_upload,3,No-intent (<5s),Android-MidTier
S001587,doc_upload,2,No-intent (<5s),Android-MidTier
S001590,doc_upload,3,No-intent (<5s),Android-MidTier
S001594,consent_sign,1,No-intent (<5s),Android-MidTier
S001595,doc_upload,54,Mid (5-60s),Android-Budget
S001596,consent_sign,3,No-intent (<5s),iOS-HighEnd
S001598,liveness_check,21,Mid (5-60s),iOS-HighEnd
S001604,phone_otp,4,No-intent (<5s),iOS-HighEnd
S001607,registration,3,No-intent (<5s),iOS-HighEnd
S001614,doc_upload,4,No-intent (<5s),iOS-HighEnd
S001616,registration,3,No-intent (<5s),iOS-HighEnd
S001621,liveness_check,83,Blocker (60s+),Android-Budget
S001622,liveness_check,3,No-intent (<5s),iOS-HighEnd
S001631,registration,3,No-intent (<5s),Android-Budget
S001632,registration,3,No-intent (<5s),Android-MidTier
S001635,doc_upload,2,No-intent (<5s),iOS-HighEnd
S001640,phone_otp,23,Mid (5-60s),Android-Budget
S001642,registration,3,No-intent (<5s),iOS-HighEnd
S001653,doc_upload,4,No-intent (<5s),Android-MidTier
S001658,phone_otp,1,No-intent (<5s),iOS-HighEnd
S001659,registration,3,No-intent (<5s),iOS-HighEnd
S001661,registration,3,No-intent (<5s),Android-MidTier
S001663,doc_upload,1,No-intent (<5s),iOS-HighEnd
S001665,consent_sign,1,No-intent (<5s),iOS-HighEnd
S001667,doc_upload,39,Mid (5-60s),Android-MidTier
S001674,doc_upload,42,Mid (5-60s),iOS-HighEnd
S001678,registration,3,No-intent (<5s),iOS-HighEnd
S001679,doc_upload,42,Mid (5-60s),Android-Budget
S001683,consent_sign,3,No-intent (<5s),iOS-HighEnd
S001685,liveness_check,1,No-intent (<5s),Android-MidTier
S001692,doc_upload,1,No-intent (<5s),Android-MidTier
S001696,consent_sign,4,No-intent (<5s),iOS-HighEnd
S001698,consent_sign,3,No-intent (<5s),Android-Budget
S001700,doc_upload,91,Blocker (60s+),Android-MidTier
S001702,registration,3,No-intent (<5s),iOS-HighEnd
S001709,doc_upload,50,Mid (5-60s),Android-MidTier
S001711,registration,3,No-intent (<5s),Android-MidTier
S001713,liveness_check,4,No-intent (<5s),iOS-HighEnd
S001714,registration,3,No-intent (<5s),Android-Budget
S001724,registration,3,No-intent (<5s),Android-Budget
S001733,liveness_check,52,Mid (5-60s),Android-MidTier
S001734,liveness_check,32,Mid (5-60s),Android-Budget
S001737,consent_sign,4,No-intent (<5s),iOS-HighEnd
S001743,registration,3,No-intent (<5s),iOS-HighEnd
S001745,liveness_check,33,Mid (5-60s),Android-Budget
S001746,registration,3,No-intent (<5s),iOS-HighEnd
S001747,liveness_check,26,Mid (5-60s),iOS-HighEnd
S001751,doc_upload,49,Mid (5-60s),Android-Budget
S001755,liveness_check,31,Mid (5-60s),Android-Budget
S001766,doc_upload,36,Mid (5-60s),iOS-HighEnd
S001768,doc_upload,30,Mid (5-60s),Android-Budget
S001769,doc_upload,110,Blocker (60s+),iOS-HighEnd
S001770,liveness_check,82,Blocker (60s+),Android-MidTier
S001777,registration,3,No-intent (<5s),Android-MidTier
S001778,liveness_check,4,No-intent (<5s),iOS-HighEnd
S001780,liveness_check,32,Mid (5-60s),Android-MidTier
S001781,registration,3,No-intent (<5s),iOS-HighEnd
S001785,phone_otp,1,No-intent (<5s),iOS-HighEnd
S001786,doc_upload,129,Blocker (60s+),Android-Budget
S001790,consent_sign,1,No-intent (<5s),iOS-HighEnd
S001793,phone_otp,3,No-intent (<5s),iOS-HighEnd
S001801,consent_sign,4,No-intent (<5s),Android-MidTier
S001802,registration,3,No-intent (<5s),iOS-HighEnd
S001810,liveness_check,84,Blocker (60s+),Android-MidTier
S001813,phone_otp,4,No-intent (<5s),Android-MidTier
S001817,doc_upload,44,Mid (5-60s),Android-Budget
S001820,registration,3,No-intent (<5s),Android-MidTier
S001831,liveness_check,2,No-intent (<5s),Android-MidTier
S001835,liveness_check,1,No-intent (<5s),Android-MidTier
S001838,liveness_check,29,Mid (5-60s),Android-Budget
S001839,liveness_check,86,Blocker (60s+),Android-Budget
S001840,phone_otp,19,Mid (5-60s),Android-Budget
S001843,phone_otp,2,No-intent (<5s),Android-MidTier
S001845,registration,3,No-intent (<5s),Android-MidTier
S001847,doc_upload,41,Mid (5-60s),Android-MidTier
S001849,liveness_check,50,Mid (5-60s),Android-Budget
S001852,liveness_check,34,Mid (5-60s),Android-Budget
S001861,liveness_check,55,Mid (5-60s),Android-Budget
S001862,registration,3,No-intent (<5s),iOS-HighEnd
S001863,consent_sign,50,Mid (5-60s),iOS-HighEnd
S001868,liveness_check,3,No-intent (<5s),iOS-HighEnd
S001870,registration,3,No-intent (<5s),Android-Budget
S001879,consent_sign,3,No-intent (<5s),Android-MidTier
S001892,doc_upload,65,Blocker (60s+),Android-MidTier
S001894,liveness_check,18,Mid (5-60s),Android-MidTier
S001895,doc_upload,1,No-intent (<5s),Android-MidTier
S001896,phone_otp,3,No-intent (<5s),Android-Budget
S001900,liveness_check,42,Mid (5-60s),Android-MidTier
S001901,liveness_check,104,Blocker (60s+),Android-Budget
S001902,consent_sign,3,No-intent (<5s),iOS-HighEnd
S001910,liveness_check,54,Mid (5-60s),Android-Budget
S001913,liveness_check,13,Mid (5-60s),Android-Budget
S001916,liveness_check,26,Mid (5-60s),Android-MidTier
S001921,doc_upload,55,Mid (5-60s),iOS-HighEnd
S001925,doc_upload,49,Mid (5-60s),Android-MidTier
S001928,registration,3,No-intent (<5s),Android-MidTier
S001931,phone_otp,3,No-intent (<5s),iOS-HighEnd
S001932,doc_upload,4,No-intent (<5s),Android-Budget
S001933,doc_upload,40,Mid (5-60s),iOS-HighEnd
S001934,registration,3,No-intent (<5s),Android-Budget
S001936,registration,3,No-intent (<5s),iOS-HighEnd
S001938,phone_otp,3,No-intent (<5s),Android-Budget
S001946,liveness_check,92,Blocker (60s+),Android-Budget
S001950,registration,3,No-intent (<5s),iOS-HighEnd
S001953,registration,48,Mid (5-60s),Android-MidTier
S001957,phone_otp,3,No-intent (<5s),iOS-HighEnd
S001959,phone_otp,3,No-intent (<5s),Android-MidTier
S001960,consent_sign,4,No-intent (<5s),iOS-HighEnd
S001963,liveness_check,8,Mid (5-60s),Android-MidTier
S001975,doc_upload,3,No-intent (<5s),Android-MidTier
S001979,doc_upload,48,Mid (5-60s),Android-MidTier
S001982,registration,3,No-intent (<5s),iOS-HighEnd
S001995,registration,3,No-intent (<5s),Android-MidTier
S001996,registration,3,No-intent (<5s),Android-MidTier
S002008,consent_sign,3,No-intent (<5s),iOS-HighEnd
S002012,liveness_check,86,Blocker (60s+),Android-Budget
S002014,consent_sign,3,No-intent (<5s),iOS-HighEnd
S002026,liveness_check,72,Blocker (60s+),Android-Budget
S002028,liveness_check,22,Mid (5-60s),iOS-HighEnd
S002029,liveness_check,37,Mid (5-60s),Android-Budget
S002031,doc_upload,136,Blocker (60s+),Android-Budget
S002033,liveness_check,34,Mid (5-60s),Android-Budget
S002036,registration,3,No-intent (<5s),iOS-HighEnd
S002041,liveness_check,88,Blocker (60s+),Android-Budget
S002048,doc_upload,108,Blocker (60s+),Android-Budget
S002052,phone_otp,17,Mid (5-60s),Android-MidTier
S002053,consent_sign,4,No-intent (<5s),Android-MidTier
S002057,registration,3,No-intent (<5s),iOS-HighEnd
S002061,phone_otp,4,No-intent (<5s),Android-MidTier
S002066,doc_upload,23,Mid (5-60s),iOS-HighEnd
S002072,doc_upload,52,Mid (5-60s),Android-Budget
S002076,consent_sign,4,No-intent (<5s),Android-MidTier
S002082,liveness_check,98,Blocker (60s+),Android-MidTier
S002083,consent_sign,4,No-intent (<5s),Android-MidTier
S002088,phone_otp,2,No-intent (<5s),iOS-HighEnd
S002093,phone_otp,25,Mid (5-60s),Android-MidTier
S002097,doc_upload,99,Blocker (60s+),Android-Budget
S002106,phone_otp,10,Mid (5-60s),Android-MidTier
S002108,liveness_check,30,Mid (5-60s),Android-MidTier
S002109,doc_upload,3,No-intent (<5s),Android-MidTier
S002113,doc_upload,2,No-intent (<5s),Android-MidTier
S002114,liveness_check,36,Mid (5-60s),iOS-HighEnd
S002115,liveness_check,7,Mid (5-60s),Android-Budget
S002117,liveness_check,49,Mid (5-60s),Android-Budget
S002118,registration,3,No-intent (<5s),iOS-HighEnd
S002122,registration,3,No-intent (<5s),iOS-HighEnd
S002132,registration,3,No-intent (<5s),iOS-HighEnd
S002135,liveness_check,23,Mid (5-60s),Android-Budget
S002143,registration,3,No-intent (<5s),Android-Budget
S002144,phone_otp,3,No-intent (<5s),iOS-HighEnd
S002149,phone_otp,18,Mid (5-60s),Android-Budget
S002151,phone_otp,3,No-intent (<5s),Android-MidTier
S002152,consent_sign,4,No-intent (<5s),iOS-HighEnd
S002155,liveness_check,10,Mid (5-60s),Android-Budget
S002157,doc_upload,4,No-intent (<5s),Android-Budget
S002161,consent_sign,9,Mid (5-60s),iOS-HighEnd
S002166,doc_upload,40,Mid (5-60s),Android-Budget
S002176,phone_otp,2,No-intent (<5s),Android-Budget
S002180,doc_upload,60,Mid (5-60s),Android-MidTier
S002182,doc_upload,3,No-intent (<5s),Android-Budget
S002184,doc_upload,57,Mid (5-60s),iOS-HighEnd
S002185,liveness_check,39,Mid (5-60s),Android-Budget
S002187,registration,3,No-intent (<5s),iOS-HighEnd
S002194,liveness_check,23,Mid (5-60s),iOS-HighEnd
S002198,consent_sign,20,Mid (5-60s),Android-MidTier
S002205,registration,3,No-intent (<5s),iOS-HighEnd
S002208,consent_sign,4,No-intent (<5s),Android-MidTier
S002209,doc_upload,21,Mid (5-60s),Android-Budget
S002220,doc_upload,35,Mid (5-60s),Android-MidTier
S002226,registration,3,No-intent (<5s),Android-MidTier
S002227,doc_upload,44,Mid (5-60s),Android-MidTier
S002229,consent_sign,2,No-intent (<5s),Android-MidTier
S002235,doc_upload,3,No-intent (<5s),iOS-HighEnd
S002237,consent_sign,10,Mid (5-60s),Android-MidTier
S002238,liveness_check,39,Mid (5-60s),Android-MidTier
S002239,phone_otp,18,Mid (5-60s),Android-MidTier
S002242,registration,3,No-intent (<5s),Android-MidTier
S002245,liveness_check,9,Mid (5-60s),Android-MidTier
S002247,doc_upload,47,Mid (5-60s),Android-MidTier
S002248,consent_sign,2,No-intent (<5s),Android-Budget
S002251,liveness_check,40,Mid (5-60s),Android-Budget
S002257,registration,3,No-intent (<5s),iOS-HighEnd
S002267,liveness_check,100,Blocker (60s+),Android-Budget
S002272,consent_sign,2,No-intent (<5s),iOS-HighEnd
S002274,liveness_check,31,Mid (5-60s),Android-Budget
S002284,consent_sign,4,No-intent (<5s),Android-MidTier
S002287,liveness_check,1,No-intent (<5s),Android-MidTier
S002289,registration,3,No-intent (<5s),Android-MidTier
S002292,liveness_check,4,No-intent (<5s),Android-Budget
S002293,doc_upload,1,No-intent (<5s),iOS-HighEnd
S002300,phone_otp,4,No-intent (<5s),Android-MidTier
S002303,doc_upload,52,Mid (5-60s),Android-Budget
S002309,registration,3,No-intent (<5s),iOS-HighEnd
S002311,liveness_check,1,No-intent (<5s),Android-MidTier
S002312,doc_upload,31,Mid (5-60s),Android-MidTier
S002314,doc_upload,142,Blocker (60s+),Android-Budget
S002318,registration,3,No-intent (<5s),iOS-HighEnd
S002320,liveness_check,16,Mid (5-60s),Android-MidTier
S002323,liveness_check,41,Mid (5-60s),Android-Budget
S002324,phone_otp,3,No-intent (<5s),Android-MidTier
S002325,registration,3,No-intent (<5s),Android-MidTier
S002330,registration,3,No-intent (<5s),Android-Budget
S002331,consent_sign,11,Mid (5-60s),iOS-HighEnd
S002332,liveness_check,34,Mid (5-60s),iOS-HighEnd
S002337,consent_sign,4,No-intent (<5s),Android-MidTier
S002338,registration,3,No-intent (<5s),Android-MidTier
S002339,liveness_check,31,Mid (5-60s),Android-Budget
S002340,phone_otp,3,No-intent (<5s),iOS-HighEnd
S002341,liveness_check,46,Mid (5-60s),iOS-HighEnd
S002347,doc_upload,2,No-intent (<5s),Android-Budget
S002348,liveness_check,103,Blocker (60s+),Android-Budget
S002354,doc_upload,36,Mid (5-60s),Android-Budget
S002356,liveness_check,39,Mid (5-60s),iOS-HighEnd
S002360,doc_upload,22,Mid (5-60s),Android-Budget
S002364,registration,3,No-intent (<5s),iOS-HighEnd
S002368,doc_upload,63,Blocker (60s+),Android-MidTier
S002369,doc_upload,2,No-intent (<5s),Android-MidTier
S002373,consent_sign,11,Mid (5-60s),iOS-HighEnd
S002374,consent_sign,1,No-intent (<5s),Android-Budget
S002377,registration,3,No-intent (<5s),Android-MidTier
S002384,liveness_check,26,Mid (5-60s),iOS-HighEnd
S002385,phone_otp,3,No-intent (<5s),iOS-HighEnd
S002388,registration,3,No-intent (<5s),Android-MidTier
S002389,registration,29,Mid (5-60s),iOS-HighEnd
S002391,registration,3,No-intent (<5s),iOS-HighEnd
S002400,consent_sign,3,No-intent (<5s),iOS-HighEnd
S002401,phone_otp,1,No-intent (<5s),iOS-HighEnd
S002406,phone_otp,3,No-intent (<5s),Android-MidTier
S002412,phone_otp,3,No-intent (<5s),Android-MidTier
S002413,consent_sign,4,No-intent (<5s),Android-Budget
S002416,liveness_check,37,Mid (5-60s),Android-Budget
S002422,liveness_check,64,Blocker (60s+),iOS-HighEnd
S002425,registration,3,No-intent (<5s),iOS-HighEnd
S002437,liveness_check,26,Mid (5-60s),Android-Budget
S002438,liveness_check,11,Mid (5-60s),Android-Budget
S002451,doc_upload,4,No-intent (<5s),Android-MidTier
S002452,phone_otp,3,No-intent (<5s),Android-MidTier
S002458,doc_upload,3,No-intent (<5s),Android-MidTier
S002461,consent_sign,4,No-intent (<5s),iOS-HighEnd
S002465,registration,3,No-intent (<5s),iOS-HighEnd
S002473,phone_otp,2,No-intent (<5s),iOS-HighEnd
S002476,registration,3,No-intent (<5s),iOS-HighEnd
S002478,registration,3,No-intent (<5s),iOS-HighEnd
S002483,doc_upload,1,No-intent (<5s),iOS-HighEnd
S002485,liveness_check,2,No-intent (<5s),Android-MidTier
S002488,doc_upload,64,Blocker (60s+),Android-MidTier
S002489,doc_upload,123,Blocker (60s+),Android-Budget
S002490,consent_sign,4,No-intent (<5s),iOS-HighEnd
S002499,liveness_check,49,Mid (5-60s),Android-Budget
S002505,liveness_check,30,Mid (5-60s),Android-MidTier
S002506,phone_otp,4,No-intent (<5s),Android-MidTier
S002511,doc_upload,4,No-intent (<5s),Android-MidTier
S002515,phone_otp,4,No-intent (<5s),Android-MidTier
S002523,doc_upload,67,Blocker (60s+),iOS-HighEnd
S002526,registration,3,No-intent (<5s),Android-MidTier
S002533,liveness_check,22,Mid (5-60s),Android-MidTier
S002541,registration,3,No-intent (<5s),iOS-HighEnd
S002545,registration,29,Mid (5-60s),Android-MidTier
S002547,registration,3,No-intent (<5s),Android-Budget
S002552,liveness_check,36,Mid (5-60s),Android-Budget
S002553,phone_otp,1,No-intent (<5s),Android-MidTier
S002556,doc_upload,4,No-intent (<5s),Android-Budget
S002560,doc_upload,175,Blocker (60s+),Android-Budget
S002561,consent_sign,2,No-intent (<5s),Android-MidTier
S002563,doc_upload,3,No-intent (<5s),Android-MidTier
S002564,registration,3,No-intent (<5s),Android-MidTier
S002565,doc_upload,96,Blocker (60s+),Android-MidTier
S002573,liveness_check,3,No-intent (<5s),iOS-HighEnd
S002574,liveness_check,1,No-intent (<5s),iOS-HighEnd
S002577,registration,31,Mid (5-60s),Android-Budget
S002581,liveness_check,36,Mid (5-60s),Android-MidTier
S002582,phone_otp,1,No-intent (<5s),Android-MidTier
S002584,registration,3,No-intent (<5s),iOS-HighEnd
S002588,phone_otp,1,No-intent (<5s),iOS-HighEnd
S002589,registration,3,No-intent (<5s),iOS-HighEnd
S002591,consent_sign,10,Mid (5-60s),iOS-HighEnd
S002592,registration,3,No-intent (<5s),iOS-HighEnd
S002600,registration,3,No-intent (<5s),iOS-HighEnd
S002602,registration,3,No-intent (<5s),iOS-HighEnd
S002604,phone_otp,14,Mid (5-60s),Android-MidTier
S002605,doc_upload,4,No-intent (<5s),Android-MidTier
S002612,registration,3,No-intent (<5s),iOS-HighEnd
S002618,liveness_check,17,Mid (5-60s),iOS-HighEnd
S002620,phone_otp,2,No-intent (<5s),Android-MidTier
S002622,phone_otp,11,Mid (5-60s),Android-MidTier
S002633,registration,3,No-intent (<5s),iOS-HighEnd
S002635,liveness_check,35,Mid (5-60s),Android-MidTier
S002636,doc_upload,2,No-intent (<5s),Android-MidTier
S002637,registration,3,No-intent (<5s),iOS-HighEnd
S002638,doc_upload,2,No-intent (<5s),Android-MidTier
S002639,doc_upload,1,No-intent (<5s),Android-Budget
S002642,phone_otp,33,Mid (5-60s),Android-MidTier
S002643,phone_otp,2,No-intent (<5s),iOS-HighEnd
S002647,liveness_check,3,No-intent (<5s),iOS-HighEnd
S002648,doc_upload,58,Mid (5-60s),Android-Budget
S002651,consent_sign,4,No-intent (<5s),Android-MidTier
S002654,registration,3,No-intent (<5s),Android-Budget
S002660,phone_otp,3,No-intent (<5s),iOS-HighEnd
S002664,liveness_check,26,Mid (5-60s),Android-MidTier
S002670,consent_sign,1,No-intent (<5s),iOS-HighEnd
S002674,liveness_check,36,Mid (5-60s),Android-MidTier
S002693,liveness_check,26,Mid (5-60s),Android-Budget
S002694,liveness_check,20,Mid (5-60s),Android-Budget
S002695,liveness_check,32,Mid (5-60s),Android-MidTier
S002696,registration,3,No-intent (<5s),iOS-HighEnd
S002701,consent_sign,3,No-intent (<5s),iOS-HighEnd
S002704,doc_upload,142,Blocker (60s+),Android-MidTier
S002711,doc_upload,95,Blocker (60s+),Android-Budget
S002712,liveness_check,15,Mid (5-60s),Android-MidTier
S002714,liveness_check,2,No-intent (<5s),iOS-HighEnd
S002718,doc_upload,53,Mid (5-60s),Android-MidTier
S002721,liveness_check,28,Mid (5-60s),Android-MidTier
S002723,phone_otp,1,No-intent (<5s),Android-MidTier
S002729,doc_upload,2,No-intent (<5s),Android-MidTier
S002735,registration,3,No-intent (<5s),iOS-HighEnd
S002736,registration,3,No-intent (<5s),iOS-HighEnd
S002738,liveness_check,74,Blocker (60s+),Android-Budget
S002742,registration,3,No-intent (<5s),Android-MidTier
S002744,consent_sign,4,No-intent (<5s),iOS-HighEnd
S002747,consent_sign,18,Mid (5-60s),iOS-HighEnd
S002748,liveness_check,33,Mid (5-60s),Android-Budget
S002752,liveness_check,2,No-intent (<5s),iOS-HighEnd
S002755,doc_upload,2,No-intent (<5s),Android-MidTier
S002763,liveness_check,11,Mid (5-60s),iOS-HighEnd
S002764,registration,3,No-intent (<5s),iOS-HighEnd
S002767,doc_upload,3,No-intent (<5s),iOS-HighEnd
S002771,consent_sign,4,No-intent (<5s),Android-Budget
S002772,phone_otp,3,No-intent (<5s),iOS-HighEnd
S002774,doc_upload,55,Mid (5-60s),Android-MidTier
S002782,liveness_check,26,Mid (5-60s),Android-MidTier
S002786,consent_sign,3,No-intent (<5s),Android-MidTier
S002797,registration,33,Mid (5-60s),Android-MidTier
S002798,registration,3,No-intent (<5s),iOS-HighEnd
S002800,liveness_check,47,Mid (5-60s),Android-MidTier
S002807,doc_upload,45,Mid (5-60s),Android-Budget
S002808,registration,3,No-intent (<5s),Android-MidTier
S002811,liveness_check,32,Mid (5-60s),Android-Budget
S002816,liveness_check,40,Mid (5-60s),Android-Budget
S002820,registration,3,No-intent (<5s),Android-Budget
S002825,registration,3,No-intent (<5s),Android-MidTier
S002827,registration,3,No-intent (<5s),iOS-HighEnd
S002835,phone_otp,2,No-intent (<5s),Android-MidTier
S002836,liveness_check,30,Mid (5-60s),Android-Budget
S002848,doc_upload,65,Blocker (60s+),iOS-HighEnd
S002854,registration,25,Mid (5-60s),Android-MidTier
S002855,registration,3,No-intent (<5s),iOS-HighEnd
S002858,consent_sign,1,No-intent (<5s),iOS-HighEnd
S002859,liveness_check,29,Mid (5-60s),Android-Budget
S002864,consent_sign,1,No-intent (<5s),iOS-HighEnd
S002871,doc_upload,94,Blocker (60s+),Android-MidTier
S002876,phone_otp,3,No-intent (<5s),iOS-HighEnd
S002881,liveness_check,94,Blocker (60s+),Android-MidTier
S002889,liveness_check,23,Mid (5-60s),Android-MidTier
S002892,liveness_check,74,Blocker (60s+),Android-Budget
S002895,consent_sign,1,No-intent (<5s),iOS-HighEnd
S002897,doc_upload,3,No-intent (<5s),iOS-HighEnd
S002899,phone_otp,30,Mid (5-60s),Android-Budget
S002902,liveness_check,37,Mid (5-60s),Android-Budget
S002904,liveness_check,19,Mid (5-60s),Android-Budget
S002916,doc_upload,2,No-intent (<5s),iOS-HighEnd
S002925,phone_otp,4,No-intent (<5s),Android-Budget
S002929,doc_upload,42,Mid (5-60s),iOS-HighEnd
S002930,liveness_check,26,Mid (5-60s),Android-Budget
S002931,registration,3,No-intent (<5s),Android-Budget
S002937,liveness_check,2,No-intent (<5s),Android-Budget
S002938,doc_upload,1,No-intent (<5s),Android-MidTier
S002939,registration,3,No-intent (<5s),Android-Budget
S002940,registration,3,No-intent (<5s),iOS-HighEnd
S002942,phone_otp,4,No-intent (<5s),Android-MidTier
S002945,phone_otp,2,No-intent (<5s),Android-MidTier
S002946,doc_upload,167,Blocker (60s+),Android-Budget
S002948,liveness_check,25,Mid (5-60s),Android-MidTier
S002950,liveness_check,4,No-intent (<5s),Android-MidTier
S002951,doc_upload,64,Blocker (60s+),Android-MidTier
S002959,registration,3,No-intent (<5s),Android-Budget
S002963,consent_sign,3,No-intent (<5s),Android-MidTier
S002965,doc_upload,13,Mid (5-60s),iOS-HighEnd
S002966,registration,3,No-intent (<5s),Android-MidTier
S002967,phone_otp,1,No-intent (<5s),Android-Budget
S002971,doc_upload,60,Mid (5-60s),Android-Budget
S002979,phone_otp,2,No-intent (<5s),Android-MidTier
S002985,liveness_check,26,Mid (5-60s),Android-Budget
S002986,registration,3,No-intent (<5s),iOS-HighEnd
S002988,liveness_check,33,Mid (5-60s),Android-MidTier
S002994,consent_sign,3,No-intent (<5s),Android-MidTier
S003004,doc_upload,71,Blocker (60s+),Android-Budget
S003011,liveness_check,29,Mid (5-60s),Android-MidTier
S003013,registration,3,No-intent (<5s),Android-MidTier
S003017,phone_otp,17,Mid (5-60s),Android-Budget
S003020,registration,3,No-intent (<5s),Android-MidTier
S003021,consent_sign,2,No-intent (<5s),iOS-HighEnd
S003023,liveness_check,25,Mid (5-60s),iOS-HighEnd
S003028,liveness_check,1,No-intent (<5s),Android-MidTier
S003030,doc_upload,45,Mid (5-60s),Android-Budget
S003038,doc_upload,3,No-intent (<5s),Android-MidTier
S003041,registration,3,No-intent (<5s),Android-MidTier
S003043,registration,3,No-intent (<5s),iOS-HighEnd
S003045,consent_sign,4,No-intent (<5s),Android-Budget
S003047,liveness_check,17,Mid (5-60s),Android-MidTier
S003049,consent_sign,2,No-intent (<5s),Android-MidTier
S003058,doc_upload,64,Blocker (60s+),Android-MidTier
S003060,consent_sign,4,No-intent (<5s),iOS-HighEnd
S003061,doc_upload,1,No-intent (<5s),Android-MidTier
S003062,consent_sign,3,No-intent (<5s),iOS-HighEnd
S003063,registration,3,No-intent (<5s),Android-MidTier
S003064,phone_otp,2,No-intent (<5s),Android-MidTier
S003067,registration,3,No-intent (<5s),Android-MidTier
S003070,doc_upload,47,Mid (5-60s),Android-MidTier
S003073,phone_otp,22,Mid (5-60s),Android-Budget
S003074,liveness_check,2,No-intent (<5s),iOS-HighEnd
S003076,registration,3,No-intent (<5s),iOS-HighEnd
S003077,registration,3,No-intent (<5s),iOS-HighEnd
S003081,consent_sign,1,No-intent (<5s),iOS-HighEnd
S003085,phone_otp,4,No-intent (<5s),Android-MidTier
S003093,liveness_check,34,Mid (5-60s),iOS-HighEnd
S003094,doc_upload,79,Blocker (60s+),Android-Budget
S003097,phone_otp,3,No-intent (<5s),iOS-HighEnd
S003099,liveness_check,90,Blocker (60s+),iOS-HighEnd
S003101,liveness_check,33,Mid (5-60s),Android-Budget
S003110,liveness_check,28,Mid (5-60s),Android-Budget
S003113,liveness_check,71,Blocker (60s+),Android-MidTier
S003120,liveness_check,109,Blocker (60s+),Android-Budget
S003125,liveness_check,11,Mid (5-60s),Android-MidTier
S003128,consent_sign,2,No-intent (<5s),Android-MidTier
S003130,liveness_check,42,Mid (5-60s),Android-MidTier
S003133,liveness_check,42,Mid (5-60s),iOS-HighEnd
S003143,liveness_check,33,Mid (5-60s),Android-MidTier
S003149,liveness_check,27,Mid (5-60s),Android-MidTier
S003151,liveness_check,33,Mid (5-60s),Android-Budget
S003156,registration,3,No-intent (<5s),Android-Budget
S003158,liveness_check,43,Mid (5-60s),Android-MidTier
S003161,doc_upload,41,Mid (5-60s),iOS-HighEnd
S003164,liveness_check,43,Mid (5-60s),Android-Budget
S003165,doc_upload,49,Mid (5-60s),Android-Budget
S003170,phone_otp,2,No-intent (<5s),Android-MidTier
S003174,registration,3,No-intent (<5s),Android-Budget
S003177,liveness_check,29,Mid (5-60s),Android-Budget
S003178,doc_upload,65,Blocker (60s+),Android-MidTier
S003179,liveness_check,1,No-intent (<5s),Android-Budget
S003181,liveness_check,1,No-intent (<5s),iOS-HighEnd
S003184,registration,3,No-intent (<5s),Android-MidTier
S003187,doc_upload,58,Mid (5-60s),Android-Budget
S003188,liveness_check,101,Blocker (60s+),Android-MidTier
S003194,registration,3,No-intent (<5s),Android-MidTier
S003198,registration,3,No-intent (<5s),Android-MidTier
S003204,liveness_check,28,Mid (5-60s),Android-MidTier
S003211,doc_upload,2,No-intent (<5s),Android-MidTier
S003215,registration,3,No-intent (<5s),iOS-HighEnd
S003228,phone_otp,1,No-intent (<5s),iOS-HighEnd
S003230,consent_sign,4,No-intent (<5s),Android-MidTier
S003238,consent_sign,1,No-intent (<5s),iOS-HighEnd
S003248,phone_otp,2,No-intent (<5s),iOS-HighEnd
S003251,consent_sign,3,No-intent (<5s),Android-Budget
S003258,phone_otp,1,No-intent (<5s),Android-MidTier
S003264,doc_upload,2,No-intent (<5s),iOS-HighEnd
S003265,doc_upload,41,Mid (5-60s),iOS-HighEnd
S003266,liveness_check,30,Mid (5-60s),Android-Budget
S003278,liveness_check,12,Mid (5-60s),iOS-HighEnd
S003279,registration,3,No-intent (<5s),Android-MidTier
S003280,consent_sign,4,No-intent (<5s),iOS-HighEnd
S003282,registration,3,No-intent (<5s),Android-Budget
S003283,doc_upload,34,Mid (5-60s),Android-Budget
S003284,phone_otp,3,No-intent (<5s),Android-MidTier
S003291,liveness_check,31,Mid (5-60s),Android-Budget
S003293,liveness_check,51,Mid (5-60s),Android-Budget
S003299,doc_upload,44,Mid (5-60s),Android-MidTier
S003307,doc_upload,1,No-intent (<5s),Android-MidTier
S003309,registration,3,No-intent (<5s),Android-Budget
S003311,liveness_check,15,Mid (5-60s),Android-Budget
S003314,doc_upload,1,No-intent (<5s),iOS-HighEnd
S003315,doc_upload,2,No-intent (<5s),iOS-HighEnd
S003316,consent_sign,2,No-intent (<5s),iOS-HighEnd
S003318,liveness_check,2,No-intent (<5s),Android-MidTier
S003320,liveness_check,31,Mid (5-60s),Android-Budget
S003325,doc_upload,55,Mid (5-60s),Android-Budget
S003331,doc_upload,45,Mid (5-60s),Android-Budget
S003335,registration,3,No-intent (<5s),Android-MidTier
S003337,liveness_check,37,Mid (5-60s),Android-Budget
S003342,doc_upload,17,Mid (5-60s),Android-MidTier
S003345,doc_upload,20,Mid (5-60s),Android-Budget
S003346,liveness_check,53,Mid (5-60s),Android-MidTier
S003348,doc_upload,87,Blocker (60s+),Android-Budget
S003355,liveness_check,35,Mid (5-60s),Android-MidTier
S003356,registration,3,No-intent (<5s),Android-MidTier
S003360,doc_upload,4,No-intent (<5s),Android-MidTier
S003364,doc_upload,73,Blocker (60s+),Android-MidTier
S003367,doc_upload,2,No-intent (<5s),iOS-HighEnd
S003369,liveness_check,59,Mid (5-60s),Android-MidTier
S003375,phone_otp,4,No-intent (<5s),iOS-HighEnd
S003382,registration,3,No-intent (<5s),Android-MidTier
S003386,consent_sign,20,Mid (5-60s),Android-Budget
S003389,liveness_check,38,Mid (5-60s),iOS-HighEnd
S003391,doc_upload,51,Mid (5-60s),iOS-HighEnd
S003392,registration,3,No-intent (<5s),iOS-HighEnd
S003398,doc_upload,47,Mid (5-60s),Android-Budget
S003399,liveness_check,89,Blocker (60s+),iOS-HighEnd
S003401,liveness_check,68,Blocker (60s+),Android-MidTier
S003402,liveness_check,25,Mid (5-60s),iOS-HighEnd
S003407,consent_sign,1,No-intent (<5s),Android-MidTier
S003413,registration,3,No-intent (<5s),Android-MidTier
S003414,doc_upload,41,Mid (5-60s),Android-MidTier
S003420,phone_otp,15,Mid (5-60s),iOS-HighEnd
S003422,doc_upload,2,No-intent (<5s),iOS-HighEnd
S003431,liveness_check,19,Mid (5-60s),iOS-HighEnd
S003442,liveness_check,24,Mid (5-60s),Android-Budget
S003445,registration,3,No-intent (<5s),Android-Budget
S003451,registration,3,No-intent (<5s),Android-MidTier
S003454,consent_sign,2,No-intent (<5s),Android-MidTier
S003458,consent_sign,1,No-intent (<5s),iOS-HighEnd
S003459,phone_otp,30,Mid (5-60s),Android-MidTier
S003462,doc_upload,76,Blocker (60s+),Android-Budget
S003464,consent_sign,11,Mid (5-60s),Android-MidTier
S003472,phone_otp,1,No-intent (<5s),Android-Budget
S003473,doc_upload,3,No-intent (<5s),Android-Budget
S003475,doc_upload,43,Mid (5-60s),Android-Budget
S003477,doc_upload,55,Mid (5-60s),Android-MidTier
S003478,registration,3,No-intent (<5s),Android-MidTier
S003484,liveness_check,28,Mid (5-60s),Android-Budget
S003486,doc_upload,92,Blocker (60s+),iOS-HighEnd
S003487,consent_sign,3,No-intent (<5s),iOS-HighEnd
S003493,phone_otp,23,Mid (5-60s),Android-Budget
S003496,phone_otp,1,No-intent (<5s),iOS-HighEnd
S003502,doc_upload,45,Mid (5-60s),Android-MidTier
S003511,liveness_check,36,Mid (5-60s),iOS-HighEnd
S003516,registration,3,No-intent (<5s),Android-Budget
S003525,liveness_check,44,Mid (5-60s),iOS-HighEnd
S003526,registration,3,No-intent (<5s),Android-Budget
S003529,liveness_check,11,Mid (5-60s),Android-MidTier
S003530,doc_upload,34,Mid (5-60s),Android-MidTier
S003532,liveness_check,30,Mid (5-60s),Android-Budget
S003535,phone_otp,3,No-intent (<5s),iOS-HighEnd
S003539,liveness_check,91,Blocker (60s+),Android-Budget
S003546,doc_upload,71,Blocker (60s+),iOS-HighEnd
S003550,consent_sign,1,No-intent (<5s),iOS-HighEnd
S003560,doc_upload,36,Mid (5-60s),Android-Budget
S003562,liveness_check,16,Mid (5-60s),Android-Budget
S003563,liveness_check,72,Blocker (60s+),Android-MidTier
S003567,doc_upload,27,Mid (5-60s),Android-Budget
S003573,liveness_check,30,Mid (5-60s),iOS-HighEnd
S003574,liveness_check,25,Mid (5-60s),Android-Budget
S003577,doc_upload,36,Mid (5-60s),Android-MidTier
S003578,doc_upload,55,Mid (5-60s),Android-Budget
S003579,liveness_check,21,Mid (5-60s),Android-MidTier
S003587,liveness_check,2,No-intent (<5s),iOS-HighEnd
S003589,doc_upload,2,No-intent (<5s),Android-MidTier
S003596,phone_otp,3,No-intent (<5s),Android-MidTier
S003597,consent_sign,4,No-intent (<5s),Android-MidTier
S003613,phone_otp,25,Mid (5-60s),Android-Budget
S003616,registration,3,No-intent (<5s),Android-Budget
S003619,liveness_check,29,Mid (5-60s),Android-MidTier
S003624,doc_upload,85,Blocker (60s+),Android-Budget
S003627,consent_sign,4,No-intent (<5s),Android-MidTier
S003628,phone_otp,24,Mid (5-60s),Android-MidTier
S003636,doc_upload,45,Mid (5-60s),Android-MidTier
S003643,phone_otp,3,No-intent (<5s),iOS-HighEnd
S003647,liveness_check,50,Mid (5-60s),Android-MidTier
S003652,phone_otp,2,No-intent (<5s),iOS-HighEnd
S003653,liveness_check,21,Mid (5-60s),iOS-HighEnd
S003656,doc_upload,63,Blocker (60s+),iOS-HighEnd
S003657,registration,3,No-intent (<5s),iOS-HighEnd
S003658,registration,3,No-intent (<5s),Android-MidTier
S003659,consent_sign,1,No-intent (<5s),Android-MidTier
S003660,doc_upload,4,No-intent (<5s),iOS-HighEnd
S003668,phone_otp,2,No-intent (<5s),Android-Budget
S003670,liveness_check,19,Mid (5-60s),iOS-HighEnd
S003677,consent_sign,3,No-intent (<5s),Android-MidTier
S003678,doc_upload,82,Blocker (60s+),Android-MidTier
S003679,liveness_check,30,Mid (5-60s),Android-MidTier
S003680,registration,3,No-intent (<5s),Android-MidTier
S003681,registration,3,No-intent (<5s),Android-MidTier
S003683,doc_upload,55,Mid (5-60s),iOS-HighEnd
S003694,doc_upload,47,Mid (5-60s),Android-MidTier
S003695,doc_upload,51,Mid (5-60s),Android-MidTier
S003696,liveness_check,29,Mid (5-60s),Android-Budget
S003697,registration,3,No-intent (<5s),Android-MidTier
S003700,registration,3,No-intent (<5s),iOS-HighEnd
S003704,doc_upload,128,Blocker (60s+),Android-Budget
S003706,doc_upload,29,Mid (5-60s),Android-Budget
S003707,phone_otp,10,Mid (5-60s),Android-MidTier
S003708,liveness_check,1,No-intent (<5s),Android-Budget
S003710,liveness_check,99,Blocker (60s+),Android-Budget
S003714,liveness_check,25,Mid (5-60s),iOS-HighEnd
S003723,registration,13,Mid (5-60s),Android-Budget
S003728,registration,3,No-intent (<5s),iOS-HighEnd
S003729,liveness_check,20,Mid (5-60s),Android-Budget
S003733,liveness_check,54,Mid (5-60s),Android-Budget
S003734,registration,3,No-intent (<5s),Android-Budget
S003735,registration,3,No-intent (<5s),Android-MidTier
S003744,doc_upload,28,Mid (5-60s),Android-Budget
S003747,registration,3,No-intent (<5s),Android-MidTier
S003749,consent_sign,2,No-intent (<5s),iOS-HighEnd
S003761,doc_upload,4,No-intent (<5s),Android-MidTier
S003762,doc_upload,3,No-intent (<5s),iOS-HighEnd
S003763,registration,3,No-intent (<5s),Android-MidTier
S003765,consent_sign,2,No-intent (<5s),Android-MidTier
S003771,doc_upload,4,No-intent (<5s),Android-Budget
S003782,consent_sign,2,No-intent (<5s),Android-MidTier
S003783,doc_upload,3,No-intent (<5s),iOS-HighEnd
S003788,doc_upload,4,No-intent (<5s),iOS-HighEnd
S003792,liveness_check,32,Mid (5-60s),iOS-HighEnd
S003795,doc_upload,82,Blocker (60s+),Android-Budget
S003797,registration,3,No-intent (<5s),Android-MidTier
S003798,liveness_check,4,No-intent (<5s),Android-MidTier
S003800,consent_sign,1,No-intent (<5s),Android-Budget
S003801,phone_otp,1,No-intent (<5s),Android-Budget
S003804,consent_sign,3,No-intent (<5s),Android-MidTier
S003805,doc_upload,3,No-intent (<5s),Android-MidTier
S003810,liveness_check,51,Mid (5-60s),Android-MidTier
S003815,phone_otp,17,Mid (5-60s),Android-Budget
S003821,doc_upload,35,Mid (5-60s),Android-Budget
S003822,consent_sign,1,No-intent (<5s),Android-MidTier
S003824,liveness_check,42,Mid (5-60s),iOS-HighEnd
S003834,doc_upload,48,Mid (5-60s),Android-MidTier
S003839,registration,3,No-intent (<5s),Android-MidTier
S003844,doc_upload,42,Mid (5-60s),Android-Budget
S003848,phone_otp,4,No-intent (<5s),iOS-HighEnd
S003849,doc_upload,33,Mid (5-60s),Android-Budget
S003850,phone_otp,2,No-intent (<5s),Android-Budget
S003851,phone_otp,3,No-intent (<5s),iOS-HighEnd
S003852,liveness_check,64,Blocker (60s+),Android-Budget
S003858,registration,3,No-intent (<5s),Android-MidTier
S003866,consent_sign,3,No-intent (<5s),iOS-HighEnd
S003872,doc_upload,44,Mid (5-60s),Android-Budget
S003881,phone_otp,26,Mid (5-60s),Android-MidTier
S003888,doc_upload,2,No-intent (<5s),Android-Budget
S003890,registration,3,No-intent (<5s),iOS-HighEnd
S003891,registration,3,No-intent (<5s),Android-MidTier
S003896,doc_upload,30,Mid (5-60s),Android-MidTier
S003898,liveness_check,16,Mid (5-60s),iOS-HighEnd
S003906,liveness_check,27,Mid (5-60s),Android-MidTier
S003914,doc_upload,1,No-intent (<5s),iOS-HighEnd
S003919,phone_otp,2,No-intent (<5s),Android-Budget
S003926,registration,3,No-intent (<5s),Android-MidTier
S003927,liveness_check,42,Mid (5-60s),Android-Budget
S003929,doc_upload,52,Mid (5-60s),iOS-HighEnd
S003930,doc_upload,104,Blocker (60s+),Android-Budget
S003940,doc_upload,92,Blocker (60s+),Android-Budget
S003942,phone_otp,22,Mid (5-60s),Android-MidTier
S003945,consent_sign,4,No-intent (<5s),Android-MidTier
S003948,registration,3,No-intent (<5s),Android-Budget
S003951,registration,3,No-intent (<5s),iOS-HighEnd
S003955,registration,3,No-intent (<5s),Android-Budget
S003956,liveness_check,83,Blocker (60s+),Android-Budget
S003960,registration,3,No-intent (<5s),Android-MidTier
S003965,phone_otp,1,No-intent (<5s),iOS-HighEnd
S003966,liveness_check,39,Mid (5-60s),Android-MidTier
S003967,liveness_check,35,Mid (5-60s),Android-Budget
S003968,liveness_check,34,Mid (5-60s),iOS-HighEnd
S003978,phone_otp,2,No-intent (<5s),iOS-HighEnd
S003983,registration,3,No-intent (<5s),Android-MidTier
S003986,liveness_check,97,Blocker (60s+),Android-Budget
S003991,registration,3,No-intent (<5s),iOS-HighEnd
S003992,consent_sign,1,No-intent (<5s),iOS-HighEnd
S003993,registration,3,No-intent (<5s),Android-Budget
S004000,doc_upload,34,Mid (5-60s),Android-Budget
S004003,phone_otp,3,No-intent (<5s),iOS-HighEnd
S004004,doc_upload,4,No-intent (<5s),iOS-HighEnd
S004006,doc_upload,4,No-intent (<5s),iOS-HighEnd
S004010,doc_upload,162,Blocker (60s+),Android-Budget
S004011,liveness_check,29,Mid (5-60s),Android-MidTier
S004022,liveness_check,28,Mid (5-60s),Android-MidTier
S004024,registration,3,No-intent (<5s),Android-MidTier
S004027,liveness_check,103,Blocker (60s+),Android-Budget
S004028,doc_upload,68,Blocker (60s+),Android-Budget
S004029,phone_otp,7,Mid (5-60s),Android-MidTier
S004030,phone_otp,3,No-intent (<5s),iOS-HighEnd
S004031,liveness_check,26,Mid (5-60s),Android-Budget
S004037,doc_upload,1,No-intent (<5s),Android-MidTier
S004042,liveness_check,4,No-intent (<5s),Android-MidTier
S004048,registration,3,No-intent (<5s),Android-Budget
S004052,doc_upload,21,Mid (5-60s),iOS-HighEnd
S004059,liveness_check,13,Mid (5-60s),Android-MidTier
S004065,liveness_check,27,Mid (5-60s),iOS-HighEnd
S004068,registration,3,No-intent (<5s),Android-MidTier
S004079,registration,3,No-intent (<5s),Android-MidTier
S004089,liveness_check,22,Mid (5-60s),Android-Budget
S004100,consent_sign,4,No-intent (<5s),iOS-HighEnd
S004102,doc_upload,37,Mid (5-60s),Android-MidTier
S004112,registration,3,No-intent (<5s),Android-MidTier
S004118,phone_otp,3,No-intent (<5s),Android-MidTier
S004123,phone_otp,2,No-intent (<5s),Android-Budget
S004128,doc_upload,2,No-intent (<5s),Android-MidTier
S004129,phone_otp,1,No-intent (<5s),iOS-HighEnd
S004136,registration,3,No-intent (<5s),Android-Budget
S004141,liveness_check,3,No-intent (<5s),iOS-HighEnd
S004147,registration,3,No-intent (<5s),Android-MidTier
S004151,doc_upload,154,Blocker (60s+),Android-Budget
S004160,doc_upload,45,Mid (5-60s),Android-MidTier
S004161,registration,3,No-intent (<5s),iOS-HighEnd
S004175,doc_upload,31,Mid (5-60s),Android-MidTier
S004176,consent_sign,4,No-intent (<5s),Android-MidTier
S004181,liveness_check,53,Mid (5-60s),Android-MidTier
S004184,liveness_check,25,Mid (5-60s),iOS-HighEnd
S004185,liveness_check,39,Mid (5-60s),Android-Budget
S004191,liveness_check,19,Mid (5-60s),iOS-HighEnd
S004196,phone_otp,2,No-intent (<5s),Android-MidTier
S004209,liveness_check,2,No-intent (<5s),Android-MidTier
S004214,liveness_check,57,Mid (5-60s),Android-Budget
S004217,liveness_check,62,Blocker (60s+),Android-Budget
S004221,registration,3,No-intent (<5s),iOS-HighEnd
S004223,registration,3,No-intent (<5s),Android-MidTier
S004228,registration,3,No-intent (<5s),iOS-HighEnd
S004229,doc_upload,33,Mid (5-60s),Android-MidTier
S004233,doc_upload,67,Blocker (60s+),iOS-HighEnd
S004235,liveness_check,40,Mid (5-60s),Android-Budget
S004242,liveness_check,25,Mid (5-60s),Android-MidTier
S004243,liveness_check,23,Mid (5-60s),Android-Budget
S004245,phone_otp,25,Mid (5-60s),Android-Budget
S004249,doc_upload,44,Mid (5-60s),Android-MidTier
S004257,doc_upload,26,Mid (5-60s),Android-MidTier
S004262,phone_otp,2,No-intent (<5s),iOS-HighEnd
S004265,doc_upload,40,Mid (5-60s),Android-Budget
S004270,phone_otp,21,Mid (5-60s),iOS-HighEnd
S004271,registration,3,No-intent (<5s),Android-Budget
S004272,liveness_check,102,Blocker (60s+),Android-Budget
S004279,consent_sign,18,Mid (5-60s),iOS-HighEnd
S004285,consent_sign,1,No-intent (<5s),iOS-HighEnd
S004286,phone_otp,3,No-intent (<5s),Android-Budget
S004298,phone_otp,3,No-intent (<5s),iOS-HighEnd
S004299,liveness_check,36,Mid (5-60s),Android-MidTier
S004302,liveness_check,10,Mid (5-60s),Android-Budget
S004306,doc_upload,47,Mid (5-60s),Android-Budget
S004307,liveness_check,4,No-intent (<5s),Android-Budget
S004309,registration,3,No-intent (<5s),Android-MidTier
S004314,registration,3,No-intent (<5s),Android-MidTier
S004320,doc_upload,44,Mid (5-60s),Android-Budget
S004323,consent_sign,1,No-intent (<5s),iOS-HighEnd
S004331,liveness_check,1,No-intent (<5s),Android-Budget
S004333,registration,3,No-intent (<5s),iOS-HighEnd
S004337,registration,3,No-intent (<5s),Android-MidTier
S004338,liveness_check,34,Mid (5-60s),Android-MidTier
S004342,liveness_check,31,Mid (5-60s),Android-Budget
S004343,liveness_check,29,Mid (5-60s),Android-MidTier
S004347,phone_otp,3,No-intent (<5s),iOS-HighEnd
S004348,doc_upload,1,No-intent (<5s),Android-MidTier
S004358,liveness_check,27,Mid (5-60s),Android-MidTier
S004360,doc_upload,3,No-intent (<5s),Android-MidTier
S004367,doc_upload,78,Blocker (60s+),Android-Budget
S004370,consent_sign,1,No-intent (<5s),Android-MidTier
S004380,phone_otp,4,No-intent (<5s),iOS-HighEnd
S004388,registration,3,No-intent (<5s),iOS-HighEnd
S004389,consent_sign,2,No-intent (<5s),iOS-HighEnd
S004390,liveness_check,72,Blocker (60s+),Android-Budget
S004392,liveness_check,35,Mid (5-60s),Android-MidTier
S004393,doc_upload,73,Blocker (60s+),iOS-HighEnd
S004394,phone_otp,1,No-intent (<5s),iOS-HighEnd
S004398,doc_upload,4,No-intent (<5s),Android-MidTier
S004399,liveness_check,31,Mid (5-60s),Android-MidTier
S004400,consent_sign,2,No-intent (<5s),iOS-HighEnd
S004411,liveness_check,30,Mid (5-60s),Android-MidTier
S004412,doc_upload,67,Blocker (60s+),iOS-HighEnd
S004415,phone_otp,16,Mid (5-60s),iOS-HighEnd
S004419,liveness_check,34,Mid (5-60s),Android-Budget
S004420,phone_otp,4,No-intent (<5s),Android-Budget
S004424,phone_otp,1,No-intent (<5s),Android-Budget
S004426,doc_upload,55,Mid (5-60s),Android-MidTier
S004433,doc_upload,1,No-intent (<5s),Android-MidTier
S004434,consent_sign,1,No-intent (<5s),Android-MidTier
S004435,liveness_check,27,Mid (5-60s),Android-Budget
S004439,liveness_check,38,Mid (5-60s),Android-Budget
S004442,consent_sign,2,No-intent (<5s),Android-MidTier
S004445,registration,3,No-intent (<5s),iOS-HighEnd
S004448,consent_sign,3,No-intent (<5s),iOS-HighEnd
S004452,liveness_check,28,Mid (5-60s),iOS-HighEnd
S004457,doc_upload,3,No-intent (<5s),Android-Budget
S004459,liveness_check,21,Mid (5-60s),Android-MidTier
S004460,doc_upload,57,Mid (5-60s),iOS-HighEnd
S004462,liveness_check,16,Mid (5-60s),iOS-HighEnd
S004463,registration,3,No-intent (<5s),iOS-HighEnd
S004465,phone_otp,4,No-intent (<5s),Android-MidTier
S004469,doc_upload,2,No-intent (<5s),Android-MidTier
S004472,liveness_check,33,Mid (5-60s),Android-Budget
S004482,registration,3,No-intent (<5s),iOS-HighEnd
S004488,liveness_check,37,Mid (5-60s),Android-Budget
S004493,phone_otp,3,No-intent (<5s),Android-MidTier
S004497,consent_sign,1,No-intent (<5s),Android-MidTier
S004500,liveness_check,42,Mid (5-60s),Android-MidTier
S004501,doc_upload,4,No-intent (<5s),Android-Budget
S004504,phone_otp,3,No-intent (<5s),Android-Budget
S004510,liveness_check,22,Mid (5-60s),Android-MidTier
S004512,liveness_check,34,Mid (5-60s),Android-Budget
S004520,phone_otp,3,No-intent (<5s),Android-MidTier
S004521,liveness_check,88,Blocker (60s+),Android-Budget
S004524,liveness_check,91,Blocker (60s+),Android-Budget
S004528,liveness_check,4,No-intent (<5s),Android-Budget
S004531,doc_upload,37,Mid (5-60s),Android-MidTier
S004534,liveness_check,29,Mid (5-60s),Android-MidTier
S004538,liveness_check,2,No-intent (<5s),iOS-HighEnd
S004540,doc_upload,39,Mid (5-60s),Android-Budget
S004543,liveness_check,92,Blocker (60s+),Android-Budget
S004548,doc_upload,87,Blocker (60s+),Android-Budget
S004549,registration,3,No-intent (<5s),iOS-HighEnd
S004550,registration,3,No-intent (<5s),Android-MidTier
S004552,phone_otp,3,No-intent (<5s),Android-Budget
S004555,registration,3,No-intent (<5s),Android-MidTier
S004560,doc_upload,1,No-intent (<5s),iOS-HighEnd
S004563,liveness_check,97,Blocker (60s+),Android-Budget
S004570,liveness_check,41,Mid (5-60s),iOS-HighEnd
S004580,phone_otp,26,Mid (5-60s),Android-MidTier
S004586,consent_sign,3,No-intent (<5s),Android-MidTier
S004588,registration,3,No-intent (<5s),Android-MidTier
S004589,liveness_check,16,Mid (5-60s),Android-MidTier
S004592,doc_upload,135,Blocker (60s+),Android-Budget
S004593,registration,3,No-intent (<5s),iOS-HighEnd
S004594,registration,3,No-intent (<5s),Android-MidTier
S004597,liveness_check,22,Mid (5-60s),Android-Budget
S004599,liveness_check,92,Blocker (60s+),Android-Budget
S004601,consent_sign,1,No-intent (<5s),iOS-HighEnd
S004602,phone_otp,15,Mid (5-60s),Android-Budget
S004605,phone_otp,4,No-intent (<5s),Android-MidTier
S004609,liveness_check,20,Mid (5-60s),Android-MidTier
S004610,liveness_check,73,Blocker (60s+),Android-Budget
S004617,registration,3,No-intent (<5s),Android-MidTier
S004626,doc_upload,33,Mid (5-60s),iOS-HighEnd
S004630,consent_sign,13,Mid (5-60s),iOS-HighEnd
S004632,consent_sign,2,No-intent (<5s),Android-MidTier
S004633,registration,3,No-intent (<5s),Android-MidTier
S004643,liveness_check,4,No-intent (<5s),Android-Budget
S004646,phone_otp,2,No-intent (<5s),iOS-HighEnd
S004653,registration,3,No-intent (<5s),Android-MidTier
S004656,liveness_check,98,Blocker (60s+),Android-MidTier
S004663,phone_otp,3,No-intent (<5s),iOS-HighEnd
S004667,phone_otp,4,No-intent (<5s),iOS-HighEnd
S004668,doc_upload,47,Mid (5-60s),Android-Budget
S004670,registration,3,No-intent (<5s),Android-MidTier
S004672,registration,3,No-intent (<5s),Android-MidTier
S004681,liveness_check,20,Mid (5-60s),Android-Budget
S004683,liveness_check,31,Mid (5-60s),Android-Budget
S004686,doc_upload,2,No-intent (<5s),Android-MidTier
S004691,phone_otp,32,Mid (5-60s),Android-MidTier
S004697,consent_sign,2,No-intent (<5s),Android-MidTier
S004698,phone_otp,2,No-intent (<5s),Android-MidTier
S004700,doc_upload,97,Blocker (60s+),iOS-HighEnd
S004705,liveness_check,42,Mid (5-60s),Android-MidTier
S004708,liveness_check,23,Mid (5-60s),Android-MidTier
S004709,doc_upload,2,No-intent (<5s),Android-MidTier
S004711,phone_otp,30,Mid (5-60s),Android-Budget
S004713,phone_otp,24,Mid (5-60s),Android-MidTier
S004717,liveness_check,35,Mid (5-60s),iOS-HighEnd
S004724,doc_upload,32,Mid (5-60s),Android-MidTier
S004725,consent_sign,4,No-intent (<5s),Android-MidTier
S004730,consent_sign,2,No-intent (<5s),Android-Budget
S004740,doc_upload,43,Mid (5-60s),iOS-HighEnd
S004741,registration,3,No-intent (<5s),iOS-HighEnd
S004746,doc_upload,157,Blocker (60s+),Android-MidTier
S004750,doc_upload,50,Mid (5-60s),Android-Budget
S004758,doc_upload,81,Blocker (60s+),Android-Budget
S004762,doc_upload,2,No-intent (<5s),Android-Budget
S004764,consent_sign,3,No-intent (<5s),Android-MidTier
S004767,liveness_check,15,Mid (5-60s),iOS-HighEnd
S004770,consent_sign,2,No-intent (<5s),iOS-HighEnd
S004771,phone_otp,4,No-intent (<5s),Android-Budget
S004773,doc_upload,117,Blocker (60s+),Android-Budget
S004775,liveness_check,67,Blocker (60s+),Android-Budget
S004777,liveness_check,22,Mid (5-60s),iOS-HighEnd
S004784,phone_otp,4,No-intent (<5s),iOS-HighEnd
S004785,consent_sign,2,No-intent (<5s),iOS-HighEnd
S004787,liveness_check,26,Mid (5-60s),Android-MidTier
S004793,doc_upload,4,No-intent (<5s),Android-MidTier
S004795,phone_otp,1,No-intent (<5s),iOS-HighEnd
S004796,registration,3,No-intent (<5s),Android-Budget
S004799,liveness_check,52,Mid (5-60s),Android-Budget
S004805,liveness_check,85,Blocker (60s+),Android-MidTier
S004808,registration,3,No-intent (<5s),iOS-HighEnd
S004826,registration,3,No-intent (<5s),iOS-HighEnd
S004829,registration,3,No-intent (<5s),Android-MidTier
S004832,liveness_check,28,Mid (5-60s),Android-MidTier
S004840,doc_upload,74,Blocker (60s+),Android-Budget
S004842,phone_otp,4,No-intent (<5s),Android-Budget
S004848,doc_upload,1,No-intent (<5s),iOS-HighEnd
S004849,registration,3,No-intent (<5s),iOS-HighEnd
S004851,phone_otp,3,No-intent (<5s),iOS-HighEnd
S004852,phone_otp,3,No-intent (<5s),Android-MidTier
S004854,consent_sign,2,No-intent (<5s),Android-Budget
S004855,liveness_check,77,Blocker (60s+),Android-MidTier
S004856,consent_sign,4,No-intent (<5s),iOS-HighEnd
S004860,phone_otp,3,No-intent (<5s),Android-MidTier
S004863,phone_otp,21,Mid (5-60s),iOS-HighEnd
S004864,liveness_check,32,Mid (5-60s),Android-Budget
S004868,liveness_check,21,Mid (5-60s),Android-MidTier
S004869,liveness_check,53,Mid (5-60s),Android-Budget
S004871,consent_sign,1,No-intent (<5s),iOS-HighEnd
S004875,liveness_check,3,No-intent (<5s),iOS-HighEnd
S004879,liveness_check,33,Mid (5-60s),Android-Budget
S004881,registration,3,No-intent (<5s),Android-MidTier
S004885,phone_otp,4,No-intent (<5s),iOS-HighEnd
S004889,liveness_check,37,Mid (5-60s),Android-MidTier
S004891,phone_otp,3,No-intent (<5s),Android-MidTier
S004896,liveness_check,23,Mid (5-60s),iOS-HighEnd
S004897,doc_upload,42,Mid (5-60s),Android-Budget
S004900,liveness_check,88,Blocker (60s+),iOS-HighEnd
S004906,registration,24,Mid (5-60s),Android-MidTier
S004911,doc_upload,5,Mid (5-60s),iOS-HighEnd
S004930,liveness_check,24,Mid (5-60s),Android-MidTier
S004933,consent_sign,4,No-intent (<5s),Android-MidTier
S004940,registration,3,No-intent (<5s),Android-Budget
S004944,consent_sign,2,No-intent (<5s),Android-MidTier
S004948,registration,3,No-intent (<5s),iOS-HighEnd
S004958,liveness_check,101,Blocker (60s+),Android-Budget
S004962,doc_upload,64,Blocker (60s+),Android-Budget
S004964,phone_otp,21,Mid (5-60s),Android-Budget
S004967,registration,3,No-intent (<5s),Android-MidTier
S004969,liveness_check,43,Mid (5-60s),iOS-HighEnd
S004970,doc_upload,2,No-intent (<5s),Android-MidTier
S004971,doc_upload,54,Mid (5-60s),Android-MidTier
S004974,doc_upload,55,Mid (5-60s),iOS-HighEnd
S004977,doc_upload,52,Mid (5-60s),Android-Budget
S004978,liveness_check,24,Mid (5-60s),iOS-HighEnd
S004979,consent_sign,2,No-intent (<5s),Android-MidTier
S004989,doc_upload,33,Mid (5-60s),Android-MidTier
S004990,consent_sign,2,No-intent (<5s),Android-MidTier
S004995,liveness_check,22,Mid (5-60s),Android-MidTier
S004996,liveness_check,29,Mid (5-60s),Android-MidTier
S005002,phone_otp,11,Mid (5-60s),iOS-HighEnd
S005014,phone_otp,4,No-intent (<5s),Android-MidTier
S005015,consent_sign,3,No-intent (<5s),Android-MidTier
S005023,phone_otp,16,Mid (5-60s),iOS-HighEnd
S005025,liveness_check,28,Mid (5-60s),Android-Budget
S005027,doc_upload,50,Mid (5-60s),iOS-HighEnd
S005031,liveness_check,53,Mid (5-60s),Android-MidTier
S005032,phone_otp,10,Mid (5-60s),iOS-HighEnd
S005034,registration,3,No-intent (<5s),iOS-HighEnd
S005039,phone_otp,3,No-intent (<5s),Android-MidTier
S005040,registration,3,No-intent (<5s),Android-MidTier
S005047,doc_upload,73,Blocker (60s+),Android-Budget
S005050,doc_upload,1,No-intent (<5s),Android-MidTier
S005052,phone_otp,3,No-intent (<5s),Android-MidTier
S005057,doc_upload,88,Blocker (60s+),Android-MidTier
S005065,phone_otp,25,Mid (5-60s),Android-MidTier
S005066,liveness_check,34,Mid (5-60s),Android-MidTier
S005068,consent_sign,2,No-intent (<5s),iOS-HighEnd
S005075,consent_sign,4,No-intent (<5s),Android-Budget
S005078,consent_sign,4,No-intent (<5s),iOS-HighEnd
S005079,consent_sign,2,No-intent (<5s),iOS-HighEnd
S005080,doc_upload,3,No-intent (<5s),iOS-HighEnd
S005083,liveness_check,40,Mid (5-60s),Android-MidTier
S005084,liveness_check,74,Blocker (60s+),iOS-HighEnd
S005089,liveness_check,10,Mid (5-60s),iOS-HighEnd
S005093,liveness_check,33,Mid (5-60s),Android-Budget
S005095,consent_sign,2,No-intent (<5s),iOS-HighEnd
S005096,doc_upload,34,Mid (5-60s),iOS-HighEnd
S005102,consent_sign,4,No-intent (<5s),Android-Budget
S005105,liveness_check,51,Mid (5-60s),Android-Budget
S005111,liveness_check,43,Mid (5-60s),Android-MidTier
S005112,liveness_check,98,Blocker (60s+),Android-Budget
S005114,consent_sign,4,No-intent (<5s),Android-MidTier
S005117,registration,3,No-intent (<5s),Android-MidTier
S005126,consent_sign,13,Mid (5-60s),iOS-HighEnd
S005130,doc_upload,111,Blocker (60s+),Android-Budget
S005137,consent_sign,2,No-intent (<5s),Android-MidTier
S005141,phone_otp,25,Mid (5-60s),Android-MidTier
S005142,consent_sign,4,No-intent (<5s),iOS-HighEnd
S005145,doc_upload,4,No-intent (<5s),Android-Budget
S005150,doc_upload,46,Mid (5-60s),Android-MidTier
S005153,registration,3,No-intent (<5s),Android-Budget
S005158,doc_upload,103,Blocker (60s+),Android-Budget
S005159,registration,3,No-intent (<5s),Android-Budget
S005166,consent_sign,2,No-intent (<5s),iOS-HighEnd
S005174,liveness_check,30,Mid (5-60s),Android-Budget
S005177,phone_otp,2,No-intent (<5s),iOS-HighEnd
S005190,doc_upload,2,No-intent (<5s),Android-Budget
S005191,liveness_check,22,Mid (5-60s),Android-MidTier
S005192,doc_upload,1,No-intent (<5s),Android-MidTier
S005194,registration,3,No-intent (<5s),Android-Budget
S005197,consent_sign,1,No-intent (<5s),Android-MidTier
S005198,consent_sign,1,No-intent (<5s),Android-MidTier
S005207,phone_otp,1,No-intent (<5s),iOS-HighEnd
S005213,doc_upload,1,No-intent (<5s),iOS-HighEnd
S005217,registration,3,No-intent (<5s),Android-Budget
S005220,registration,3,No-intent (<5s),iOS-HighEnd
S005223,doc_upload,37,Mid (5-60s),Android-MidTier
S005227,registration,3,No-intent (<5s),Android-MidTier
S005235,doc_upload,49,Mid (5-60s),Android-Budget
S005237,registration,3,No-intent (<5s),Android-MidTier
S005238,registration,3,No-intent (<5s),Android-MidTier
S005242,doc_upload,1,No-intent (<5s),iOS-HighEnd
S005243,registration,3,No-intent (<5s),iOS-HighEnd
S005246,phone_otp,4,No-intent (<5s),Android-Budget
S005248,liveness_check,59,Mid (5-60s),Android-Budget
S005250,doc_upload,48,Mid (5-60s),iOS-HighEnd
S005252,phone_otp,3,No-intent (<5s),Android-Budget
S005267,doc_upload,141,Blocker (60s+),Android-Budget
S005273,doc_upload,45,Mid (5-60s),Android-MidTier
S005274,liveness_check,28,Mid (5-60s),Android-Budget
S005278,liveness_check,37,Mid (5-60s),iOS-HighEnd
S005280,phone_otp,2,No-intent (<5s),Android-MidTier
S005283,registration,28,Mid (5-60s),iOS-HighEnd
S005284,registration,3,No-intent (<5s),Android-MidTier
S005285,doc_upload,48,Mid (5-60s),Android-Budget
S005289,consent_sign,1,No-intent (<5s),iOS-HighEnd
S005290,registration,3,No-intent (<5s),iOS-HighEnd
S005297,liveness_check,2,No-intent (<5s),iOS-HighEnd
S005300,doc_upload,52,Mid (5-60s),Android-MidTier
S005312,consent_sign,2,No-intent (<5s),Android-MidTier
S005315,doc_upload,92,Blocker (60s+),Android-Budget
S005320,liveness_check,3,No-intent (<5s),iOS-HighEnd
S005322,phone_otp,1,No-intent (<5s),Android-MidTier
S005325,consent_sign,15,Mid (5-60s),Android-MidTier
S005331,doc_upload,1,No-intent (<5s),iOS-HighEnd
S005332,doc_upload,43,Mid (5-60s),Android-MidTier
S005334,phone_otp,1,No-intent (<5s),Android-MidTier
S005336,liveness_check,34,Mid (5-60s),iOS-HighEnd
S005343,consent_sign,1,No-intent (<5s),iOS-HighEnd
S005360,doc_upload,39,Mid (5-60s),iOS-HighEnd
S005361,consent_sign,2,No-intent (<5s),Android-MidTier
S005362,doc_upload,45,Mid (5-60s),Android-Budget
S005364,liveness_check,2,No-intent (<5s),Android-MidTier
S005375,liveness_check,37,Mid (5-60s),Android-Budget
S005377,consent_sign,4,No-intent (<5s),Android-MidTier
S005381,registration,3,No-intent (<5s),iOS-HighEnd
S005385,phone_otp,1,No-intent (<5s),iOS-HighEnd
S005387,doc_upload,70,Blocker (60s+),Android-MidTier
S005397,registration,3,No-intent (<5s),Android-MidTier
S005398,doc_upload,50,Mid (5-60s),Android-Budget
S005405,doc_upload,156,Blocker (60s+),Android-Budget
S005406,liveness_check,30,Mid (5-60s),Android-MidTier
S005408,phone_otp,4,No-intent (<5s),iOS-HighEnd
S005419,doc_upload,145,Blocker (60s+),Android-Budget
S005420,phone_otp,24,Mid (5-60s),iOS-HighEnd
S005424,consent_sign,3,No-intent (<5s),Android-MidTier
S005425,doc_upload,2,No-intent (<5s),Android-MidTier
S005426,liveness_check,90,Blocker (60s+),Android-Budget
S005430,registration,62,Blocker (60s+),Android-Budget
S005435,registration,3,No-intent (<5s),Android-MidTier
S005447,phone_otp,3,No-intent (<5s),Android-MidTier
S005448,registration,3,No-intent (<5s),iOS-HighEnd
S005451,phone_otp,3,No-intent (<5s),Android-Budget
S005454,liveness_check,25,Mid (5-60s),iOS-HighEnd
S005458,doc_upload,142,Blocker (60s+),Android-MidTier
S005465,phone_otp,81,Blocker (60s+),Android-MidTier
S005475,phone_otp,2,No-intent (<5s),Android-MidTier
S005479,registration,3,No-intent (<5s),iOS-HighEnd
S005480,phone_otp,20,Mid (5-60s),iOS-HighEnd
S005482,consent_sign,1,No-intent (<5s),Android-MidTier
S005483,liveness_check,2,No-intent (<5s),Android-MidTier
S005484,liveness_check,30,Mid (5-60s),Android-MidTier
S005486,consent_sign,2,No-intent (<5s),Android-MidTier
S005491,liveness_check,85,Blocker (60s+),Android-Budget
S005494,doc_upload,41,Mid (5-60s),iOS-HighEnd
S005499,registration,3,No-intent (<5s),Android-MidTier
S005500,liveness_check,105,Blocker (60s+),iOS-HighEnd
S005505,registration,3,No-intent (<5s),iOS-HighEnd
S005511,doc_upload,37,Mid (5-60s),iOS-HighEnd
S005517,phone_otp,4,No-intent (<5s),iOS-HighEnd
S005520,liveness_check,34,Mid (5-60s),Android-Budget
S005524,doc_upload,2,No-intent (<5s),Android-MidTier
S005528,phone_otp,3,No-intent (<5s),Android-MidTier
S005529,liveness_check,3,No-intent (<5s),Android-Budget
S005538,phone_otp,4,No-intent (<5s),iOS-HighEnd
S005543,registration,3,No-intent (<5s),Android-MidTier
S005544,registration,3,No-intent (<5s),Android-Budget
S005545,registration,3,No-intent (<5s),Android-MidTier
S005546,phone_otp,4,No-intent (<5s),Android-MidTier
S005553,consent_sign,1,No-intent (<5s),Android-MidTier
S005556,liveness_check,22,Mid (5-60s),Android-Budget
S005565,registration,3,No-intent (<5s),iOS-HighEnd
S005572,registration,3,No-intent (<5s),Android-MidTier
S005573,registration,3,No-intent (<5s),Android-MidTier
S005578,doc_upload,75,Blocker (60s+),Android-MidTier
S005584,registration,3,No-intent (<5s),iOS-HighEnd
S005588,registration,3,No-intent (<5s),iOS-HighEnd
S005590,registration,3,No-intent (<5s),iOS-HighEnd
S005600,phone_otp,3,No-intent (<5s),iOS-HighEnd
S005605,phone_otp,1,No-intent (<5s),iOS-HighEnd
S005607,consent_sign,2,No-intent (<5s),iOS-HighEnd
S005610,doc_upload,28,Mid (5-60s),iOS-HighEnd
S005612,doc_upload,14,Mid (5-60s),Android-Budget
S005616,registration,3,No-intent (<5s),Android-Budget
S005619,registration,3,No-intent (<5s),iOS-HighEnd
S005626,liveness_check,2,No-intent (<5s),Android-Budget
S005628,registration,3,No-intent (<5s),Android-MidTier
S005638,registration,3,No-intent (<5s),Android-MidTier
S005640,consent_sign,3,No-intent (<5s),Android-MidTier
S005641,phone_otp,2,No-intent (<5s),iOS-HighEnd
S005642,liveness_check,41,Mid (5-60s),Android-Budget
S005646,doc_upload,143,Blocker (60s+),Android-Budget
S005650,phone_otp,3,No-intent (<5s),iOS-HighEnd
S005651,phone_otp,2,No-intent (<5s),iOS-HighEnd
S005652,phone_otp,11,Mid (5-60s),Android-MidTier
S005657,liveness_check,24,Mid (5-60s),iOS-HighEnd
S005658,registration,33,Mid (5-60s),Android-Budget
S005674,liveness_check,2,No-intent (<5s),Android-MidTier
S005675,doc_upload,32,Mid (5-60s),Android-Budget
S005678,phone_otp,4,No-intent (<5s),Android-Budget
S005680,doc_upload,118,Blocker (60s+),Android-Budget
S005681,consent_sign,1,No-intent (<5s),Android-MidTier
S005683,doc_upload,2,No-intent (<5s),Android-MidTier
S005689,doc_upload,3,No-intent (<5s),Android-MidTier
S005691,liveness_check,69,Blocker (60s+),Android-MidTier
S005702,consent_sign,4,No-intent (<5s),Android-MidTier
S005709,consent_sign,1,No-intent (<5s),Android-MidTier
S005710,phone_otp,23,Mid (5-60s),Android-Budget
S005717,doc_upload,48,Mid (5-60s),Android-Budget
S005718,consent_sign,2,No-intent (<5s),Android-MidTier
S005721,doc_upload,34,Mid (5-60s),Android-Budget
S005723,doc_upload,30,Mid (5-60s),iOS-HighEnd
S005728,doc_upload,49,Mid (5-60s),Android-MidTier
S005730,phone_otp,4,No-intent (<5s),iOS-HighEnd
S005734,liveness_check,3,No-intent (<5s),Android-MidTier
S005735,doc_upload,89,Blocker (60s+),Android-Budget
S005737,liveness_check,26,Mid (5-60s),Android-Budget
S005738,doc_upload,105,Blocker (60s+),Android-MidTier
S005740,consent_sign,2,No-intent (<5s),iOS-HighEnd
S005745,registration,3,No-intent (<5s),Android-Budget
S005750,doc_upload,2,No-intent (<5s),iOS-HighEnd
S005753,doc_upload,82,Blocker (60s+),Android-Budget
S005754,liveness_check,23,Mid (5-60s),Android-MidTier
S005758,phone_otp,1,No-intent (<5s),Android-MidTier
S005761,doc_upload,87,Blocker (60s+),Android-Budget
S005763,liveness_check,36,Mid (5-60s),Android-Budget
S005768,consent_sign,3,No-intent (<5s),Android-MidTier
S005780,phone_otp,1,No-intent (<5s),iOS-HighEnd
S005783,registration,3,No-intent (<5s),Android-MidTier
S005784,doc_upload,45,Mid (5-60s),Android-MidTier
S005788,liveness_check,41,Mid (5-60s),Android-Budget
S005791,doc_upload,3,No-intent (<5s),Android-Budget
S005792,liveness_check,50,Mid (5-60s),Android-Budget
S005805,phone_otp,4,No-intent (<5s),iOS-HighEnd
S005807,consent_sign,1,No-intent (<5s),Android-MidTier
S005808,doc_upload,30,Mid (5-60s),iOS-HighEnd
S005814,doc_upload,102,Blocker (60s+),Android-Budget
S005815,consent_sign,10,Mid (5-60s),Android-Budget
S005819,liveness_check,38,Mid (5-60s),Android-MidTier
S005826,doc_upload,1,No-intent (<5s),iOS-HighEnd
S005832,liveness_check,39,Mid (5-60s),Android-Budget
S005835,doc_upload,92,Blocker (60s+),Android-Budget
S005838,doc_upload,57,Mid (5-60s),Android-Budget
S005846,phone_otp,22,Mid (5-60s),iOS-HighEnd
S005849,consent_sign,3,No-intent (<5s),iOS-HighEnd
S005850,consent_sign,4,No-intent (<5s),Android-MidTier
S005851,liveness_check,2,No-intent (<5s),Android-MidTier
S005852,liveness_check,1,No-intent (<5s),iOS-HighEnd
S005856,phone_otp,3,No-intent (<5s),Android-MidTier
S005860,registration,3,No-intent (<5s),iOS-HighEnd
S005878,liveness_check,4,No-intent (<5s),iOS-HighEnd
S005880,registration,15,Mid (5-60s),iOS-HighEnd
S005885,liveness_check,54,Mid (5-60s),Android-Budget
S005890,registration,41,Mid (5-60s),Android-Budget
S005891,liveness_check,30,Mid (5-60s),iOS-HighEnd
S005894,registration,3,No-intent (<5s),Android-MidTier
S005895,liveness_check,15,Mid (5-60s),Android-MidTier
S005900,registration,3,No-intent (<5s),iOS-HighEnd
S005902,consent_sign,4,No-intent (<5s),Android-MidTier
S005906,phone_otp,3,No-intent (<5s),Android-Budget
S005907,doc_upload,82,Blocker (60s+),Android-Budget
S005908,doc_upload,82,Blocker (60s+),Android-MidTier
S005911,doc_upload,1,No-intent (<5s),iOS-HighEnd
S005913,consent_sign,1,No-intent (<5s),Android-Budget
S005919,registration,3,No-intent (<5s),Android-MidTier
S005922,liveness_check,4,No-intent (<5s),Android-MidTier
S005926,doc_upload,129,Blocker (60s+),Android-MidTier
S005930,doc_upload,22,Mid (5-60s),Android-Budget
S005931,liveness_check,26,Mid (5-60s),Android-MidTier
S005934,registration,3,No-intent (<5s),iOS-HighEnd
S005947,doc_upload,72,Blocker (60s+),iOS-HighEnd
S005952,liveness_check,71,Blocker (60s+),Android-MidTier
S005954,doc_upload,57,Mid (5-60s),Android-Budget
S005959,liveness_check,42,Mid (5-60s),Android-MidTier
S005960,liveness_check,16,Mid (5-60s),Android-MidTier
S005961,doc_upload,33,Mid (5-60s),Android-Budget
S005967,doc_upload,49,Mid (5-60s),Android-Budget
S005973,liveness_check,31,Mid (5-60s),iOS-HighEnd
S005976,consent_sign,1,No-intent (<5s),iOS-HighEnd
S005982,consent_sign,2,No-intent (<5s),Android-MidTier
S005986,registration,3,No-intent (<5s),Android-MidTier
S005989,doc_upload,60,Mid (5-60s),Android-Budget
S005990,doc_upload,40,Mid (5-60s),Android-MidTier
S005991,consent_sign,2,No-intent (<5s),iOS-HighEnd
S005992,registration,3,No-intent (<5s),iOS-HighEnd
S005993,liveness_check,92,Blocker (60s+),Android-MidTier
S005994,doc_upload,84,Blocker (60s+),Android-Budget
S005999,doc_upload,3,No-intent (<5s),iOS-HighEnd
S006000,liveness_check,3,No-intent (<5s),iOS-HighEnd
S006006,consent_sign,1,No-intent (<5s),Android-Budget
S006011,liveness_check,42,Mid (5-60s),Android-MidTier
S006016,registration,3,No-intent (<5s),iOS-HighEnd
S006020,doc_upload,65,Blocker (60s+),Android-Budget
S006023,registration,3,No-intent (<5s),Android-Budget
S006027,registration,3,No-intent (<5s),Android-MidTier
S006031,consent_sign,1,No-intent (<5s),Android-MidTier
S006032,doc_upload,69,Blocker (60s+),Android-Budget
S006034,liveness_check,4,No-intent (<5s),Android-MidTier
S006035,liveness_check,30,Mid (5-60s),Android-MidTier
S006036,consent_sign,25,Mid (5-60s),Android-MidTier
S006037,phone_otp,1,No-intent (<5s),Android-Budget
S006038,registration,3,No-intent (<5s),Android-MidTier
S006041,liveness_check,2,No-intent (<5s),iOS-HighEnd
S006046,doc_upload,50,Mid (5-60s),Android-MidTier
S006049,phone_otp,4,No-intent (<5s),iOS-HighEnd
S006055,liveness_check,99,Blocker (60s+),Android-Budget
S006062,consent_sign,1,No-intent (<5s),iOS-HighEnd
S006063,liveness_check,1,No-intent (<5s),iOS-HighEnd
S006064,consent_sign,3,No-intent (<5s),Android-MidTier
S006069,liveness_check,24,Mid (5-60s),Android-Budget
S006071,doc_upload,2,No-intent (<5s),Android-Budget
S006072,registration,3,No-intent (<5s),Android-MidTier
S006076,phone_otp,4,No-intent (<5s),iOS-HighEnd
S006077,liveness_check,18,Mid (5-60s),Android-MidTier
S006080,liveness_check,27,Mid (5-60s),Android-Budget
S006083,consent_sign,2,No-intent (<5s),Android-MidTier
S006086,phone_otp,2,No-intent (<5s),Android-MidTier
S006091,doc_upload,46,Mid (5-60s),iOS-HighEnd
S006098,registration,3,No-intent (<5s),iOS-HighEnd
S006105,registration,3,No-intent (<5s),iOS-HighEnd
S006114,liveness_check,34,Mid (5-60s),Android-MidTier
S006115,phone_otp,29,Mid (5-60s),iOS-HighEnd
S006119,registration,3,No-intent (<5s),iOS-HighEnd
S006122,doc_upload,51,Mid (5-60s),Android-Budget
S006125,registration,3,No-intent (<5s),iOS-HighEnd
S006127,liveness_check,35,Mid (5-60s),Android-Budget
S006131,doc_upload,50,Mid (5-60s),Android-Budget
S006132,consent_sign,4,No-intent (<5s),iOS-HighEnd
S006140,doc_upload,42,Mid (5-60s),iOS-HighEnd
S006143,liveness_check,31,Mid (5-60s),Android-Budget
S006144,consent_sign,1,No-intent (<5s),Android-MidTier
S006150,doc_upload,23,Mid (5-60s),Android-Budget
S006166,liveness_check,3,No-intent (<5s),iOS-HighEnd
S006171,doc_upload,24,Mid (5-60s),Android-MidTier
S006175,doc_upload,41,Mid (5-60s),Android-MidTier
S006179,liveness_check,37,Mid (5-60s),Android-Budget
S006183,registration,3,No-intent (<5s),Android-Budget
S006185,liveness_check,27,Mid (5-60s),Android-MidTier
S006189,phone_otp,4,No-intent (<5s),iOS-HighEnd
S006193,registration,29,Mid (5-60s),iOS-HighEnd
S006194,liveness_check,35,Mid (5-60s),Android-Budget
S006203,registration,28,Mid (5-60s),Android-MidTier
S006205,liveness_check,23,Mid (5-60s),Android-MidTier
S006206,liveness_check,19,Mid (5-60s),Android-Budget
S006207,registration,3,No-intent (<5s),iOS-HighEnd
S006214,registration,3,No-intent (<5s),iOS-HighEnd
S006218,doc_upload,24,Mid (5-60s),Android-MidTier
S006220,doc_upload,3,No-intent (<5s),Android-Budget
S006225,doc_upload,36,Mid (5-60s),Android-MidTier
S006226,liveness_check,1,No-intent (<5s),iOS-HighEnd
S006229,doc_upload,45,Mid (5-60s),Android-Budget
S006235,doc_upload,1,No-intent (<5s),iOS-HighEnd
S006238,phone_otp,1,No-intent (<5s),Android-MidTier
S006243,consent_sign,17,Mid (5-60s),iOS-HighEnd
S006252,liveness_check,34,Mid (5-60s),Android-Budget
S006260,liveness_check,47,Mid (5-60s),Android-Budget
S006272,liveness_check,31,Mid (5-60s),iOS-HighEnd
S006273,doc_upload,2,No-intent (<5s),iOS-HighEnd
S006282,consent_sign,3,No-intent (<5s),Android-MidTier
S006284,consent_sign,17,Mid (5-60s),Android-MidTier
S006292,liveness_check,30,Mid (5-60s),Android-Budget
S006296,phone_otp,2,No-intent (<5s),iOS-HighEnd
S006297,liveness_check,24,Mid (5-60s),Android-Budget
S006298,liveness_check,28,Mid (5-60s),Android-Budget
S006299,doc_upload,55,Mid (5-60s),Android-Budget
S006309,phone_otp,2,No-intent (<5s),Android-MidTier
S006316,liveness_check,27,Mid (5-60s),Android-Budget
S006318,doc_upload,18,Mid (5-60s),Android-Budget
S006319,doc_upload,57,Mid (5-60s),Android-Budget
S006328,liveness_check,60,Mid (5-60s),Android-Budget
S006333,phone_otp,4,No-intent (<5s),Android-MidTier
S006335,registration,3,No-intent (<5s),Android-MidTier
S006336,phone_otp,3,No-intent (<5s),Android-MidTier
S006338,phone_otp,1,No-intent (<5s),Android-MidTier
S006341,consent_sign,2,No-intent (<5s),Android-Budget
S006344,doc_upload,7,Mid (5-60s),Android-Budget
S006348,liveness_check,32,Mid (5-60s),iOS-HighEnd
S006359,liveness_check,83,Blocker (60s+),Android-MidTier
S006363,doc_upload,55,Mid (5-60s),Android-MidTier
S006368,consent_sign,16,Mid (5-60s),Android-Budget
S006370,doc_upload,4,No-intent (<5s),Android-MidTier
S006385,registration,3,No-intent (<5s),Android-MidTier
S006391,registration,3,No-intent (<5s),Android-MidTier
S006392,liveness_check,2,No-intent (<5s),Android-MidTier
S006398,doc_upload,4,No-intent (<5s),Android-MidTier
S006399,phone_otp,2,No-intent (<5s),iOS-HighEnd
S006400,doc_upload,44,Mid (5-60s),Android-Budget
S006405,registration,3,No-intent (<5s),Android-Budget
S006406,liveness_check,52,Mid (5-60s),iOS-HighEnd
S006419,liveness_check,28,Mid (5-60s),iOS-HighEnd
S006420,registration,3,No-intent (<5s),Android-Budget
S006429,registration,3,No-intent (<5s),Android-MidTier
S006439,registration,3,No-intent (<5s),Android-MidTier
S006442,phone_otp,24,Mid (5-60s),iOS-HighEnd
S006444,consent_sign,3,No-intent (<5s),Android-Budget
S006448,liveness_check,47,Mid (5-60s),Android-Budget
S006449,consent_sign,3,No-intent (<5s),iOS-HighEnd
S006452,consent_sign,4,No-intent (<5s),Android-MidTier
S006454,liveness_check,18,Mid (5-60s),iOS-HighEnd
S006467,liveness_check,31,Mid (5-60s),Android-MidTier
S006479,doc_upload,96,Blocker (60s+),Android-MidTier
S006497,registration,3,No-intent (<5s),iOS-HighEnd
S006507,liveness_check,2,No-intent (<5s),Android-MidTier
S006510,registration,3,No-intent (<5s),Android-MidTier
S006511,doc_upload,77,Blocker (60s+),Android-Budget
S006517,doc_upload,37,Mid (5-60s),Android-Budget
S006523,consent_sign,2,No-intent (<5s),iOS-HighEnd
S006527,liveness_check,23,Mid (5-60s),Android-MidTier
S006528,registration,3,No-intent (<5s),Android-MidTier
S006539,liveness_check,8,Mid (5-60s),iOS-HighEnd
S006548,doc_upload,4,No-intent (<5s),Android-MidTier
S006552,registration,20,Mid (5-60s),Android-MidTier
S006554,registration,3,No-intent (<5s),Android-MidTier
S006556,phone_otp,28,Mid (5-60s),Android-MidTier
S006558,registration,3,No-intent (<5s),Android-MidTier
S006560,consent_sign,14,Mid (5-60s),Android-MidTier
S006561,liveness_check,42,Mid (5-60s),iOS-HighEnd
S006565,liveness_check,70,Blocker (60s+),Android-Budget
S006568,registration,3,No-intent (<5s),Android-MidTier
S006573,liveness_check,36,Mid (5-60s),iOS-HighEnd
S006574,liveness_check,82,Blocker (60s+),Android-MidTier
S006576,liveness_check,19,Mid (5-60s),Android-Budget
S006578,liveness_check,31,Mid (5-60s),Android-MidTier
S006584,consent_sign,12,Mid (5-60s),Android-MidTier
S006587,registration,3,No-intent (<5s),Android-MidTier
S006588,registration,3,No-intent (<5s),Android-Budget
S006589,registration,3,No-intent (<5s),Android-MidTier
S006593,doc_upload,3,No-intent (<5s),Android-MidTier
S006600,registration,29,Mid (5-60s),Android-MidTier
S006601,liveness_check,38,Mid (5-60s),Android-MidTier
S006603,liveness_check,96,Blocker (60s+),Android-Budget
S006604,doc_upload,94,Blocker (60s+),Android-MidTier
S006605,registration,3,No-intent (<5s),Android-MidTier
S006607,liveness_check,80,Blocker (60s+),Android-Budget
S006608,phone_otp,1,No-intent (<5s),Android-MidTier
S006609,consent_sign,2,No-intent (<5s),Android-MidTier
S006610,registration,3,No-intent (<5s),iOS-HighEnd
S006619,consent_sign,3,No-intent (<5s),iOS-HighEnd
S006621,doc_upload,147,Blocker (60s+),Android-Budget
S006627,consent_sign,3,No-intent (<5s),Android-MidTier
S006630,liveness_check,77,Blocker (60s+),Android-MidTier
S006632,registration,3,No-intent (<5s),Android-MidTier
S006637,liveness_check,48,Mid (5-60s),iOS-HighEnd
S006646,doc_upload,47,Mid (5-60s),iOS-HighEnd
S006651,registration,3,No-intent (<5s),Android-MidTier
S006652,consent_sign,3,No-intent (<5s),Android-MidTier
S006653,consent_sign,3,No-intent (<5s),Android-MidTier
S006661,consent_sign,4,No-intent (<5s),Android-Budget
S006663,registration,3,No-intent (<5s),iOS-HighEnd
S006665,consent_sign,2,No-intent (<5s),iOS-HighEnd
S006672,liveness_check,63,Blocker (60s+),iOS-HighEnd
S006675,registration,3,No-intent (<5s),iOS-HighEnd
S006679,consent_sign,2,No-intent (<5s),Android-MidTier
S006681,registration,3,No-intent (<5s),Android-MidTier
S006684,doc_upload,46,Mid (5-60s),Android-Budget
S006688,consent_sign,3,No-intent (<5s),iOS-HighEnd
S006696,doc_upload,104,Blocker (60s+),Android-Budget
S006707,doc_upload,69,Blocker (60s+),Android-Budget
S006708,registration,3,No-intent (<5s),iOS-HighEnd
S006710,registration,3,No-intent (<5s),Android-Budget
S006715,registration,3,No-intent (<5s),iOS-HighEnd
S006716,liveness_check,61,Blocker (60s+),Android-Budget
S006726,registration,3,No-intent (<5s),iOS-HighEnd
S006728,phone_otp,3,No-intent (<5s),iOS-HighEnd
S006730,doc_upload,57,Mid (5-60s),Android-Budget
S006738,phone_otp,1,No-intent (<5s),Android-MidTier
S006739,consent_sign,2,No-intent (<5s),iOS-HighEnd
S006743,doc_upload,31,Mid (5-60s),Android-MidTier
S006745,phone_otp,3,No-intent (<5s),iOS-HighEnd
S006746,phone_otp,2,No-intent (<5s),Android-MidTier
S006748,doc_upload,50,Mid (5-60s),Android-MidTier
S006762,doc_upload,64,Blocker (60s+),Android-MidTier
S006765,phone_otp,26,Mid (5-60s),Android-MidTier
S006768,liveness_check,45,Mid (5-60s),iOS-HighEnd
S006779,consent_sign,1,No-intent (<5s),iOS-HighEnd
S006783,liveness_check,45,Mid (5-60s),iOS-HighEnd
S006785,doc_upload,128,Blocker (60s+),iOS-HighEnd
S006786,phone_otp,15,Mid (5-60s),Android-MidTier
S006788,doc_upload,25,Mid (5-60s),Android-MidTier
S006790,registration,3,No-intent (<5s),Android-Budget
S006791,consent_sign,4,No-intent (<5s),Android-MidTier
S006793,liveness_check,28,Mid (5-60s),Android-MidTier
S006794,registration,3,No-intent (<5s),iOS-HighEnd
S006797,phone_otp,26,Mid (5-60s),Android-Budget
S006812,registration,3,No-intent (<5s),Android-MidTier
S006814,doc_upload,133,Blocker (60s+),Android-Budget
S006820,liveness_check,19,Mid (5-60s),iOS-HighEnd
S006821,registration,3,No-intent (<5s),Android-MidTier
S006824,registration,3,No-intent (<5s),iOS-HighEnd
S006829,liveness_check,47,Mid (5-60s),Android-MidTier
S006831,registration,3,No-intent (<5s),iOS-HighEnd
S006834,doc_upload,118,Blocker (60s+),Android-MidTier
S006835,liveness_check,77,Blocker (60s+),Android-Budget
S006836,liveness_check,39,Mid (5-60s),Android-Budget
S006841,liveness_check,53,Mid (5-60s),Android-Budget
S006843,registration,3,No-intent (<5s),iOS-HighEnd
S006848,registration,3,No-intent (<5s),iOS-HighEnd
S006849,liveness_check,30,Mid (5-60s),Android-Budget
S006852,liveness_check,37,Mid (5-60s),Android-Budget
S006859,consent_sign,2,No-intent (<5s),iOS-HighEnd
S006861,phone_otp,2,No-intent (<5s),Android-Budget
S006867,liveness_check,14,Mid (5-60s),iOS-HighEnd
S006868,registration,3,No-intent (<5s),iOS-HighEnd
S006869,doc_upload,4,No-intent (<5s),iOS-HighEnd
S006877,liveness_check,30,Mid (5-60s),iOS-HighEnd
S006878,consent_sign,14,Mid (5-60s),Android-MidTier
S006879,registration,3,No-intent (<5s),Android-Budget
S006880,liveness_check,42,Mid (5-60s),Android-MidTier
S006882,consent_sign,2,No-intent (<5s),Android-MidTier
S006884,registration,3,No-intent (<5s),Android-MidTier
S006886,liveness_check,34,Mid (5-60s),Android-Budget
S006890,consent_sign,4,No-intent (<5s),iOS-HighEnd
S006893,doc_upload,21,Mid (5-60s),iOS-HighEnd
S006897,consent_sign,4,No-intent (<5s),Android-MidTier
S006900,doc_upload,1,No-intent (<5s),iOS-HighEnd
S006907,doc_upload,33,Mid (5-60s),Android-Budget
S006909,consent_sign,4,No-intent (<5s),iOS-HighEnd
S006914,consent_sign,3,No-intent (<5s),iOS-HighEnd
S006917,liveness_check,20,Mid (5-60s),Android-MidTier
S006927,doc_upload,90,Blocker (60s+),Android-Budget
S006929,consent_sign,1,No-intent (<5s),iOS-HighEnd
S006931,phone_otp,25,Mid (5-60s),Android-Budget
S006934,registration,3,No-intent (<5s),iOS-HighEnd
S006937,phone_otp,4,No-intent (<5s),Android-MidTier
S006938,liveness_check,124,Blocker (60s+),Android-Budget
S006944,doc_upload,57,Mid (5-60s),Android-MidTier
S006945,doc_upload,33,Mid (5-60s),Android-MidTier
S006947,doc_upload,4,No-intent (<5s),iOS-HighEnd
S006949,doc_upload,23,Mid (5-60s),Android-Budget
S006950,phone_otp,3,No-intent (<5s),Android-MidTier
S006953,liveness_check,24,Mid (5-60s),iOS-HighEnd
S006962,doc_upload,38,Mid (5-60s),Android-MidTier
S006973,registration,3,No-intent (<5s),Android-MidTier
S006974,doc_upload,30,Mid (5-60s),Android-MidTier
S006979,registration,3,No-intent (<5s),Android-MidTier
S006981,liveness_check,19,Mid (5-60s),Android-MidTier
S006983,doc_upload,43,Mid (5-60s),Android-Budget
S006985,doc_upload,38,Mid (5-60s),Android-MidTier
S006990,liveness_check,67,Blocker (60s+),Android-Budget
S006993,phone_otp,3,No-intent (<5s),iOS-HighEnd
S006996,liveness_check,23,Mid (5-60s),Android-Budget
S006997,liveness_check,37,Mid (5-60s),Android-MidTier
S007003,registration,3,No-intent (<5s),Android-Budget
S007004,registration,3,No-intent (<5s),iOS-HighEnd
S007008,registration,3,No-intent (<5s),Android-MidTier
S007017,registration,3,No-intent (<5s),iOS-HighEnd
S007018,phone_otp,3,No-intent (<5s),Android-MidTier
S007021,doc_upload,25,Mid (5-60s),Android-MidTier
S007024,doc_upload,3,No-intent (<5s),iOS-HighEnd
S007027,registration,27,Mid (5-60s),Android-MidTier
S007031,doc_upload,1,No-intent (<5s),Android-MidTier
S007033,phone_otp,2,No-intent (<5s),Android-Budget
S007035,doc_upload,1,No-intent (<5s),Android-MidTier
S007036,phone_otp,35,Mid (5-60s),Android-MidTier
S007044,registration,3,No-intent (<5s),Android-Budget
S007045,phone_otp,1,No-intent (<5s),iOS-HighEnd
S007054,phone_otp,3,No-intent (<5s),iOS-HighEnd
S007069,doc_upload,38,Mid (5-60s),Android-Budget
S007071,registration,28,Mid (5-60s),Android-MidTier
S007074,registration,3,No-intent (<5s),iOS-HighEnd
S007075,doc_upload,4,No-intent (<5s),iOS-HighEnd
S007082,registration,3,No-intent (<5s),iOS-HighEnd
S007086,phone_otp,3,No-intent (<5s),Android-MidTier
S007087,doc_upload,2,No-intent (<5s),Android-MidTier
S007089,doc_upload,1,No-intent (<5s),iOS-HighEnd
S007092,liveness_check,38,Mid (5-60s),Android-MidTier
S007097,doc_upload,1,No-intent (<5s),Android-Budget
S007100,liveness_check,31,Mid (5-60s),Android-MidTier
S007102,liveness_check,30,Mid (5-60s),Android-MidTier
S007103,liveness_check,24,Mid (5-60s),Android-MidTier
S007110,consent_sign,13,Mid (5-60s),Android-MidTier
S007115,liveness_check,25,Mid (5-60s),iOS-HighEnd
S007118,liveness_check,66,Blocker (60s+),Android-MidTier
S007120,phone_otp,4,No-intent (<5s),Android-MidTier
S007122,liveness_check,37,Mid (5-60s),Android-Budget
S007124,liveness_check,26,Mid (5-60s),Android-Budget
S007125,doc_upload,48,Mid (5-60s),Android-Budget
S007126,consent_sign,3,No-intent (<5s),Android-MidTier
S007128,doc_upload,36,Mid (5-60s),Android-MidTier
S007129,doc_upload,41,Mid (5-60s),Android-Budget
S007136,liveness_check,30,Mid (5-60s),Android-MidTier
S007144,consent_sign,4,No-intent (<5s),iOS-HighEnd
S007145,registration,23,Mid (5-60s),Android-MidTier
S007146,doc_upload,2,No-intent (<5s),iOS-HighEnd
S007155,registration,3,No-intent (<5s),Android-MidTier
S007158,liveness_check,37,Mid (5-60s),Android-Budget
S007169,registration,3,No-intent (<5s),Android-MidTier
S007170,doc_upload,42,Mid (5-60s),Android-Budget
S007172,doc_upload,37,Mid (5-60s),Android-Budget
S007173,consent_sign,1,No-intent (<5s),Android-MidTier
S007177,doc_upload,98,Blocker (60s+),Android-MidTier
S007181,consent_sign,4,No-intent (<5s),Android-MidTier
S007186,consent_sign,16,Mid (5-60s),iOS-HighEnd
S007190,doc_upload,45,Mid (5-60s),Android-MidTier
S007192,registration,3,No-intent (<5s),iOS-HighEnd
S007194,registration,3,No-intent (<5s),Android-MidTier
S007196,doc_upload,44,Mid (5-60s),iOS-HighEnd
S007200,consent_sign,1,No-intent (<5s),Android-MidTier
S007204,registration,3,No-intent (<5s),iOS-HighEnd
S007208,consent_sign,2,No-intent (<5s),Android-MidTier
S007209,liveness_check,37,Mid (5-60s),Android-Budget
S007211,registration,3,No-intent (<5s),Android-MidTier
S007212,liveness_check,40,Mid (5-60s),Android-MidTier
S007213,phone_otp,27,Mid (5-60s),Android-Budget
S007216,consent_sign,3,No-intent (<5s),Android-Budget
S007217,doc_upload,38,Mid (5-60s),Android-Budget
S007218,consent_sign,13,Mid (5-60s),Android-MidTier
S007223,doc_upload,71,Blocker (60s+),Android-MidTier
S007229,doc_upload,47,Mid (5-60s),iOS-HighEnd
S007234,phone_otp,4,No-intent (<5s),Android-MidTier
S007235,doc_upload,54,Mid (5-60s),Android-Budget
S007236,registration,3,No-intent (<5s),Android-MidTier
S007239,doc_upload,34,Mid (5-60s),Android-MidTier
S007247,liveness_check,20,Mid (5-60s),Android-Budget
S007248,consent_sign,1,No-intent (<5s),Android-Budget
S007249,consent_sign,4,No-intent (<5s),iOS-HighEnd
S007259,registration,3,No-intent (<5s),Android-MidTier
S007265,registration,3,No-intent (<5s),Android-Budget
S007268,registration,3,No-intent (<5s),iOS-HighEnd
S007271,doc_upload,91,Blocker (60s+),iOS-HighEnd
S007272,phone_otp,18,Mid (5-60s),Android-MidTier
S007276,doc_upload,3,No-intent (<5s),iOS-HighEnd
S007278,liveness_check,24,Mid (5-60s),Android-Budget
S007281,phone_otp,2,No-intent (<5s),iOS-HighEnd
S007285,registration,3,No-intent (<5s),Android-Budget
S007292,phone_otp,4,No-intent (<5s),Android-MidTier
S007295,registration,3,No-intent (<5s),Android-Budget
S007296,doc_upload,33,Mid (5-60s),Android-Budget
S007297,registration,3,No-intent (<5s),iOS-HighEnd
S007298,registration,3,No-intent (<5s),Android-Budget
S007305,consent_sign,4,No-intent (<5s),iOS-HighEnd
S007311,doc_upload,98,Blocker (60s+),Android-MidTier
S007314,doc_upload,4,No-intent (<5s),iOS-HighEnd
S007317,doc_upload,54,Mid (5-60s),iOS-HighEnd
S007320,doc_upload,3,No-intent (<5s),iOS-HighEnd
S007324,registration,24,Mid (5-60s),Android-Budget
S007325,liveness_check,89,Blocker (60s+),Android-MidTier
S007328,consent_sign,1,No-intent (<5s),iOS-HighEnd
S007330,registration,3,No-intent (<5s),Android-MidTier
S007334,doc_upload,3,No-intent (<5s),iOS-HighEnd
S007338,liveness_check,39,Mid (5-60s),Android-MidTier
S007341,registration,3,No-intent (<5s),iOS-HighEnd
S007343,liveness_check,43,Mid (5-60s),Android-MidTier
S007344,doc_upload,33,Mid (5-60s),Android-Budget
S007349,liveness_check,79,Blocker (60s+),Android-MidTier
S007352,liveness_check,28,Mid (5-60s),iOS-HighEnd
S007361,registration,3,No-intent (<5s),Android-Budget
S007363,registration,3,No-intent (<5s),Android-Budget
S007366,phone_otp,2,No-intent (<5s),Android-MidTier
S007368,consent_sign,30,Mid (5-60s),Android-MidTier
S007370,registration,3,No-intent (<5s),Android-MidTier
S007376,doc_upload,3,No-intent (<5s),iOS-HighEnd
S007380,doc_upload,27,Mid (5-60s),Android-MidTier
S007392,doc_upload,49,Mid (5-60s),Android-MidTier
S007406,liveness_check,33,Mid (5-60s),Android-Budget
S007408,consent_sign,13,Mid (5-60s),Android-MidTier
S007413,doc_upload,2,No-intent (<5s),Android-Budget
S007414,doc_upload,51,Mid (5-60s),Android-MidTier
S007415,liveness_check,86,Blocker (60s+),Android-Budget
S007426,consent_sign,1,No-intent (<5s),Android-MidTier
S007437,doc_upload,39,Mid (5-60s),Android-MidTier
S007439,phone_otp,1,No-intent (<5s),iOS-HighEnd
S007441,registration,3,No-intent (<5s),iOS-HighEnd
S007444,liveness_check,2,No-intent (<5s),iOS-HighEnd
S007449,registration,3,No-intent (<5s),Android-Budget
S007452,consent_sign,2,No-intent (<5s),Android-MidTier
S007461,liveness_check,35,Mid (5-60s),Android-MidTier
S007462,doc_upload,130,Blocker (60s+),Android-Budget
S007472,liveness_check,26,Mid (5-60s),Android-MidTier
S007474,doc_upload,3,No-intent (<5s),iOS-HighEnd
S007481,liveness_check,27,Mid (5-60s),Android-MidTier
S007489,registration,24,Mid (5-60s),Android-MidTier
S007492,doc_upload,2,No-intent (<5s),iOS-HighEnd
S007493,liveness_check,41,Mid (5-60s),Android-MidTier
S007494,registration,3,No-intent (<5s),Android-Budget
S007495,doc_upload,98,Blocker (60s+),Android-Budget
S007498,liveness_check,45,Mid (5-60s),Android-MidTier
S007512,registration,3,No-intent (<5s),Android-MidTier
S007514,liveness_check,37,Mid (5-60s),Android-Budget
S007516,consent_sign,4,No-intent (<5s),Android-MidTier
S007518,consent_sign,7,Mid (5-60s),Android-MidTier
S007520,doc_upload,4,No-intent (<5s),Android-Budget
S007524,doc_upload,4,No-intent (<5s),iOS-HighEnd
S007536,doc_upload,73,Blocker (60s+),Android-Budget
S007542,consent_sign,2,No-intent (<5s),Android-MidTier
S007543,consent_sign,1,No-intent (<5s),Android-MidTier
S007544,consent_sign,1,No-intent (<5s),Android-MidTier
S007549,doc_upload,2,No-intent (<5s),Android-Budget
S007551,liveness_check,3,No-intent (<5s),Android-MidTier
S007556,liveness_check,76,Blocker (60s+),Android-Budget
S007558,phone_otp,2,No-intent (<5s),iOS-HighEnd
S007561,phone_otp,3,No-intent (<5s),Android-MidTier
S007563,registration,3,No-intent (<5s),iOS-HighEnd
S007572,phone_otp,3,No-intent (<5s),Android-MidTier
S007575,liveness_check,19,Mid (5-60s),Android-Budget
S007576,phone_otp,4,No-intent (<5s),Android-Budget
S007585,doc_upload,4,No-intent (<5s),Android-Budget
S007587,registration,3,No-intent (<5s),Android-MidTier
S007588,registration,3,No-intent (<5s),Android-MidTier
S007595,registration,3,No-intent (<5s),iOS-HighEnd
S007596,liveness_check,25,Mid (5-60s),Android-Budget
S007600,consent_sign,4,No-intent (<5s),Android-MidTier
S007605,doc_upload,176,Blocker (60s+),Android-Budget
S007606,phone_otp,4,No-intent (<5s),iOS-HighEnd
S007607,registration,3,No-intent (<5s),Android-MidTier
S007614,registration,3,No-intent (<5s),iOS-HighEnd
S007618,registration,3,No-intent (<5s),Android-MidTier
S007621,registration,3,No-intent (<5s),iOS-HighEnd
S007622,phone_otp,3,No-intent (<5s),Android-MidTier
S007627,doc_upload,4,No-intent (<5s),iOS-HighEnd
S007628,doc_upload,4,No-intent (<5s),Android-MidTier
S007629,liveness_check,32,Mid (5-60s),Android-Budget
S007632,liveness_check,28,Mid (5-60s),Android-MidTier
S007633,consent_sign,1,No-intent (<5s),Android-MidTier
S007636,liveness_check,17,Mid (5-60s),Android-Budget
S007640,consent_sign,4,No-intent (<5s),Android-Budget
S007641,consent_sign,3,No-intent (<5s),Android-MidTier
S007644,doc_upload,34,Mid (5-60s),iOS-HighEnd
S007645,consent_sign,16,Mid (5-60s),Android-MidTier
S007660,liveness_check,68,Blocker (60s+),Android-Budget
S007661,registration,3,No-intent (<5s),iOS-HighEnd
S007671,consent_sign,3,No-intent (<5s),Android-MidTier
S007683,liveness_check,23,Mid (5-60s),Android-MidTier
S007685,doc_upload,63,Blocker (60s+),Android-MidTier
S007687,phone_otp,1,No-intent (<5s),iOS-HighEnd
S007689,doc_upload,38,Mid (5-60s),Android-Budget
S007690,liveness_check,64,Blocker (60s+),Android-Budget
S007695,liveness_check,111,Blocker (60s+),Android-Budget
S007697,liveness_check,39,Mid (5-60s),iOS-HighEnd
S007698,registration,3,No-intent (<5s),iOS-HighEnd
S007699,registration,3,No-intent (<5s),Android-MidTier
S007703,doc_upload,2,No-intent (<5s),Android-Budget
S007706,liveness_check,33,Mid (5-60s),Android-Budget
S007716,liveness_check,58,Mid (5-60s),iOS-HighEnd
S007719,doc_upload,1,No-intent (<5s),iOS-HighEnd
S007721,doc_upload,89,Blocker (60s+),iOS-HighEnd
S007723,registration,3,No-intent (<5s),Android-Budget
S007724,registration,3,No-intent (<5s),Android-MidTier
S007727,phone_otp,3,No-intent (<5s),Android-Budget
S007734,liveness_check,85,Blocker (60s+),Android-Budget
S007737,phone_otp,21,Mid (5-60s),iOS-HighEnd
S007738,liveness_check,39,Mid (5-60s),Android-MidTier
S007741,doc_upload,1,No-intent (<5s),Android-MidTier
S007746,registration,3,No-intent (<5s),Android-MidTier
S007755,registration,3,No-intent (<5s),iOS-HighEnd
S007761,consent_sign,4,No-intent (<5s),Android-Budget
S007763,liveness_check,58,Mid (5-60s),Android-MidTier
S007768,registration,3,No-intent (<5s),Android-MidTier
S007771,phone_otp,1,No-intent (<5s),Android-MidTier
S007774,registration,3,No-intent (<5s),Android-MidTier
S007776,doc_upload,2,No-intent (<5s),Android-MidTier
S007782,consent_sign,2,No-intent (<5s),iOS-HighEnd
S007789,liveness_check,2,No-intent (<5s),Android-Budget
S007791,liveness_check,90,Blocker (60s+),Android-MidTier
S007799,consent_sign,1,No-intent (<5s),iOS-HighEnd
S007803,doc_upload,130,Blocker (60s+),Android-MidTier
S007806,phone_otp,1,No-intent (<5s),iOS-HighEnd
S007808,liveness_check,12,Mid (5-60s),iOS-HighEnd
S007810,doc_upload,1,No-intent (<5s),iOS-HighEnd
S007816,doc_upload,44,Mid (5-60s),Android-MidTier
S007824,registration,3,No-intent (<5s),Android-Budget
S007828,registration,3,No-intent (<5s),Android-MidTier
S007829,phone_otp,28,Mid (5-60s),iOS-HighEnd
S007833,doc_upload,46,Mid (5-60s),iOS-HighEnd
S007834,registration,3,No-intent (<5s),iOS-HighEnd
S007838,liveness_check,43,Mid (5-60s),iOS-HighEnd
S007841,phone_otp,48,Mid (5-60s),Android-Budget
S007848,doc_upload,42,Mid (5-60s),Android-MidTier
S007849,doc_upload,110,Blocker (60s+),Android-MidTier
S007850,phone_otp,21,Mid (5-60s),Android-Budget
S007852,doc_upload,3,No-intent (<5s),iOS-HighEnd
S007853,phone_otp,1,No-intent (<5s),Android-MidTier
S007857,registration,3,No-intent (<5s),Android-Budget
S007864,phone_otp,11,Mid (5-60s),Android-MidTier
S007870,doc_upload,3,No-intent (<5s),Android-MidTier
S007871,doc_upload,2,No-intent (<5s),iOS-HighEnd
S007880,doc_upload,31,Mid (5-60s),Android-Budget
S007890,registration,3,No-intent (<5s),Android-Budget
S007895,doc_upload,60,Mid (5-60s),Android-Budget
S007899,phone_otp,1,No-intent (<5s),Android-MidTier
S007900,phone_otp,2,No-intent (<5s),Android-MidTier
S007902,consent_sign,18,Mid (5-60s),Android-MidTier
S007903,liveness_check,41,Mid (5-60s),Android-MidTier
S007909,liveness_check,46,Mid (5-60s),Android-MidTier
S007915,liveness_check,29,Mid (5-60s),iOS-HighEnd
S007918,liveness_check,46,Mid (5-60s),Android-MidTier
S007919,liveness_check,74,Blocker (60s+),Android-MidTier
S007920,registration,3,No-intent (<5s),Android-MidTier
S007923,consent_sign,4,No-intent (<5s),iOS-HighEnd
S007925,registration,3,No-intent (<5s),iOS-HighEnd
S007926,liveness_check,35,Mid (5-60s),Android-MidTier
S007929,consent_sign,1,No-intent (<5s),iOS-HighEnd
S007935,phone_otp,4,No-intent (<5s),Android-MidTier
S007937,registration,3,No-intent (<5s),Android-MidTier
S007940,doc_upload,3,No-intent (<5s),Android-MidTier
S007941,registration,3,No-intent (<5s),Android-MidTier
S007942,liveness_check,40,Mid (5-60s),Android-Budget
S007949,doc_upload,3,No-intent (<5s),Android-Budget
S007953,registration,3,No-intent (<5s),Android-Budget
S007956,doc_upload,37,Mid (5-60s),Android-MidTier
S007958,liveness_check,17,Mid (5-60s),Android-Budget
S007963,liveness_check,29,Mid (5-60s),Android-Budget
S007967,registration,3,No-intent (<5s),iOS-HighEnd
S007970,registration,3,No-intent (<5s),Android-MidTier
S007971,consent_sign,2,No-intent (<5s),iOS-HighEnd
S007977,registration,34,Mid (5-60s),Android-MidTier
S007980,phone_otp,4,No-intent (<5s),iOS-HighEnd
S007981,doc_upload,135,Blocker (60s+),Android-Budget
S007982,liveness_check,25,Mid (5-60s),Android-MidTier
S007983,doc_upload,28,Mid (5-60s),Android-Budget
S007984,consent_sign,3,No-intent (<5s),iOS-HighEnd
S007988,liveness_check,27,Mid (5-60s),Android-Budget
S007997,doc_upload,24,Mid (5-60s),Android-Budget
S007998,liveness_check,36,Mid (5-60s),Android-Budget
S008004,consent_sign,1,No-intent (<5s),Android-MidTier
S008007,liveness_check,36,Mid (5-60s),iOS-HighEnd
S008008,doc_upload,4,No-intent (<5s),iOS-HighEnd
S008012,registration,3,No-intent (<5s),Android-MidTier
S008015,consent_sign,4,No-intent (<5s),Android-MidTier
S008021,phone_otp,17,Mid (5-60s),iOS-HighEnd
S008023,consent_sign,4,No-intent (<5s),Android-MidTier
S008024,registration,3,No-intent (<5s),iOS-HighEnd
S008029,consent_sign,3,No-intent (<5s),iOS-HighEnd
S008033,consent_sign,4,No-intent (<5s),iOS-HighEnd
S008034,liveness_check,48,Mid (5-60s),Android-MidTier
S008037,doc_upload,132,Blocker (60s+),Android-Budget
S008039,phone_otp,1,No-intent (<5s),iOS-HighEnd
S008040,doc_upload,1,No-intent (<5s),Android-MidTier
S008042,liveness_check,23,Mid (5-60s),Android-MidTier
S008046,registration,3,No-intent (<5s),iOS-HighEnd
S008049,consent_sign,3,No-intent (<5s),Android-MidTier
S008055,liveness_check,40,Mid (5-60s),Android-MidTier
S008064,registration,3,No-intent (<5s),Android-MidTier
S008071,consent_sign,3,No-intent (<5s),Android-MidTier
S008079,phone_otp,2,No-intent (<5s),iOS-HighEnd
S008081,consent_sign,4,No-intent (<5s),iOS-HighEnd
S008087,registration,3,No-intent (<5s),iOS-HighEnd
S008088,liveness_check,30,Mid (5-60s),Android-MidTier
S008091,phone_otp,1,No-intent (<5s),Android-MidTier
S008096,phone_otp,20,Mid (5-60s),Android-Budget
S008097,phone_otp,4,No-intent (<5s),iOS-HighEnd
S008099,liveness_check,19,Mid (5-60s),Android-Budget
S008104,consent_sign,4,No-intent (<5s),iOS-HighEnd
S008106,registration,3,No-intent (<5s),iOS-HighEnd
S008112,consent_sign,1,No-intent (<5s),Android-MidTier
S008122,doc_upload,40,Mid (5-60s),Android-Budget
S008125,doc_upload,40,Mid (5-60s),Android-Budget
S008134,consent_sign,1,No-intent (<5s),Android-MidTier
S008135,doc_upload,59,Mid (5-60s),Android-MidTier
S008137,doc_upload,27,Mid (5-60s),Android-MidTier
S008146,phone_otp,44,Mid (5-60s),iOS-HighEnd
S008149,liveness_check,22,Mid (5-60s),Android-Budget
S008153,registration,3,No-intent (<5s),Android-Budget
S008155,consent_sign,4,No-intent (<5s),Android-Budget
S008159,liveness_check,24,Mid (5-60s),iOS-HighEnd
S008164,consent_sign,2,No-intent (<5s),Android-MidTier
S008167,doc_upload,3,No-intent (<5s),Android-Budget
S008170,liveness_check,39,Mid (5-60s),Android-Budget
S008175,liveness_check,32,Mid (5-60s),iOS-HighEnd
S008177,consent_sign,2,No-intent (<5s),iOS-HighEnd
S008180,registration,3,No-intent (<5s),Android-MidTier
S008181,registration,3,No-intent (<5s),Android-MidTier
S008187,registration,3,No-intent (<5s),iOS-HighEnd
S008195,phone_otp,29,Mid (5-60s),Android-MidTier
S008198,consent_sign,1,No-intent (<5s),iOS-HighEnd
S008200,doc_upload,45,Mid (5-60s),Android-MidTier
S008206,registration,3,No-intent (<5s),Android-MidTier
S008208,registration,3,No-intent (<5s),Android-MidTier
S008213,doc_upload,44,Mid (5-60s),Android-Budget
S008214,doc_upload,4,No-intent (<5s),iOS-HighEnd
S008215,consent_sign,2,No-intent (<5s),iOS-HighEnd
S008216,liveness_check,3,No-intent (<5s),Android-Budget
S008217,consent_sign,4,No-intent (<5s),iOS-HighEnd
S008221,liveness_check,34,Mid (5-60s),iOS-HighEnd
S008235,phone_otp,1,No-intent (<5s),iOS-HighEnd
S008238,doc_upload,103,Blocker (60s+),Android-Budget
S008245,phone_otp,4,No-intent (<5s),Android-Budget
S008246,doc_upload,35,Mid (5-60s),Android-Budget
S008249,phone_otp,1,No-intent (<5s),iOS-HighEnd
S008250,consent_sign,2,No-intent (<5s),iOS-HighEnd
S008262,consent_sign,1,No-intent (<5s),iOS-HighEnd
S008265,registration,3,No-intent (<5s),Android-MidTier
S008272,liveness_check,44,Mid (5-60s),Android-Budget
S008278,phone_otp,3,No-intent (<5s),Android-MidTier
S008279,doc_upload,62,Blocker (60s+),Android-Budget
S008280,doc_upload,3,No-intent (<5s),Android-MidTier
S008282,liveness_check,1,No-intent (<5s),Android-MidTier
S008285,consent_sign,2,No-intent (<5s),iOS-HighEnd
S008294,liveness_check,32,Mid (5-60s),Android-Budget
S008297,phone_otp,4,No-intent (<5s),iOS-HighEnd
S008299,liveness_check,2,No-intent (<5s),Android-MidTier
S008301,phone_otp,1,No-intent (<5s),Android-MidTier
S008303,liveness_check,57,Mid (5-60s),Android-MidTier
S008306,phone_otp,4,No-intent (<5s),Android-Budget
S008319,registration,3,No-intent (<5s),Android-MidTier
S008320,liveness_check,31,Mid (5-60s),iOS-HighEnd
S008323,doc_upload,46,Mid (5-60s),Android-Budget
S008333,doc_upload,3,No-intent (<5s),iOS-HighEnd
S008334,doc_upload,3,No-intent (<5s),Android-Budget
S008336,registration,3,No-intent (<5s),Android-Budget
S008337,registration,3,No-intent (<5s),Android-MidTier
S008338,liveness_check,34,Mid (5-60s),Android-MidTier
S008342,liveness_check,45,Mid (5-60s),Android-MidTier
S008350,phone_otp,3,No-intent (<5s),Android-MidTier
S008352,registration,3,No-intent (<5s),Android-Budget
S008359,doc_upload,51,Mid (5-60s),Android-MidTier
S008361,liveness_check,32,Mid (5-60s),iOS-HighEnd
S008362,registration,19,Mid (5-60s),Android-Budget
S008363,liveness_check,26,Mid (5-60s),Android-Budget
S008364,doc_upload,35,Mid (5-60s),Android-MidTier
S008369,doc_upload,29,Mid (5-60s),iOS-HighEnd
S008372,doc_upload,46,Mid (5-60s),iOS-HighEnd
S008373,doc_upload,4,No-intent (<5s),iOS-HighEnd
S008390,registration,3,No-intent (<5s),Android-MidTier
S008393,liveness_check,51,Mid (5-60s),iOS-HighEnd
S008395,registration,3,No-intent (<5s),Android-MidTier
S008397,liveness_check,39,Mid (5-60s),Android-MidTier
S008398,consent_sign,2,No-intent (<5s),Android-Budget
S008411,liveness_check,38,Mid (5-60s),iOS-HighEnd
S008413,consent_sign,2,No-intent (<5s),Android-MidTier
S008415,liveness_check,31,Mid (5-60s),Android-MidTier
S008419,phone_otp,1,No-intent (<5s),Android-Budget
S008423,consent_sign,4,No-intent (<5s),iOS-HighEnd
S008425,registration,3,No-intent (<5s),iOS-HighEnd
S008426,registration,3,No-intent (<5s),Android-Budget
S008428,liveness_check,45,Mid (5-60s),Android-Budget
S008437,registration,3,No-intent (<5s),Android-Budget
S008440,liveness_check,32,Mid (5-60s),Android-Budget
S008443,doc_upload,58,Mid (5-60s),Android-Budget
S008450,doc_upload,2,No-intent (<5s),iOS-HighEnd
S008451,phone_otp,4,No-intent (<5s),iOS-HighEnd
S008455,registration,3,No-intent (<5s),Android-MidTier
S008458,phone_otp,3,No-intent (<5s),Android-Budget
S008459,liveness_check,25,Mid (5-60s),Android-MidTier
S008460,registration,3,No-intent (<5s),Android-MidTier
S008463,doc_upload,43,Mid (5-60s),Android-Budget
S008468,doc_upload,4,No-intent (<5s),Android-MidTier
S008472,doc_upload,115,Blocker (60s+),Android-MidTier
S008487,doc_upload,45,Mid (5-60s),Android-Budget
S008488,consent_sign,3,No-intent (<5s),iOS-HighEnd
S008501,registration,3,No-intent (<5s),iOS-HighEnd
S008504,liveness_check,79,Blocker (60s+),Android-Budget
S008509,consent_sign,4,No-intent (<5s),Android-MidTier
S008512,consent_sign,35,Mid (5-60s),Android-MidTier
S008519,registration,3,No-intent (<5s),Android-MidTier
S008520,doc_upload,43,Mid (5-60s),Android-Budget
S008526,registration,3,No-intent (<5s),Android-MidTier
S008530,liveness_check,35,Mid (5-60s),Android-Budget
S008532,liveness_check,13,Mid (5-60s),Android-Budget
S008535,doc_upload,13,Mid (5-60s),Android-Budget
S008539,consent_sign,3,No-intent (<5s),iOS-HighEnd
S008541,doc_upload,44,Mid (5-60s),Android-Budget
S008542,liveness_check,34,Mid (5-60s),iOS-HighEnd
S008543,registration,3,No-intent (<5s),iOS-HighEnd
S008544,registration,3,No-intent (<5s),Android-MidTier
S008546,phone_otp,1,No-intent (<5s),iOS-HighEnd
S008558,liveness_check,61,Blocker (60s+),Android-MidTier
S008560,liveness_check,101,Blocker (60s+),Android-Budget
S008566,liveness_check,99,Blocker (60s+),Android-Budget
S008575,liveness_check,36,Mid (5-60s),Android-Budget
S008581,doc_upload,4,No-intent (<5s),Android-Budget
S008585,phone_otp,2,No-intent (<5s),Android-MidTier
S008586,doc_upload,39,Mid (5-60s),Android-MidTier
S008591,consent_sign,3,No-intent (<5s),iOS-HighEnd
S008598,liveness_check,31,Mid (5-60s),Android-MidTier
S008599,liveness_check,35,Mid (5-60s),Android-MidTier
S008602,phone_otp,1,No-intent (<5s),iOS-HighEnd
S008610,registration,3,No-intent (<5s),Android-Budget
S008617,liveness_check,36,Mid (5-60s),iOS-HighEnd
S008619,phone_otp,4,No-intent (<5s),iOS-HighEnd
S008627,registration,3,No-intent (<5s),Android-MidTier
S008630,consent_sign,3,No-intent (<5s),Android-MidTier
S008633,registration,3,No-intent (<5s),Android-MidTier
S008638,registration,3,No-intent (<5s),Android-MidTier
S008641,consent_sign,4,No-intent (<5s),Android-MidTier
S008644,doc_upload,1,No-intent (<5s),Android-MidTier
S008648,registration,3,No-intent (<5s),Android-MidTier
S008651,liveness_check,22,Mid (5-60s),Android-MidTier
S008660,registration,3,No-intent (<5s),iOS-HighEnd
S008661,doc_upload,32,Mid (5-60s),iOS-HighEnd
S008662,registration,3,No-intent (<5s),Android-MidTier
S008663,consent_sign,4,No-intent (<5s),iOS-HighEnd
S008667,liveness_check,30,Mid (5-60s),Android-Budget
S008670,doc_upload,93,Blocker (60s+),Android-Budget
S008677,registration,3,No-intent (<5s),Android-MidTier
S008686,registration,3,No-intent (<5s),Android-Budget
S008692,liveness_check,17,Mid (5-60s),Android-MidTier
S008693,phone_otp,4,No-intent (<5s),Android-MidTier
S008700,phone_otp,1,No-intent (<5s),iOS-HighEnd
S008711,doc_upload,42,Mid (5-60s),iOS-HighEnd
S008714,phone_otp,2,No-intent (<5s),iOS-HighEnd
S008715,liveness_check,37,Mid (5-60s),Android-Budget
S008716,doc_upload,45,Mid (5-60s),iOS-HighEnd
S008720,doc_upload,1,No-intent (<5s),Android-Budget
S008726,phone_otp,2,No-intent (<5s),Android-MidTier
S008727,liveness_check,41,Mid (5-60s),Android-MidTier
S008728,registration,3,No-intent (<5s),iOS-HighEnd
S008729,liveness_check,32,Mid (5-60s),iOS-HighEnd
S008732,registration,3,No-intent (<5s),iOS-HighEnd
S008734,registration,3,No-intent (<5s),iOS-HighEnd
S008735,liveness_check,63,Blocker (60s+),Android-MidTier
S008739,liveness_check,41,Mid (5-60s),Android-MidTier
S008742,doc_upload,48,Mid (5-60s),Android-MidTier
S008745,liveness_check,71,Blocker (60s+),Android-Budget
S008746,doc_upload,3,No-intent (<5s),iOS-HighEnd
S008751,consent_sign,4,No-intent (<5s),iOS-HighEnd
S008753,registration,3,No-intent (<5s),Android-Budget
S008756,consent_sign,1,No-intent (<5s),Android-MidTier
S008767,consent_sign,1,No-intent (<5s),iOS-HighEnd
S008772,doc_upload,60,Mid (5-60s),Android-MidTier
S008778,registration,3,No-intent (<5s),Android-MidTier
S008780,doc_upload,2,No-intent (<5s),Android-MidTier
S008781,doc_upload,42,Mid (5-60s),iOS-HighEnd
S008791,registration,3,No-intent (<5s),Android-Budget
S008792,registration,3,No-intent (<5s),iOS-HighEnd
S008809,consent_sign,4,No-intent (<5s),Android-MidTier
S008811,liveness_check,47,Mid (5-60s),iOS-HighEnd
S008814,registration,20,Mid (5-60s),Android-MidTier
S008816,phone_otp,1,No-intent (<5s),Android-Budget
S008820,registration,3,No-intent (<5s),Android-MidTier
S008827,consent_sign,16,Mid (5-60s),Android-MidTier
S008840,liveness_check,44,Mid (5-60s),Android-Budget
S008842,registration,3,No-intent (<5s),iOS-HighEnd
S008846,registration,3,No-intent (<5s),Android-MidTier
S008848,consent_sign,1,No-intent (<5s),iOS-HighEnd
S008850,liveness_check,33,Mid (5-60s),Android-Budget
S008852,registration,3,No-intent (<5s),Android-Budget
S008853,consent_sign,3,No-intent (<5s),Android-Budget
S008855,doc_upload,57,Mid (5-60s),iOS-HighEnd
S008856,phone_otp,2,No-intent (<5s),Android-MidTier
S008862,registration,3,No-intent (<5s),Android-MidTier
S008869,liveness_check,2,No-intent (<5s),Android-MidTier
S008872,liveness_check,27,Mid (5-60s),iOS-HighEnd
S008885,registration,3,No-intent (<5s),Android-Budget
S008891,doc_upload,22,Mid (5-60s),iOS-HighEnd
S008892,registration,3,No-intent (<5s),iOS-HighEnd
S008898,liveness_check,40,Mid (5-60s),Android-MidTier
S008899,registration,3,No-intent (<5s),Android-MidTier
S008900,registration,3,No-intent (<5s),Android-MidTier
S008901,consent_sign,1,No-intent (<5s),Android-Budget
S008905,doc_upload,44,Mid (5-60s),iOS-HighEnd
S008906,consent_sign,2,No-intent (<5s),iOS-HighEnd
S008914,consent_sign,4,No-intent (<5s),iOS-HighEnd
S008916,doc_upload,40,Mid (5-60s),Android-Budget
S008918,registration,3,No-intent (<5s),Android-MidTier
S008922,consent_sign,16,Mid (5-60s),Android-MidTier
S008924,consent_sign,1,No-intent (<5s),Android-MidTier
S008926,doc_upload,3,No-intent (<5s),Android-MidTier
S008931,liveness_check,25,Mid (5-60s),iOS-HighEnd
S008938,liveness_check,66,Blocker (60s+),Android-MidTier
S008944,consent_sign,3,No-intent (<5s),Android-MidTier
S008945,liveness_check,24,Mid (5-60s),Android-MidTier
S008947,liveness_check,29,Mid (5-60s),iOS-HighEnd
S008949,liveness_check,3,No-intent (<5s),Android-MidTier
S008950,doc_upload,56,Mid (5-60s),Android-Budget
S008957,consent_sign,3,No-intent (<5s),iOS-HighEnd
S008964,liveness_check,37,Mid (5-60s),Android-MidTier
S008971,doc_upload,3,No-intent (<5s),iOS-HighEnd
S008973,registration,3,No-intent (<5s),iOS-HighEnd
S008974,doc_upload,1,No-intent (<5s),iOS-HighEnd
S008981,consent_sign,3,No-intent (<5s),Android-Budget
S008982,liveness_check,34,Mid (5-60s),Android-Budget
S008996,doc_upload,3,No-intent (<5s),Android-MidTier
S009004,doc_upload,42,Mid (5-60s),Android-MidTier
S009009,liveness_check,24,Mid (5-60s),Android-MidTier
S009011,liveness_check,30,Mid (5-60s),Android-Budget
S009019,doc_upload,52,Mid (5-60s),iOS-HighEnd
S009025,consent_sign,4,No-intent (<5s),Android-MidTier
S009027,phone_otp,1,No-intent (<5s),Android-MidTier
S009028,doc_upload,2,No-intent (<5s),iOS-HighEnd
S009044,registration,3,No-intent (<5s),Android-Budget
S009045,doc_upload,3,No-intent (<5s),Android-MidTier
S009049,doc_upload,40,Mid (5-60s),Android-MidTier
S009051,doc_upload,14,Mid (5-60s),iOS-HighEnd
S009053,phone_otp,3,No-intent (<5s),iOS-HighEnd
S009054,phone_otp,1,No-intent (<5s),Android-MidTier
S009055,liveness_check,2,No-intent (<5s),iOS-HighEnd
S009057,liveness_check,78,Blocker (60s+),Android-MidTier
S009059,liveness_check,87,Blocker (60s+),Android-Budget
S009060,registration,3,No-intent (<5s),iOS-HighEnd
S009067,liveness_check,30,Mid (5-60s),Android-MidTier
S009071,doc_upload,50,Mid (5-60s),Android-MidTier
S009073,registration,3,No-intent (<5s),iOS-HighEnd
S009075,liveness_check,6,Mid (5-60s),iOS-HighEnd
S009093,liveness_check,20,Mid (5-60s),Android-MidTier
S009097,doc_upload,94,Blocker (60s+),Android-Budget
S009099,doc_upload,45,Mid (5-60s),iOS-HighEnd
S009101,consent_sign,2,No-intent (<5s),Android-Budget
S009109,consent_sign,3,No-intent (<5s),Android-MidTier
S009110,consent_sign,4,No-intent (<5s),Android-Budget
S009114,liveness_check,90,Blocker (60s+),Android-Budget
S009115,consent_sign,2,No-intent (<5s),Android-MidTier
S009118,liveness_check,14,Mid (5-60s),Android-Budget
S009121,registration,3,No-intent (<5s),iOS-HighEnd
S009122,doc_upload,38,Mid (5-60s),Android-Budget
S009132,registration,3,No-intent (<5s),Android-MidTier
S009136,liveness_check,32,Mid (5-60s),iOS-HighEnd
S009138,consent_sign,1,No-intent (<5s),iOS-HighEnd
S009140,liveness_check,1,No-intent (<5s),Android-Budget
S009141,consent_sign,2,No-intent (<5s),iOS-HighEnd
S009146,consent_sign,3,No-intent (<5s),Android-MidTier
S009148,doc_upload,49,Mid (5-60s),Android-MidTier
S009153,liveness_check,2,No-intent (<5s),Android-MidTier
S009154,consent_sign,3,No-intent (<5s),Android-MidTier
S009156,liveness_check,4,No-intent (<5s),Android-Budget
S009162,liveness_check,30,Mid (5-60s),Android-Budget
S009165,liveness_check,55,Mid (5-60s),iOS-HighEnd
S009166,liveness_check,30,Mid (5-60s),Android-Budget
S009167,doc_upload,4,No-intent (<5s),Android-MidTier
S009169,phone_otp,2,No-intent (<5s),Android-MidTier
S009171,liveness_check,33,Mid (5-60s),Android-MidTier
S009173,registration,3,No-intent (<5s),Android-MidTier
S009176,registration,3,No-intent (<5s),Android-Budget
S009177,doc_upload,44,Mid (5-60s),Android-MidTier
S009180,doc_upload,59,Mid (5-60s),Android-Budget
S009182,registration,3,No-intent (<5s),Android-MidTier
S009187,phone_otp,26,Mid (5-60s),iOS-HighEnd
S009188,phone_otp,20,Mid (5-60s),iOS-HighEnd
S009194,registration,3,No-intent (<5s),Android-Budget
S009195,registration,31,Mid (5-60s),iOS-HighEnd
S009201,liveness_check,32,Mid (5-60s),Android-Budget
S009208,liveness_check,35,Mid (5-60s),Android-MidTier
S009213,consent_sign,15,Mid (5-60s),Android-Budget
S009216,consent_sign,16,Mid (5-60s),iOS-HighEnd
S009223,registration,3,No-intent (<5s),iOS-HighEnd
S009230,liveness_check,27,Mid (5-60s),iOS-HighEnd
S009233,phone_otp,2,No-intent (<5s),Android-Budget
S009234,phone_otp,1,No-intent (<5s),Android-MidTier
S009235,doc_upload,46,Mid (5-60s),iOS-HighEnd
S009249,doc_upload,100,Blocker (60s+),Android-MidTier
S009250,phone_otp,19,Mid (5-60s),iOS-HighEnd
S009253,doc_upload,67,Blocker (60s+),Android-Budget
S009254,doc_upload,4,No-intent (<5s),iOS-HighEnd
S009255,liveness_check,4,No-intent (<5s),Android-Budget
S009259,doc_upload,65,Blocker (60s+),Android-MidTier
S009261,doc_upload,1,No-intent (<5s),Android-MidTier
S009263,liveness_check,44,Mid (5-60s),Android-MidTier
S009274,registration,3,No-intent (<5s),Android-Budget
S009276,registration,3,No-intent (<5s),Android-MidTier
S009280,doc_upload,2,No-intent (<5s),Android-Budget
S009286,liveness_check,30,Mid (5-60s),Android-MidTier
S009290,doc_upload,4,No-intent (<5s),Android-MidTier
S009294,registration,22,Mid (5-60s),Android-MidTier
S009296,registration,3,No-intent (<5s),iOS-HighEnd
S009298,phone_otp,4,No-intent (<5s),iOS-HighEnd
S009309,phone_otp,23,Mid (5-60s),Android-MidTier
S009312,doc_upload,40,Mid (5-60s),Android-Budget
S009313,liveness_check,38,Mid (5-60s),Android-MidTier
S009314,phone_otp,18,Mid (5-60s),Android-Budget
S009315,registration,3,No-intent (<5s),iOS-HighEnd
S009316,phone_otp,2,No-intent (<5s),iOS-HighEnd
S009323,registration,3,No-intent (<5s),Android-MidTier
S009329,doc_upload,2,No-intent (<5s),Android-MidTier
S009333,consent_sign,2,No-intent (<5s),Android-Budget
S009338,consent_sign,2,No-intent (<5s),Android-MidTier
S009341,liveness_check,40,Mid (5-60s),Android-MidTier
S009347,liveness_check,33,Mid (5-60s),Android-MidTier
S009349,phone_otp,2,No-intent (<5s),Android-MidTier
S009357,registration,3,No-intent (<5s),Android-Budget
S009359,doc_upload,1,No-intent (<5s),Android-Budget
S009364,phone_otp,4,No-intent (<5s),Android-MidTier
S009365,liveness_check,36,Mid (5-60s),Android-Budget
S009372,liveness_check,37,Mid (5-60s),Android-MidTier
S009377,liveness_check,47,Mid (5-60s),Android-MidTier
S009385,doc_upload,63,Blocker (60s+),Android-Budget
S009386,liveness_check,28,Mid (5-60s),Android-Budget
S009388,doc_upload,61,Blocker (60s+),Android-MidTier
S009391,consent_sign,3,No-intent (<5s),iOS-HighEnd
S009393,liveness_check,25,Mid (5-60s),Android-MidTier
S009400,phone_otp,2,No-intent (<5s),Android-MidTier
S009409,liveness_check,26,Mid (5-60s),Android-Budget
S009416,liveness_check,88,Blocker (60s+),Android-Budget
S009421,liveness_check,23,Mid (5-60s),Android-MidTier
S009423,registration,3,No-intent (<5s),Android-Budget
S009425,registration,3,No-intent (<5s),iOS-HighEnd
S009427,registration,3,No-intent (<5s),iOS-HighEnd
S009428,doc_upload,112,Blocker (60s+),Android-Budget
S009435,phone_otp,49,Mid (5-60s),Android-MidTier
S009436,consent_sign,4,No-intent (<5s),Android-Budget
S009442,consent_sign,4,No-intent (<5s),Android-MidTier
S009445,doc_upload,114,Blocker (60s+),Android-Budget
S009447,phone_otp,4,No-intent (<5s),Android-MidTier
S009449,phone_otp,36,Mid (5-60s),Android-Budget
S009454,liveness_check,28,Mid (5-60s),iOS-HighEnd
S009455,doc_upload,2,No-intent (<5s),iOS-HighEnd
S009457,registration,3,No-intent (<5s),iOS-HighEnd
S009463,consent_sign,3,No-intent (<5s),Android-MidTier
S009470,liveness_check,23,Mid (5-60s),Android-MidTier
S009472,liveness_check,22,Mid (5-60s),Android-MidTier
S009475,phone_otp,2,No-intent (<5s),iOS-HighEnd
S009480,liveness_check,88,Blocker (60s+),Android-MidTier
S009483,liveness_check,35,Mid (5-60s),Android-MidTier
S009487,registration,3,No-intent (<5s),iOS-HighEnd
S009499,phone_otp,1,No-intent (<5s),Android-MidTier
S009501,liveness_check,4,No-intent (<5s),Android-Budget
S009506,phone_otp,4,No-intent (<5s),Android-Budget
S009509,registration,3,No-intent (<5s),Android-MidTier
S009511,doc_upload,3,No-intent (<5s),Android-MidTier
S009512,doc_upload,62,Blocker (60s+),Android-Budget
S009516,registration,3,No-intent (<5s),Android-MidTier
S009517,registration,3,No-intent (<5s),iOS-HighEnd
S009533,phone_otp,1,No-intent (<5s),iOS-HighEnd
S009537,phone_otp,1,No-intent (<5s),iOS-HighEnd
S009542,liveness_check,17,Mid (5-60s),Android-MidTier
S009547,doc_upload,66,Blocker (60s+),Android-Budget
S009550,doc_upload,98,Blocker (60s+),Android-MidTier
S009551,phone_otp,1,No-intent (<5s),Android-MidTier
S009554,consent_sign,2,No-intent (<5s),Android-MidTier
S009555,registration,3,No-intent (<5s),Android-MidTier
S009557,doc_upload,39,Mid (5-60s),Android-MidTier
S009569,doc_upload,2,No-intent (<5s),iOS-HighEnd
S009573,liveness_check,36,Mid (5-60s),Android-MidTier
S009574,liveness_check,26,Mid (5-60s),Android-MidTier
S009577,consent_sign,4,No-intent (<5s),Android-Budget
S009584,doc_upload,1,No-intent (<5s),Android-MidTier
S009587,consent_sign,1,No-intent (<5s),Android-MidTier
S009589,registration,3,No-intent (<5s),Android-MidTier
S009597,phone_otp,11,Mid (5-60s),Android-MidTier
S009599,doc_upload,22,Mid (5-60s),Android-Budget
S009601,liveness_check,33,Mid (5-60s),Android-MidTier
S009606,phone_otp,1,No-intent (<5s),iOS-HighEnd
S009607,liveness_check,96,Blocker (60s+),Android-Budget
S009614,registration,3,No-intent (<5s),iOS-HighEnd
S009625,liveness_check,4,No-intent (<5s),Android-MidTier
S009637,doc_upload,37,Mid (5-60s),Android-MidTier
S009638,registration,3,No-intent (<5s),Android-MidTier
S009642,doc_upload,50,Mid (5-60s),Android-MidTier
S009650,doc_upload,41,Mid (5-60s),Android-Budget
S009654,registration,3,No-intent (<5s),Android-Budget
S009659,doc_upload,3,No-intent (<5s),Android-Budget
S009661,liveness_check,41,Mid (5-60s),Android-Budget
S009662,consent_sign,1,No-intent (<5s),Android-Budget
S009665,doc_upload,40,Mid (5-60s),Android-MidTier
S009672,liveness_check,4,No-intent (<5s),Android-MidTier
S009674,phone_otp,3,No-intent (<5s),iOS-HighEnd
S009678,registration,3,No-intent (<5s),Android-MidTier
S009679,liveness_check,79,Blocker (60s+),Android-Budget
S009681,doc_upload,36,Mid (5-60s),Android-Budget
S009683,liveness_check,107,Blocker (60s+),Android-Budget
S009685,doc_upload,3,No-intent (<5s),Android-MidTier
S009688,doc_upload,2,No-intent (<5s),Android-Budget
S009689,registration,3,No-intent (<5s),Android-MidTier
S009691,registration,3,No-intent (<5s),iOS-HighEnd
S009693,doc_upload,33,Mid (5-60s),Android-MidTier
S009694,phone_otp,20,Mid (5-60s),Android-Budget
S009695,registration,3,No-intent (<5s),Android-Budget
S009699,registration,3,No-intent (<5s),iOS-HighEnd
S009700,liveness_check,36,Mid (5-60s),iOS-HighEnd
S009705,registration,20,Mid (5-60s),Android-Budget
S009709,registration,14,Mid (5-60s),iOS-HighEnd
S009713,phone_otp,3,No-intent (<5s),iOS-HighEnd
S009718,liveness_check,25,Mid (5-60s),Android-MidTier
S009722,registration,3,No-intent (<5s),iOS-HighEnd
S009723,liveness_check,37,Mid (5-60s),iOS-HighEnd
S009730,phone_otp,4,No-intent (<5s),iOS-HighEnd
S009732,registration,3,No-intent (<5s),iOS-HighEnd
S009734,doc_upload,121,Blocker (60s+),Android-Budget
S009736,registration,3,No-intent (<5s),iOS-HighEnd
S009737,phone_otp,4,No-intent (<5s),iOS-HighEnd
S009739,doc_upload,52,Mid (5-60s),Android-MidTier
S009740,registration,3,No-intent (<5s),iOS-HighEnd
S009751,liveness_check,22,Mid (5-60s),Android-MidTier
S009752,doc_upload,162,Blocker (60s+),Android-Budget
S009756,consent_sign,2,No-intent (<5s),Android-MidTier
S009758,registration,3,No-intent (<5s),Android-MidTier
S009759,registration,3,No-intent (<5s),Android-MidTier
S009762,registration,3,No-intent (<5s),iOS-HighEnd
S009767,liveness_check,24,Mid (5-60s),Android-Budget
S009768,registration,3,No-intent (<5s),Android-MidTier
S009770,liveness_check,21,Mid (5-60s),Android-MidTier
S009773,registration,3,No-intent (<5s),Android-Budget
S009778,phone_otp,1,No-intent (<5s),Android-MidTier
S009785,liveness_check,52,Mid (5-60s),iOS-HighEnd
S009786,phone_otp,4,No-intent (<5s),Android-Budget
S009788,liveness_check,4,No-intent (<5s),iOS-HighEnd
S009790,doc_upload,26,Mid (5-60s),Android-Budget
S009791,liveness_check,113,Blocker (60s+),Android-Budget
S009793,liveness_check,25,Mid (5-60s),Android-Budget
S009796,doc_upload,48,Mid (5-60s),Android-MidTier
S009797,liveness_check,19,Mid (5-60s),Android-MidTier
S009799,liveness_check,42,Mid (5-60s),Android-MidTier
S009802,doc_upload,38,Mid (5-60s),Android-MidTier
S009805,phone_otp,2,No-intent (<5s),Android-MidTier
S009810,liveness_check,24,Mid (5-60s),Android-MidTier
S009812,liveness_check,30,Mid (5-60s),iOS-HighEnd
S009815,doc_upload,80,Blocker (60s+),Android-Budget
S009817,phone_otp,36,Mid (5-60s),Android-Budget
S009828,phone_otp,2,No-intent (<5s),iOS-HighEnd
S009831,doc_upload,2,No-intent (<5s),iOS-HighEnd
S009833,registration,3,No-intent (<5s),iOS-HighEnd
S009834,liveness_check,11,Mid (5-60s),iOS-HighEnd
S009837,liveness_check,3,No-intent (<5s),iOS-HighEnd
S009843,registration,3,No-intent (<5s),Android-Budget
S009846,consent_sign,4,No-intent (<5s),Android-MidTier
S009851,liveness_check,18,Mid (5-60s),Android-MidTier
S009857,liveness_check,23,Mid (5-60s),Android-Budget
S009862,liveness_check,27,Mid (5-60s),iOS-HighEnd
S009863,doc_upload,65,Blocker (60s+),Android-Budget
S009864,phone_otp,3,No-intent (<5s),iOS-HighEnd
S009868,liveness_check,32,Mid (5-60s),Android-MidTier
S009871,doc_upload,52,Mid (5-60s),Android-Budget
S009876,doc_upload,50,Mid (5-60s),Android-Budget
S009878,liveness_check,58,Mid (5-60s),Android-Budget
S009881,consent_sign,11,Mid (5-60s),Android-MidTier
S009887,doc_upload,44,Mid (5-60s),Android-Budget
S009890,liveness_check,37,Mid (5-60s),Android-MidTier
S009891,consent_sign,3,No-intent (<5s),iOS-HighEnd
S009896,doc_upload,35,Mid (5-60s),Android-MidTier
S009898,registration,3,No-intent (<5s),Android-MidTier
S009900,liveness_check,2,No-intent (<5s),Android-Budget
S009903,doc_upload,66,Blocker (60s+),Android-MidTier
S009904,doc_upload,99,Blocker (60s+),Android-Budget
S009909,liveness_check,28,Mid (5-60s),iOS-HighEnd
S009911,liveness_check,19,Mid (5-60s),Android-Budget
S009914,phone_otp,2,No-intent (<5s),Android-Budget
S009918,liveness_check,33,Mid (5-60s),iOS-HighEnd
S009920,liveness_check,25,Mid (5-60s),iOS-HighEnd
S009938,doc_upload,41,Mid (5-60s),iOS-HighEnd
S009942,liveness_check,61,Blocker (60s+),iOS-HighEnd
S009949,phone_otp,3,No-intent (<5s),Android-MidTier
S009955,liveness_check,1,No-intent (<5s),Android-MidTier
S009958,consent_sign,2,No-intent (<5s),iOS-HighEnd
S009961,registration,3,No-intent (<5s),Android-Budget
S009967,registration,3,No-intent (<5s),iOS-HighEnd
S009974,doc_upload,35,Mid (5-60s),Android-Budget
S009975,phone_otp,3,No-intent (<5s),Android-MidTier
S009976,doc_upload,44,Mid (5-60s),Android-Budget
S009979,doc_upload,62,Blocker (60s+),iOS-HighEnd
S009980,liveness_check,46,Mid (5-60s),Android-Budget
S009982,doc_upload,3,No-intent (<5s),Android-Budget
S009983,registration,3,No-intent (<5s),Android-MidTier
S009988,doc_upload,118,Blocker (60s+),Android-Budget
S009991,liveness_check,31,Mid (5-60s),Android-MidTier
S009992,registration,3,No-intent (<5s),Android-Budget
S009999,registration,3,No-intent (<5s),Android-MidTier
