session_id,user_ref,device_tier,doc_type,region,document_upload_retries,biometric_error_count,total_error_count,total_duration_seconds,last_stage_reached,total_vendor_cost,has_abandoned,session_start
S000001,BDD640FB,iOS-HighEnd,Aadhaar,Maharashtra,0,1,1,124,liveness_check,3.5,1,2026-02-28 12:50:00
S000002,23B8C1E9,Android-MidTier,Aadhaar,Gujarat,0,0,0,84,liveness_check,1.5,1,2026-02-16 07:57:00
S000003,BD9C66B3,iOS-HighEnd,Passport,Delhi,0,0,0,127,consent_sign,3.5,0,2026-02-08 19:12:00
S000004,972A8469,iOS-HighEnd,Aadhaar,Gujarat,1,0,1,172,consent_sign,5.0,0,2026-02-04 18:55:00
S000005,17FC695A,Android-MidTier,Passport,Karnataka,0,0,0,131,consent_sign,3.5,0,2026-02-28 04:40:00
S000006,9A1DE644,Android-MidTier,PAN,West Bengal,0,0,0,115,consent_sign,3.5,0,2026-02-28 14:06:00
S000007,B74D0FB1,iOS-HighEnd,Driving License,Tamil Nadu,0,0,0,166,consent_sign,3.5,0,2026-01-20 16:29:00
S000008,6B65A6A4,iOS-HighEnd,Driving License,Maharashtra,0,0,0,129,consent_sign,3.5,0,2026-01-13 22:11:00
S000009,47378190,iOS-HighEnd,Aadhaar,West Bengal,0,0,0,161,consent_sign,3.5,0,2026-02-20 16:32:00
S000010,C241330B,iOS-HighEnd,PAN,Gujarat,0,0,0,138,consent_sign,3.5,0,2026-01-25 07:22:00
S000011,6C307511,iOS-HighEnd,Passport,Tamil Nadu,0,0,0,3,registration,0.0,1,2026-01-01 09:14:00
S000012,371ECD7B,iOS-HighEnd,PAN,Maharashtra,0,0,0,158,consent_sign,3.5,0,2026-01-29 07:46:00
S000013,1A2A73ED,Android-MidTier,Passport,Gujarat,0,0,0,167,consent_sign,3.5,0,2026-01-16 08:43:00
S000014,5BE6128E,Android-MidTier,Driving License,Maharashtra,0,0,0,27,phone_otp,0.0,1,2026-02-17 10:39:00
S000015,43B7A3A6,iOS-HighEnd,PAN,Maharashtra,1,0,1,156,consent_sign,5.0,0,2026-02-23 21:28:00
S000016,759CDE66,iOS-HighEnd,Driving License,Tamil Nadu,0,0,0,137,consent_sign,3.5,0,2026-01-23 10:50:00
S000017,EC1B8CA1,Android-Budget,Aadhaar,Karnataka,0,0,0,145,consent_sign,3.5,0,2026-02-01 05:13:00
S000018,4B0DBB41,Android-MidTier,Aadhaar,Maharashtra,0,0,0,134,consent_sign,3.5,0,2026-03-01 16:37:00
S000019,E2ACF72F,Android-MidTier,Passport,Tamil Nadu,0,2,2,171,consent_sign,7.5,0,2026-02-11 17:58:00
S000020,3139D32C,Android-Budget,PAN,Maharashtra,1,0,1,87,doc_upload,1.5,1,2026-01-08 15:00:00
S000021,A9488D99,iOS-HighEnd,Driving License,West Bengal,0,0,0,125,consent_sign,3.5,0,2026-01-08 19:05:00
S000022,FC377A4C,iOS-HighEnd,Aadhaar,Tamil Nadu,0,1,1,165,consent_sign,5.5,0,2026-01-07 22:28:00
S000023,DDD1DFB2,iOS-HighEnd,Aadhaar,West Bengal,0,0,0,146,consent_sign,3.5,0,2026-02-26 00:13:00
S000024,7412B293,Android-Budget,PAN,West Bengal,2,0,2,181,consent_sign,6.5,0,2026-02-01 13:02:00
S000025,29A3B2E9,Android-MidTier,Aadhaar,Maharashtra,0,0,1,144,consent_sign,3.5,0,2026-01-02 05:07:00
S000026,AB9099A4,Android-MidTier,PAN,West Bengal,1,0,1,169,consent_sign,5.0,1,2026-01-20 10:55:00
S000027,AEFCFAD8,iOS-HighEnd,PAN,Delhi,0,0,1,138,consent_sign,3.5,1,2026-02-07 19:24:00
S000028,A28DEFE3,iOS-HighEnd,Passport,Delhi,0,0,0,153,consent_sign,3.5,0,2026-02-06 14:27:00
S000029,3EABEDCB,Android-MidTier,Passport,Maharashtra,0,0,0,115,consent_sign,3.5,0,2026-01-17 14:05:00
S000030,451B4CF3,Android-Budget,PAN,Delhi,1,0,1,202,consent_sign,5.0,0,2026-01-01 11:41:00
S000031,B02B61C4,Android-Budget,PAN,Gujarat,0,2,2,227,consent_sign,7.5,0,2026-02-04 20:15:00
S000032,5304317F,Android-MidTier,Passport,Maharashtra,1,0,1,169,consent_sign,5.0,0,2026-01-27 03:56:00
S000033,0E51F30D,iOS-HighEnd,Driving License,Tamil Nadu,0,0,0,25,phone_otp,0.0,1,2026-02-05 06:48:00
S000034,CE177B4E,Android-Budget,PAN,Karnataka,1,0,1,158,consent_sign,5.0,0,2026-02-09 00:44:00
S000035,10F1BC81,Android-Budget,Driving License,Gujarat,0,0,0,149,consent_sign,3.5,0,2026-02-26 02:21:00
S000036,9132B63E,Android-Budget,Aadhaar,West Bengal,1,0,1,87,doc_upload,1.5,1,2026-02-10 08:54:00
S000037,366EB16F,Android-MidTier,Aadhaar,Tamil Nadu,0,0,0,156,consent_sign,3.5,0,2026-01-20 19:23:00
S000038,E27A984D,Android-Budget,Driving License,Maharashtra,0,0,0,182,consent_sign,3.5,0,2026-02-04 22:57:00
S000039,24933B83,Android-Budget,Driving License,Tamil Nadu,0,0,0,3,registration,0.0,1,2026-01-26 04:14:00
S000040,BEB79919,iOS-HighEnd,PAN,Tamil Nadu,0,0,0,125,consent_sign,3.5,0,2026-02-07 03:14:00
S000041,BF3C4C06,Android-MidTier,Driving License,Delhi,0,2,2,123,liveness_check,5.5,1,2026-01-25 00:19:00
S000042,956269F0,Android-MidTier,Aadhaar,Maharashtra,0,0,0,24,phone_otp,0.0,1,2026-01-07 13:53:00
S000043,FF50BDE4,Android-MidTier,PAN,Tamil Nadu,1,1,2,229,liveness_check,5.0,1,2026-01-23 01:06:00
S000044,7E570DDF,Android-Budget,Passport,Gujarat,0,1,1,157,consent_sign,5.5,0,2026-01-03 16:05:00
S000045,DC713D96,iOS-HighEnd,Passport,Gujarat,0,0,0,145,consent_sign,3.5,0,2026-01-05 01:43:00
S000046,28F49481,iOS-HighEnd,Driving License,Karnataka,0,0,0,149,consent_sign,3.5,0,2026-01-15 06:12:00
S000047,98AE4334,Android-MidTier,Passport,Tamil Nadu,0,0,0,124,consent_sign,3.5,0,2026-01-09 05:19:00
S000048,988C24C9,iOS-HighEnd,Passport,Gujarat,0,0,0,2,registration,0.0,1,2026-02-24 14:19:00
S000049,405CACEC,Android-MidTier,PAN,West Bengal,0,0,0,91,consent_sign,3.5,0,2026-01-09 03:01:00
S000050,F143262F,iOS-HighEnd,Passport,Tamil Nadu,0,0,0,142,consent_sign,3.5,0,2026-02-23 06:25:00
S000051,1D53434B,Android-MidTier,PAN,Karnataka,0,1,1,159,consent_sign,5.5,0,2026-02-19 02:36:00
S000052,C0398710,Android-MidTier,Aadhaar,Gujarat,1,1,2,174,liveness_check,5.0,1,2026-01-05 11:25:00
S000053,5715BD6F,iOS-HighEnd,Driving License,Tamil Nadu,0,0,0,120,consent_sign,3.5,0,2026-01-07 06:44:00
S000054,287D06CA,Android-MidTier,PAN,Gujarat,0,0,0,153,consent_sign,3.5,0,2026-02-26 14:57:00
S000055,B8DB0672,Android-MidTier,PAN,Delhi,0,0,0,33,doc_upload,0.0,1,2026-02-27 06:27:00
S000056,F8CDA88B,Android-MidTier,Driving License,Delhi,0,0,0,3,registration,0.0,1,2026-02-24 09:12:00
S000057,81F76D1C,iOS-HighEnd,Driving License,Maharashtra,0,0,0,125,consent_sign,3.5,0,2026-01-27 01:36:00
S000058,A013AC6E,Android-Budget,Aadhaar,Maharashtra,1,0,1,194,consent_sign,5.0,0,2026-01-14 06:43:00
S000059,81F631D4,Android-Budget,Passport,Gujarat,0,0,1,139,consent_sign,3.5,0,2026-02-09 15:46:00
S000060,5FB8D16C,Android-MidTier,PAN,Gujarat,0,1,1,158,consent_sign,5.5,0,2026-01-26 15:38:00
S000061,F4188F3F,Android-MidTier,Aadhaar,Tamil Nadu,0,0,0,103,liveness_check,1.5,1,2026-02-20 09:42:00
S000062,EB2263DD,iOS-HighEnd,Aadhaar,Karnataka,0,0,0,135,consent_sign,3.5,0,2026-02-07 22:45:00
S000063,7D154385,iOS-HighEnd,PAN,West Bengal,0,0,0,133,consent_sign,3.5,0,2026-01-03 23:03:00
S000064,5CEC4EB5,Android-Budget,Passport,Tamil Nadu,0,0,0,128,consent_sign,3.5,0,2026-01-27 21:34:00
S000065,CE88CB2D,iOS-HighEnd,Passport,Gujarat,0,0,1,159,consent_sign,3.5,0,2026-02-08 02:27:00
S000066,3DA9C2A9,Android-Budget,PAN,Gujarat,0,0,0,130,consent_sign,3.5,0,2026-01-18 12:07:00
S000067,14296C07,Android-MidTier,Driving License,Maharashtra,1,0,1,115,doc_upload,1.5,1,2026-01-15 04:16:00
S000068,D0E6E660,Android-MidTier,Driving License,West Bengal,0,0,0,159,consent_sign,3.5,0,2026-01-14 10:54:00
S000069,885F6E66,Android-MidTier,Driving License,Gujarat,0,0,0,1,registration,0.0,1,2026-01-30 03:45:00
S000070,A8E56E0C,iOS-HighEnd,Passport,Karnataka,0,0,0,138,consent_sign,3.5,0,2026-01-22 16:51:00
S000071,2A45C2AB,iOS-HighEnd,Passport,Delhi,0,0,0,170,consent_sign,3.5,0,2026-01-28 00:52:00
S000072,9B49BD26,Android-Budget,PAN,Karnataka,0,0,1,145,consent_sign,3.5,0,2026-02-23 09:55:00
S000073,EDCD465E,Android-MidTier,Driving License,Delhi,0,0,0,145,consent_sign,3.5,0,2026-01-24 02:20:00
S000074,B09B2A5C,Android-Budget,Aadhaar,Gujarat,0,0,0,128,consent_sign,3.5,0,2026-01-26 07:36:00
S000075,66245BFA,Android-Budget,PAN,Gujarat,2,0,2,145,doc_upload,3.0,1,2026-01-21 06:25:00
S000076,5F987C71,iOS-HighEnd,PAN,Maharashtra,0,0,0,149,consent_sign,3.5,0,2026-02-03 13:03:00
S000077,7394988F,Android-MidTier,Passport,West Bengal,0,0,0,151,consent_sign,3.5,0,2026-02-14 04:36:00
S000078,1064005C,iOS-HighEnd,Passport,Maharashtra,0,0,1,149,consent_sign,3.5,1,2026-02-21 01:28:00
S000079,8DCDCD03,iOS-HighEnd,PAN,West Bengal,0,0,0,139,consent_sign,3.5,0,2026-02-25 20:44:00
S000080,01D74256,Android-MidTier,PAN,Tamil Nadu,0,0,0,91,consent_sign,3.5,0,2026-02-19 06:17:00
S000081,0F1259E0,Android-MidTier,Passport,Maharashtra,0,0,0,137,consent_sign,3.5,0,2026-02-07 11:32:00
S000082,080AADFB,iOS-HighEnd,PAN,Maharashtra,0,0,0,113,consent_sign,3.5,0,2026-01-26 10:40:00
S000083,839FBC50,Android-Budget,Aadhaar,Gujarat,0,0,0,98,liveness_check,1.5,1,2026-01-20 00:16:00
S000084,7C441FE7,iOS-HighEnd,Passport,Karnataka,0,0,0,110,consent_sign,3.5,0,2026-01-13 03:58:00
S000085,B92DA22B,iOS-HighEnd,Aadhaar,Tamil Nadu,0,0,0,121,consent_sign,3.5,0,2026-01-11 16:16:00
S000086,93829B43,iOS-HighEnd,Aadhaar,Maharashtra,0,0,0,148,consent_sign,3.5,0,2026-02-28 21:23:00
S000087,7914C120,iOS-HighEnd,Passport,Tamil Nadu,0,0,0,148,consent_sign,3.5,0,2026-02-27 03:50:00
S000088,1825BC54,Android-MidTier,Driving License,Tamil Nadu,0,0,0,157,consent_sign,3.5,0,2026-01-20 21:43:00
S000089,5AB33EDF,iOS-HighEnd,Aadhaar,Maharashtra,0,0,0,110,consent_sign,3.5,0,2026-02-13 12:03:00
S000090,DD2467AC,iOS-HighEnd,Driving License,West Bengal,0,0,0,133,consent_sign,3.5,0,2026-02-02 12:26:00
S000091,A748DBCF,Android-MidTier,Passport,Gujarat,0,0,0,166,consent_sign,3.5,0,2026-01-11 18:58:00
S000092,0F844FEF,iOS-HighEnd,PAN,Delhi,0,0,1,173,consent_sign,3.5,0,2026-01-03 23:14:00
S000093,CCF3A171,iOS-HighEnd,PAN,Delhi,0,1,1,145,consent_sign,5.5,0,2026-02-01 08:41:00
S000094,310C0C00,Android-Budget,PAN,Gujarat,0,1,1,105,liveness_check,3.5,1,2026-01-26 04:44:00
S000095,23E2FCB4,iOS-HighEnd,PAN,Karnataka,0,0,0,137,consent_sign,3.5,0,2026-01-28 18:27:00
S000096,766ECB15,iOS-HighEnd,Aadhaar,Tamil Nadu,0,0,0,29,phone_otp,0.0,1,2026-02-02 13:41:00
S000097,134C6C92,Android-Budget,Driving License,Gujarat,1,0,1,207,consent_sign,5.0,0,2026-01-29 19:53:00
S000098,DB20A56E,Android-MidTier,Aadhaar,Tamil Nadu,0,1,1,142,consent_sign,5.5,0,2026-02-06 18:47:00
S000099,A6F2F7B8,iOS-HighEnd,PAN,Delhi,0,0,0,112,consent_sign,3.5,0,2026-01-10 16:34:00
S000100,03C72BA8,iOS-HighEnd,Passport,West Bengal,0,2,2,157,liveness_check,5.5,1,2026-02-21 17:09:00
S000101,C0E9AB30,Android-MidTier,Driving License,Tamil Nadu,1,1,3,184,liveness_check,5.0,1,2026-01-09 13:15:00
S000102,680AC07A,Android-Budget,Driving License,Gujarat,1,0,1,97,doc_upload,1.5,1,2026-02-10 04:17:00
S000103,DD59BA71,iOS-HighEnd,Passport,Maharashtra,0,0,0,136,consent_sign,3.5,0,2026-02-27 18:11:00
S000104,2A25A888,Android-Budget,Passport,West Bengal,1,0,1,136,consent_sign,5.0,0,2026-02-02 04:11:00
S000105,63F2AE24,Android-MidTier,Driving License,Gujarat,0,1,1,160,consent_sign,5.5,0,2026-03-01 03:15:00
S000106,C8FE3CCD,Android-MidTier,Aadhaar,West Bengal,0,0,0,142,consent_sign,3.5,0,2026-02-18 06:13:00
S000107,B253D218,Android-MidTier,Passport,West Bengal,0,0,0,133,consent_sign,3.5,0,2026-02-07 17:32:00
S000108,C88A618E,Android-MidTier,Passport,West Bengal,0,0,0,126,consent_sign,3.5,0,2026-01-18 23:50:00
S000109,7C967F79,iOS-HighEnd,Aadhaar,West Bengal,0,0,0,134,consent_sign,3.5,0,2026-01-24 02:08:00
S000110,37BB3EEC,Android-MidTier,Aadhaar,Karnataka,0,1,1,147,liveness_check,3.5,1,2026-02-10 03:40:00
S000111,BC594585,iOS-HighEnd,Passport,Karnataka,0,1,1,113,liveness_check,3.5,1,2026-01-10 08:27:00
S000112,504867BA,Android-Budget,PAN,Gujarat,1,3,4,232,liveness_check,9.0,1,2026-01-20 23:06:00
S000113,7A0ECFEA,Android-MidTier,PAN,West Bengal,0,1,1,115,liveness_check,3.5,1,2026-02-08 06:00:00
S000114,87F7E1FB,Android-MidTier,Passport,Delhi,1,0,1,175,consent_sign,5.0,0,2026-02-05 13:09:00
S000115,82010C62,Android-MidTier,Driving License,West Bengal,0,0,0,140,consent_sign,3.5,0,2026-02-12 14:59:00
S000116,118A9D29,Android-Budget,Driving License,Delhi,0,0,0,2,registration,0.0,1,2026-02-06 13:56:00
S000117,DCA02EEC,iOS-HighEnd,Passport,Maharashtra,0,0,0,96,consent_sign,3.5,0,2026-01-27 09:01:00
S000118,F10C718B,Android-MidTier,Passport,Gujarat,0,1,1,123,consent_sign,5.5,0,2026-02-15 14:51:00
S000119,94340A03,Android-MidTier,Passport,Tamil Nadu,0,0,0,3,registration,0.0,1,2026-02-10 17:43:00
S000120,14FCDD54,Android-MidTier,Driving License,Delhi,0,1,1,144,liveness_check,3.5,1,2026-02-26 07:09:00
S000121,90B2B633,iOS-HighEnd,Driving License,Maharashtra,1,0,1,196,consent_sign,5.0,0,2026-02-25 15:15:00
S000122,42C18A62,iOS-HighEnd,Passport,West Bengal,0,0,0,25,phone_otp,0.0,1,2026-02-06 13:31:00
S000123,506E5A9A,Android-MidTier,Driving License,Gujarat,0,0,0,105,consent_sign,3.5,0,2026-02-15 18:10:00
S000124,21813D25,iOS-HighEnd,Driving License,Maharashtra,0,0,0,123,consent_sign,3.5,0,2026-01-17 01:10:00
S000125,750CAB75,iOS-HighEnd,PAN,Delhi,1,0,1,175,consent_sign,5.0,0,2026-02-28 09:04:00
S000126,EF8C485B,iOS-HighEnd,Driving License,Gujarat,1,0,1,174,consent_sign,5.0,0,2026-02-06 13:47:00
S000127,9F044AED,Android-MidTier,Driving License,Gujarat,0,0,0,117,consent_sign,3.5,0,2026-01-13 01:52:00
S000128,19985F15,Android-Budget,Passport,Karnataka,0,0,0,106,consent_sign,3.5,0,2026-01-08 12:16:00
S000129,8181A8CC,Android-MidTier,Passport,Gujarat,0,0,0,1,registration,0.0,1,2026-02-25 09:56:00
S000130,5958A499,Android-MidTier,Aadhaar,West Bengal,1,0,1,191,consent_sign,5.0,0,2026-01-08 17:26:00
S000131,3E896C64,Android-Budget,Aadhaar,West Bengal,1,3,4,263,liveness_check,9.0,1,2026-02-11 14:46:00
S000132,702CDD20,iOS-HighEnd,Passport,Tamil Nadu,0,0,0,134,consent_sign,3.5,0,2026-01-05 22:32:00
S000133,4D71C366,iOS-HighEnd,Driving License,Delhi,0,0,0,147,consent_sign,3.5,0,2026-02-12 19:46:00
S000134,CE9E1A11,Android-Budget,Passport,Gujarat,0,0,0,1,registration,0.0,1,2026-02-13 04:00:00
S000135,AAF91531,iOS-HighEnd,PAN,Delhi,0,1,1,177,consent_sign,5.5,0,2026-02-09 13:22:00
S000136,EE87905E,iOS-HighEnd,PAN,Maharashtra,0,0,0,129,consent_sign,3.5,0,2026-01-12 03:32:00
S000137,E0CCEDC5,iOS-HighEnd,Driving License,Gujarat,0,0,0,116,consent_sign,3.5,0,2026-01-31 15:32:00
S000138,E3C43657,iOS-HighEnd,Driving License,West Bengal,0,0,0,20,phone_otp,0.0,1,2026-02-16 17:29:00
S000139,27CB6F2A,Android-MidTier,Driving License,Gujarat,0,0,0,154,consent_sign,3.5,0,2026-01-11 07:26:00
S000140,35EBD32D,iOS-HighEnd,Driving License,Karnataka,0,0,0,160,consent_sign,3.5,0,2026-01-06 00:11:00
S000141,AFFFCFD2,Android-MidTier,PAN,Tamil Nadu,0,1,1,165,consent_sign,5.5,0,2026-02-08 10:50:00
S000142,81627CF1,Android-MidTier,Driving License,Gujarat,0,1,1,166,consent_sign,5.5,0,2026-01-17 02:19:00
S000143,E87D1C78,Android-Budget,PAN,West Bengal,1,1,2,234,consent_sign,7.0,0,2026-01-27 15:20:00
S000144,A2607723,Android-MidTier,Passport,Tamil Nadu,0,1,1,115,liveness_check,3.5,1,2026-01-08 12:38:00
S000145,0B49452D,Android-Budget,PAN,West Bengal,2,1,3,258,consent_sign,8.5,0,2026-02-18 16:04:00
S000146,217D65A0,iOS-HighEnd,PAN,Gujarat,0,1,1,166,consent_sign,5.5,0,2026-02-22 14:12:00
S000147,295D6FBF,Android-MidTier,Aadhaar,Maharashtra,0,0,0,142,consent_sign,3.5,0,2026-01-27 16:21:00
S000148,B4A69F3C,iOS-HighEnd,PAN,Maharashtra,0,0,0,52,doc_upload,0.0,1,2026-01-26 04:01:00
S000149,1CA3C448,Android-Budget,PAN,Karnataka,0,0,0,122,consent_sign,3.5,0,2026-01-28 04:29:00
S000150,B0E6A969,Android-MidTier,Passport,Tamil Nadu,1,0,1,191,consent_sign,5.0,0,2026-01-01 22:55:00
S000151,093923DE,iOS-HighEnd,Aadhaar,West Bengal,0,0,0,77,consent_sign,3.5,0,2026-01-29 15:20:00
S000152,8D7248E2,Android-Budget,PAN,Karnataka,1,0,1,97,doc_upload,1.5,1,2026-02-13 04:32:00
S000153,0AB54BDE,Android-Budget,PAN,Gujarat,0,0,1,184,consent_sign,3.5,0,2026-02-20 04:21:00
S000154,EEDEDB07,iOS-HighEnd,Driving License,West Bengal,0,0,0,133,consent_sign,3.5,0,2026-01-06 14:07:00
S000155,0A368CE7,Android-MidTier,Driving License,Maharashtra,0,0,0,115,consent_sign,3.5,0,2026-01-07 14:46:00
S000156,AE9BEC36,Android-MidTier,Driving License,Maharashtra,2,0,2,239,consent_sign,6.5,0,2026-02-04 16:39:00
S000157,5A8AAECA,iOS-HighEnd,PAN,Karnataka,1,1,2,154,liveness_check,5.0,1,2026-02-04 20:32:00
S000158,DFED2C43,Android-MidTier,Aadhaar,Tamil Nadu,0,0,0,152,consent_sign,3.5,0,2026-02-24 09:29:00
S000159,BFDDC3D9,Android-Budget,PAN,West Bengal,0,0,0,109,consent_sign,3.5,0,2026-01-27 15:54:00
S000160,3C9AD14C,Android-Budget,PAN,West Bengal,0,0,0,164,consent_sign,3.5,0,2026-02-21 00:10:00
S000161,CCC56569,Android-MidTier,Driving License,Karnataka,0,0,0,137,consent_sign,3.5,0,2026-01-18 01:41:00
S000162,698C206F,Android-MidTier,Passport,West Bengal,1,1,2,220,consent_sign,7.0,0,2026-01-19 20:11:00
S000163,ECAB3301,Android-MidTier,PAN,Karnataka,0,0,0,150,consent_sign,3.5,0,2026-01-02 17:29:00
S000164,696608AA,Android-MidTier,Driving License,Gujarat,0,0,0,141,consent_sign,3.5,0,2026-02-04 23:34:00
S000165,BC2CBB0D,iOS-HighEnd,Driving License,Maharashtra,0,0,0,122,consent_sign,3.5,0,2026-01-29 19:35:00
S000166,28C13091,Android-MidTier,Driving License,Gujarat,0,1,1,137,liveness_check,3.5,1,2026-01-23 16:48:00
S000167,61EE411A,Android-MidTier,Driving License,Karnataka,1,0,2,178,consent_sign,5.0,1,2026-02-20 01:56:00
S000168,787F2425,iOS-HighEnd,Aadhaar,Gujarat,0,0,0,46,doc_upload,0.0,1,2026-02-04 07:16:00
S000169,EB1FA9F2,Android-MidTier,Aadhaar,Gujarat,0,1,1,154,consent_sign,5.5,0,2026-01-02 09:53:00
S000170,D20EAC17,iOS-HighEnd,Passport,Tamil Nadu,0,1,1,119,liveness_check,3.5,1,2026-02-02 14:17:00
S000171,39118497,iOS-HighEnd,Driving License,Gujarat,0,0,0,143,consent_sign,3.5,0,2026-02-04 20:30:00
S000172,6601DDD0,iOS-HighEnd,PAN,Karnataka,0,0,0,149,consent_sign,3.5,0,2026-01-05 04:57:00
S000173,11C58EF0,Android-MidTier,Aadhaar,Karnataka,1,0,1,184,consent_sign,5.0,0,2026-01-29 23:00:00
S000174,59E4B671,iOS-HighEnd,Passport,Maharashtra,0,0,0,125,consent_sign,3.5,0,2026-01-08 11:19:00
S000175,ADF4E62D,iOS-HighEnd,Driving License,Karnataka,1,0,1,177,consent_sign,5.0,0,2026-02-11 08:14:00
S000176,54C63CD8,Android-MidTier,Driving License,Delhi,1,0,1,84,doc_upload,1.5,1,2026-01-15 09:01:00
S000177,E08596DB,Android-MidTier,Driving License,Maharashtra,0,0,0,3,registration,0.0,1,2026-02-11 04:30:00
S000178,94A1875D,Android-Budget,Aadhaar,Gujarat,1,1,2,152,liveness_check,5.0,1,2026-02-20 18:42:00
S000179,09CB3942,Android-MidTier,Passport,Delhi,1,0,1,174,consent_sign,5.0,0,2026-01-25 19:27:00
S000180,587EF344,iOS-HighEnd,Driving License,Delhi,0,0,0,143,consent_sign,3.5,0,2026-01-01 22:47:00
S000181,6FB78271,iOS-HighEnd,Driving License,Delhi,0,0,0,160,consent_sign,3.5,0,2026-01-19 14:46:00
S000182,1D9AF659,Android-Budget,Aadhaar,Gujarat,0,3,3,213,liveness_check,7.5,1,2026-02-03 13:23:00
S000183,30A900AD,Android-MidTier,PAN,West Bengal,0,0,1,132,consent_sign,3.5,0,2026-03-02 06:52:00
S000184,6FA17735,Android-MidTier,Aadhaar,Maharashtra,0,0,0,158,consent_sign,3.5,0,2026-02-24 09:13:00
S000185,CE777F00,iOS-HighEnd,Aadhaar,Maharashtra,0,0,0,149,consent_sign,3.5,0,2026-02-09 12:20:00
S000186,F0B5156B,Android-MidTier,Passport,Maharashtra,0,0,0,119,consent_sign,3.5,0,2026-01-15 01:18:00
S000187,3270E4FA,Android-MidTier,Driving License,Maharashtra,1,0,1,165,consent_sign,5.0,0,2026-02-02 00:52:00
S000188,F2E9702D,iOS-HighEnd,Passport,Gujarat,0,0,0,150,consent_sign,3.5,0,2026-01-15 21:49:00
S000189,9F871CE7,iOS-HighEnd,Driving License,Maharashtra,0,0,0,117,consent_sign,3.5,0,2026-02-09 10:22:00
S000190,1FE771D6,Android-Budget,Driving License,Gujarat,1,3,4,177,liveness_check,9.0,1,2026-01-25 05:07:00
S000191,81D2C7DE,Android-MidTier,Driving License,Tamil Nadu,0,1,1,140,consent_sign,5.5,0,2026-01-13 21:10:00
S000192,5380B904,iOS-HighEnd,PAN,Karnataka,0,0,1,171,consent_sign,3.5,0,2026-02-14 10:38:00
S000193,8DEDF9FB,Android-Budget,Passport,Karnataka,0,0,0,167,consent_sign,3.5,0,2026-02-19 06:25:00
S000194,AA38D0A1,iOS-HighEnd,Driving License,Gujarat,0,0,0,145,consent_sign,3.5,0,2026-01-05 02:53:00
S000195,BF85BF0E,iOS-HighEnd,PAN,Karnataka,0,0,0,133,consent_sign,3.5,0,2026-01-12 00:26:00
S000196,91B0E1D9,Android-Budget,Passport,Gujarat,0,0,0,155,consent_sign,3.5,0,2026-02-02 06:22:00
S000197,D56F0350,iOS-HighEnd,Aadhaar,Delhi,0,0,0,127,consent_sign,3.5,0,2026-02-07 19:08:00
S000198,35CE8841,iOS-HighEnd,Driving License,Tamil Nadu,0,0,0,158,consent_sign,3.5,0,2026-01-25 19:01:00
S000199,9B4E2C24,Android-Budget,Aadhaar,West Bengal,0,0,0,134,consent_sign,3.5,0,2026-01-01 13:24:00
S000200,7118E364,Android-MidTier,Passport,Gujarat,1,0,1,181,consent_sign,5.0,0,2026-01-27 03:31:00
S000201,82DC4C8E,Android-Budget,PAN,West Bengal,2,0,2,163,doc_upload,3.0,1,2026-02-09 06:32:00
S000202,F5B78CC7,Android-MidTier,Passport,West Bengal,0,0,0,52,doc_upload,0.0,1,2026-02-06 09:49:00
S000203,A8AA7158,iOS-HighEnd,PAN,Gujarat,0,0,0,35,phone_otp,0.0,1,2026-01-08 10:15:00
S000204,A9F25336,Android-MidTier,Driving License,West Bengal,0,1,1,183,consent_sign,5.5,0,2026-01-12 07:26:00
S000205,17E8392A,iOS-HighEnd,PAN,Tamil Nadu,0,0,0,102,consent_sign,3.5,0,2026-02-25 21:15:00
S000206,3C20592F,Android-MidTier,Passport,Tamil Nadu,0,0,0,149,consent_sign,3.5,0,2026-02-05 06:55:00
S000207,CE7AE7F6,iOS-HighEnd,Passport,Karnataka,0,0,0,160,consent_sign,3.5,0,2026-03-02 06:18:00
S000208,0BD4A990,iOS-HighEnd,Aadhaar,Gujarat,0,0,2,188,consent_sign,3.5,1,2026-02-24 09:27:00
S000209,9C7C7377,Android-Budget,Aadhaar,Maharashtra,0,0,0,135,consent_sign,3.5,0,2026-01-20 23:17:00
S000210,74962764,iOS-HighEnd,Passport,Maharashtra,0,0,0,113,consent_sign,3.5,0,2026-01-08 22:37:00
S000211,935F2B0A,iOS-HighEnd,Aadhaar,Karnataka,0,0,0,125,consent_sign,3.5,0,2026-01-23 01:18:00
S000212,624C69B6,Android-MidTier,Driving License,Delhi,0,0,1,116,consent_sign,3.5,0,2026-01-16 05:53:00
S000213,25C73C44,Android-Budget,Aadhaar,Tamil Nadu,1,0,1,167,consent_sign,5.0,1,2026-02-22 19:42:00
S000214,E4855AA1,Android-MidTier,Aadhaar,Tamil Nadu,0,0,0,134,consent_sign,3.5,0,2026-01-23 14:13:00
S000215,E2ADD909,Android-MidTier,Passport,Maharashtra,1,1,3,196,liveness_check,5.0,1,2026-01-30 10:54:00
S000216,3805F907,iOS-HighEnd,Passport,Gujarat,0,0,0,137,consent_sign,3.5,0,2026-01-19 14:22:00
S000217,B227462C,Android-MidTier,Aadhaar,Tamil Nadu,0,0,0,3,registration,0.0,1,2026-01-15 00:55:00
S000218,8EB22579,Android-MidTier,Aadhaar,Delhi,0,0,0,4,registration,0.0,1,2026-02-28 05:14:00
S000219,1F115B76,Android-MidTier,Aadhaar,Karnataka,0,0,1,174,consent_sign,3.5,0,2026-01-29 07:46:00
S000220,76F2DBFE,Android-MidTier,Aadhaar,Gujarat,0,0,0,138,consent_sign,3.5,0,2026-01-09 01:28:00
S000221,8F15BA58,Android-MidTier,Passport,Tamil Nadu,1,0,1,202,consent_sign,5.0,0,2026-01-31 00:42:00
S000222,C1581092,iOS-HighEnd,Passport,Maharashtra,0,0,0,109,consent_sign,3.5,0,2026-02-12 12:11:00
S000223,D0A44432,iOS-HighEnd,Aadhaar,West Bengal,0,1,1,152,consent_sign,5.5,1,2026-02-06 09:36:00
S000224,6D3EE1DC,Android-MidTier,PAN,Tamil Nadu,0,2,2,143,liveness_check,5.5,1,2026-01-13 05:33:00
S000225,722764E6,Android-Budget,Aadhaar,Karnataka,0,0,0,162,consent_sign,3.5,0,2026-02-12 07:03:00
S000226,DC8AEE30,Android-Budget,Aadhaar,Gujarat,1,0,1,152,consent_sign,5.0,0,2026-01-14 20:41:00
S000227,C074718E,Android-MidTier,Aadhaar,Tamil Nadu,0,2,2,115,liveness_check,5.5,1,2026-02-19 19:38:00
S000228,46FDE062,iOS-HighEnd,Passport,Gujarat,0,1,1,207,consent_sign,5.5,0,2026-02-13 06:24:00
S000229,7C0E8CD8,iOS-HighEnd,PAN,Karnataka,0,0,0,113,consent_sign,3.5,0,2026-01-17 03:28:00
S000230,709B7D97,Android-Budget,Passport,Karnataka,1,0,1,82,doc_upload,1.5,1,2026-02-15 03:17:00
S000231,3C07C574,iOS-HighEnd,Passport,West Bengal,0,0,0,156,consent_sign,3.5,0,2026-01-13 05:03:00
S000232,E49D681D,Android-Budget,Passport,West Bengal,1,1,2,171,liveness_check,5.0,1,2026-01-07 22:26:00
S000233,269CD696,Android-Budget,PAN,Tamil Nadu,0,0,1,139,consent_sign,3.5,0,2026-02-23 22:34:00
S000234,271E3EE2,Android-MidTier,Aadhaar,Tamil Nadu,0,0,0,151,consent_sign,3.5,0,2026-01-21 10:33:00
S000235,6A34C854,Android-MidTier,Aadhaar,Delhi,1,0,1,152,consent_sign,5.0,0,2026-02-10 23:40:00
S000236,7746D0BA,iOS-HighEnd,Driving License,Gujarat,0,0,0,135,consent_sign,3.5,0,2026-01-10 13:34:00
S000237,D5385B0E,iOS-HighEnd,PAN,West Bengal,0,0,0,111,consent_sign,3.5,0,2026-02-04 12:12:00
S000238,C51155FF,Android-MidTier,PAN,Maharashtra,0,0,1,154,consent_sign,3.5,0,2026-02-09 20:31:00
S000239,05000BC6,Android-MidTier,Aadhaar,Delhi,0,0,0,112,consent_sign,3.5,0,2026-02-09 06:07:00
S000240,9360715F,Android-MidTier,Driving License,West Bengal,0,0,0,92,consent_sign,3.5,0,2026-02-13 04:47:00
S000241,F1578470,Android-Budget,Aadhaar,Karnataka,0,0,0,134,consent_sign,3.5,0,2026-02-21 16:36:00
S000242,63D62A39,Android-MidTier,Driving License,Gujarat,0,0,0,112,consent_sign,3.5,0,2026-02-08 10:30:00
S000243,D5F25073,iOS-HighEnd,Driving License,Karnataka,1,0,1,186,consent_sign,5.0,0,2026-01-12 06:45:00
S000244,BC10FA52,Android-MidTier,Aadhaar,Tamil Nadu,1,0,1,155,consent_sign,5.0,0,2026-01-07 10:23:00
S000245,E5D6F6E6,Android-MidTier,Aadhaar,Gujarat,0,0,0,129,consent_sign,3.5,0,2026-01-10 10:53:00
S000246,45DF16B6,Android-MidTier,PAN,Gujarat,0,0,1,183,consent_sign,3.5,0,2026-02-07 00:18:00
S000247,638C254C,iOS-HighEnd,PAN,Karnataka,0,0,0,142,consent_sign,3.5,0,2026-01-10 06:33:00
S000248,CC530E36,iOS-HighEnd,Passport,Maharashtra,0,1,2,154,consent_sign,5.5,0,2026-02-14 10:19:00
S000249,D72B6108,iOS-HighEnd,Passport,Tamil Nadu,0,0,1,168,consent_sign,3.5,0,2026-01-26 06:30:00
S000250,FB10987F,iOS-HighEnd,Passport,Maharashtra,0,0,1,178,consent_sign,3.5,0,2026-01-09 13:27:00
S000251,E82C7D7B,iOS-HighEnd,Aadhaar,Karnataka,0,0,0,166,consent_sign,3.5,0,2026-01-17 02:21:00
S000252,A9BA5A27,iOS-HighEnd,Driving License,Gujarat,0,0,0,116,consent_sign,3.5,0,2026-02-17 17:21:00
S000253,6DB99102,Android-Budget,Passport,Delhi,0,0,0,122,consent_sign,3.5,0,2026-01-26 11:59:00
S000254,2E85CB21,Android-Budget,PAN,West Bengal,0,0,0,4,registration,0.0,1,2026-01-30 10:08:00
S000255,53CD6268,Android-Budget,Passport,Tamil Nadu,1,0,1,197,consent_sign,5.0,0,2026-01-28 05:45:00
S000256,56666F9F,Android-MidTier,PAN,Delhi,0,0,0,123,consent_sign,3.5,0,2026-01-16 19:20:00
S000257,473BD358,Android-Budget,Driving License,Delhi,0,0,0,148,consent_sign,3.5,0,2026-01-29 06:50:00
S000258,6BEBAC31,Android-MidTier,Driving License,Gujarat,0,0,0,129,consent_sign,3.5,0,2026-01-12 05:44:00
S000259,78660765,Android-MidTier,Aadhaar,Tamil Nadu,0,0,1,151,consent_sign,3.5,0,2026-01-17 17:59:00
S000260,0D557B61,Android-Budget,Driving License,Tamil Nadu,0,0,0,25,phone_otp,0.0,1,2026-02-27 23:52:00
S000261,39669FA7,Android-Budget,Aadhaar,Delhi,0,0,0,19,phone_otp,0.0,1,2026-02-04 07:03:00
S000262,F510AB53,iOS-HighEnd,PAN,Karnataka,0,0,0,141,consent_sign,3.5,0,2026-02-27 09:01:00
S000263,07F194F9,Android-MidTier,Passport,Tamil Nadu,0,0,0,97,consent_sign,3.5,0,2026-02-24 14:47:00
S000264,D6D7B3B8,Android-Budget,PAN,West Bengal,0,0,0,2,registration,0.0,1,2026-01-13 06:37:00
S000265,3D114802,Android-Budget,Passport,West Bengal,0,0,3,201,consent_sign,3.5,0,2026-01-12 13:03:00
S000266,1D48A071,iOS-HighEnd,Passport,Gujarat,0,0,0,142,consent_sign,3.5,0,2026-01-10 12:35:00
S000267,770C7798,Android-MidTier,PAN,Delhi,0,1,1,221,consent_sign,5.5,0,2026-01-25 06:31:00
S000268,5E6FEA07,Android-Budget,Aadhaar,West Bengal,1,0,1,90,doc_upload,1.5,1,2026-01-09 12:47:00
S000269,F6B751F7,iOS-HighEnd,Aadhaar,Delhi,0,0,0,108,liveness_check,1.5,1,2026-01-17 05:38:00
S000270,C71D5E60,Android-MidTier,PAN,Delhi,0,0,0,114,consent_sign,3.5,0,2026-03-01 05:49:00
S000271,4FA03F26,iOS-HighEnd,Driving License,Tamil Nadu,0,0,0,144,consent_sign,3.5,0,2026-02-05 10:36:00
S000272,EDCB8CB6,Android-MidTier,PAN,Gujarat,0,0,0,18,phone_otp,0.0,1,2026-02-10 05:10:00
S000273,E87466D7,iOS-HighEnd,Driving License,Maharashtra,0,0,0,53,doc_upload,0.0,1,2026-02-14 07:18:00
S000274,F1043785,iOS-HighEnd,Aadhaar,Tamil Nadu,0,0,0,140,consent_sign,3.5,0,2026-02-01 03:01:00
S000275,9793B9B4,iOS-HighEnd,Driving License,Tamil Nadu,1,1,2,201,consent_sign,7.0,0,2026-01-15 14:48:00
S000276,3E2B6091,Android-MidTier,Driving License,West Bengal,0,0,0,55,doc_upload,0.0,1,2026-01-12 03:19:00
S000277,4D3485C5,Android-MidTier,Passport,Gujarat,0,0,0,140,consent_sign,3.5,0,2026-02-25 07:54:00
S000278,CE3714AF,Android-MidTier,Passport,West Bengal,0,1,2,155,consent_sign,5.5,0,2026-03-02 03:36:00
S000279,90E0F4A0,iOS-HighEnd,PAN,Karnataka,0,1,1,156,consent_sign,5.5,0,2026-01-24 11:30:00
S000280,8861FE18,Android-MidTier,Driving License,Maharashtra,0,2,2,185,consent_sign,7.5,0,2026-01-13 14:07:00
S000281,11A72609,iOS-HighEnd,PAN,Delhi,0,0,0,150,consent_sign,3.5,0,2026-02-08 10:35:00
S000282,033D2BCE,iOS-HighEnd,PAN,Karnataka,0,0,0,131,consent_sign,3.5,0,2026-01-29 21:44:00
S000283,7D7DDBED,Android-Budget,Passport,Gujarat,0,0,0,146,consent_sign,3.5,0,2026-01-11 20:06:00
S000284,5CB85AED,iOS-HighEnd,Driving License,Karnataka,0,1,1,107,liveness_check,3.5,1,2026-01-03 15:12:00
S000285,75B17A55,Android-MidTier,Aadhaar,Delhi,0,0,0,137,consent_sign,3.5,0,2026-02-19 14:12:00
S000286,2D174FC9,Android-MidTier,Aadhaar,Tamil Nadu,1,0,1,75,doc_upload,1.5,1,2026-01-27 12:21:00
S000287,A6846099,iOS-HighEnd,PAN,West Bengal,0,0,0,116,consent_sign,3.5,0,2026-02-10 15:53:00
S000288,EB6C1016,Android-MidTier,PAN,West Bengal,0,0,0,153,consent_sign,3.5,0,2026-01-18 08:27:00
S000289,7701F7BB,iOS-HighEnd,Passport,Gujarat,0,0,0,147,consent_sign,3.5,0,2026-01-15 07:46:00
S000290,97AC6AA8,Android-MidTier,Aadhaar,Gujarat,0,0,0,161,consent_sign,3.5,0,2026-01-18 01:40:00
S000291,3ED8C56C,Android-Budget,Aadhaar,Maharashtra,0,1,1,178,consent_sign,5.5,0,2026-02-13 13:20:00
S000292,4767D76C,Android-Budget,Driving License,Tamil Nadu,0,0,0,2,registration,0.0,1,2026-02-04 11:06:00
S000293,C01F36BF,iOS-HighEnd,Aadhaar,Maharashtra,0,0,1,149,consent_sign,3.5,0,2026-01-30 11:44:00
S000294,AB0E664E,Android-MidTier,Aadhaar,West Bengal,0,0,1,25,registration,0.0,1,2026-02-09 22:47:00
S000295,7E8ADEE7,Android-Budget,Aadhaar,Karnataka,0,0,0,141,consent_sign,3.5,1,2026-01-08 00:00:00
S000296,7CD0129D,iOS-HighEnd,Aadhaar,West Bengal,0,0,1,209,consent_sign,3.5,0,2026-02-19 00:21:00
S000297,4223623B,iOS-HighEnd,Driving License,Karnataka,0,0,0,143,consent_sign,3.5,0,2026-01-04 03:19:00
S000298,989D9D4A,Android-MidTier,Passport,Maharashtra,0,0,1,135,consent_sign,3.5,0,2026-03-01 07:26:00
S000299,8E485223,Android-MidTier,PAN,Karnataka,0,0,0,132,consent_sign,3.5,0,2026-02-16 23:41:00
S000300,30E912F2,iOS-HighEnd,Aadhaar,Delhi,0,0,0,151,consent_sign,3.5,0,2026-03-01 00:18:00
S000301,680BAC63,iOS-HighEnd,Passport,Tamil Nadu,0,0,0,129,consent_sign,3.5,1,2026-01-18 22:42:00
S000302,3D85DE89,iOS-HighEnd,Driving License,Delhi,0,0,0,128,consent_sign,3.5,0,2026-01-21 11:55:00
S000303,B63B4DC3,iOS-HighEnd,PAN,Gujarat,0,0,0,155,consent_sign,3.5,0,2026-01-26 21:00:00
S000304,046A0DF5,Android-MidTier,Aadhaar,Gujarat,0,0,0,130,consent_sign,3.5,0,2026-01-20 16:46:00
S000305,6786D506,Android-MidTier,Aadhaar,Tamil Nadu,0,0,1,161,consent_sign,3.5,0,2026-02-15 22:43:00
S000306,A9F948B2,Android-MidTier,Passport,Maharashtra,0,0,0,123,consent_sign,3.5,0,2026-02-14 08:13:00
S000307,8DB06746,Android-Budget,Aadhaar,West Bengal,2,0,2,219,consent_sign,6.5,0,2026-01-05 13:26:00
S000308,FF233D5F,Android-Budget,Driving License,Delhi,0,0,0,43,doc_upload,0.0,1,2026-02-17 08:01:00
S000309,5A104129,Android-Budget,PAN,Karnataka,0,1,1,162,consent_sign,5.5,0,2026-02-10 08:58:00
S000310,4E7ED827,iOS-HighEnd,Driving License,Maharashtra,0,0,0,128,consent_sign,3.5,0,2026-01-16 00:14:00
S000311,B8A6171F,iOS-HighEnd,Aadhaar,West Bengal,0,0,0,153,consent_sign,3.5,0,2026-02-07 05:43:00
S000312,BE2D740A,iOS-HighEnd,PAN,Gujarat,0,0,0,137,consent_sign,3.5,0,2026-02-23 08:48:00
S000313,B0AE8F08,iOS-HighEnd,Driving License,Karnataka,0,1,1,175,consent_sign,5.5,1,2026-02-16 05:47:00
S000314,BD1531C8,Android-MidTier,Driving License,Delhi,0,0,0,136,consent_sign,3.5,0,2026-02-17 20:25:00
S000315,96EF2AD6,Android-Budget,Aadhaar,Tamil Nadu,0,3,3,216,liveness_check,7.5,1,2026-02-22 18:33:00
S000316,98C7472A,Android-MidTier,Passport,Delhi,0,0,0,154,consent_sign,3.5,0,2026-02-09 02:46:00
S000317,D52721E7,Android-MidTier,Driving License,Delhi,0,0,0,151,consent_sign,3.5,0,2026-02-20 20:13:00
S000318,5C62B3A2,iOS-HighEnd,PAN,Gujarat,0,1,1,132,consent_sign,5.5,0,2026-01-10 11:03:00
S000319,B540B30E,Android-MidTier,PAN,Delhi,1,0,2,200,consent_sign,5.0,0,2026-01-25 06:43:00
S000320,0BA6EAB9,iOS-HighEnd,PAN,Gujarat,0,0,1,64,phone_otp,0.0,1,2026-01-04 09:25:00
S000321,4AC9778D,iOS-HighEnd,Driving License,Delhi,0,0,1,135,consent_sign,3.5,0,2026-01-26 10:47:00
S000322,A34B6CF6,Android-MidTier,Driving License,Tamil Nadu,0,0,0,92,consent_sign,3.5,0,2026-01-19 00:56:00
S000323,1A432F0A,Android-Budget,Passport,West Bengal,0,0,0,156,consent_sign,3.5,0,2026-02-22 15:52:00
S000324,48CA7651,Android-MidTier,Aadhaar,Tamil Nadu,0,1,1,80,liveness_check,3.5,1,2026-01-24 19:12:00
S000325,5738811D,iOS-HighEnd,Driving License,West Bengal,0,0,0,134,consent_sign,3.5,0,2026-01-09 19:10:00
S000326,40A26C60,Android-MidTier,Driving License,West Bengal,0,1,1,117,liveness_check,3.5,1,2026-01-18 15:25:00
S000327,1D34D08E,Android-MidTier,Driving License,Gujarat,0,0,0,1,registration,0.0,1,2026-01-08 11:27:00
S000328,7DE31A51,Android-Budget,Passport,Gujarat,2,0,2,138,doc_upload,3.0,1,2026-02-14 05:34:00
S000329,AFBB411A,Android-Budget,Driving License,Tamil Nadu,0,3,4,180,liveness_check,7.5,1,2026-02-18 04:29:00
S000330,CFA701CD,Android-MidTier,Passport,Delhi,0,0,0,151,consent_sign,3.5,0,2026-02-13 05:40:00
S000331,15CE6A66,Android-MidTier,Passport,Karnataka,0,0,0,75,liveness_check,1.5,1,2026-01-10 10:10:00
S000332,8EDDDFCD,Android-MidTier,PAN,West Bengal,0,0,0,150,consent_sign,3.5,0,2026-02-15 19:23:00
S000333,989BC4DA,iOS-HighEnd,Aadhaar,Tamil Nadu,0,0,0,151,consent_sign,3.5,0,2026-02-13 17:00:00
S000334,C693DA11,iOS-HighEnd,PAN,Delhi,0,0,0,136,consent_sign,3.5,0,2026-02-22 20:09:00
S000335,E893BE3D,iOS-HighEnd,Driving License,West Bengal,0,0,0,123,consent_sign,3.5,0,2026-02-01 01:02:00
S000336,96A9954F,iOS-HighEnd,Passport,West Bengal,0,0,0,140,consent_sign,3.5,0,2026-02-10 19:53:00
S000337,9191B363,Android-Budget,Driving License,Maharashtra,0,0,1,146,consent_sign,3.5,0,2026-01-16 12:37:00
S000338,F5C9B047,Android-Budget,Driving License,West Bengal,0,1,2,126,liveness_check,3.5,1,2026-01-27 04:47:00
S000339,C342BD2B,iOS-HighEnd,PAN,Gujarat,0,0,0,154,consent_sign,3.5,0,2026-02-19 10:05:00
S000340,43BFD931,Android-Budget,Passport,Delhi,0,0,0,26,phone_otp,0.0,1,2026-02-10 13:15:00
S000341,3D67CDE9,iOS-HighEnd,Passport,Tamil Nadu,0,0,0,108,consent_sign,3.5,0,2026-02-01 15:13:00
S000342,2812859A,Android-MidTier,Driving License,Gujarat,0,0,0,108,consent_sign,3.5,0,2026-01-18 11:56:00
S000343,B07AA066,iOS-HighEnd,Passport,Delhi,0,0,0,112,consent_sign,3.5,0,2026-02-26 03:35:00
S000344,085B15FB,iOS-HighEnd,PAN,Delhi,0,0,0,1,registration,0.0,1,2026-02-15 02:46:00
S000345,48603B32,Android-MidTier,Aadhaar,Karnataka,0,0,0,37,doc_upload,0.0,1,2026-02-19 00:39:00
S000346,1238D630,Android-MidTier,Aadhaar,Tamil Nadu,0,1,1,130,liveness_check,3.5,1,2026-01-15 01:10:00
S000347,43B9DA13,Android-MidTier,Aadhaar,Gujarat,1,0,1,134,consent_sign,5.0,1,2026-02-06 01:15:00
S000348,96FC734D,Android-Budget,PAN,Tamil Nadu,0,3,3,199,liveness_check,7.5,1,2026-01-09 21:15:00
S000349,32A447B2,iOS-HighEnd,Passport,Maharashtra,0,0,0,39,doc_upload,0.0,1,2026-02-09 20:26:00
S000350,398D1CA6,Android-Budget,Driving License,West Bengal,0,0,1,158,consent_sign,3.5,0,2026-02-23 05:22:00
S000351,44007D5A,iOS-HighEnd,Driving License,Karnataka,0,0,0,128,consent_sign,3.5,0,2026-01-12 18:52:00
S000352,0F44704F,Android-MidTier,Driving License,West Bengal,0,0,0,146,consent_sign,3.5,0,2026-01-04 22:15:00
S000353,9854CE4E,Android-MidTier,PAN,Maharashtra,0,0,0,144,consent_sign,3.5,0,2026-02-20 19:22:00
S000354,EBD34616,Android-MidTier,PAN,Delhi,0,0,0,140,consent_sign,3.5,0,2026-02-03 11:20:00
S000355,77FC9703,Android-MidTier,Aadhaar,Gujarat,1,0,1,83,doc_upload,1.5,1,2026-01-11 09:18:00
S000356,670ACC5C,iOS-HighEnd,Driving License,West Bengal,0,0,1,174,consent_sign,3.5,0,2026-02-22 07:23:00
S000357,8A3C3B5E,Android-MidTier,Passport,Gujarat,0,0,0,155,consent_sign,3.5,0,2026-01-06 20:36:00
S000358,9918EE46,Android-MidTier,Aadhaar,Maharashtra,0,0,0,119,consent_sign,3.5,0,2026-01-20 23:38:00
S000359,BC0A6A5D,Android-MidTier,Passport,West Bengal,0,1,1,160,consent_sign,5.5,0,2026-02-28 11:05:00
S000360,069F14F1,iOS-HighEnd,Driving License,West Bengal,0,0,0,138,consent_sign,3.5,0,2026-02-04 04:02:00
S000361,AC9ED156,iOS-HighEnd,Aadhaar,West Bengal,0,0,0,3,registration,0.0,1,2026-02-06 11:27:00
S000362,964DB03F,iOS-HighEnd,Aadhaar,Gujarat,0,0,0,21,phone_otp,0.0,1,2026-02-24 13:27:00
S000363,C3C75611,Android-Budget,Passport,Maharashtra,0,3,3,167,liveness_check,7.5,1,2026-01-20 21:17:00
S000364,9384EC2B,Android-MidTier,PAN,West Bengal,0,1,1,127,liveness_check,3.5,1,2026-02-06 17:22:00
S000365,2CD94CBB,iOS-HighEnd,Driving License,Maharashtra,0,0,0,155,consent_sign,3.5,0,2026-02-22 18:54:00
S000366,7135F221,Android-MidTier,Driving License,Maharashtra,0,0,0,132,consent_sign,3.5,0,2026-01-02 08:58:00
S000367,FF37D19C,Android-MidTier,Aadhaar,Karnataka,0,0,0,115,consent_sign,3.5,0,2026-02-24 12:05:00
S000368,D0725B5C,iOS-HighEnd,PAN,Tamil Nadu,0,1,1,164,consent_sign,5.5,0,2026-01-13 04:48:00
S000369,785299F4,iOS-HighEnd,Passport,Delhi,0,0,0,122,consent_sign,3.5,0,2026-02-08 21:14:00
S000370,5230DFBD,iOS-HighEnd,PAN,West Bengal,0,0,1,135,consent_sign,3.5,0,2026-01-22 14:03:00
S000371,292BD156,Android-MidTier,PAN,West Bengal,0,0,0,139,consent_sign,3.5,1,2026-01-31 12:59:00
S000372,7ED70ED7,iOS-HighEnd,PAN,Maharashtra,1,0,1,224,consent_sign,5.0,0,2026-01-24 14:03:00
S000373,668409E3,iOS-HighEnd,Driving License,Karnataka,0,0,0,130,consent_sign,3.5,0,2026-03-01 10:39:00
S000374,0964FBBF,Android-MidTier,Aadhaar,Karnataka,0,0,0,38,doc_upload,0.0,1,2026-01-03 06:56:00
S000375,409D3602,iOS-HighEnd,Passport,Karnataka,0,0,0,97,consent_sign,3.5,0,2026-02-02 16:20:00
S000376,C5C5B37A,Android-Budget,PAN,Delhi,0,1,1,176,consent_sign,5.5,0,2026-01-21 20:47:00
S000377,D32E6DCD,Android-MidTier,PAN,Karnataka,0,0,0,154,consent_sign,3.5,0,2026-02-11 05:13:00
S000378,DE8EDE0B,iOS-HighEnd,PAN,Delhi,0,0,0,125,consent_sign,3.5,0,2026-01-14 13:05:00
S000379,0DE051A6,iOS-HighEnd,Driving License,West Bengal,0,0,0,88,consent_sign,3.5,0,2026-01-28 22:40:00
S000380,9F64EEED,Android-MidTier,PAN,Gujarat,0,0,0,136,consent_sign,3.5,0,2026-02-21 22:43:00
S000381,71299889,Android-Budget,Driving License,Karnataka,0,0,0,158,consent_sign,3.5,0,2026-02-15 01:34:00
S000382,445DCC38,Android-Budget,Driving License,Gujarat,1,0,1,191,consent_sign,5.0,0,2026-01-17 10:49:00
S000383,49BC473F,iOS-HighEnd,Aadhaar,Gujarat,0,1,1,163,consent_sign,5.5,0,2026-02-28 17:08:00
S000384,7C16128D,iOS-HighEnd,Passport,Delhi,0,0,0,108,consent_sign,3.5,0,2026-02-06 13:31:00
S000385,A14923C2,iOS-HighEnd,PAN,Tamil Nadu,0,0,0,127,consent_sign,3.5,0,2026-02-23 14:55:00
S000386,B5B453CA,iOS-HighEnd,Aadhaar,Maharashtra,0,0,0,134,consent_sign,3.5,0,2026-01-16 06:15:00
S000387,03802B70,Android-Budget,Passport,Gujarat,1,0,1,177,consent_sign,5.0,0,2026-01-16 21:18:00
S000388,3985FB62,iOS-HighEnd,Aadhaar,Gujarat,0,0,1,60,phone_otp,0.0,1,2026-01-19 19:08:00
S000389,1D0BC9BD,Android-MidTier,PAN,Gujarat,0,0,0,38,doc_upload,0.0,1,2026-01-22 23:39:00
S000390,A5D04D53,Android-Budget,PAN,Maharashtra,0,1,1,135,liveness_check,3.5,1,2026-02-26 17:53:00
S000391,EEC259DC,iOS-HighEnd,PAN,Karnataka,0,0,0,145,consent_sign,3.5,0,2026-02-08 06:51:00
S000392,B495DB4E,iOS-HighEnd,Passport,Delhi,0,0,0,119,consent_sign,3.5,0,2026-01-28 13:49:00
S000393,7B85179A,Android-Budget,PAN,Gujarat,0,0,0,111,consent_sign,3.5,0,2026-01-20 10:24:00
S000394,74EFF545,Android-MidTier,Passport,Gujarat,0,0,0,134,consent_sign,3.5,0,2026-01-30 03:22:00
S000395,30CBD755,Android-MidTier,PAN,Maharashtra,0,1,1,178,consent_sign,5.5,1,2026-01-27 18:34:00
S000396,BF0D073D,Android-MidTier,Passport,Maharashtra,1,0,2,80,doc_upload,1.5,1,2026-01-26 23:13:00
S000397,11DF12D7,iOS-HighEnd,Driving License,Tamil Nadu,0,0,0,144,consent_sign,3.5,0,2026-02-01 02:14:00
S000398,DABAC50D,iOS-HighEnd,Passport,Gujarat,0,0,0,140,consent_sign,3.5,0,2026-02-17 18:18:00
S000399,C9A7D91F,Android-Budget,Passport,Tamil Nadu,0,0,1,104,consent_sign,3.5,1,2026-01-04 04:05:00
S000400,00A81DE9,Android-Budget,Passport,Tamil Nadu,1,0,1,158,consent_sign,5.0,0,2026-01-22 23:08:00
S000401,D664D264,Android-MidTier,Passport,Delhi,1,0,1,59,doc_upload,1.5,1,2026-02-14 08:09:00
S000402,A8F1E091,iOS-HighEnd,Aadhaar,Maharashtra,0,0,1,166,consent_sign,3.5,0,2026-02-05 14:41:00
S000403,7250EE18,Android-MidTier,PAN,Delhi,0,0,0,135,consent_sign,3.5,0,2026-01-19 14:07:00
S000404,551AC8EA,Android-Budget,Passport,Delhi,0,0,0,142,consent_sign,3.5,0,2026-02-02 05:16:00
S000405,6090D697,Android-MidTier,Aadhaar,Tamil Nadu,0,0,0,113,consent_sign,3.5,0,2026-01-05 22:13:00
S000406,DE9E3757,iOS-HighEnd,Aadhaar,Tamil Nadu,0,0,0,129,consent_sign,3.5,0,2026-02-18 21:24:00
S000407,3D225C30,Android-MidTier,Passport,Delhi,0,0,0,129,consent_sign,3.5,0,2026-01-14 09:57:00
S000408,DB23AA8C,iOS-HighEnd,Passport,Delhi,0,0,0,125,consent_sign,3.5,0,2026-01-16 21:07:00
S000409,517400F8,Android-Budget,PAN,Gujarat,0,0,1,127,consent_sign,3.5,0,2026-02-07 23:10:00
S000410,E9D68F23,Android-Budget,Driving License,Maharashtra,0,1,1,148,consent_sign,5.5,0,2026-01-08 10:09:00
S000411,FD08B32C,iOS-HighEnd,Aadhaar,Karnataka,0,0,0,117,consent_sign,3.5,0,2026-01-13 23:28:00
S000412,A6EAB79E,Android-MidTier,Passport,Maharashtra,2,0,2,242,consent_sign,6.5,0,2026-02-09 21:40:00
S000413,F6FEBC0E,Android-MidTier,Passport,West Bengal,0,0,0,93,consent_sign,3.5,0,2026-02-06 05:17:00
S000414,F72169BB,Android-Budget,PAN,Maharashtra,0,0,1,196,consent_sign,3.5,0,2026-01-12 18:15:00
S000415,19B17E80,Android-MidTier,Driving License,Gujarat,0,0,0,49,doc_upload,0.0,1,2026-02-11 16:38:00
S000416,1986B4B2,Android-Budget,Passport,Tamil Nadu,0,0,1,166,consent_sign,3.5,0,2026-01-22 21:11:00
S000417,03EDD1F8,Android-Budget,Driving License,Gujarat,0,0,0,113,consent_sign,3.5,0,2026-01-26 18:24:00
S000418,DEF57689,iOS-HighEnd,Passport,Gujarat,0,0,1,157,consent_sign,3.5,0,2026-01-06 03:17:00
S000419,1327F1BC,iOS-HighEnd,Driving License,Gujarat,0,0,0,143,consent_sign,3.5,0,2026-01-06 22:10:00
S000420,43D88870,Android-Budget,Passport,Delhi,3,0,4,184,doc_upload,4.5,1,2026-01-13 09:32:00
S000421,65C17795,Android-MidTier,Driving License,Tamil Nadu,0,0,0,166,consent_sign,3.5,0,2026-01-15 08:44:00
S000422,541CDFCD,iOS-HighEnd,Driving License,Tamil Nadu,0,0,0,95,consent_sign,3.5,0,2026-01-16 14:07:00
S000423,889B78D5,Android-MidTier,Driving License,Tamil Nadu,0,0,1,168,consent_sign,3.5,0,2026-01-27 14:52:00
S000424,A075E927,iOS-HighEnd,Driving License,West Bengal,0,0,0,140,consent_sign,3.5,0,2026-02-05 22:29:00
S000425,7CEA2045,iOS-HighEnd,Driving License,Maharashtra,1,0,1,102,doc_upload,1.5,1,2026-01-02 10:07:00
S000426,9E11D2CD,iOS-HighEnd,PAN,Gujarat,0,0,0,124,consent_sign,3.5,0,2026-02-24 09:54:00
S000427,AF34CF65,iOS-HighEnd,Passport,Delhi,0,0,0,130,consent_sign,3.5,0,2026-01-18 02:31:00
S000428,3A3C8A71,iOS-HighEnd,Passport,Maharashtra,0,0,0,98,consent_sign,3.5,0,2026-01-08 01:38:00
S000429,FA745761,Android-MidTier,Aadhaar,Karnataka,0,2,2,147,liveness_check,5.5,1,2026-02-15 02:54:00
S000430,B4323070,iOS-HighEnd,Aadhaar,Maharashtra,0,0,0,147,consent_sign,3.5,0,2026-02-28 14:50:00
S000431,2A96E1E2,Android-MidTier,PAN,Maharashtra,0,0,0,126,consent_sign,3.5,0,2026-01-07 17:08:00
S000432,0769165F,Android-Budget,Aadhaar,Delhi,0,2,2,211,consent_sign,7.5,0,2026-03-01 05:33:00
S000433,0E5DD462,Android-MidTier,Driving License,West Bengal,0,0,2,168,consent_sign,3.5,0,2026-02-27 22:21:00
S000434,6E417D47,Android-MidTier,Aadhaar,Karnataka,2,0,2,130,doc_upload,3.0,1,2026-02-07 05:50:00
S000435,697C3923,Android-Budget,Aadhaar,Tamil Nadu,0,0,0,30,doc_upload,0.0,1,2026-03-01 20:19:00
S000436,2E183554,Android-MidTier,Aadhaar,Tamil Nadu,0,1,1,170,consent_sign,5.5,0,2026-01-29 07:23:00
S000437,9C07A751,iOS-HighEnd,Aadhaar,West Bengal,0,0,0,129,consent_sign,3.5,0,2026-01-30 20:18:00
S000438,AEE1E86B,Android-MidTier,PAN,Tamil Nadu,0,0,1,152,consent_sign,3.5,0,2026-02-04 00:07:00
S000439,9549C931,iOS-HighEnd,Driving License,West Bengal,0,0,1,179,consent_sign,3.5,0,2026-01-27 03:49:00
S000440,A34DB7C5,Android-Budget,Passport,Delhi,0,0,0,152,consent_sign,3.5,0,2026-01-09 08:17:00
S000441,AAB612C9,Android-Budget,PAN,Delhi,0,0,0,170,consent_sign,3.5,0,2026-02-27 08:31:00
S000442,771AD655,Android-MidTier,Driving License,Delhi,0,0,1,150,consent_sign,3.5,0,2026-01-20 09:51:00
S000443,8BEDDB12,iOS-HighEnd,Driving License,Karnataka,0,0,0,135,consent_sign,3.5,0,2026-01-31 00:05:00
S000444,F1FAF665,iOS-HighEnd,Driving License,Maharashtra,0,0,0,127,consent_sign,3.5,0,2026-02-23 14:09:00
S000445,4C955F6A,iOS-HighEnd,Aadhaar,West Bengal,0,0,0,121,consent_sign,3.5,0,2026-01-12 21:53:00
S000446,B0B862EF,Android-MidTier,PAN,Gujarat,0,0,0,118,consent_sign,3.5,0,2026-02-25 23:54:00
S000447,4D57D880,iOS-HighEnd,PAN,Delhi,0,1,1,169,consent_sign,5.5,0,2026-01-23 18:49:00
S000448,DA743152,Android-MidTier,Driving License,Tamil Nadu,0,0,0,18,phone_otp,0.0,1,2026-01-10 06:04:00
S000449,61A11729,Android-Budget,PAN,Delhi,0,0,0,99,consent_sign,3.5,1,2026-01-21 04:14:00
S000450,4BBE4AFF,Android-Budget,PAN,West Bengal,0,0,1,171,consent_sign,3.5,0,2026-02-12 13:06:00
S000451,059DD55D,iOS-HighEnd,PAN,West Bengal,0,0,0,122,consent_sign,3.5,0,2026-02-26 02:01:00
S000452,6553867D,iOS-HighEnd,Passport,Karnataka,0,0,0,122,consent_sign,3.5,0,2026-02-03 14:36:00
S000453,DD750E98,Android-MidTier,PAN,Delhi,0,0,0,115,consent_sign,3.5,0,2026-01-20 10:18:00
S000454,F93E08D5,Android-Budget,Passport,Tamil Nadu,1,0,1,118,doc_upload,1.5,1,2026-02-18 20:02:00
S000455,BEC39A37,Android-MidTier,PAN,Delhi,1,0,1,198,consent_sign,5.0,0,2026-02-05 21:27:00
S000456,E726BE23,Android-MidTier,Driving License,Tamil Nadu,0,0,1,27,registration,0.0,1,2026-02-01 21:22:00
S000457,3AE909FE,Android-MidTier,Passport,Tamil Nadu,0,0,0,121,consent_sign,3.5,0,2026-01-22 11:31:00
S000458,3810AE66,iOS-HighEnd,PAN,Delhi,0,0,0,138,consent_sign,3.5,0,2026-01-29 05:32:00
S000459,402913EC,Android-MidTier,PAN,West Bengal,0,0,0,134,consent_sign,3.5,0,2026-01-17 22:11:00
S000460,C478F6F1,Android-MidTier,Passport,Delhi,1,1,2,246,consent_sign,7.0,0,2026-01-04 11:46:00
S000461,2303F6C6,Android-MidTier,PAN,Gujarat,1,0,1,178,consent_sign,5.0,0,2026-02-22 13:19:00
S000462,A0A11839,Android-Budget,PAN,Gujarat,0,0,0,124,consent_sign,3.5,0,2026-01-06 08:13:00
S000463,C9E26074,Android-Budget,Passport,Gujarat,0,3,3,177,liveness_check,7.5,1,2026-02-14 23:26:00
S000464,5D678BB1,Android-Budget,Passport,Karnataka,0,1,1,126,consent_sign,5.5,0,2026-02-10 14:39:00
S000465,E8DD5E5A,iOS-HighEnd,Driving License,Maharashtra,0,0,0,3,registration,0.0,1,2026-02-24 02:21:00
S000466,6A5E6920,Android-MidTier,PAN,Gujarat,0,0,0,144,consent_sign,3.5,0,2026-02-08 01:31:00
S000467,C958E75E,Android-Budget,Driving License,Karnataka,0,0,0,1,registration,0.0,1,2026-02-15 07:22:00
S000468,5DA8D6D2,Android-MidTier,Passport,Delhi,0,0,0,140,consent_sign,3.5,0,2026-01-15 08:28:00
S000469,45C45A3E,Android-MidTier,Driving License,Maharashtra,0,0,0,131,consent_sign,3.5,0,2026-01-26 13:35:00
S000470,E9FF1CAE,Android-MidTier,Passport,Karnataka,1,0,1,189,consent_sign,5.0,0,2026-01-02 22:19:00
S000471,F7A67B94,Android-MidTier,PAN,West Bengal,0,0,0,165,consent_sign,3.5,0,2026-02-17 02:33:00
S000472,DED255D0,iOS-HighEnd,Passport,Karnataka,0,0,0,3,registration,0.0,1,2026-01-10 01:21:00
S000473,77E490C7,Android-MidTier,Driving License,Tamil Nadu,0,0,0,109,consent_sign,3.5,0,2026-02-04 06:51:00
S000474,C1101266,Android-MidTier,Aadhaar,Tamil Nadu,0,0,0,138,consent_sign,3.5,0,2026-02-18 18:22:00
S000475,AD238D36,Android-Budget,PAN,West Bengal,0,1,3,185,consent_sign,5.5,1,2026-02-01 11:12:00
S000476,65BCC272,iOS-HighEnd,Aadhaar,Tamil Nadu,0,0,0,130,consent_sign,3.5,0,2026-02-17 01:42:00
S000477,8EAC0A33,iOS-HighEnd,Aadhaar,Maharashtra,0,0,0,155,consent_sign,3.5,0,2026-02-02 07:56:00
S000478,6502D6A2,Android-MidTier,Aadhaar,Gujarat,0,0,0,123,consent_sign,3.5,0,2026-02-22 22:57:00
S000479,1FA382E8,iOS-HighEnd,PAN,Tamil Nadu,0,0,0,132,consent_sign,3.5,0,2026-02-03 16:33:00
S000480,BFBF397B,iOS-HighEnd,PAN,Tamil Nadu,0,0,1,144,consent_sign,3.5,0,2026-02-17 15:21:00
S000481,618AE305,Android-MidTier,PAN,Maharashtra,0,0,0,36,doc_upload,0.0,1,2026-02-09 06:53:00
S000482,5F18E583,Android-MidTier,Driving License,Tamil Nadu,0,0,0,166,consent_sign,3.5,0,2026-01-10 21:45:00
S000483,78B2B549,Android-MidTier,Passport,Karnataka,0,0,0,187,consent_sign,3.5,0,2026-01-19 10:54:00
S000484,F1738856,iOS-HighEnd,Driving License,Delhi,0,0,0,107,consent_sign,3.5,0,2026-02-28 22:28:00
S000485,9C2E58DE,iOS-HighEnd,Aadhaar,Maharashtra,0,1,2,219,consent_sign,5.5,0,2026-01-13 14:03:00
S000486,A2A9D4D8,iOS-HighEnd,Passport,Gujarat,0,0,1,180,consent_sign,3.5,0,2026-01-25 03:36:00
S000487,B379CB1E,Android-MidTier,PAN,Delhi,0,0,0,132,consent_sign,3.5,0,2026-02-09 12:50:00
S000488,1DDE7969,Android-MidTier,Passport,Tamil Nadu,1,0,1,109,doc_upload,1.5,1,2026-02-05 22:59:00
S000489,0986BBEB,Android-Budget,Passport,West Bengal,0,1,1,151,liveness_check,3.5,1,2026-02-03 16:26:00
S000490,1DBA1267,Android-MidTier,Passport,Gujarat,0,0,0,153,consent_sign,3.5,0,2026-03-01 07:45:00
S000491,899CA782,iOS-HighEnd,Passport,Maharashtra,0,0,0,142,consent_sign,3.5,0,2026-02-08 16:03:00
S000492,5EFA9C5B,iOS-HighEnd,Passport,Karnataka,0,0,0,137,consent_sign,3.5,0,2026-02-16 02:18:00
S000493,B24CC64F,Android-Budget,Driving License,Karnataka,1,0,1,191,consent_sign,5.0,0,2026-02-22 12:52:00
S000494,965BEFDF,iOS-HighEnd,Driving License,West Bengal,0,1,1,134,consent_sign,5.5,0,2026-01-28 15:09:00
S000495,E2AA7A5D,iOS-HighEnd,Passport,West Bengal,0,0,0,114,consent_sign,3.5,0,2026-02-12 20:49:00
S000496,D56CE8EA,iOS-HighEnd,Driving License,Tamil Nadu,0,0,0,101,consent_sign,3.5,0,2026-01-28 15:57:00
S000497,F065C817,iOS-HighEnd,PAN,Karnataka,0,0,0,3,registration,0.0,1,2026-01-11 16:04:00
S000498,B0B63BCF,Android-Budget,Driving License,Gujarat,2,0,2,190,consent_sign,6.5,0,2026-02-12 13:58:00
S000499,71D79665,Android-MidTier,Driving License,Delhi,0,0,0,120,consent_sign,3.5,0,2026-01-07 02:53:00
S000500,5CD8FE1A,Android-MidTier,Passport,Tamil Nadu,0,0,0,135,consent_sign,3.5,0,2026-02-23 03:56:00
S000501,5E09A9EE,Android-MidTier,Aadhaar,Karnataka,0,1,1,199,consent_sign,5.5,0,2026-01-14 11:10:00
S000502,A5135EA0,Android-MidTier,Passport,Tamil Nadu,0,0,0,32,phone_otp,0.0,1,2026-01-14 12:33:00
S000503,46A02A9B,Android-Budget,PAN,Delhi,1,1,2,175,consent_sign,7.0,0,2026-01-06 07:26:00
S000504,F2F25EEF,Android-Budget,Driving License,West Bengal,1,0,1,179,consent_sign,5.0,0,2026-01-15 22:01:00
S000505,1777E8CB,Android-Budget,Passport,Gujarat,0,0,0,124,consent_sign,3.5,0,2026-01-15 22:16:00
S000506,A3B5CECE,Android-MidTier,PAN,Maharashtra,0,0,0,135,consent_sign,3.5,0,2026-02-28 16:30:00
S000507,0CF2B69B,iOS-HighEnd,Passport,Tamil Nadu,0,0,0,111,consent_sign,3.5,0,2026-02-07 16:20:00
S000508,FD235DEF,iOS-HighEnd,PAN,Maharashtra,0,0,0,134,consent_sign,3.5,0,2026-02-22 06:02:00
S000509,34885A46,Android-MidTier,Passport,Karnataka,0,0,0,140,consent_sign,3.5,0,2026-02-09 08:57:00
S000510,8DE08FC2,iOS-HighEnd,PAN,Delhi,0,0,0,118,consent_sign,3.5,0,2026-01-19 19:46:00
S000511,D0243D72,Android-MidTier,Aadhaar,Delhi,0,0,0,118,consent_sign,3.5,0,2026-01-14 14:49:00
S000512,C63D04EE,Android-MidTier,PAN,West Bengal,1,0,1,136,consent_sign,5.0,0,2026-02-06 12:28:00
S000513,989240AC,Android-MidTier,Aadhaar,Delhi,0,1,1,177,consent_sign,5.5,0,2026-01-05 11:25:00
S000514,FBE94499,iOS-HighEnd,Driving License,Karnataka,0,0,0,136,consent_sign,3.5,0,2026-01-30 05:11:00
S000515,8A4B8F7C,iOS-HighEnd,Passport,Tamil Nadu,0,0,0,166,consent_sign,3.5,0,2026-01-25 08:11:00
S000516,1C24220E,iOS-HighEnd,PAN,Maharashtra,0,0,0,118,consent_sign,3.5,0,2026-01-22 06:08:00
S000517,21BDDB41,iOS-HighEnd,PAN,Maharashtra,0,0,0,149,consent_sign,3.5,0,2026-01-11 13:44:00
S000518,C9D6A63B,iOS-HighEnd,PAN,Tamil Nadu,0,0,0,157,consent_sign,3.5,0,2026-01-01 17:00:00
S000519,040A3AAE,iOS-HighEnd,Passport,Karnataka,0,0,0,4,registration,0.0,1,2026-01-10 23:42:00
S000520,20733F6D,iOS-HighEnd,Driving License,West Bengal,0,0,0,31,phone_otp,0.0,1,2026-02-14 00:15:00
S000521,1D181EE9,Android-Budget,Driving License,Delhi,0,1,1,159,consent_sign,5.5,0,2026-03-02 01:25:00
S000522,72C22A16,iOS-HighEnd,PAN,Karnataka,0,0,0,152,consent_sign,3.5,0,2026-01-24 13:24:00
S000523,97FA7F04,iOS-HighEnd,Driving License,West Bengal,0,0,0,145,consent_sign,3.5,0,2026-02-15 00:16:00
S000524,38B77C07,iOS-HighEnd,Driving License,Maharashtra,1,0,1,174,consent_sign,5.0,0,2026-02-21 14:01:00
S000525,BA2C98CE,iOS-HighEnd,Aadhaar,Delhi,0,0,0,122,consent_sign,3.5,0,2026-03-01 05:53:00
S000526,A8ADDF36,Android-MidTier,Aadhaar,Maharashtra,0,0,1,172,consent_sign,3.5,0,2026-02-20 11:39:00
S000527,A4B1F991,Android-MidTier,Aadhaar,Maharashtra,0,0,0,148,consent_sign,3.5,0,2026-02-06 02:25:00
S000528,FFA361BE,iOS-HighEnd,PAN,Maharashtra,1,0,1,95,doc_upload,1.5,1,2026-01-20 13:05:00
S000529,6D204496,iOS-HighEnd,Driving License,Tamil Nadu,0,0,0,147,consent_sign,3.5,0,2026-03-02 00:37:00
S000530,B65FEEA9,iOS-HighEnd,Passport,Maharashtra,0,0,2,199,consent_sign,3.5,0,2026-02-06 06:53:00
S000531,E63658C9,Android-Budget,Driving License,Maharashtra,2,1,3,293,consent_sign,8.5,0,2026-02-13 11:26:00
S000532,25F934BF,Android-MidTier,Passport,Maharashtra,0,0,0,144,consent_sign,3.5,0,2026-02-20 18:53:00
S000533,9FD34579,Android-MidTier,Aadhaar,Delhi,0,1,1,152,consent_sign,5.5,0,2026-01-30 01:59:00
S000534,B64FA54A,iOS-HighEnd,Passport,Gujarat,0,0,0,138,consent_sign,3.5,0,2026-02-23 19:45:00
S000535,98EEAC2B,iOS-HighEnd,PAN,Gujarat,0,0,0,108,consent_sign,3.5,0,2026-02-13 07:48:00
S000536,816BCB9F,iOS-HighEnd,PAN,Gujarat,0,0,0,1,registration,0.0,1,2026-01-22 16:45:00
S000537,CB08587D,Android-Budget,Passport,Delhi,2,0,2,211,consent_sign,6.5,0,2026-02-02 23:46:00
S000538,A79B44B6,Android-Budget,Aadhaar,West Bengal,0,0,0,118,consent_sign,3.5,0,2026-01-15 02:15:00
S000539,8D244E3E,Android-Budget,Aadhaar,Gujarat,1,3,4,217,liveness_check,9.0,1,2026-02-21 12:44:00
S000540,6E191042,Android-MidTier,Passport,Delhi,0,0,0,124,consent_sign,3.5,0,2026-02-13 10:44:00
S000541,69EFAFB1,Android-MidTier,Driving License,Tamil Nadu,0,0,0,119,consent_sign,3.5,0,2026-02-09 08:46:00
S000542,66132E69,Android-Budget,Passport,Tamil Nadu,0,1,1,169,consent_sign,5.5,0,2026-02-01 03:02:00
S000543,50032B35,Android-MidTier,Passport,Maharashtra,0,0,0,146,consent_sign,3.5,0,2026-01-29 21:16:00
S000544,4140752C,iOS-HighEnd,Driving License,Karnataka,0,0,0,121,consent_sign,3.5,0,2026-02-01 18:12:00
S000545,AFD380C4,Android-MidTier,Passport,West Bengal,1,0,2,254,consent_sign,5.0,0,2026-01-29 18:07:00
S000546,175A81EC,Android-MidTier,Aadhaar,Tamil Nadu,0,0,0,154,consent_sign,3.5,0,2026-02-22 10:30:00
S000547,6E8F75A1,Android-MidTier,PAN,West Bengal,0,3,3,200,liveness_check,7.5,1,2026-02-22 11:13:00
S000548,5F65C8CE,Android-MidTier,Driving License,Gujarat,0,0,0,106,consent_sign,3.5,0,2026-02-18 05:37:00
S000549,0F5AE9D3,iOS-HighEnd,PAN,Gujarat,0,0,0,153,consent_sign,3.5,0,2026-01-16 03:44:00
S000550,8FCA7B6A,iOS-HighEnd,Aadhaar,Gujarat,0,0,1,157,consent_sign,3.5,0,2026-02-03 22:49:00
S000551,692AC139,iOS-HighEnd,Passport,Delhi,0,0,0,137,consent_sign,3.5,0,2026-01-05 18:16:00
S000552,F0EDE303,Android-MidTier,Driving License,West Bengal,0,0,0,132,consent_sign,3.5,0,2026-02-04 16:14:00
S000553,EA74BB18,iOS-HighEnd,Driving License,Tamil Nadu,0,0,0,130,consent_sign,3.5,0,2026-02-27 02:15:00
S000554,49A214AE,iOS-HighEnd,Aadhaar,West Bengal,0,0,0,122,consent_sign,3.5,0,2026-01-29 10:41:00
S000555,1A85910D,Android-MidTier,PAN,Maharashtra,1,0,1,147,consent_sign,5.0,1,2026-02-18 17:51:00
S000556,279C658A,Android-MidTier,Driving License,Maharashtra,1,0,1,102,doc_upload,1.5,1,2026-01-17 18:19:00
S000557,D8E7012F,iOS-HighEnd,PAN,Delhi,0,1,1,153,consent_sign,5.5,0,2026-01-09 11:47:00
S000558,8E676A01,Android-Budget,Aadhaar,Karnataka,0,1,1,108,liveness_check,3.5,1,2026-01-12 08:15:00
S000559,47503F1D,iOS-HighEnd,Driving License,West Bengal,0,0,0,121,consent_sign,3.5,0,2026-01-03 23:08:00
S000560,6DDA4F8D,Android-MidTier,PAN,Karnataka,0,1,1,142,consent_sign,5.5,0,2026-01-08 23:18:00
S000561,C4767556,Android-MidTier,Driving License,Delhi,0,1,1,148,consent_sign,5.5,0,2026-01-06 19:27:00
S000562,ACCB461A,iOS-HighEnd,Passport,Tamil Nadu,0,0,0,117,consent_sign,3.5,0,2026-02-20 23:38:00
S000563,9BE71737,Android-Budget,Passport,Karnataka,0,0,0,32,phone_otp,0.0,1,2026-01-30 14:37:00
S000564,B18753E6,Android-Budget,Aadhaar,Gujarat,0,0,0,101,consent_sign,3.5,0,2026-03-01 04:10:00
S000565,45F50C52,Android-MidTier,Aadhaar,West Bengal,0,0,0,150,consent_sign,3.5,0,2026-01-08 09:21:00
S000566,EBE9E207,iOS-HighEnd,PAN,Tamil Nadu,0,0,0,1,registration,0.0,1,2026-02-04 01:19:00
S000567,2E709838,Android-MidTier,Passport,Karnataka,0,0,0,152,consent_sign,3.5,0,2026-01-26 22:08:00
S000568,A847BCE7,iOS-HighEnd,Aadhaar,Karnataka,0,0,0,117,consent_sign,3.5,0,2026-01-20 08:45:00
S000569,BDB025FF,iOS-HighEnd,Aadhaar,Gujarat,0,0,0,166,consent_sign,3.5,0,2026-01-17 07:26:00
S000570,177D6E7E,iOS-HighEnd,Passport,West Bengal,1,0,1,166,consent_sign,5.0,0,2026-02-18 20:13:00
S000571,604E46CB,iOS-HighEnd,PAN,Maharashtra,0,0,1,194,consent_sign,3.5,0,2026-01-05 06:57:00
S000572,284BF962,iOS-HighEnd,PAN,Delhi,0,0,0,145,consent_sign,3.5,0,2026-01-19 06:05:00
S000573,530AC1C7,Android-MidTier,Passport,Maharashtra,0,0,0,146,consent_sign,3.5,0,2026-01-23 00:42:00
S000574,98A21F1C,Android-Budget,Driving License,Delhi,0,0,1,26,phone_otp,0.0,1,2026-01-04 08:50:00
S000575,27D415B6,iOS-HighEnd,Driving License,Maharashtra,0,0,0,110,consent_sign,3.5,0,2026-02-25 22:10:00
S000576,0CBD3C03,Android-MidTier,Driving License,Tamil Nadu,0,0,0,127,consent_sign,3.5,0,2026-02-11 14:29:00
S000577,716FDA0A,Android-MidTier,Aadhaar,Gujarat,0,0,0,134,consent_sign,3.5,0,2026-02-24 12:10:00
S000578,9B69554D,iOS-HighEnd,PAN,Delhi,0,0,0,136,consent_sign,3.5,0,2026-01-06 20:08:00
S000579,372F871A,Android-MidTier,PAN,Maharashtra,0,0,1,165,consent_sign,3.5,0,2026-01-02 01:39:00
S000580,585D3F86,iOS-HighEnd,Passport,Gujarat,0,0,0,136,consent_sign,3.5,0,2026-02-24 22:12:00
S000581,AD9FB00D,Android-MidTier,Driving License,Gujarat,0,0,0,100,consent_sign,3.5,1,2026-01-22 07:02:00
S000582,86E52753,iOS-HighEnd,Passport,Maharashtra,0,0,0,131,consent_sign,3.5,0,2026-01-08 01:04:00
S000583,3873E57F,iOS-HighEnd,PAN,Delhi,0,0,0,119,consent_sign,3.5,0,2026-01-25 04:20:00
S000584,0E0630CD,Android-Budget,PAN,Delhi,0,0,0,116,consent_sign,3.5,0,2026-02-01 03:12:00
S000585,F200C261,Android-MidTier,PAN,Karnataka,0,0,0,117,consent_sign,3.5,0,2026-01-13 05:43:00
S000586,C3A00C6F,iOS-HighEnd,Passport,Karnataka,0,1,1,164,consent_sign,5.5,0,2026-01-14 20:32:00
S000587,1EB74B56,Android-MidTier,Passport,Tamil Nadu,0,0,0,130,consent_sign,3.5,0,2026-03-01 01:10:00
S000588,6E3F683A,Android-MidTier,Aadhaar,Karnataka,0,0,0,162,consent_sign,3.5,0,2026-03-01 11:22:00
S000589,88575117,Android-MidTier,Aadhaar,Delhi,0,0,0,129,consent_sign,3.5,0,2026-01-13 13:26:00
S000590,8F0881EE,iOS-HighEnd,Aadhaar,Karnataka,0,2,2,208,consent_sign,7.5,0,2026-02-05 03:18:00
S000591,5AAAB32F,Android-MidTier,Passport,West Bengal,0,0,1,162,consent_sign,3.5,0,2026-01-24 02:11:00
S000592,BDF66BA5,Android-MidTier,Driving License,Gujarat,0,0,1,150,consent_sign,3.5,0,2026-02-07 02:08:00
S000593,75B27455,Android-MidTier,Passport,Karnataka,2,0,2,114,doc_upload,3.0,1,2026-01-09 03:35:00
S000594,5024BDC6,Android-MidTier,Passport,Delhi,0,0,0,121,consent_sign,3.5,1,2026-03-02 07:16:00
S000595,67884209,Android-MidTier,Passport,Gujarat,0,0,0,102,consent_sign,3.5,0,2026-01-15 07:44:00
S000596,4A1DAB32,iOS-HighEnd,Driving License,West Bengal,0,0,0,107,consent_sign,3.5,0,2026-02-22 04:07:00
S000597,F758DCE2,Android-Budget,PAN,Karnataka,0,0,0,27,doc_upload,0.0,1,2026-01-27 04:00:00
S000598,F296D9F0,Android-MidTier,Driving License,Karnataka,0,0,0,116,consent_sign,3.5,0,2026-02-07 17:32:00
S000599,B08A4895,Android-Budget,PAN,Gujarat,1,1,2,235,consent_sign,7.0,0,2026-02-13 13:10:00
S000600,6FCC57DD,iOS-HighEnd,Passport,West Bengal,0,0,0,134,consent_sign,3.5,0,2026-01-09 15:01:00
S000601,6F887F28,Android-Budget,Driving License,Tamil Nadu,1,0,1,202,consent_sign,5.0,0,2026-02-09 15:53:00
S000602,1422373F,Android-Budget,Driving License,Tamil Nadu,1,0,2,186,consent_sign,5.0,0,2026-01-21 02:36:00
S000603,BEED10B6,iOS-HighEnd,PAN,Tamil Nadu,0,0,0,3,registration,0.0,1,2026-02-06 16:22:00
S000604,C77444CB,Android-Budget,PAN,Delhi,1,0,2,128,doc_upload,1.5,1,2026-01-11 18:31:00
S000605,A21B0307,Android-Budget,Aadhaar,Karnataka,1,3,5,271,consent_sign,9.0,0,2026-01-02 23:27:00
S000606,31A3AC4D,Android-MidTier,Aadhaar,Tamil Nadu,0,0,0,1,registration,0.0,1,2026-01-09 15:38:00
S000607,59E1AC09,Android-Budget,PAN,West Bengal,1,0,1,100,doc_upload,1.5,1,2026-02-01 00:26:00
S000608,A53BC024,iOS-HighEnd,Aadhaar,Delhi,0,0,1,137,consent_sign,3.5,1,2026-02-16 23:34:00
S000609,1A5165CA,iOS-HighEnd,Driving License,Karnataka,0,0,0,121,consent_sign,3.5,0,2026-01-20 16:47:00
S000610,2C6A6E9A,iOS-HighEnd,PAN,Delhi,0,0,0,160,consent_sign,3.5,0,2026-02-19 03:18:00
S000611,C257CF73,Android-MidTier,Driving License,Maharashtra,0,0,0,141,consent_sign,3.5,0,2026-01-30 06:36:00
S000612,F387E1BD,Android-MidTier,Passport,Karnataka,0,0,1,145,consent_sign,3.5,0,2026-01-12 15:00:00
S000613,76C5A0DC,iOS-HighEnd,PAN,Delhi,0,0,0,109,consent_sign,3.5,0,2026-01-31 06:02:00
S000614,9458054E,iOS-HighEnd,Aadhaar,West Bengal,0,0,0,103,consent_sign,3.5,0,2026-01-20 01:36:00
S000615,E1CDE87F,iOS-HighEnd,Aadhaar,West Bengal,0,0,0,124,consent_sign,3.5,0,2026-01-18 20:26:00
S000616,FC8D5B93,Android-MidTier,PAN,Karnataka,0,0,0,136,consent_sign,3.5,0,2026-01-16 06:36:00
S000617,F891B0C3,Android-MidTier,PAN,Tamil Nadu,0,0,0,114,consent_sign,3.5,0,2026-02-04 17:08:00
S000618,70944BDB,iOS-HighEnd,PAN,Gujarat,0,0,0,127,consent_sign,3.5,0,2026-01-28 15:51:00
S000619,A1A27485,Android-MidTier,Aadhaar,Maharashtra,0,0,0,113,consent_sign,3.5,0,2026-01-18 14:14:00
S000620,97674900,iOS-HighEnd,Driving License,Maharashtra,0,0,0,139,consent_sign,3.5,0,2026-01-07 19:36:00
S000621,12FE28BF,Android-MidTier,Passport,West Bengal,0,0,0,101,consent_sign,3.5,1,2026-02-28 03:08:00
S000622,09A0A0F6,Android-MidTier,Driving License,West Bengal,1,0,1,155,consent_sign,5.0,0,2026-01-25 02:53:00
S000623,497DE16D,iOS-HighEnd,Driving License,Karnataka,0,0,0,147,consent_sign,3.5,0,2026-01-18 12:29:00
S000624,FA34D2E8,Android-Budget,Aadhaar,West Bengal,0,3,3,177,liveness_check,7.5,1,2026-01-09 10:08:00
S000625,98159D6C,Android-Budget,PAN,Delhi,0,2,2,159,consent_sign,7.5,0,2026-01-16 20:45:00
S000626,949077C2,Android-MidTier,Passport,Maharashtra,0,1,1,173,consent_sign,5.5,0,2026-01-08 14:20:00
S000627,BD29EDE9,Android-MidTier,Driving License,Gujarat,0,0,0,128,consent_sign,3.5,0,2026-01-01 23:51:00
S000628,E8B77F7B,Android-MidTier,Passport,West Bengal,1,1,2,235,consent_sign,7.0,0,2026-01-23 03:24:00
S000629,30307633,iOS-HighEnd,Driving License,Gujarat,0,0,0,52,doc_upload,0.0,1,2026-02-03 20:50:00
S000630,80599B93,Android-MidTier,Passport,Maharashtra,0,0,0,128,consent_sign,3.5,0,2026-01-02 20:19:00
S000631,73557B9D,iOS-HighEnd,Aadhaar,West Bengal,0,1,1,169,consent_sign,5.5,0,2026-02-13 16:06:00
S000632,D65E59DD,iOS-HighEnd,PAN,Tamil Nadu,0,0,1,169,consent_sign,3.5,0,2026-02-12 19:44:00
S000633,15969802,Android-MidTier,Passport,West Bengal,0,0,0,145,consent_sign,3.5,0,2026-01-21 09:25:00
S000634,0A0537F0,iOS-HighEnd,Aadhaar,West Bengal,0,0,0,168,consent_sign,3.5,0,2026-02-25 00:12:00
S000635,FDB1429E,iOS-HighEnd,Aadhaar,Maharashtra,0,0,1,123,consent_sign,3.5,0,2026-01-27 19:38:00
S000636,9C1C3517,Android-MidTier,Driving License,Delhi,0,1,1,182,consent_sign,5.5,0,2026-02-05 15:55:00
S000637,EAFDE7D9,Android-Budget,PAN,Gujarat,2,1,3,209,liveness_check,6.5,1,2026-02-11 19:40:00
S000638,C6435300,Android-MidTier,PAN,West Bengal,0,0,0,132,consent_sign,3.5,0,2026-01-31 15:45:00
S000639,0D67D38E,Android-MidTier,Aadhaar,Gujarat,1,0,1,198,consent_sign,5.0,0,2026-01-15 19:45:00
S000640,55AB946D,Android-Budget,Aadhaar,West Bengal,0,0,0,142,consent_sign,3.5,0,2026-02-23 03:52:00
S000641,8ED6AD5E,Android-MidTier,Aadhaar,West Bengal,1,0,1,62,doc_upload,1.5,1,2026-02-03 07:17:00
S000642,4082CBB9,Android-MidTier,PAN,Maharashtra,0,1,1,137,consent_sign,5.5,0,2026-02-13 11:11:00
S000643,F6E39356,Android-Budget,Aadhaar,Tamil Nadu,1,0,1,74,doc_upload,1.5,1,2026-02-04 12:00:00
S000644,267EDDCE,iOS-HighEnd,PAN,Maharashtra,0,0,0,105,consent_sign,3.5,0,2026-02-28 17:10:00
S000645,A9E27BA9,Android-Budget,Aadhaar,Delhi,1,2,3,196,liveness_check,7.0,1,2026-01-12 17:34:00
S000646,4F6B58C8,Android-MidTier,PAN,Maharashtra,1,1,2,218,consent_sign,7.0,0,2026-02-24 20:45:00
S000647,A981B098,iOS-HighEnd,PAN,Delhi,0,0,0,3,registration,0.0,1,2026-01-01 08:11:00
S000648,B576255E,Android-Budget,Driving License,Karnataka,0,1,1,118,liveness_check,3.5,1,2026-03-02 07:57:00
S000649,8F158449,Android-Budget,PAN,Delhi,2,0,2,234,consent_sign,6.5,0,2026-01-18 10:51:00
S000650,54170A17,iOS-HighEnd,PAN,Maharashtra,0,0,0,137,consent_sign,3.5,0,2026-01-14 08:55:00
S000651,B3ECB951,iOS-HighEnd,Driving License,Tamil Nadu,0,0,0,2,registration,0.0,1,2026-01-30 03:05:00
S000652,FF4625AF,iOS-HighEnd,Passport,Maharashtra,0,0,0,152,consent_sign,3.5,0,2026-01-08 09:21:00
S000653,17EC889C,Android-MidTier,Driving License,Karnataka,0,0,0,146,consent_sign,3.5,0,2026-01-10 05:58:00
S000654,822C4D32,Android-Budget,Passport,Gujarat,0,0,1,182,consent_sign,3.5,0,2026-01-27 00:01:00
S000655,4F11D8DC,Android-MidTier,PAN,West Bengal,0,0,1,150,consent_sign,3.5,0,2026-01-02 04:44:00
S000656,577BC55A,iOS-HighEnd,Driving License,Gujarat,0,0,0,112,consent_sign,3.5,0,2026-01-26 10:32:00
S000657,31274148,iOS-HighEnd,Aadhaar,Karnataka,1,0,1,167,consent_sign,5.0,0,2026-01-23 04:22:00
S000658,27AA7CBC,Android-Budget,Aadhaar,Tamil Nadu,0,0,0,2,registration,0.0,1,2026-02-18 19:03:00
S000659,C9C23E69,iOS-HighEnd,Driving License,West Bengal,0,0,0,132,consent_sign,3.5,0,2026-01-01 23:55:00
S000660,8A2E6A93,iOS-HighEnd,PAN,Karnataka,0,0,0,126,consent_sign,3.5,0,2026-01-16 16:09:00
S000661,86CAC6F4,iOS-HighEnd,Aadhaar,Delhi,0,0,0,139,consent_sign,3.5,0,2026-02-19 09:43:00
S000662,E05B46C5,Android-Budget,Driving License,Gujarat,0,0,0,29,phone_otp,0.0,1,2026-01-04 13:23:00
S000663,98E52499,iOS-HighEnd,Passport,Delhi,0,0,0,35,doc_upload,0.0,1,2026-01-31 05:43:00
S000664,2E4BEBC4,iOS-HighEnd,PAN,Maharashtra,0,0,0,45,doc_upload,0.0,1,2026-02-15 02:53:00
S000665,9FEEFDFF,iOS-HighEnd,Driving License,Tamil Nadu,0,0,0,138,consent_sign,3.5,0,2026-01-21 21:54:00
S000666,B89F72F3,iOS-HighEnd,Passport,West Bengal,0,0,0,110,consent_sign,3.5,0,2026-01-01 20:41:00
S000667,5D42B9E9,iOS-HighEnd,Aadhaar,Tamil Nadu,0,0,0,140,consent_sign,3.5,0,2026-01-25 12:38:00
S000668,F836F571,Android-MidTier,Aadhaar,Maharashtra,0,0,1,41,phone_otp,0.0,1,2026-01-13 07:05:00
S000669,C09CB506,Android-MidTier,Driving License,Gujarat,0,0,0,112,consent_sign,3.5,0,2026-02-01 11:25:00
S000670,3BE79DF4,iOS-HighEnd,PAN,West Bengal,0,0,0,139,consent_sign,3.5,0,2026-01-25 07:41:00
S000671,F7315749,iOS-HighEnd,Aadhaar,Karnataka,0,0,0,42,doc_upload,0.0,1,2026-01-22 05:05:00
S000672,E76ADCA9,iOS-HighEnd,Aadhaar,Tamil Nadu,0,0,0,77,consent_sign,3.5,0,2026-01-09 14:39:00
S000673,ADA58417,iOS-HighEnd,Passport,West Bengal,0,0,1,124,consent_sign,3.5,0,2026-01-26 20:53:00
S000674,70CAFDD8,Android-MidTier,Passport,Maharashtra,0,0,1,167,consent_sign,3.5,0,2026-01-31 18:15:00
S000675,C7332304,iOS-HighEnd,Aadhaar,Maharashtra,0,0,0,124,consent_sign,3.5,0,2026-01-13 05:02:00
S000676,6B2D5B09,iOS-HighEnd,PAN,Maharashtra,0,0,0,111,consent_sign,3.5,0,2026-01-19 17:16:00
S000677,331F63FB,iOS-HighEnd,Driving License,Maharashtra,0,0,0,166,consent_sign,3.5,0,2026-01-12 00:31:00
S000678,DF7D0DD7,iOS-HighEnd,Driving License,Tamil Nadu,0,0,0,88,consent_sign,3.5,0,2026-01-18 15:28:00
S000679,7B07FD31,iOS-HighEnd,PAN,Gujarat,0,0,0,143,consent_sign,3.5,0,2026-01-15 21:31:00
S000680,EF2DDCC4,iOS-HighEnd,PAN,Maharashtra,0,1,1,171,consent_sign,5.5,0,2026-01-16 21:47:00
S000681,8412A335,iOS-HighEnd,Passport,Delhi,0,1,1,159,consent_sign,5.5,0,2026-02-27 22:07:00
S000682,1578D709,iOS-HighEnd,Aadhaar,West Bengal,0,0,0,130,consent_sign,3.5,0,2026-01-02 18:09:00
S000683,73069588,Android-MidTier,PAN,Tamil Nadu,0,0,0,138,consent_sign,3.5,0,2026-02-06 07:54:00
S000684,D4BF7A4B,iOS-HighEnd,Passport,Maharashtra,0,0,0,120,consent_sign,3.5,0,2026-01-17 18:06:00
S000685,E916DA57,Android-MidTier,PAN,West Bengal,1,0,3,147,liveness_check,3.0,1,2026-02-18 06:45:00
S000686,E27718C5,iOS-HighEnd,Passport,West Bengal,0,0,0,148,consent_sign,3.5,0,2026-02-19 16:49:00
S000687,6A36AF18,iOS-HighEnd,Aadhaar,Maharashtra,0,1,1,178,consent_sign,5.5,0,2026-02-19 19:32:00
S000688,5FBBF0B1,Android-MidTier,Aadhaar,Tamil Nadu,0,0,0,126,consent_sign,3.5,0,2026-02-05 08:29:00
S000689,14E4180C,Android-MidTier,PAN,Karnataka,0,0,0,137,consent_sign,3.5,0,2026-02-25 08:33:00
S000690,519554E3,iOS-HighEnd,Passport,Delhi,0,0,1,148,consent_sign,3.5,0,2026-02-15 18:37:00
S000691,B6F6DBF1,Android-Budget,Passport,Karnataka,0,1,1,105,liveness_check,3.5,1,2026-02-09 05:47:00
S000692,25637CC3,Android-MidTier,PAN,Tamil Nadu,0,0,0,139,consent_sign,3.5,0,2026-03-01 20:35:00
S000693,EADA79A3,Android-MidTier,Aadhaar,Karnataka,1,0,1,85,doc_upload,1.5,1,2026-01-21 07:08:00
S000694,D4C3A832,Android-MidTier,Passport,Karnataka,0,1,1,109,liveness_check,3.5,1,2026-02-02 03:09:00
S000695,781799FF,iOS-HighEnd,Driving License,West Bengal,0,0,0,4,registration,0.0,1,2026-01-14 08:33:00
S000696,E7E646C7,Android-MidTier,Aadhaar,West Bengal,1,0,1,80,doc_upload,1.5,1,2026-02-04 03:57:00
S000697,3735262D,Android-Budget,Aadhaar,Gujarat,0,0,0,115,consent_sign,3.5,0,2026-01-08 08:21:00
S000698,F0B2A5D1,Android-MidTier,Aadhaar,Delhi,1,0,1,189,consent_sign,5.0,0,2026-03-01 00:41:00
S000699,6C5A6C93,Android-MidTier,Passport,West Bengal,0,0,0,139,consent_sign,3.5,0,2026-02-16 00:21:00
S000700,3CD5FD7F,Android-MidTier,Aadhaar,West Bengal,0,1,1,128,liveness_check,3.5,1,2026-02-21 05:47:00
S000701,3D0A5F0C,iOS-HighEnd,Passport,Maharashtra,0,0,0,55,doc_upload,0.0,1,2026-02-03 08:20:00
S000702,9F708368,iOS-HighEnd,PAN,West Bengal,0,2,2,190,consent_sign,7.5,0,2026-01-18 10:07:00
S000703,D6312A80,iOS-HighEnd,Passport,Karnataka,0,0,0,122,consent_sign,3.5,0,2026-02-05 21:22:00
S000704,893AD232,Android-MidTier,Passport,Karnataka,0,0,0,134,consent_sign,3.5,0,2026-01-04 17:43:00
S000705,93364F7E,Android-MidTier,Passport,Tamil Nadu,0,0,0,123,consent_sign,3.5,0,2026-02-15 23:48:00
S000706,4A90CD0C,Android-Budget,PAN,Gujarat,0,0,0,159,consent_sign,3.5,0,2026-01-08 03:50:00
S000707,5A5226E6,Android-MidTier,PAN,Delhi,0,0,0,140,consent_sign,3.5,0,2026-01-29 21:19:00
S000708,2FF3CDE4,Android-MidTier,PAN,Maharashtra,0,0,0,145,consent_sign,3.5,0,2026-03-01 12:35:00
S000709,8603156A,Android-MidTier,Passport,Maharashtra,0,0,0,134,consent_sign,3.5,0,2026-01-29 21:10:00
S000710,F4124360,iOS-HighEnd,PAN,Maharashtra,0,0,0,138,consent_sign,3.5,0,2026-01-02 01:21:00
S000711,C9525185,Android-Budget,Aadhaar,Maharashtra,0,1,1,137,liveness_check,3.5,1,2026-02-12 15:29:00
S000712,0534A101,Android-MidTier,Aadhaar,Delhi,0,0,0,121,consent_sign,3.5,0,2026-02-13 16:19:00
S000713,0B251279,Android-MidTier,Driving License,Karnataka,0,1,1,128,liveness_check,3.5,1,2026-02-09 11:35:00
S000714,5F90BED6,iOS-HighEnd,Driving License,Gujarat,0,0,0,137,consent_sign,3.5,0,2026-02-11 10:08:00
S000715,5B6A8102,iOS-HighEnd,Driving License,Gujarat,0,0,0,83,liveness_check,1.5,1,2026-02-14 04:07:00
S000716,3DBA6DA8,iOS-HighEnd,PAN,Delhi,1,0,1,163,consent_sign,5.0,0,2026-01-08 09:58:00
S000717,1A89B71E,Android-MidTier,Driving License,Karnataka,0,0,1,161,consent_sign,3.5,0,2026-01-01 16:01:00
S000718,C1B5B5CA,iOS-HighEnd,Passport,Delhi,0,0,0,3,registration,0.0,1,2026-01-02 15:23:00
S000719,5A304528,iOS-HighEnd,Aadhaar,West Bengal,0,0,0,135,consent_sign,3.5,0,2026-02-16 00:49:00
S000720,A48E40F1,iOS-HighEnd,PAN,Gujarat,0,0,0,116,consent_sign,3.5,0,2026-02-04 07:05:00
S000721,AF475B49,Android-MidTier,Aadhaar,Maharashtra,0,0,1,169,consent_sign,3.5,0,2026-01-09 07:24:00
S000722,7A8104DE,iOS-HighEnd,Driving License,Maharashtra,0,0,1,140,consent_sign,3.5,0,2026-02-11 17:09:00
S000723,2285B2EF,iOS-HighEnd,Passport,Delhi,0,0,0,136,consent_sign,3.5,0,2026-01-25 16:36:00
S000724,F1901B7E,Android-MidTier,Passport,Delhi,0,1,1,115,liveness_check,3.5,1,2026-02-24 22:36:00
S000725,339B77A8,Android-MidTier,Driving License,West Bengal,0,0,0,122,consent_sign,3.5,0,2026-02-28 05:57:00
S000726,E2C328AA,Android-Budget,Passport,Gujarat,0,1,2,136,liveness_check,3.5,1,2026-02-27 10:23:00
S000727,4F612217,Android-Budget,Driving License,West Bengal,0,0,0,134,consent_sign,3.5,0,2026-01-13 05:11:00
S000728,D0BE73EE,Android-Budget,Passport,Maharashtra,0,3,3,156,liveness_check,7.5,1,2026-01-06 01:02:00
S000729,095FFA81,iOS-HighEnd,Driving License,Maharashtra,0,0,0,149,consent_sign,3.5,0,2026-01-03 07:57:00
S000730,493E904D,Android-MidTier,Aadhaar,Maharashtra,2,0,2,136,doc_upload,3.0,1,2026-02-21 23:16:00
S000731,0C3CE284,iOS-HighEnd,PAN,Karnataka,0,0,0,113,consent_sign,3.5,0,2026-01-03 10:19:00
S000732,45F18619,iOS-HighEnd,Passport,Tamil Nadu,0,0,0,143,consent_sign,3.5,0,2026-02-02 01:25:00
S000733,6FDC0BAD,Android-MidTier,Passport,Karnataka,0,0,0,115,consent_sign,3.5,0,2026-02-23 10:59:00
S000734,7092947D,iOS-HighEnd,Passport,Delhi,0,0,0,143,consent_sign,3.5,0,2026-02-21 22:56:00
S000735,56CB1AB0,Android-MidTier,Passport,Tamil Nadu,0,0,0,2,registration,0.0,1,2026-02-18 14:53:00
S000736,B12B6680,Android-Budget,Driving License,Karnataka,1,0,1,207,consent_sign,5.0,0,2026-01-30 16:54:00
S000737,CC1B4157,iOS-HighEnd,Driving License,Delhi,0,1,1,128,consent_sign,5.5,0,2026-01-07 08:41:00
S000738,15260718,Android-Budget,Driving License,Tamil Nadu,0,0,0,3,registration,0.0,1,2026-01-05 20:29:00
S000739,6E3C4532,Android-MidTier,Aadhaar,Maharashtra,1,0,1,180,consent_sign,5.0,0,2026-02-08 16:12:00
S000740,2E326567,iOS-HighEnd,Aadhaar,Delhi,0,0,0,110,consent_sign,3.5,0,2026-02-18 08:22:00
S000741,1A43DB54,iOS-HighEnd,Aadhaar,Tamil Nadu,0,0,0,116,consent_sign,3.5,0,2026-02-26 01:38:00
S000742,4BAF0F5E,Android-MidTier,Aadhaar,Delhi,0,0,0,114,consent_sign,3.5,1,2026-01-13 23:04:00
S000743,B7B8C1A5,iOS-HighEnd,Aadhaar,Maharashtra,0,0,0,3,registration,0.0,1,2026-01-24 23:17:00
S000744,71A3FAD2,iOS-HighEnd,Passport,Delhi,0,0,0,148,consent_sign,3.5,0,2026-01-08 03:55:00
S000745,BA108217,Android-MidTier,Driving License,West Bengal,0,0,0,141,consent_sign,3.5,0,2026-02-07 22:51:00
S000746,9D66E815,Android-Budget,Passport,Gujarat,1,0,1,72,doc_upload,1.5,1,2026-01-08 20:52:00
S000747,A3B442BD,Android-Budget,PAN,Tamil Nadu,0,0,0,102,consent_sign,3.5,0,2026-01-02 12:40:00
S000748,0EAF04B5,iOS-HighEnd,Aadhaar,Karnataka,0,0,0,122,consent_sign,3.5,0,2026-01-15 08:24:00
S000749,67FD64C4,iOS-HighEnd,Aadhaar,Karnataka,0,0,2,179,consent_sign,3.5,0,2026-02-22 21:00:00
S000750,BFF9507D,iOS-HighEnd,Passport,Delhi,0,0,0,132,consent_sign,3.5,0,2026-02-10 12:07:00
S000751,07F8D4F0,Android-MidTier,PAN,Maharashtra,1,0,1,195,consent_sign,5.0,0,2026-01-05 20:56:00
S000752,AD973B67,Android-MidTier,Driving License,Karnataka,1,0,1,174,consent_sign,5.0,0,2026-01-25 18:02:00
S000753,20509C62,iOS-HighEnd,Aadhaar,Karnataka,1,0,3,237,consent_sign,5.0,0,2026-01-30 00:22:00
S000754,A52964FF,iOS-HighEnd,Passport,Karnataka,0,0,0,148,consent_sign,3.5,0,2026-02-21 23:12:00
S000755,F31046DC,Android-MidTier,Passport,Delhi,0,0,0,158,consent_sign,3.5,0,2026-02-14 14:45:00
S000756,2747B93C,iOS-HighEnd,Aadhaar,Karnataka,0,0,0,141,consent_sign,3.5,0,2026-02-17 14:26:00
S000757,5EF787B8,Android-Budget,Driving License,West Bengal,0,3,3,183,liveness_check,7.5,1,2026-01-18 23:27:00
S000758,13AEC376,iOS-HighEnd,Passport,Gujarat,0,0,0,76,liveness_check,1.5,1,2026-02-17 16:07:00
S000759,5DF06E8C,iOS-HighEnd,PAN,Gujarat,0,1,3,141,consent_sign,5.5,0,2026-02-12 18:41:00
S000760,4758367B,iOS-HighEnd,PAN,Maharashtra,0,0,0,135,consent_sign,3.5,0,2026-02-16 00:37:00
S000761,06A241AF,Android-MidTier,Driving License,Tamil Nadu,0,0,0,143,consent_sign,3.5,0,2026-02-05 11:45:00
S000762,848AF440,iOS-HighEnd,Passport,Karnataka,0,0,0,115,consent_sign,3.5,0,2026-01-19 11:49:00
S000763,1E2595B8,iOS-HighEnd,Driving License,West Bengal,0,1,1,141,consent_sign,5.5,0,2026-02-18 06:18:00
S000764,B43BD27F,Android-Budget,PAN,Gujarat,0,1,1,162,consent_sign,5.5,0,2026-01-28 20:34:00
S000765,9CA3FBB3,Android-MidTier,Aadhaar,Delhi,0,1,1,152,consent_sign,5.5,0,2026-01-09 00:56:00
S000766,FFA623D0,Android-MidTier,PAN,West Bengal,0,0,0,135,consent_sign,3.5,0,2026-01-13 17:58:00
S000767,22BF18F5,Android-MidTier,Aadhaar,Karnataka,1,0,1,163,consent_sign,5.0,0,2026-01-12 08:24:00
S000768,2C33350C,Android-Budget,Aadhaar,Tamil Nadu,0,0,1,163,consent_sign,3.5,0,2026-02-10 07:17:00
S000769,FF4C96D6,Android-MidTier,Driving License,Tamil Nadu,0,1,1,101,liveness_check,3.5,1,2026-01-26 09:08:00
S000770,F7B217C7,Android-Budget,Driving License,Maharashtra,1,2,3,223,consent_sign,9.0,0,2026-03-01 12:52:00
S000771,AAF78C67,Android-MidTier,Passport,West Bengal,0,0,0,101,consent_sign,3.5,0,2026-01-14 01:55:00
S000772,8CCC9CEA,Android-MidTier,Passport,Karnataka,2,0,2,238,consent_sign,6.5,0,2026-02-18 03:49:00
S000773,4CC9F5F2,Android-MidTier,Aadhaar,Karnataka,0,0,0,129,consent_sign,3.5,0,2026-01-22 20:53:00
S000774,B5A5F8E6,iOS-HighEnd,Aadhaar,Karnataka,0,0,0,132,consent_sign,3.5,0,2026-02-27 19:04:00
S000775,2C913A7C,iOS-HighEnd,Driving License,Gujarat,0,0,0,129,consent_sign,3.5,0,2026-01-16 02:05:00
S000776,3967E60A,Android-Budget,Aadhaar,Delhi,0,0,0,126,consent_sign,3.5,0,2026-02-20 02:01:00
S000777,CAC4D0EB,iOS-HighEnd,PAN,Maharashtra,0,0,0,153,consent_sign,3.5,0,2026-02-21 04:29:00
S000778,7E7838C9,Android-MidTier,PAN,Delhi,0,0,1,135,consent_sign,3.5,0,2026-01-03 09:14:00
S000779,9280C5AA,Android-Budget,Driving License,Delhi,0,0,1,176,consent_sign,3.5,0,2026-01-11 10:12:00
S000780,FBA6ABF7,iOS-HighEnd,Aadhaar,Delhi,0,0,1,150,consent_sign,3.5,0,2026-01-07 23:16:00
S000781,E25DF9A8,Android-Budget,PAN,Maharashtra,1,1,3,154,liveness_check,5.0,1,2026-01-28 22:49:00
S000782,65EDCFE3,Android-MidTier,Passport,Delhi,0,0,0,144,consent_sign,3.5,0,2026-02-26 08:54:00
S000783,7A89CBEB,iOS-HighEnd,PAN,Maharashtra,0,0,1,155,consent_sign,3.5,0,2026-01-02 16:32:00
S000784,68D0A2A8,Android-Budget,PAN,Tamil Nadu,2,0,2,195,consent_sign,6.5,0,2026-02-19 19:36:00
S000785,20156A72,Android-Budget,Driving License,Delhi,0,0,1,131,consent_sign,3.5,0,2026-02-07 17:28:00
S000786,12FC7A87,iOS-HighEnd,Aadhaar,Maharashtra,1,0,1,179,consent_sign,5.0,0,2026-02-11 15:15:00
S000787,8471B4B0,iOS-HighEnd,PAN,West Bengal,1,0,1,177,consent_sign,5.0,0,2026-02-04 20:39:00
S000788,D43CDD6D,iOS-HighEnd,Passport,West Bengal,1,0,1,216,consent_sign,5.0,0,2026-01-03 19:44:00
S000789,96792482,iOS-HighEnd,Passport,Karnataka,0,0,0,108,consent_sign,3.5,0,2026-02-08 21:52:00
S000790,21084DD9,iOS-HighEnd,Passport,Gujarat,0,0,0,168,consent_sign,3.5,0,2026-01-28 06:14:00
S000791,DE431E06,iOS-HighEnd,PAN,Tamil Nadu,0,1,1,172,consent_sign,5.5,0,2026-01-25 09:50:00
S000792,84A2576C,iOS-HighEnd,Passport,Delhi,0,0,0,123,consent_sign,3.5,0,2026-01-17 16:47:00
S000793,2976AAB2,iOS-HighEnd,Passport,Maharashtra,3,0,3,172,doc_upload,4.5,1,2026-02-10 09:52:00
S000794,39B86BB2,Android-Budget,PAN,Karnataka,0,2,2,199,consent_sign,7.5,0,2026-01-08 09:11:00
S000795,84D67C4F,Android-MidTier,Passport,Karnataka,0,0,1,119,consent_sign,3.5,1,2026-01-05 09:27:00
S000796,143029A9,iOS-HighEnd,Aadhaar,Maharashtra,0,0,0,121,consent_sign,3.5,0,2026-02-05 00:30:00
S000797,F4D375C1,Android-Budget,Driving License,West Bengal,1,1,2,211,consent_sign,7.0,0,2026-02-25 14:14:00
S000798,A0017720,iOS-HighEnd,Passport,Gujarat,0,0,0,112,consent_sign,3.5,0,2026-01-08 14:05:00
S000799,17EAEC83,iOS-HighEnd,PAN,Gujarat,0,0,0,143,consent_sign,3.5,0,2026-02-07 10:27:00
S000800,9780C215,Android-MidTier,Aadhaar,Karnataka,3,0,3,225,consent_sign,6.5,0,2026-02-11 15:55:00
S000801,2BD3CDCD,Android-Budget,Passport,Delhi,0,0,1,171,consent_sign,3.5,0,2026-01-12 04:01:00
S000802,E6E987CA,Android-MidTier,Aadhaar,Karnataka,0,0,0,130,consent_sign,3.5,0,2026-02-23 23:54:00
S000803,EC86A890,Android-MidTier,Driving License,Delhi,0,0,0,4,registration,0.0,1,2026-01-28 09:34:00
S000804,DD20C3BF,Android-Budget,Passport,Tamil Nadu,0,0,0,137,consent_sign,3.5,0,2026-01-27 07:09:00
S000805,F2D3F761,iOS-HighEnd,Passport,Delhi,0,0,0,140,consent_sign,3.5,0,2026-01-10 09:17:00
S000806,43C07D43,iOS-HighEnd,PAN,Maharashtra,1,0,2,187,consent_sign,5.0,0,2026-01-26 16:40:00
S000807,92779574,iOS-HighEnd,Passport,Maharashtra,1,0,1,160,consent_sign,5.0,0,2026-02-11 15:26:00
S000808,07C0D116,Android-Budget,Passport,Karnataka,0,0,0,136,consent_sign,3.5,0,2026-01-08 02:25:00
S000809,8BAAF744,iOS-HighEnd,Passport,Karnataka,0,0,1,138,consent_sign,3.5,0,2026-02-17 18:47:00
S000810,4D560A3D,Android-Budget,Passport,Karnataka,1,1,2,209,consent_sign,7.0,0,2026-02-15 13:06:00
S000811,CEAE71CF,Android-Budget,PAN,Delhi,0,1,1,123,liveness_check,3.5,1,2026-02-18 14:48:00
S000812,741B77F5,iOS-HighEnd,Driving License,Tamil Nadu,0,0,0,117,consent_sign,3.5,0,2026-01-27 11:33:00
S000813,2877F5D9,Android-Budget,Driving License,West Bengal,2,3,5,279,liveness_check,10.5,1,2026-02-14 20:37:00
S000814,76E5AE78,iOS-HighEnd,Passport,Karnataka,0,0,1,173,consent_sign,3.5,0,2026-01-11 08:59:00
S000815,24C778A5,iOS-HighEnd,Driving License,West Bengal,0,1,1,151,consent_sign,5.5,0,2026-01-15 14:57:00
S000816,51BEB80E,Android-MidTier,PAN,Delhi,2,0,2,250,consent_sign,6.5,0,2026-01-05 04:22:00
S000817,586A346A,Android-Budget,Aadhaar,West Bengal,1,0,1,163,consent_sign,5.0,0,2026-01-03 04:01:00
S000818,C2BAF0E0,iOS-HighEnd,Passport,West Bengal,0,0,0,107,consent_sign,3.5,0,2026-01-10 09:45:00
S000819,1B2EDEDB,iOS-HighEnd,Driving License,Delhi,0,0,0,147,consent_sign,3.5,0,2026-02-15 13:47:00
S000820,1F5D988F,Android-Budget,Aadhaar,Maharashtra,0,0,0,156,consent_sign,3.5,0,2026-01-14 10:04:00
S000821,24108E9A,Android-MidTier,Driving License,Delhi,0,0,1,164,consent_sign,3.5,0,2026-01-06 16:44:00
S000822,F204BE89,Android-MidTier,Driving License,Gujarat,2,0,2,127,doc_upload,3.0,1,2026-02-12 07:52:00
S000823,6B0AE0E3,Android-MidTier,Driving License,Maharashtra,0,0,0,4,registration,0.0,1,2026-01-19 07:09:00
S000824,E6FDD7AF,Android-MidTier,PAN,West Bengal,0,0,0,122,consent_sign,3.5,0,2026-02-15 09:44:00
S000825,EF0A573D,Android-MidTier,Passport,Gujarat,0,0,0,109,consent_sign,3.5,0,2026-02-17 21:22:00
S000826,3098F7B2,Android-Budget,Passport,West Bengal,1,0,1,78,doc_upload,1.5,1,2026-01-20 12:06:00
S000827,FEF7D9EA,iOS-HighEnd,Aadhaar,Maharashtra,2,0,2,249,consent_sign,6.5,0,2026-02-13 03:48:00
S000828,E10B1A47,iOS-HighEnd,Passport,Delhi,1,0,1,80,doc_upload,1.5,1,2026-02-09 02:58:00
S000829,170D7507,Android-MidTier,Passport,Karnataka,0,0,0,116,consent_sign,3.5,0,2026-01-21 00:49:00
S000830,750D112E,Android-MidTier,Driving License,Karnataka,3,0,3,135,doc_upload,4.5,1,2026-02-26 09:25:00
S000831,95560A2D,Android-MidTier,Passport,Delhi,0,0,0,141,consent_sign,3.5,0,2026-02-13 06:25:00
S000832,4806F804,Android-Budget,PAN,West Bengal,0,0,0,153,consent_sign,3.5,0,2026-01-20 19:16:00
S000833,D7C4FE9C,iOS-HighEnd,Passport,Tamil Nadu,0,0,0,160,consent_sign,3.5,0,2026-01-03 15:15:00
S000834,4926CE5F,Android-Budget,Driving License,Delhi,0,0,1,80,doc_upload,0.0,1,2026-01-19 03:48:00
S000835,1B84EDC3,iOS-HighEnd,Passport,West Bengal,0,0,0,119,consent_sign,3.5,0,2026-01-04 09:14:00
S000836,43B47EE5,Android-MidTier,Driving License,Tamil Nadu,0,0,0,132,consent_sign,3.5,0,2026-02-27 21:08:00
S000837,673BA8BD,Android-Budget,Aadhaar,Tamil Nadu,0,0,0,133,consent_sign,3.5,0,2026-01-13 07:35:00
S000838,0D18AB95,iOS-HighEnd,Passport,West Bengal,0,0,0,47,doc_upload,0.0,1,2026-01-31 14:43:00
S000839,5CCE5BA9,Android-Budget,Aadhaar,Maharashtra,1,0,1,77,doc_upload,1.5,1,2026-02-08 05:35:00
S000840,62E7C1A6,Android-MidTier,Driving License,Karnataka,1,0,1,170,consent_sign,5.0,0,2026-02-16 08:12:00
S000841,8CC36F3B,Android-Budget,PAN,Delhi,1,0,1,175,consent_sign,5.0,0,2026-01-09 04:46:00
S000842,9F8CC29F,iOS-HighEnd,Passport,Maharashtra,0,0,0,125,consent_sign,3.5,0,2026-01-13 09:57:00
S000843,20F0156A,iOS-HighEnd,Passport,Maharashtra,0,1,1,134,liveness_check,3.5,1,2026-02-10 08:19:00
S000844,5F89ED12,iOS-HighEnd,PAN,West Bengal,0,0,0,138,consent_sign,3.5,0,2026-02-22 02:22:00
S000845,8ECE1128,Android-Budget,Passport,Karnataka,0,0,1,180,consent_sign,3.5,0,2026-01-20 12:19:00
S000846,24EEB4A6,Android-MidTier,Aadhaar,Karnataka,0,1,1,123,consent_sign,5.5,0,2026-02-02 23:59:00
S000847,66C14DCA,Android-MidTier,Driving License,Karnataka,0,0,0,133,consent_sign,3.5,0,2026-02-06 16:21:00
S000848,09F64405,iOS-HighEnd,Driving License,Delhi,0,0,0,24,phone_otp,0.0,1,2026-02-08 15:39:00
S000849,CDD0B4D4,Android-Budget,PAN,Gujarat,1,1,2,121,liveness_check,5.0,1,2026-01-28 16:37:00
S000850,2620F9A9,Android-MidTier,Passport,Delhi,0,0,0,132,consent_sign,3.5,0,2026-01-16 23:53:00
S000851,23C8AFDB,iOS-HighEnd,Driving License,West Bengal,0,0,0,143,consent_sign,3.5,0,2026-02-13 04:28:00
S000852,518B2F21,iOS-HighEnd,Passport,West Bengal,0,0,0,127,consent_sign,3.5,0,2026-01-31 02:35:00
S000853,9DD2F9DE,iOS-HighEnd,Passport,Delhi,0,0,1,164,consent_sign,3.5,0,2026-02-03 22:22:00
S000854,97FE56C5,Android-Budget,Driving License,Maharashtra,1,1,2,147,liveness_check,5.0,1,2026-02-05 13:00:00
S000855,827C9F8C,Android-Budget,Driving License,West Bengal,2,0,2,245,consent_sign,6.5,0,2026-01-13 01:14:00
S000856,901BCDEF,iOS-HighEnd,Driving License,Gujarat,0,0,1,142,consent_sign,3.5,0,2026-01-17 14:40:00
S000857,044251DB,iOS-HighEnd,Aadhaar,Gujarat,0,0,0,122,consent_sign,3.5,1,2026-02-03 17:57:00
S000858,1C0F0BDC,Android-Budget,Aadhaar,Gujarat,0,3,3,154,liveness_check,7.5,1,2026-01-28 10:17:00
S000859,4EC3F970,Android-MidTier,Passport,Maharashtra,0,0,0,153,consent_sign,3.5,0,2026-01-31 01:26:00
S000860,DF41E335,iOS-HighEnd,PAN,West Bengal,0,0,0,152,consent_sign,3.5,0,2026-01-03 08:53:00
S000861,98CF1188,iOS-HighEnd,Aadhaar,Delhi,0,1,1,100,consent_sign,5.5,0,2026-01-23 12:29:00
S000862,A7D4CF50,Android-Budget,Driving License,West Bengal,2,0,2,263,consent_sign,6.5,0,2026-01-03 00:53:00
S000863,9416E4DC,Android-MidTier,Driving License,Gujarat,0,0,0,3,registration,0.0,1,2026-02-05 17:52:00
S000864,0D259CAA,iOS-HighEnd,Passport,Tamil Nadu,0,0,0,149,consent_sign,3.5,0,2026-01-30 10:16:00
S000865,86341718,Android-MidTier,Passport,Maharashtra,0,0,0,123,consent_sign,3.5,0,2026-02-14 14:51:00
S000866,C64C9647,iOS-HighEnd,Driving License,Maharashtra,0,0,0,158,consent_sign,3.5,0,2026-02-09 14:41:00
S000867,D25864F2,iOS-HighEnd,Aadhaar,Gujarat,0,0,0,107,consent_sign,3.5,0,2026-01-20 13:36:00
S000868,9293F705,iOS-HighEnd,Aadhaar,West Bengal,0,0,0,130,consent_sign,3.5,0,2026-02-03 09:22:00
S000869,30D73DF7,iOS-HighEnd,PAN,Karnataka,0,0,1,139,consent_sign,3.5,1,2026-02-11 05:51:00
S000870,6B352F85,Android-MidTier,Aadhaar,Gujarat,0,0,0,24,phone_otp,0.0,1,2026-01-13 22:42:00
S000871,34323EC6,iOS-HighEnd,Driving License,West Bengal,0,0,0,138,consent_sign,3.5,0,2026-01-16 11:38:00
S000872,9C89D374,Android-Budget,PAN,Tamil Nadu,1,1,2,261,consent_sign,7.0,0,2026-01-23 02:47:00
S000873,D92F3C1E,iOS-HighEnd,PAN,Karnataka,0,0,0,30,phone_otp,0.0,1,2026-01-31 11:38:00
S000874,B4ADAF89,iOS-HighEnd,Driving License,Tamil Nadu,0,0,0,129,consent_sign,3.5,1,2026-02-07 07:40:00
S000875,8F964685,Android-MidTier,Passport,Tamil Nadu,0,0,0,123,consent_sign,3.5,0,2026-01-06 18:36:00
S000876,7A768555,Android-Budget,Aadhaar,West Bengal,1,0,1,185,consent_sign,5.0,0,2026-02-23 02:37:00
S000877,F4E95734,iOS-HighEnd,Passport,West Bengal,0,0,0,152,consent_sign,3.5,0,2026-02-01 12:04:00
S000878,887B03E5,iOS-HighEnd,Passport,Delhi,0,0,0,159,consent_sign,3.5,0,2026-02-03 08:22:00
S000879,AD05B912,iOS-HighEnd,Passport,West Bengal,0,0,0,56,doc_upload,0.0,1,2026-02-05 07:21:00
S000880,AE455CC6,Android-MidTier,Driving License,Tamil Nadu,0,0,0,121,consent_sign,3.5,0,2026-02-16 15:02:00
S000881,43AD3D62,Android-Budget,Driving License,Karnataka,0,0,1,161,consent_sign,3.5,0,2026-02-18 03:23:00
S000882,F5141058,Android-MidTier,Aadhaar,West Bengal,0,1,1,130,consent_sign,5.5,0,2026-02-28 11:07:00
S000883,4C6A70F4,Android-MidTier,Aadhaar,Maharashtra,0,0,0,154,consent_sign,3.5,0,2026-02-19 06:41:00
S000884,FB756923,iOS-HighEnd,Passport,Gujarat,0,0,0,156,consent_sign,3.5,0,2026-02-25 18:40:00
S000885,B4746349,Android-MidTier,Driving License,Maharashtra,2,0,2,151,doc_upload,3.0,1,2026-02-13 18:38:00
S000886,7D2F4E58,iOS-HighEnd,Passport,Gujarat,0,0,0,4,registration,0.0,1,2026-02-14 16:22:00
S000887,8F7C1D59,Android-Budget,Driving License,West Bengal,0,0,0,41,doc_upload,0.0,1,2026-01-11 11:37:00
S000888,B8BEFF3D,iOS-HighEnd,Passport,Tamil Nadu,0,0,0,165,consent_sign,3.5,0,2026-02-25 01:40:00
S000889,92CF6021,iOS-HighEnd,Driving License,Maharashtra,0,2,2,183,consent_sign,7.5,0,2026-02-27 07:20:00
S000890,E5508EA2,iOS-HighEnd,PAN,Karnataka,0,0,0,160,consent_sign,3.5,0,2026-01-11 05:29:00
S000891,585ABEFB,iOS-HighEnd,PAN,Karnataka,0,0,0,147,consent_sign,3.5,0,2026-02-06 09:35:00
S000892,257F7595,Android-MidTier,Passport,Karnataka,0,1,1,106,liveness_check,3.5,1,2026-01-28 23:15:00
S000893,F48F709C,Android-MidTier,Passport,West Bengal,0,0,1,128,consent_sign,3.5,0,2026-02-07 13:00:00
S000894,EC8BE537,iOS-HighEnd,PAN,Gujarat,0,0,0,169,consent_sign,3.5,0,2026-01-19 11:42:00
S000895,BF519362,iOS-HighEnd,Driving License,Karnataka,0,0,0,149,consent_sign,3.5,0,2026-02-05 20:06:00
S000896,D3F4A49B,Android-MidTier,Passport,West Bengal,1,0,1,184,consent_sign,5.0,0,2026-01-08 01:37:00
S000897,8FE069B6,Android-MidTier,Aadhaar,West Bengal,0,0,0,146,consent_sign,3.5,0,2026-01-14 02:51:00
S000898,1BF645F6,Android-Budget,Passport,Gujarat,1,0,2,182,consent_sign,5.0,0,2026-01-24 21:51:00
S000899,3D4196FE,iOS-HighEnd,Driving License,Delhi,0,0,0,115,consent_sign,3.5,0,2026-02-19 09:02:00
S000900,E7BA26AC,Android-MidTier,PAN,Maharashtra,0,1,1,145,consent_sign,5.5,0,2026-02-12 23:20:00
S000901,3B9B2D45,Android-MidTier,Driving License,Gujarat,0,0,1,187,consent_sign,3.5,0,2026-01-03 06:55:00
S000902,548E1F6B,iOS-HighEnd,Passport,West Bengal,2,0,2,235,consent_sign,6.5,0,2026-02-22 14:52:00
S000903,AE62990C,Android-Budget,PAN,Tamil Nadu,0,1,1,94,liveness_check,3.5,1,2026-01-28 21:45:00
S000904,F6EAB3A0,iOS-HighEnd,Driving License,Maharashtra,1,0,1,161,consent_sign,5.0,0,2026-01-20 07:39:00
S000905,286ED390,Android-MidTier,Passport,West Bengal,0,0,0,137,consent_sign,3.5,1,2026-02-25 09:18:00
S000906,E1721C83,iOS-HighEnd,Driving License,Maharashtra,0,2,2,204,consent_sign,7.5,0,2026-02-08 13:32:00
S000907,A689B424,Android-MidTier,Aadhaar,Karnataka,0,1,2,156,consent_sign,5.5,0,2026-01-17 11:26:00
S000908,4988E418,iOS-HighEnd,PAN,Maharashtra,0,0,1,153,consent_sign,3.5,0,2026-01-11 06:58:00
S000909,0F25477D,iOS-HighEnd,PAN,Karnataka,0,0,0,155,consent_sign,3.5,0,2026-02-04 15:38:00
S000910,A6FD0CB1,iOS-HighEnd,Aadhaar,Delhi,0,1,1,152,consent_sign,5.5,0,2026-02-25 05:51:00
S000911,BD1A8F4B,iOS-HighEnd,PAN,Karnataka,0,0,0,152,consent_sign,3.5,0,2026-01-13 03:34:00
S000912,098C60B3,Android-Budget,Passport,Karnataka,0,0,0,128,consent_sign,3.5,0,2026-02-12 09:34:00
S000913,6AFA828C,Android-Budget,PAN,West Bengal,0,0,0,2,registration,0.0,1,2026-01-02 15:17:00
S000914,EF158D5B,iOS-HighEnd,Driving License,Delhi,0,0,0,4,registration,0.0,1,2026-01-16 01:38:00
S000915,D61169A1,Android-MidTier,Passport,Karnataka,0,1,1,121,consent_sign,5.5,0,2026-02-14 08:58:00
S000916,2FB21E66,Android-MidTier,Passport,Delhi,0,2,2,162,liveness_check,5.5,1,2026-01-18 07:01:00
S000917,DF4E713E,Android-MidTier,Aadhaar,Maharashtra,0,0,0,109,consent_sign,3.5,0,2026-02-11 23:16:00
S000918,0997623A,iOS-HighEnd,PAN,Karnataka,0,0,0,32,phone_otp,0.0,1,2026-02-16 20:05:00
S000919,9A4FFC0C,iOS-HighEnd,PAN,Gujarat,0,0,0,135,consent_sign,3.5,0,2026-02-18 04:08:00
S000920,55C551FC,iOS-HighEnd,PAN,West Bengal,0,0,0,121,consent_sign,3.5,0,2026-02-28 01:40:00
S000921,A42D0CD7,Android-MidTier,Driving License,Delhi,0,0,0,40,phone_otp,0.0,1,2026-02-13 17:01:00
S000922,E3A68A70,iOS-HighEnd,Passport,Karnataka,0,0,0,110,consent_sign,3.5,0,2026-02-20 22:04:00
S000923,811414F8,Android-MidTier,Driving License,Karnataka,0,0,0,124,consent_sign,3.5,0,2026-01-23 09:40:00
S000924,CF0E6D2B,Android-MidTier,PAN,Tamil Nadu,0,0,0,161,consent_sign,3.5,0,2026-01-15 03:42:00
S000925,BB2AA146,iOS-HighEnd,Driving License,Karnataka,0,0,0,143,consent_sign,3.5,0,2026-01-12 16:46:00
S000926,B7F60CDF,Android-MidTier,PAN,West Bengal,0,0,0,123,consent_sign,3.5,0,2026-02-23 13:54:00
S000927,564CFBD2,iOS-HighEnd,Driving License,Tamil Nadu,0,0,0,108,consent_sign,3.5,0,2026-02-15 08:19:00
S000928,ACA58D95,iOS-HighEnd,Aadhaar,Maharashtra,0,0,0,167,consent_sign,3.5,0,2026-02-02 19:08:00
S000929,9C678393,Android-MidTier,Driving License,Gujarat,0,0,0,155,consent_sign,3.5,0,2026-02-21 19:36:00
S000930,67CE378F,Android-MidTier,Driving License,Tamil Nadu,0,0,1,159,consent_sign,3.5,1,2026-02-03 03:57:00
S000931,53F30073,iOS-HighEnd,Passport,Maharashtra,0,0,0,28,phone_otp,0.0,1,2026-01-03 12:44:00
S000932,186B2880,Android-MidTier,Passport,West Bengal,0,0,0,121,consent_sign,3.5,0,2026-01-24 09:48:00
S000933,7A3A6E96,iOS-HighEnd,Passport,West Bengal,0,0,0,109,consent_sign,3.5,0,2026-02-20 03:32:00
S000934,01BF9E73,Android-MidTier,Aadhaar,West Bengal,0,0,0,150,consent_sign,3.5,0,2026-01-29 04:06:00
S000935,725D4259,iOS-HighEnd,PAN,Karnataka,0,0,0,110,consent_sign,3.5,0,2026-02-03 05:37:00
S000936,546252E7,iOS-HighEnd,Aadhaar,Maharashtra,0,0,0,162,consent_sign,3.5,0,2026-01-19 09:53:00
S000937,92A81713,Android-Budget,Aadhaar,Delhi,1,0,1,168,consent_sign,5.0,0,2026-01-28 02:03:00
S000938,5C0B9B10,Android-Budget,Aadhaar,Delhi,0,0,1,157,consent_sign,3.5,0,2026-01-14 13:34:00
S000939,AAF407F7,Android-MidTier,Passport,Delhi,1,0,1,109,doc_upload,1.5,1,2026-01-25 03:14:00
S000940,28E333B6,iOS-HighEnd,PAN,Maharashtra,0,0,0,152,consent_sign,3.5,0,2026-01-23 19:21:00
S000941,EC50ACE4,iOS-HighEnd,PAN,Tamil Nadu,1,0,1,82,doc_upload,1.5,1,2026-02-20 18:23:00
S000942,C5144D98,Android-Budget,Aadhaar,Delhi,1,0,1,158,consent_sign,5.0,0,2026-02-11 03:41:00
S000943,A38295D3,Android-MidTier,PAN,West Bengal,0,1,1,164,consent_sign,5.5,0,2026-02-06 09:36:00
S000944,5E175B66,iOS-HighEnd,Aadhaar,Maharashtra,0,0,0,132,consent_sign,3.5,0,2026-02-23 19:17:00
S000945,F5159494,Android-MidTier,Aadhaar,Delhi,0,1,1,84,liveness_check,3.5,1,2026-02-15 09:17:00
S000946,74797B61,iOS-HighEnd,Passport,Karnataka,0,0,0,146,consent_sign,3.5,0,2026-01-29 15:49:00
S000947,5FA5E0AA,iOS-HighEnd,Passport,Maharashtra,1,0,1,96,doc_upload,1.5,1,2026-02-18 00:24:00
S000948,E9AD0E9B,iOS-HighEnd,Driving License,Delhi,0,0,0,3,registration,0.0,1,2026-01-31 02:02:00
S000949,CD4F8B2B,iOS-HighEnd,PAN,Karnataka,0,0,0,137,consent_sign,3.5,0,2026-01-07 15:34:00
S000950,C3093B6E,iOS-HighEnd,PAN,Tamil Nadu,0,0,0,1,registration,0.0,1,2026-01-17 11:44:00
S000951,98874BFE,Android-MidTier,Aadhaar,Delhi,1,0,1,163,consent_sign,5.0,0,2026-02-19 06:22:00
S000952,86879AA9,iOS-HighEnd,Driving License,Maharashtra,0,1,1,182,consent_sign,5.5,0,2026-02-05 17:26:00
S000953,5C9DEEE0,iOS-HighEnd,Aadhaar,Gujarat,0,0,0,104,consent_sign,3.5,0,2026-02-24 03:21:00
S000954,1CB9B73A,iOS-HighEnd,Passport,West Bengal,0,0,1,156,consent_sign,3.5,0,2026-01-19 08:37:00
S000955,E723ADA3,iOS-HighEnd,PAN,Maharashtra,0,1,1,180,consent_sign,5.5,0,2026-01-05 02:56:00
S000956,89628F6E,Android-Budget,PAN,Gujarat,0,1,2,188,consent_sign,5.5,0,2026-02-09 19:39:00
S000957,DABF984E,iOS-HighEnd,Aadhaar,Karnataka,0,0,0,139,consent_sign,3.5,0,2026-01-27 18:28:00
S000958,AE27D432,Android-Budget,Passport,Tamil Nadu,0,3,3,121,liveness_check,7.5,1,2026-02-26 22:15:00
S000959,7D23D479,iOS-HighEnd,Driving License,Maharashtra,0,0,0,124,consent_sign,3.5,0,2026-01-02 06:47:00
S000960,720B274B,Android-MidTier,Driving License,Delhi,0,0,0,102,consent_sign,3.5,0,2026-01-24 16:19:00
S000961,21C71AA3,Android-MidTier,Aadhaar,Tamil Nadu,0,0,0,132,consent_sign,3.5,0,2026-01-12 21:41:00
S000962,905C7BDD,Android-MidTier,Aadhaar,West Bengal,0,0,0,119,consent_sign,3.5,0,2026-02-10 13:36:00
S000963,AC3A812F,iOS-HighEnd,Driving License,Karnataka,0,0,1,131,consent_sign,3.5,1,2026-02-02 04:50:00
S000964,0592BFA5,Android-MidTier,Passport,Gujarat,0,0,0,146,consent_sign,3.5,0,2026-01-23 16:54:00
S000965,00C59F30,Android-Budget,PAN,Maharashtra,0,1,2,168,consent_sign,5.5,0,2026-01-04 19:57:00
S000966,12B2102D,Android-MidTier,PAN,West Bengal,0,0,0,117,consent_sign,3.5,0,2026-02-11 06:19:00
S000967,B34C6C73,iOS-HighEnd,Driving License,Delhi,0,0,0,23,phone_otp,0.0,1,2026-01-17 04:52:00
S000968,0F6CE9BF,Android-Budget,Aadhaar,Tamil Nadu,0,1,1,151,consent_sign,5.5,0,2026-01-14 10:32:00
S000969,FC737D92,Android-MidTier,Passport,West Bengal,0,0,0,139,consent_sign,3.5,0,2026-02-01 01:56:00
S000970,497EC6D1,iOS-HighEnd,Driving License,Delhi,0,0,0,140,consent_sign,3.5,0,2026-02-20 05:34:00
S000971,22AB7752,Android-MidTier,Passport,Gujarat,1,0,1,196,consent_sign,5.0,0,2026-01-21 02:25:00
S000972,BAB2B77D,Android-MidTier,PAN,Karnataka,0,0,0,138,consent_sign,3.5,0,2026-02-06 21:54:00
S000973,5FDCABBF,Android-Budget,Aadhaar,Maharashtra,0,0,0,1,registration,0.0,1,2026-01-10 04:02:00
S000974,72D35458,iOS-HighEnd,Aadhaar,Delhi,1,0,1,186,consent_sign,5.0,0,2026-01-31 12:11:00
S000975,60A399D4,Android-Budget,PAN,Karnataka,0,1,1,168,consent_sign,5.5,0,2026-01-10 13:43:00
S000976,F6D22A7B,Android-MidTier,PAN,Tamil Nadu,0,0,1,128,consent_sign,3.5,0,2026-01-04 22:01:00
S000977,220B9EA9,Android-MidTier,Aadhaar,Delhi,0,0,0,145,consent_sign,3.5,0,2026-02-01 06:15:00
S000978,1E5EBE54,iOS-HighEnd,Passport,Gujarat,0,0,0,105,consent_sign,3.5,0,2026-01-08 21:28:00
S000979,649F7D88,Android-MidTier,Driving License,Delhi,0,0,0,143,consent_sign,3.5,0,2026-01-03 11:12:00
S000980,FA8DAE42,iOS-HighEnd,Passport,Gujarat,0,0,0,1,registration,0.0,1,2026-01-08 15:17:00
S000981,C194F97F,Android-Budget,Aadhaar,Delhi,0,1,2,106,liveness_check,3.5,1,2026-02-22 13:09:00
S000982,76876C62,Android-Budget,Passport,Gujarat,0,0,1,138,consent_sign,3.5,0,2026-02-01 20:22:00
S000983,6C93A791,iOS-HighEnd,PAN,Delhi,0,0,0,165,consent_sign,3.5,0,2026-01-08 02:33:00
S000984,3ACB43A3,Android-MidTier,Driving License,West Bengal,0,2,2,210,consent_sign,7.5,0,2026-02-23 09:02:00
S000985,27B608DC,iOS-HighEnd,PAN,Tamil Nadu,0,0,0,123,consent_sign,3.5,0,2026-01-30 11:56:00
S000986,E00DA49D,iOS-HighEnd,PAN,Karnataka,0,0,0,130,consent_sign,3.5,0,2026-01-08 13:47:00
S000987,083F64C3,Android-Budget,Passport,Gujarat,1,0,1,121,consent_sign,5.0,0,2026-02-06 06:09:00
S000988,9D6B9B62,iOS-HighEnd,Aadhaar,Gujarat,0,0,0,154,consent_sign,3.5,0,2026-02-01 15:58:00
S000989,E39836BB,iOS-HighEnd,Aadhaar,Gujarat,0,0,0,110,consent_sign,3.5,0,2026-02-25 10:44:00
S000990,1139FA12,Android-MidTier,PAN,Maharashtra,0,0,0,110,consent_sign,3.5,0,2026-02-23 18:49:00
S000991,7249F62C,Android-MidTier,Driving License,Maharashtra,0,0,0,149,consent_sign,3.5,0,2026-02-05 10:16:00
S000992,DF495037,Android-MidTier,PAN,Maharashtra,0,0,0,4,registration,0.0,1,2026-01-18 01:45:00
S000993,0B531932,Android-MidTier,Passport,Delhi,0,0,0,152,consent_sign,3.5,0,2026-01-14 23:27:00
S000994,8A2DB2E6,iOS-HighEnd,Driving License,West Bengal,0,0,0,134,consent_sign,3.5,0,2026-01-15 21:08:00
S000995,C6AC1B04,iOS-HighEnd,Passport,West Bengal,0,0,0,146,consent_sign,3.5,0,2026-01-02 12:19:00
S000996,FE54EE4B,Android-Budget,Driving License,Maharashtra,0,0,0,3,registration,0.0,1,2026-02-03 23:19:00
S000997,EA98FEF8,Android-MidTier,PAN,Karnataka,0,0,0,127,consent_sign,3.5,0,2026-02-08 06:57:00
S000998,93D563AE,iOS-HighEnd,PAN,Delhi,0,0,0,126,consent_sign,3.5,0,2026-01-19 00:37:00
S000999,D18183D1,iOS-HighEnd,Driving License,Karnataka,0,0,0,126,consent_sign,3.5,0,2026-01-10 00:48:00
S001000,E0527739,iOS-HighEnd,PAN,Delhi,0,0,0,145,consent_sign,3.5,0,2026-01-26 11:23:00
S001001,8570B59F,Android-MidTier,PAN,West Bengal,0,0,0,139,consent_sign,3.5,0,2026-01-29 22:18:00
S001002,46707CD6,iOS-HighEnd,Passport,Delhi,0,0,0,35,phone_otp,0.0,1,2026-01-02 07:50:00
S001003,97777F10,Android-MidTier,Passport,Tamil Nadu,0,0,0,147,consent_sign,3.5,0,2026-01-08 11:56:00
S001004,2CD58759,Android-MidTier,Driving License,Delhi,0,0,0,125,consent_sign,3.5,0,2026-02-25 13:00:00
S001005,8E4C3AB5,Android-MidTier,Driving License,West Bengal,0,1,1,144,consent_sign,5.5,0,2026-02-27 13:49:00
S001006,582B91EE,Android-Budget,PAN,Maharashtra,2,3,5,229,liveness_check,10.5,1,2026-01-14 01:38:00
S001007,61935990,Android-MidTier,Aadhaar,Maharashtra,0,0,1,152,consent_sign,3.5,0,2026-01-06 11:27:00
S001008,B2414482,Android-MidTier,Driving License,Maharashtra,0,0,1,69,doc_upload,0.0,1,2026-01-27 16:43:00
S001009,4CC57E0D,Android-Budget,Passport,Gujarat,0,0,0,129,consent_sign,3.5,0,2026-02-23 06:29:00
S001010,89B5AAB0,iOS-HighEnd,Passport,Delhi,0,0,0,110,consent_sign,3.5,0,2026-01-19 16:22:00
S001011,39B02E2A,Android-MidTier,Aadhaar,Tamil Nadu,0,0,0,105,consent_sign,3.5,0,2026-01-11 14:10:00
S001012,24F43C62,Android-MidTier,Driving License,Maharashtra,1,0,1,99,doc_upload,1.5,1,2026-02-03 04:28:00
S001013,0EC0713D,Android-Budget,Passport,Karnataka,0,0,0,120,consent_sign,3.5,0,2026-01-17 19:13:00
S001014,6AA0426D,Android-MidTier,Aadhaar,Gujarat,0,1,2,190,consent_sign,5.5,0,2026-01-23 22:53:00
S001015,636F6E5C,iOS-HighEnd,Aadhaar,Delhi,0,0,1,149,consent_sign,3.5,0,2026-02-04 06:26:00
S001016,548C1D84,Android-Budget,Driving License,Karnataka,0,0,0,1,registration,0.0,1,2026-01-04 02:20:00
S001017,73253AA3,iOS-HighEnd,Driving License,Gujarat,0,0,0,31,phone_otp,0.0,1,2026-01-22 16:56:00
S001018,891F6912,Android-Budget,PAN,Karnataka,0,0,0,33,phone_otp,0.0,1,2026-01-07 02:14:00
S001019,0D31812E,iOS-HighEnd,Driving License,Tamil Nadu,0,0,1,124,consent_sign,3.5,0,2026-02-09 16:47:00
S001020,9ADF4709,iOS-HighEnd,Aadhaar,West Bengal,0,0,0,4,registration,0.0,1,2026-02-11 02:38:00
S001021,12A1FE7D,iOS-HighEnd,Driving License,Karnataka,0,0,0,117,consent_sign,3.5,0,2026-02-21 05:01:00
S001022,966BE275,Android-Budget,PAN,Delhi,1,0,1,90,doc_upload,1.5,1,2026-02-19 13:19:00
S001023,378E6510,Android-MidTier,Driving License,Delhi,0,0,0,172,consent_sign,3.5,0,2026-02-15 08:16:00
S001024,E8334DA5,iOS-HighEnd,PAN,Gujarat,0,0,0,122,consent_sign,3.5,0,2026-02-01 14:17:00
S001025,E8B3D763,iOS-HighEnd,Aadhaar,Gujarat,0,0,1,121,consent_sign,3.5,0,2026-01-11 12:24:00
S001026,30A5648E,iOS-HighEnd,Passport,West Bengal,0,0,0,112,consent_sign,3.5,1,2026-01-21 06:34:00
S001027,BF337A15,iOS-HighEnd,PAN,Maharashtra,0,0,0,118,consent_sign,3.5,1,2026-02-15 09:47:00
S001028,EA18D32C,Android-MidTier,PAN,Karnataka,0,1,1,170,consent_sign,5.5,0,2026-01-12 08:29:00
S001029,B42A2D93,Android-Budget,Aadhaar,West Bengal,0,0,1,143,consent_sign,3.5,0,2026-02-13 21:10:00
S001030,3D44CB2C,iOS-HighEnd,Aadhaar,Tamil Nadu,0,0,0,4,registration,0.0,1,2026-02-14 23:05:00
S001031,48769153,Android-MidTier,Driving License,Delhi,0,0,1,130,consent_sign,3.5,0,2026-01-09 05:40:00
S001032,A6129A1C,Android-Budget,PAN,Gujarat,0,0,1,49,phone_otp,0.0,1,2026-02-11 09:39:00
S001033,5C11AB6D,Android-MidTier,PAN,Tamil Nadu,0,0,0,134,consent_sign,3.5,0,2026-01-07 14:57:00
S001034,774C0AFA,Android-MidTier,Aadhaar,Delhi,0,0,0,119,consent_sign,3.5,0,2026-01-16 03:31:00
S001035,B8F0188E,iOS-HighEnd,Driving License,Maharashtra,0,0,0,136,consent_sign,3.5,0,2026-01-17 09:51:00
S001036,51FACEFA,Android-MidTier,Aadhaar,Tamil Nadu,0,0,0,99,consent_sign,3.5,1,2026-01-13 08:21:00
S001037,501BA851,Android-MidTier,Driving License,Maharashtra,0,0,0,147,consent_sign,3.5,0,2026-02-21 01:24:00
S001038,DD34AA18,iOS-HighEnd,PAN,West Bengal,0,0,1,151,consent_sign,3.5,0,2026-02-22 06:06:00
S001039,0426FCC9,iOS-HighEnd,Aadhaar,Delhi,1,0,1,180,consent_sign,5.0,0,2026-02-05 21:31:00
S001040,95831D58,Android-Budget,Aadhaar,Karnataka,1,0,1,66,doc_upload,1.5,1,2026-01-20 19:45:00
S001041,4B91B8CB,Android-MidTier,Driving License,Gujarat,0,0,0,120,consent_sign,3.5,0,2026-01-07 12:32:00
S001042,3AE28023,iOS-HighEnd,Passport,Tamil Nadu,0,0,0,3,registration,0.0,1,2026-01-05 05:44:00
S001043,3EE82983,iOS-HighEnd,Driving License,Gujarat,0,0,0,138,consent_sign,3.5,0,2026-02-05 21:39:00
S001044,F186E47A,Android-MidTier,Passport,Tamil Nadu,1,0,2,193,consent_sign,5.0,0,2026-02-17 18:42:00
S001045,C36B9A0A,iOS-HighEnd,Passport,Tamil Nadu,0,0,0,110,consent_sign,3.5,0,2026-01-31 02:32:00
S001046,B93B17FB,iOS-HighEnd,Driving License,Delhi,0,0,0,131,consent_sign,3.5,0,2026-01-09 14:45:00
S001047,75F8E3A8,Android-MidTier,PAN,Delhi,0,1,1,125,consent_sign,5.5,0,2026-01-23 03:00:00
S001048,5A2837B2,Android-MidTier,Passport,Karnataka,0,0,0,133,consent_sign,3.5,0,2026-02-19 17:42:00
S001049,8BEA75C1,Android-MidTier,Driving License,Delhi,1,0,1,74,doc_upload,1.5,1,2026-03-01 06:26:00
S001050,E3AD64D4,iOS-HighEnd,Driving License,Gujarat,0,0,1,145,consent_sign,3.5,0,2026-01-12 15:49:00
S001051,F50D7A37,iOS-HighEnd,Driving License,Gujarat,0,1,1,158,consent_sign,5.5,0,2026-02-27 12:07:00
S001052,D6CD3155,Android-MidTier,PAN,Maharashtra,0,0,0,19,phone_otp,0.0,1,2026-02-08 20:38:00
S001053,D1682E09,Android-MidTier,Passport,Delhi,0,2,2,157,liveness_check,5.5,1,2026-02-27 03:56:00
S001054,01A25ED1,iOS-HighEnd,Aadhaar,Karnataka,1,0,1,161,consent_sign,5.0,0,2026-02-26 10:19:00
S001055,A175A9C3,iOS-HighEnd,Passport,Tamil Nadu,1,0,2,180,consent_sign,5.0,0,2026-01-23 01:36:00
S001056,26A9E100,Android-Budget,Passport,Delhi,0,0,0,4,registration,0.0,1,2026-02-10 01:52:00
S001057,74BD0C93,Android-Budget,PAN,Delhi,0,1,1,114,liveness_check,3.5,1,2026-02-10 13:58:00
S001058,A3422E50,iOS-HighEnd,PAN,Tamil Nadu,0,0,0,27,phone_otp,0.0,1,2026-01-27 18:59:00
S001059,E9AA144B,Android-MidTier,Aadhaar,Tamil Nadu,0,0,2,222,consent_sign,3.5,0,2026-03-01 02:03:00
S001060,0406FF44,iOS-HighEnd,PAN,Maharashtra,1,0,1,186,consent_sign,5.0,0,2026-03-01 01:02:00
S001061,694D7B00,Android-MidTier,Passport,Karnataka,1,0,1,162,consent_sign,5.0,0,2026-02-10 00:13:00
S001062,B8E19F56,Android-MidTier,PAN,Karnataka,0,0,0,2,registration,0.0,1,2026-02-08 20:38:00
S001063,49646B96,Android-Budget,Aadhaar,Maharashtra,0,1,1,150,liveness_check,3.5,1,2026-02-25 04:28:00
S001064,B2A6E468,Android-MidTier,Passport,Karnataka,0,0,0,26,phone_otp,0.0,1,2026-01-02 03:06:00
S001065,F090F5A0,Android-MidTier,PAN,Karnataka,0,0,0,2,registration,0.0,1,2026-02-06 04:16:00
S001066,EB053FC4,Android-Budget,PAN,Gujarat,1,0,1,100,doc_upload,1.5,1,2026-01-13 08:59:00
S001067,3DB02235,iOS-HighEnd,Aadhaar,Maharashtra,0,0,0,133,consent_sign,3.5,0,2026-02-25 11:51:00
S001068,409E7A80,Android-MidTier,Passport,Gujarat,1,0,1,108,doc_upload,1.5,1,2026-03-01 06:09:00
S001069,CB80F288,Android-Budget,PAN,Maharashtra,1,0,1,105,doc_upload,1.5,1,2026-01-04 15:33:00
S001070,F5948A54,Android-MidTier,PAN,Maharashtra,0,0,0,120,consent_sign,3.5,0,2026-02-14 16:21:00
S001071,3E42DF5B,iOS-HighEnd,Driving License,Delhi,0,0,0,143,consent_sign,3.5,0,2026-01-22 00:02:00
S001072,4CCB2355,Android-Budget,Passport,Maharashtra,2,0,2,120,doc_upload,3.0,1,2026-01-28 05:21:00
S001073,14A34F7F,iOS-HighEnd,PAN,Delhi,0,0,1,98,consent_sign,3.5,0,2026-01-31 12:04:00
S001074,A65F7B8A,Android-MidTier,Passport,Delhi,0,0,0,140,consent_sign,3.5,0,2026-02-01 21:52:00
S001075,67C0518B,iOS-HighEnd,Aadhaar,Karnataka,0,0,0,163,consent_sign,3.5,0,2026-02-16 09:15:00
S001076,79DB7862,Android-MidTier,PAN,Maharashtra,0,0,0,1,registration,0.0,1,2026-02-06 05:34:00
S001077,B3EDA8F1,Android-MidTier,PAN,Tamil Nadu,0,1,1,120,liveness_check,3.5,1,2026-01-13 10:24:00
S001078,D867888B,Android-MidTier,Passport,West Bengal,0,0,0,95,consent_sign,3.5,0,2026-01-04 17:50:00
S001079,54CE26BE,iOS-HighEnd,Driving License,Delhi,0,0,0,124,consent_sign,3.5,0,2026-02-04 04:54:00
S001080,F94D8FCB,iOS-HighEnd,PAN,Karnataka,0,1,1,208,consent_sign,5.5,0,2026-01-26 17:24:00
S001081,EB4D8F42,iOS-HighEnd,PAN,Tamil Nadu,0,0,0,125,consent_sign,3.5,0,2026-01-21 06:18:00
S001082,E6B9D31A,iOS-HighEnd,Passport,Maharashtra,0,0,0,154,consent_sign,3.5,0,2026-01-07 08:52:00
S001083,9118C400,Android-Budget,PAN,Tamil Nadu,0,0,0,208,consent_sign,3.5,0,2026-02-06 09:49:00
S001084,EC95B3AC,Android-Budget,PAN,Gujarat,1,0,1,89,doc_upload,1.5,1,2026-01-02 02:32:00
S001085,47C68688,iOS-HighEnd,Aadhaar,Karnataka,0,0,0,151,consent_sign,3.5,0,2026-01-17 11:54:00
S001086,A879D8F8,Android-Budget,Aadhaar,Maharashtra,0,0,0,142,consent_sign,3.5,0,2026-02-23 09:17:00
S001087,D9B59F84,iOS-HighEnd,Passport,Karnataka,1,0,1,187,consent_sign,5.0,0,2026-02-26 02:32:00
S001088,3508507A,Android-MidTier,Passport,Gujarat,0,0,0,136,consent_sign,3.5,0,2026-02-11 12:31:00
S001089,D218C9D6,iOS-HighEnd,Aadhaar,Maharashtra,0,0,0,132,consent_sign,3.5,0,2026-01-15 11:04:00
S001090,EDCABF94,Android-Budget,Driving License,Tamil Nadu,0,0,0,111,consent_sign,3.5,1,2026-02-14 04:03:00
S001091,905F9096,Android-MidTier,PAN,Delhi,0,0,1,169,consent_sign,3.5,0,2026-02-05 21:42:00
S001092,D9750F00,iOS-HighEnd,Passport,Gujarat,1,0,1,92,doc_upload,1.5,1,2026-03-02 06:18:00
S001093,8A624CBD,Android-MidTier,PAN,Gujarat,0,0,0,120,consent_sign,3.5,0,2026-01-14 02:34:00
S001094,BD5FF093,Android-MidTier,Aadhaar,Tamil Nadu,0,0,0,125,consent_sign,3.5,0,2026-01-01 13:58:00
S001095,B076A7DC,iOS-HighEnd,PAN,Tamil Nadu,0,0,1,144,consent_sign,3.5,0,2026-02-24 01:56:00
S001096,BED63DA0,Android-MidTier,PAN,Delhi,0,0,1,126,consent_sign,3.5,1,2026-02-12 12:37:00
S001097,1901EF87,iOS-HighEnd,PAN,Tamil Nadu,0,0,0,1,registration,0.0,1,2026-02-11 05:24:00
S001098,1375EE90,iOS-HighEnd,Passport,Gujarat,0,0,0,137,consent_sign,3.5,0,2026-01-08 06:15:00
S001099,9D264599,Android-MidTier,PAN,Gujarat,0,0,0,151,consent_sign,3.5,0,2026-02-23 03:24:00
S001100,F80B2CEA,Android-MidTier,Passport,West Bengal,1,0,1,164,consent_sign,5.0,0,2026-01-08 14:03:00
S001101,A255E1BB,iOS-HighEnd,Passport,Gujarat,0,1,1,132,consent_sign,5.5,0,2026-01-27 14:50:00
S001102,735741E5,Android-MidTier,Driving License,Gujarat,0,1,1,151,consent_sign,5.5,0,2026-02-18 23:50:00
S001103,8D93E14A,iOS-HighEnd,Aadhaar,Karnataka,0,1,1,156,consent_sign,5.5,0,2026-01-09 04:47:00
S001104,2F8C83E5,Android-Budget,PAN,Karnataka,0,0,0,156,consent_sign,3.5,0,2026-02-06 23:11:00
S001105,614C721D,Android-Budget,Driving License,Delhi,0,0,0,58,doc_upload,0.0,1,2026-02-12 00:11:00
S001106,4B9DFD58,Android-MidTier,Passport,West Bengal,0,0,0,36,phone_otp,0.0,1,2026-01-02 21:24:00
S001107,12D15585,Android-MidTier,Aadhaar,Karnataka,0,0,0,74,consent_sign,3.5,0,2026-02-12 12:29:00
S001108,6147ADEB,iOS-HighEnd,Passport,Karnataka,0,0,0,121,consent_sign,3.5,0,2026-01-04 06:57:00
S001109,277EB0AA,Android-MidTier,Passport,Delhi,0,1,1,170,consent_sign,5.5,0,2026-01-15 06:18:00
S001110,5C56D9BC,iOS-HighEnd,Aadhaar,Delhi,0,1,1,127,consent_sign,5.5,0,2026-02-25 05:04:00
S001111,F165D779,Android-MidTier,Passport,Gujarat,0,0,0,140,consent_sign,3.5,0,2026-01-08 14:01:00
S001112,C2E79A98,Android-Budget,Aadhaar,Maharashtra,1,0,2,101,doc_upload,1.5,1,2026-01-09 22:02:00
S001113,16591C89,iOS-HighEnd,Aadhaar,West Bengal,0,0,0,155,consent_sign,3.5,0,2026-03-01 08:38:00
S001114,8E969227,iOS-HighEnd,PAN,Tamil Nadu,0,0,0,109,consent_sign,3.5,0,2026-01-26 05:03:00
S001115,1A7167C7,Android-MidTier,Passport,Karnataka,1,1,2,215,consent_sign,7.0,0,2026-01-27 12:24:00
S001116,8DE1596C,Android-MidTier,PAN,Karnataka,0,0,0,125,consent_sign,3.5,0,2026-01-04 23:49:00
S001117,C8D0F9E5,Android-MidTier,Driving License,Maharashtra,0,0,0,95,consent_sign,3.5,0,2026-01-02 14:03:00
S001118,0328C136,iOS-HighEnd,PAN,Karnataka,0,1,1,172,consent_sign,5.5,0,2026-01-19 16:17:00
S001119,C777A07F,Android-Budget,Passport,Karnataka,1,0,1,83,doc_upload,1.5,1,2026-02-12 02:08:00
S001120,8F3DC97F,iOS-HighEnd,Passport,Delhi,0,0,1,173,consent_sign,3.5,0,2026-02-11 16:42:00
S001121,3E245FBF,iOS-HighEnd,PAN,Maharashtra,0,0,0,135,consent_sign,3.5,0,2026-02-20 13:18:00
S001122,AF70DE70,Android-Budget,PAN,Delhi,0,0,0,131,consent_sign,3.5,0,2026-01-11 02:00:00
S001123,44D7DF9A,Android-MidTier,PAN,Maharashtra,0,0,0,43,doc_upload,0.0,1,2026-01-01 15:21:00
S001124,255BFC1C,iOS-HighEnd,Aadhaar,West Bengal,0,0,0,145,consent_sign,3.5,0,2026-01-18 09:19:00
S001125,46A56FE8,Android-MidTier,Driving License,Gujarat,0,0,1,149,consent_sign,3.5,1,2026-02-04 21:57:00
S001126,C85CD714,iOS-HighEnd,PAN,Tamil Nadu,0,0,0,116,consent_sign,3.5,0,2026-01-13 19:16:00
S001127,F1B88D65,iOS-HighEnd,Passport,Maharashtra,0,0,0,1,registration,0.0,1,2026-01-21 05:15:00
S001128,7EECE88D,Android-Budget,Driving License,Maharashtra,0,1,1,172,consent_sign,5.5,0,2026-02-23 19:24:00
S001129,75366B9F,Android-Budget,Driving License,West Bengal,0,0,0,137,consent_sign,3.5,0,2026-01-05 08:29:00
S001130,01BB819C,Android-MidTier,PAN,Gujarat,0,2,2,185,liveness_check,5.5,1,2026-02-16 04:21:00
S001131,D773F98D,Android-Budget,PAN,Karnataka,0,0,1,154,consent_sign,3.5,0,2026-01-05 10:45:00
S001132,DCB9075E,Android-Budget,PAN,West Bengal,0,0,1,40,phone_otp,0.0,1,2026-02-09 15:19:00
S001133,6E3CDD4F,iOS-HighEnd,Driving License,Maharashtra,0,0,0,115,consent_sign,3.5,0,2026-01-17 06:30:00
S001134,A6AA59E5,Android-Budget,Passport,Tamil Nadu,0,0,0,119,consent_sign,3.5,0,2026-02-18 15:41:00
S001135,4CE953A7,Android-Budget,Aadhaar,Karnataka,1,0,1,101,doc_upload,1.5,1,2026-01-20 19:48:00
S001136,B1FEAD13,iOS-HighEnd,PAN,West Bengal,0,0,0,141,consent_sign,3.5,0,2026-01-06 05:30:00
S001137,2D79A2D1,Android-Budget,PAN,Karnataka,0,0,0,119,consent_sign,3.5,0,2026-01-22 10:22:00
S001138,51B30182,Android-MidTier,PAN,Maharashtra,0,0,0,130,consent_sign,3.5,0,2026-01-13 17:29:00
S001139,A205E54F,Android-MidTier,Aadhaar,West Bengal,1,0,1,158,consent_sign,5.0,0,2026-02-20 02:20:00
S001140,C82F78FD,iOS-HighEnd,Aadhaar,Maharashtra,0,0,1,172,consent_sign,3.5,0,2026-01-16 08:16:00
S001141,47C1C017,Android-MidTier,Passport,Delhi,0,0,0,126,consent_sign,3.5,0,2026-01-11 19:33:00
S001142,5D71A898,Android-Budget,Aadhaar,Delhi,0,0,2,45,registration,0.0,1,2026-01-27 15:16:00
S001143,33261887,Android-Budget,PAN,Tamil Nadu,0,1,1,184,consent_sign,5.5,0,2026-01-25 02:47:00
S001144,2E0FB5B3,iOS-HighEnd,Passport,Delhi,0,0,1,138,consent_sign,3.5,0,2026-01-05 19:02:00
S001145,06E3F949,iOS-HighEnd,PAN,Karnataka,0,0,1,133,consent_sign,3.5,0,2026-01-02 21:07:00
S001146,F166CDCF,Android-MidTier,Driving License,Tamil Nadu,0,0,0,131,consent_sign,3.5,0,2026-02-20 03:58:00
S001147,CC351E4F,Android-MidTier,Passport,West Bengal,1,0,1,197,consent_sign,5.0,0,2026-02-06 17:59:00
S001148,11B461E9,iOS-HighEnd,Passport,Delhi,0,0,0,116,consent_sign,3.5,0,2026-01-10 19:23:00
S001149,CB881C32,Android-MidTier,PAN,Tamil Nadu,0,0,0,96,consent_sign,3.5,0,2026-01-05 04:26:00
S001150,23A13E20,Android-MidTier,Driving License,Delhi,1,0,1,135,consent_sign,5.0,0,2026-01-29 08:14:00
S001151,40AFBF3F,Android-Budget,PAN,Tamil Nadu,0,2,2,160,liveness_check,5.5,1,2026-01-31 12:17:00
S001152,6C521D13,iOS-HighEnd,Passport,Gujarat,0,0,0,107,consent_sign,3.5,0,2026-02-18 05:31:00
S001153,72F60958,Android-Budget,Aadhaar,Gujarat,2,0,2,181,consent_sign,6.5,0,2026-01-12 14:23:00
S001154,950DF1A0,iOS-HighEnd,Driving License,Maharashtra,0,0,0,110,consent_sign,3.5,0,2026-01-31 03:18:00
S001155,EC6A37AD,Android-MidTier,Aadhaar,Delhi,0,0,0,125,consent_sign,3.5,0,2026-01-04 00:13:00
S001156,6B15C11B,iOS-HighEnd,Aadhaar,West Bengal,0,0,0,131,consent_sign,3.5,0,2026-01-27 03:38:00
S001157,F7EAE66E,Android-MidTier,Passport,Maharashtra,0,0,0,102,consent_sign,3.5,0,2026-01-12 13:04:00
S001158,CFF2B1C4,iOS-HighEnd,PAN,Maharashtra,1,0,1,172,consent_sign,5.0,0,2026-01-20 22:57:00
S001159,EA163354,iOS-HighEnd,Aadhaar,Delhi,0,0,0,140,consent_sign,3.5,0,2026-02-27 17:18:00
S001160,3F8C1097,Android-MidTier,PAN,Maharashtra,0,1,1,129,liveness_check,3.5,1,2026-01-05 04:05:00
S001161,2A9528C3,iOS-HighEnd,Aadhaar,Karnataka,0,0,0,111,consent_sign,3.5,0,2026-01-20 16:59:00
S001162,902F3465,Android-MidTier,PAN,Gujarat,0,1,1,185,consent_sign,5.5,0,2026-02-21 10:20:00
S001163,A590FD3C,Android-MidTier,PAN,Tamil Nadu,0,0,0,2,registration,0.0,1,2026-02-20 10:07:00
S001164,54E38579,Android-MidTier,Passport,Gujarat,0,0,0,128,consent_sign,3.5,0,2026-03-01 01:19:00
S001165,1B1F2EB1,Android-MidTier,Passport,Gujarat,0,0,1,133,consent_sign,3.5,0,2026-01-27 16:05:00
S001166,38D5101F,iOS-HighEnd,Passport,Gujarat,0,0,0,139,consent_sign,3.5,0,2026-03-02 02:44:00
S001167,8ED8A80D,Android-MidTier,Driving License,West Bengal,0,0,0,146,consent_sign,3.5,0,2026-02-23 01:27:00
S001168,38958939,iOS-HighEnd,PAN,Maharashtra,0,0,0,99,consent_sign,3.5,0,2026-01-17 06:33:00
S001169,768B4F7E,Android-MidTier,Driving License,Karnataka,0,0,0,139,consent_sign,3.5,0,2026-01-03 10:09:00
S001170,B0C07FCC,Android-MidTier,PAN,Delhi,1,0,1,156,consent_sign,5.0,0,2026-02-17 15:56:00
S001171,FF69723D,Android-MidTier,PAN,West Bengal,0,0,0,35,phone_otp,0.0,1,2026-01-12 01:20:00
S001172,4BA17233,Android-MidTier,Passport,Gujarat,0,1,1,135,liveness_check,3.5,1,2026-02-07 07:25:00
S001173,15FA9483,Android-Budget,Driving License,Maharashtra,0,0,0,111,consent_sign,3.5,0,2026-02-14 04:47:00
S001174,BAEB286B,Android-MidTier,Driving License,Gujarat,0,0,0,147,consent_sign,3.5,0,2026-01-25 15:22:00
S001175,57D337D3,iOS-HighEnd,Aadhaar,West Bengal,2,0,2,111,doc_upload,3.0,1,2026-01-01 10:08:00
S001176,8567C805,iOS-HighEnd,Passport,Maharashtra,0,0,0,1,registration,0.0,1,2026-02-26 00:41:00
S001177,18FDD2B9,Android-Budget,Aadhaar,Gujarat,0,0,1,38,phone_otp,0.0,1,2026-02-04 11:37:00
S001178,73D39457,Android-MidTier,PAN,West Bengal,1,0,1,199,consent_sign,5.0,0,2026-02-07 10:49:00
S001179,0B705933,iOS-HighEnd,Aadhaar,West Bengal,0,1,1,147,consent_sign,5.5,0,2026-01-16 02:34:00
S001180,05C8234B,iOS-HighEnd,Aadhaar,Karnataka,0,0,0,117,consent_sign,3.5,0,2026-02-05 07:53:00
S001181,1BFF3142,iOS-HighEnd,PAN,Maharashtra,0,0,0,139,consent_sign,3.5,0,2026-02-11 15:29:00
S001182,EE0F65A8,iOS-HighEnd,PAN,Karnataka,0,0,0,141,consent_sign,3.5,0,2026-01-02 07:14:00
S001183,84182D35,Android-Budget,Passport,Tamil Nadu,3,0,3,213,doc_upload,4.5,1,2026-02-20 01:00:00
S001184,54BBBCF8,Android-MidTier,Driving License,Delhi,0,0,0,91,consent_sign,3.5,0,2026-01-09 22:28:00
S001185,76492E64,iOS-HighEnd,PAN,Karnataka,0,0,0,139,consent_sign,3.5,0,2026-02-15 19:31:00
S001186,A137F8E4,iOS-HighEnd,PAN,Gujarat,0,0,0,108,consent_sign,3.5,0,2026-02-08 13:12:00
S001187,A84554C3,iOS-HighEnd,PAN,Gujarat,0,0,0,24,phone_otp,0.0,1,2026-01-11 19:11:00
S001188,BCC57BE0,Android-MidTier,Driving License,West Bengal,0,0,0,4,registration,0.0,1,2026-02-22 10:28:00
S001189,7317591A,iOS-HighEnd,Aadhaar,Tamil Nadu,0,0,0,106,consent_sign,3.5,1,2026-02-06 23:53:00
S001190,0123A348,Android-MidTier,PAN,Maharashtra,1,0,1,177,consent_sign,5.0,0,2026-02-04 13:38:00
S001191,47419B48,Android-MidTier,Driving License,Gujarat,0,0,0,144,consent_sign,3.5,0,2026-01-25 10:42:00
S001192,CBC72F1A,iOS-HighEnd,Passport,Karnataka,0,0,0,38,doc_upload,0.0,1,2026-01-04 22:08:00
S001193,CCAC2FB5,Android-Budget,Aadhaar,Delhi,0,0,0,144,consent_sign,3.5,0,2026-01-12 21:09:00
S001194,5DA49CB9,Android-Budget,PAN,Delhi,0,0,0,99,consent_sign,3.5,0,2026-03-01 08:23:00
S001195,1D2C2721,Android-Budget,Driving License,Maharashtra,1,0,1,88,doc_upload,1.5,1,2026-01-04 14:12:00
S001196,7D4ED26E,Android-MidTier,Driving License,Delhi,0,0,0,155,consent_sign,3.5,0,2026-02-26 08:45:00
S001197,503B4078,iOS-HighEnd,Driving License,Gujarat,0,2,2,159,consent_sign,7.5,0,2026-02-22 15:13:00
S001198,647DC392,iOS-HighEnd,Passport,Tamil Nadu,0,0,0,113,consent_sign,3.5,0,2026-01-04 01:18:00
S001199,5A1BAF0E,iOS-HighEnd,Passport,Delhi,0,0,0,151,consent_sign,3.5,0,2026-02-04 10:10:00
S001200,2C2AC34B,iOS-HighEnd,Passport,Tamil Nadu,0,0,0,97,consent_sign,3.5,0,2026-02-18 19:42:00
S001201,CCF4FFB0,Android-MidTier,PAN,Gujarat,0,1,1,167,consent_sign,5.5,0,2026-01-31 04:15:00
S001202,97154633,iOS-HighEnd,Aadhaar,Karnataka,1,0,1,173,consent_sign,5.0,0,2026-02-04 00:23:00
S001203,502CF0EE,Android-MidTier,Passport,Delhi,0,0,0,144,consent_sign,3.5,0,2026-02-14 17:32:00
S001204,1DF05D18,Android-MidTier,PAN,Maharashtra,1,0,1,82,doc_upload,1.5,1,2026-02-14 09:51:00
S001205,243012DA,Android-Budget,Aadhaar,Delhi,1,0,1,127,consent_sign,5.0,0,2026-01-29 07:55:00
S001206,98AF5CCA,Android-MidTier,Driving License,Delhi,0,0,0,3,registration,0.0,1,2026-02-09 03:09:00
S001207,6C4C450B,Android-MidTier,Aadhaar,Delhi,0,1,1,175,consent_sign,5.5,0,2026-01-14 22:59:00
S001208,8991B01A,Android-MidTier,Passport,Delhi,1,0,1,129,consent_sign,5.0,0,2026-01-01 22:41:00
S001209,EE4205EE,Android-Budget,Driving License,Tamil Nadu,0,0,0,112,consent_sign,3.5,0,2026-02-23 10:49:00
S001210,2AB7B2EF,iOS-HighEnd,Driving License,Delhi,0,0,0,126,consent_sign,3.5,0,2026-02-23 21:12:00
S001211,2FE5B140,Android-Budget,Passport,Maharashtra,1,0,2,113,doc_upload,1.5,1,2026-02-09 07:12:00
S001212,9E91A71C,iOS-HighEnd,Passport,Delhi,0,0,1,176,consent_sign,3.5,0,2026-01-11 20:49:00
S001213,F3ABEA0D,Android-MidTier,Driving License,Karnataka,0,0,0,163,consent_sign,3.5,0,2026-02-05 10:50:00
S001214,31F3F0C0,iOS-HighEnd,PAN,Delhi,0,0,0,105,consent_sign,3.5,0,2026-01-01 21:54:00
S001215,8FC3D7D3,Android-MidTier,PAN,Karnataka,0,1,1,140,consent_sign,5.5,0,2026-01-10 23:15:00
S001216,68BD075B,Android-Budget,Driving License,Delhi,0,0,0,2,registration,0.0,1,2026-01-19 21:33:00
S001217,B5CBE3F5,iOS-HighEnd,Driving License,Gujarat,0,0,0,143,consent_sign,3.5,0,2026-02-13 06:21:00
S001218,2AD11FE8,Android-Budget,Driving License,Karnataka,0,0,0,173,consent_sign,3.5,0,2026-01-13 16:22:00
S001219,CBBED980,iOS-HighEnd,Driving License,Maharashtra,1,0,1,76,doc_upload,1.5,1,2026-01-10 15:22:00
S001220,085EB489,Android-MidTier,PAN,Gujarat,1,0,1,158,consent_sign,5.0,0,2026-02-10 15:31:00
S001221,49E64C22,iOS-HighEnd,Passport,West Bengal,0,0,0,126,consent_sign,3.5,0,2026-02-09 05:00:00
S001222,90CE77E9,Android-Budget,PAN,Delhi,0,1,1,131,consent_sign,5.5,0,2026-02-19 12:00:00
S001223,7ECCDAF4,Android-MidTier,Driving License,Gujarat,0,0,0,91,liveness_check,1.5,1,2026-01-24 10:38:00
S001224,929D6377,Android-Budget,Aadhaar,Karnataka,0,0,0,116,consent_sign,3.5,0,2026-02-10 09:30:00
S001225,8B0901AB,Android-MidTier,PAN,Karnataka,0,0,0,121,consent_sign,3.5,0,2026-02-23 02:06:00
S001226,8AC35AC4,Android-MidTier,Passport,Gujarat,0,0,0,121,consent_sign,3.5,0,2026-01-05 09:08:00
S001227,C28FA16B,iOS-HighEnd,Passport,Karnataka,0,1,1,152,consent_sign,5.5,0,2026-02-04 05:04:00
S001228,37F25D36,Android-MidTier,Passport,Maharashtra,0,3,3,164,liveness_check,7.5,1,2026-02-22 11:00:00
S001229,BC69C155,iOS-HighEnd,PAN,Maharashtra,0,0,0,41,phone_otp,0.0,1,2026-02-16 21:07:00
S001230,3F5E3B8C,Android-MidTier,Aadhaar,Karnataka,0,1,1,124,liveness_check,3.5,1,2026-02-13 02:56:00
S001231,0840405A,Android-Budget,Driving License,Tamil Nadu,2,0,2,155,doc_upload,3.0,1,2026-02-12 05:38:00
S001232,DCB91D5F,Android-MidTier,Aadhaar,Tamil Nadu,0,0,0,119,consent_sign,3.5,0,2026-02-26 12:58:00
S001233,DD83AD03,Android-MidTier,Driving License,Tamil Nadu,0,1,1,95,liveness_check,3.5,1,2026-01-18 20:24:00
S001234,CFD7F3B9,Android-MidTier,Passport,Maharashtra,3,0,3,152,doc_upload,4.5,1,2026-01-09 12:49:00
S001235,BCD4344F,iOS-HighEnd,Passport,West Bengal,0,0,0,68,doc_upload,0.0,1,2026-02-03 17:07:00
S001236,DC6DAFFF,Android-MidTier,Passport,Karnataka,0,1,1,193,consent_sign,5.5,0,2026-02-22 02:42:00
S001237,6D9C5B50,iOS-HighEnd,PAN,Maharashtra,0,0,0,111,consent_sign,3.5,0,2026-01-13 04:43:00
S001238,C8EBE27A,Android-MidTier,Driving License,Delhi,0,1,1,127,liveness_check,3.5,1,2026-02-21 01:56:00
S001239,CE315937,Android-MidTier,Aadhaar,Delhi,1,1,2,170,consent_sign,7.0,0,2026-01-26 22:43:00
S001240,88438DE2,Android-MidTier,Driving License,Delhi,0,0,0,132,consent_sign,3.5,0,2026-02-28 13:44:00
S001241,2B1AC76C,Android-MidTier,Driving License,Maharashtra,0,2,3,248,consent_sign,7.5,0,2026-01-24 04:55:00
S001242,4AEA1B8F,Android-MidTier,Aadhaar,Gujarat,0,0,0,111,consent_sign,3.5,0,2026-01-05 05:06:00
S001243,F3D04FFB,Android-MidTier,Aadhaar,Tamil Nadu,1,0,1,181,consent_sign,5.0,0,2026-02-16 14:32:00
S001244,E67093A0,iOS-HighEnd,Aadhaar,Maharashtra,0,0,0,119,consent_sign,3.5,1,2026-01-19 05:22:00
S001245,22B5F457,Android-MidTier,Aadhaar,Delhi,0,0,0,124,consent_sign,3.5,0,2026-02-21 10:05:00
S001246,695E5EA9,iOS-HighEnd,Driving License,Karnataka,0,0,0,100,consent_sign,3.5,0,2026-02-06 03:53:00
S001247,46FEACD4,Android-Budget,Passport,West Bengal,2,0,3,158,doc_upload,3.0,1,2026-01-29 14:31:00
S001248,B390B059,Android-Budget,Passport,Gujarat,0,0,0,2,registration,0.0,1,2026-02-21 13:43:00
S001249,257035DB,iOS-HighEnd,Passport,Karnataka,0,0,0,1,registration,0.0,1,2026-01-07 07:41:00
S001250,3F5FBF4F,Android-Budget,Passport,West Bengal,0,0,0,131,consent_sign,3.5,0,2026-02-24 00:06:00
S001251,64880945,Android-Budget,Driving License,Tamil Nadu,3,0,3,194,doc_upload,4.5,1,2026-01-12 06:45:00
S001252,A1E518A2,iOS-HighEnd,Passport,Gujarat,0,0,0,170,consent_sign,3.5,0,2026-01-20 12:47:00
S001253,600B4B35,Android-Budget,Aadhaar,Karnataka,1,0,1,224,consent_sign,5.0,0,2026-01-14 00:53:00
S001254,CB6AD0C7,iOS-HighEnd,Aadhaar,Karnataka,0,0,0,98,consent_sign,3.5,0,2026-02-20 00:12:00
S001255,67213A70,iOS-HighEnd,Aadhaar,West Bengal,1,0,1,210,consent_sign,5.0,0,2026-02-10 18:55:00
S001256,B1D81887,iOS-HighEnd,Passport,Gujarat,0,0,0,139,consent_sign,3.5,0,2026-02-11 09:51:00
S001257,7466EF02,iOS-HighEnd,Driving License,Tamil Nadu,0,0,0,114,consent_sign,3.5,0,2026-01-05 14:17:00
S001258,94FB09F0,Android-Budget,Driving License,West Bengal,0,0,0,172,consent_sign,3.5,0,2026-01-15 16:47:00
S001259,D8DFF535,Android-MidTier,Aadhaar,Delhi,0,0,0,3,registration,0.0,1,2026-02-13 18:19:00
S001260,F8DED777,Android-MidTier,Aadhaar,Delhi,0,0,0,152,consent_sign,3.5,0,2026-01-22 04:59:00
S001261,B28187C4,iOS-HighEnd,PAN,Delhi,0,0,0,117,consent_sign,3.5,0,2026-02-20 16:30:00
S001262,CBB18C79,Android-MidTier,Driving License,West Bengal,0,0,0,149,consent_sign,3.5,0,2026-02-25 09:05:00
S001263,F7D7465D,Android-MidTier,Aadhaar,Karnataka,0,0,0,119,consent_sign,3.5,0,2026-02-10 17:48:00
S001264,7EA5A387,Android-MidTier,PAN,Delhi,2,0,2,173,consent_sign,6.5,0,2026-02-16 01:47:00
S001265,48998E5F,Android-MidTier,Aadhaar,Gujarat,0,0,0,113,consent_sign,3.5,0,2026-01-20 20:28:00
S001266,216E9FE5,iOS-HighEnd,PAN,Tamil Nadu,0,1,1,183,consent_sign,5.5,0,2026-01-22 12:13:00
S001267,C9CE44BD,Android-MidTier,Passport,Tamil Nadu,0,2,2,232,consent_sign,7.5,0,2026-01-26 16:12:00
S001268,C3231466,iOS-HighEnd,Aadhaar,Gujarat,0,0,0,33,phone_otp,0.0,1,2026-01-24 21:07:00
S001269,A04D4D14,Android-MidTier,PAN,Maharashtra,0,1,1,182,consent_sign,5.5,0,2026-02-12 08:39:00
S001270,042B03CA,Android-MidTier,PAN,West Bengal,0,0,0,159,consent_sign,3.5,0,2026-02-19 08:09:00
S001271,28719B9B,iOS-HighEnd,Passport,West Bengal,0,0,0,1,registration,0.0,1,2026-01-25 02:38:00
S001272,FDE91C42,iOS-HighEnd,PAN,West Bengal,0,0,0,105,consent_sign,3.5,0,2026-02-26 04:38:00
S001273,FEE5CE69,iOS-HighEnd,Aadhaar,Tamil Nadu,0,0,0,160,consent_sign,3.5,0,2026-02-13 12:31:00
S001274,E1D46F82,Android-MidTier,Aadhaar,Gujarat,0,0,0,54,doc_upload,0.0,1,2026-01-12 18:44:00
S001275,DFDA35B2,iOS-HighEnd,Passport,Karnataka,0,0,1,136,consent_sign,3.5,0,2026-02-24 09:52:00
S001276,17E52113,iOS-HighEnd,Driving License,Delhi,0,0,0,112,consent_sign,3.5,1,2026-01-31 02:04:00
S001277,1519830C,Android-Budget,Passport,Karnataka,0,1,1,143,consent_sign,5.5,0,2026-01-29 09:58:00
S001278,A61F0B96,Android-MidTier,Aadhaar,Maharashtra,0,1,1,128,liveness_check,3.5,1,2026-01-27 15:44:00
S001279,A0279A18,Android-Budget,Passport,Karnataka,0,0,0,100,consent_sign,3.5,0,2026-01-15 04:23:00
S001280,C156E501,Android-MidTier,Aadhaar,Karnataka,0,0,0,150,consent_sign,3.5,0,2026-01-10 18:26:00
S001281,1758D47E,Android-MidTier,Aadhaar,Maharashtra,1,0,1,73,doc_upload,1.5,1,2026-01-01 21:22:00
S001282,36A2C52B,iOS-HighEnd,Passport,Tamil Nadu,0,0,0,100,consent_sign,3.5,0,2026-02-24 12:56:00
S001283,97FB613A,iOS-HighEnd,Aadhaar,Karnataka,0,0,0,119,consent_sign,3.5,0,2026-01-14 17:43:00
S001284,71EFE72A,Android-MidTier,Driving License,Gujarat,1,0,1,87,doc_upload,1.5,1,2026-01-05 17:03:00
S001285,57F479B5,iOS-HighEnd,PAN,Gujarat,1,0,1,163,consent_sign,5.0,0,2026-02-21 01:51:00
S001286,DC3F42E0,Android-Budget,Aadhaar,Karnataka,0,0,0,103,consent_sign,3.5,0,2026-01-08 07:33:00
S001287,7A4A902F,Android-MidTier,Driving License,Tamil Nadu,0,1,1,177,consent_sign,5.5,0,2026-01-09 01:23:00
S001288,16DE66C9,Android-MidTier,Driving License,Delhi,0,2,2,185,consent_sign,7.5,0,2026-01-07 22:58:00
S001289,1A6B6A7D,Android-Budget,PAN,Delhi,0,0,0,54,doc_upload,0.0,1,2026-02-16 02:54:00
S001290,4C9BFF5C,Android-MidTier,Aadhaar,West Bengal,0,0,0,119,consent_sign,3.5,0,2026-02-17 04:23:00
S001291,D038E153,Android-Budget,Passport,Delhi,1,1,2,183,liveness_check,5.0,1,2026-02-03 01:15:00
S001292,A43E558C,Android-MidTier,Aadhaar,Karnataka,0,0,0,141,consent_sign,3.5,0,2026-02-24 13:26:00
S001293,11836C4F,Android-MidTier,Aadhaar,Delhi,0,1,1,152,liveness_check,3.5,1,2026-01-15 10:36:00
S001294,9C3DE1B0,iOS-HighEnd,Driving License,West Bengal,0,0,0,127,consent_sign,3.5,0,2026-01-09 11:36:00
S001295,59E7703A,Android-MidTier,Driving License,Maharashtra,0,1,1,83,liveness_check,3.5,1,2026-01-11 14:15:00
S001296,BF8E8BFA,Android-MidTier,Aadhaar,Maharashtra,0,0,0,2,registration,0.0,1,2026-01-12 08:36:00
S001297,9DB7284B,Android-MidTier,Aadhaar,Maharashtra,1,0,1,147,consent_sign,5.0,0,2026-01-17 07:53:00
S001298,379D58F9,Android-MidTier,Aadhaar,Delhi,0,0,1,168,consent_sign,3.5,0,2026-02-20 04:33:00
S001299,23D7E6A1,iOS-HighEnd,Driving License,Gujarat,0,1,1,139,consent_sign,5.5,0,2026-01-26 11:43:00
S001300,BAE1E137,Android-MidTier,Aadhaar,Delhi,0,0,0,103,consent_sign,3.5,0,2026-01-17 22:24:00
S001301,6DEC6BBD,iOS-HighEnd,Driving License,Delhi,0,0,1,196,consent_sign,3.5,0,2026-02-05 19:49:00
S001302,3F6EED9D,iOS-HighEnd,Driving License,Gujarat,0,0,0,150,consent_sign,3.5,0,2026-01-10 11:42:00
S001303,3F87DFC2,Android-Budget,Passport,Gujarat,0,0,0,153,consent_sign,3.5,0,2026-01-19 17:56:00
S001304,B89F3A92,Android-MidTier,Aadhaar,Tamil Nadu,1,0,2,190,consent_sign,5.0,0,2026-02-17 16:02:00
S001305,F0F7AD22,Android-Budget,Driving License,West Bengal,0,2,2,213,consent_sign,7.5,0,2026-01-13 09:53:00
S001306,D8D994B8,iOS-HighEnd,Passport,Maharashtra,0,0,0,147,consent_sign,3.5,0,2026-02-16 19:11:00
S001307,34981735,iOS-HighEnd,PAN,Delhi,0,0,0,161,consent_sign,3.5,0,2026-03-01 00:58:00
S001308,304B2370,Android-Budget,Passport,West Bengal,3,0,3,132,doc_upload,4.5,1,2026-01-06 04:38:00
S001309,A56B61E0,iOS-HighEnd,Driving License,Maharashtra,0,0,1,21,registration,0.0,1,2026-02-03 18:05:00
S001310,CB35097A,iOS-HighEnd,PAN,West Bengal,0,0,0,118,consent_sign,3.5,0,2026-02-06 16:16:00
S001311,62C965B2,Android-MidTier,Passport,West Bengal,0,1,1,191,consent_sign,5.5,0,2026-02-21 07:19:00
S001312,A3595D1F,iOS-HighEnd,Passport,Maharashtra,0,0,0,113,consent_sign,3.5,0,2026-02-05 18:50:00
S001313,E3837348,Android-MidTier,Aadhaar,West Bengal,0,0,0,112,consent_sign,3.5,0,2026-02-12 13:14:00
S001314,5C70EE97,iOS-HighEnd,Aadhaar,Maharashtra,0,0,0,52,doc_upload,0.0,1,2026-01-19 12:03:00
S001315,6307D4D1,Android-MidTier,Aadhaar,Gujarat,0,0,0,158,consent_sign,3.5,0,2026-01-24 16:10:00
S001316,6BBDB66F,iOS-HighEnd,Driving License,Delhi,0,0,0,205,consent_sign,3.5,0,2026-01-20 18:02:00
S001317,2C3AACDC,Android-Budget,PAN,Delhi,1,0,1,83,doc_upload,1.5,1,2026-02-13 11:45:00
S001318,FCC4091B,Android-MidTier,Driving License,Karnataka,0,0,0,139,consent_sign,3.5,0,2026-02-21 10:34:00
S001319,965D744F,iOS-HighEnd,PAN,Tamil Nadu,0,0,0,114,consent_sign,3.5,0,2026-02-01 01:03:00
S001320,373AEDF8,iOS-HighEnd,PAN,Gujarat,0,0,0,136,consent_sign,3.5,0,2026-01-28 14:25:00
S001321,F2DCB12B,iOS-HighEnd,Passport,Maharashtra,0,0,0,140,consent_sign,3.5,0,2026-01-31 10:44:00
S001322,495743A2,Android-Budget,Aadhaar,Gujarat,0,0,0,3,registration,0.0,1,2026-01-17 23:16:00
S001323,C4615234,Android-MidTier,Aadhaar,Maharashtra,0,1,1,171,consent_sign,5.5,0,2026-01-30 20:59:00
S001324,66FBA71D,Android-MidTier,PAN,Delhi,1,0,1,78,doc_upload,1.5,1,2026-01-03 01:43:00
S001325,89A3C811,iOS-HighEnd,Passport,Karnataka,0,0,0,149,consent_sign,3.5,0,2026-02-26 20:33:00
S001326,15669E36,Android-MidTier,Passport,Maharashtra,0,0,0,4,registration,0.0,1,2026-02-21 20:12:00
S001327,EBC1BB52,iOS-HighEnd,Aadhaar,Delhi,0,0,0,151,consent_sign,3.5,0,2026-01-05 22:55:00
S001328,27C6CBB1,iOS-HighEnd,Passport,Maharashtra,0,0,0,162,consent_sign,3.5,0,2026-02-26 13:14:00
S001329,9620BEE6,Android-MidTier,Passport,West Bengal,0,0,0,2,registration,0.0,1,2026-02-24 00:37:00
S001330,A65BE22B,iOS-HighEnd,Aadhaar,Maharashtra,0,0,0,143,consent_sign,3.5,0,2026-01-07 07:39:00
S001331,4F67448E,Android-MidTier,Aadhaar,Karnataka,0,0,0,140,consent_sign,3.5,0,2026-01-12 19:22:00
S001332,F413DB19,iOS-HighEnd,PAN,Gujarat,0,1,2,194,consent_sign,5.5,0,2026-01-31 23:46:00
S001333,3E9639BA,Android-Budget,Aadhaar,Maharashtra,1,0,2,131,consent_sign,5.0,0,2026-02-20 04:01:00
S001334,1DB14BFC,iOS-HighEnd,Aadhaar,Maharashtra,1,0,1,142,consent_sign,5.0,0,2026-01-21 19:34:00
S001335,0E165B12,iOS-HighEnd,PAN,Delhi,0,0,0,136,consent_sign,3.5,0,2026-02-05 22:30:00
S001336,A8761E85,iOS-HighEnd,Aadhaar,Maharashtra,0,1,1,204,consent_sign,5.5,0,2026-01-10 00:04:00
S001337,033E02F7,Android-Budget,Driving License,Tamil Nadu,0,0,1,173,consent_sign,3.5,0,2026-01-09 09:04:00
S001338,02E7DF89,iOS-HighEnd,PAN,Maharashtra,0,0,0,129,consent_sign,3.5,0,2026-02-21 19:33:00
S001339,58C1AAD6,Android-MidTier,PAN,Tamil Nadu,1,0,1,82,doc_upload,1.5,1,2026-01-02 02:30:00
S001340,D28FCF68,iOS-HighEnd,Aadhaar,Maharashtra,0,0,0,40,doc_upload,0.0,1,2026-02-10 19:56:00
S001341,5F32D5D8,Android-Budget,PAN,Maharashtra,0,0,1,124,consent_sign,3.5,0,2026-02-09 14:30:00
S001342,DF9B141E,iOS-HighEnd,Passport,Delhi,0,0,0,148,consent_sign,3.5,0,2026-01-20 13:53:00
S001343,1E38F711,Android-MidTier,Aadhaar,Delhi,3,2,5,262,liveness_check,8.5,1,2026-01-05 09:07:00
S001344,55C34853,Android-MidTier,PAN,Gujarat,1,0,1,74,doc_upload,1.5,1,2026-01-06 05:54:00
S001345,861B4F5B,Android-Budget,Passport,Delhi,0,0,0,132,consent_sign,3.5,0,2026-01-09 09:43:00
S001346,F99CEA5C,iOS-HighEnd,PAN,West Bengal,0,0,0,2,registration,0.0,1,2026-02-25 04:03:00
S001347,7F0386FA,iOS-HighEnd,Aadhaar,Karnataka,0,0,0,2,registration,0.0,1,2026-02-27 10:21:00
S001348,0E3141EC,iOS-HighEnd,Passport,West Bengal,0,0,0,115,consent_sign,3.5,0,2026-01-05 22:46:00
S001349,2AB8BD33,Android-Budget,PAN,Gujarat,0,1,1,175,consent_sign,5.5,0,2026-01-05 02:30:00
S001350,C5F8E2F8,Android-MidTier,Aadhaar,Gujarat,0,1,2,205,consent_sign,5.5,0,2026-02-23 12:59:00
S001351,AC93281A,Android-MidTier,PAN,Maharashtra,0,0,2,161,consent_sign,3.5,1,2026-02-18 15:44:00
S001352,BDA3C162,Android-MidTier,Driving License,Gujarat,0,1,1,159,consent_sign,5.5,0,2026-02-03 17:29:00
S001353,DBD30AEC,Android-MidTier,Passport,Delhi,1,0,1,155,consent_sign,5.0,0,2026-02-06 04:05:00
S001354,0BC57207,Android-MidTier,Aadhaar,Delhi,1,0,1,70,doc_upload,1.5,1,2026-02-01 15:01:00
S001355,EB93F78C,iOS-HighEnd,Passport,Karnataka,0,0,0,167,consent_sign,3.5,0,2026-01-14 16:48:00
S001356,F5D8FB91,Android-MidTier,Aadhaar,Gujarat,0,0,0,142,consent_sign,3.5,0,2026-02-17 01:11:00
S001357,CD98F9E2,Android-MidTier,Driving License,Delhi,0,0,0,143,consent_sign,3.5,0,2026-01-09 00:53:00
S001358,A7DC2BC0,iOS-HighEnd,Passport,Gujarat,0,0,0,142,consent_sign,3.5,0,2026-01-06 13:50:00
S001359,3F8E2D0D,iOS-HighEnd,Driving License,Maharashtra,0,0,0,98,consent_sign,3.5,0,2026-02-15 19:11:00
S001360,51E744E4,iOS-HighEnd,Passport,West Bengal,0,0,0,148,consent_sign,3.5,0,2026-02-23 17:56:00
S001361,92502E59,Android-MidTier,Driving License,Maharashtra,1,0,1,156,consent_sign,5.0,0,2026-02-24 11:01:00
S001362,AC5F12EF,iOS-HighEnd,Passport,Karnataka,0,0,0,160,consent_sign,3.5,0,2026-01-09 07:13:00
S001363,3922A7E4,Android-MidTier,Passport,Karnataka,1,0,1,81,doc_upload,1.5,1,2026-02-11 14:01:00
S001364,0BC1F9E5,iOS-HighEnd,PAN,Karnataka,0,0,0,127,consent_sign,3.5,0,2026-01-25 10:24:00
S001365,E0827F76,iOS-HighEnd,Driving License,Karnataka,0,1,2,138,liveness_check,3.5,1,2026-03-02 04:57:00
S001366,C605E58A,Android-Budget,Passport,Delhi,0,0,0,129,consent_sign,3.5,0,2026-02-21 00:44:00
S001367,161D5C87,iOS-HighEnd,Driving License,Maharashtra,0,0,0,120,consent_sign,3.5,0,2026-03-01 13:00:00
S001368,5E717FCA,Android-MidTier,PAN,Tamil Nadu,0,0,0,103,liveness_check,1.5,1,2026-01-14 18:24:00
S001369,C8D57717,Android-MidTier,Aadhaar,West Bengal,0,0,1,152,consent_sign,3.5,0,2026-01-06 23:19:00
S001370,3E19FC1D,iOS-HighEnd,PAN,Maharashtra,1,0,1,212,consent_sign,5.0,0,2026-01-17 13:14:00
S001371,F8CBAB4C,iOS-HighEnd,Aadhaar,Tamil Nadu,0,0,0,130,consent_sign,3.5,0,2026-02-27 10:53:00
S001372,C6A07656,Android-MidTier,PAN,Gujarat,0,0,0,115,consent_sign,3.5,0,2026-02-25 00:45:00
S001373,8BEB4E78,Android-MidTier,PAN,Karnataka,0,1,1,159,consent_sign,5.5,0,2026-01-22 16:33:00
S001374,268B84B6,Android-Budget,Passport,Karnataka,0,0,0,135,consent_sign,3.5,0,2026-01-21 13:05:00
S001375,061EFB95,Android-MidTier,Driving License,Maharashtra,1,0,1,81,doc_upload,1.5,1,2026-02-05 17:58:00
S001376,A2CD1590,Android-Budget,Passport,West Bengal,0,0,0,160,consent_sign,3.5,0,2026-01-10 09:57:00
S001377,0274CE40,iOS-HighEnd,Driving License,West Bengal,0,0,0,96,consent_sign,3.5,0,2026-02-27 16:50:00
S001378,C2492E5E,iOS-HighEnd,PAN,Karnataka,0,0,0,84,consent_sign,3.5,0,2026-01-15 05:43:00
S001379,BCF2FC3B,iOS-HighEnd,PAN,Karnataka,0,0,0,164,consent_sign,3.5,0,2026-02-27 19:10:00
S001380,34879E41,Android-Budget,Driving License,Karnataka,0,2,3,218,consent_sign,7.5,0,2026-02-28 04:07:00
S001381,6B790D01,Android-MidTier,Aadhaar,Gujarat,0,0,1,165,consent_sign,3.5,0,2026-02-06 20:38:00
S001382,F8F9A45D,iOS-HighEnd,Aadhaar,Delhi,0,0,0,142,consent_sign,3.5,0,2026-01-17 04:43:00
S001383,47A2A10B,iOS-HighEnd,Driving License,Gujarat,2,0,2,221,consent_sign,6.5,0,2026-02-22 18:47:00
S001384,3B41C943,iOS-HighEnd,PAN,Delhi,0,0,1,130,consent_sign,3.5,0,2026-01-09 12:10:00
S001385,69BE173A,iOS-HighEnd,Driving License,Karnataka,0,0,0,152,consent_sign,3.5,0,2026-02-14 23:37:00
S001386,755D814B,Android-Budget,Driving License,West Bengal,0,0,0,141,consent_sign,3.5,0,2026-02-19 00:12:00
S001387,94AD6252,iOS-HighEnd,Driving License,Delhi,0,0,0,104,consent_sign,3.5,0,2026-01-09 16:18:00
S001388,A3209116,Android-MidTier,Aadhaar,Delhi,0,0,0,124,consent_sign,3.5,1,2026-02-02 08:53:00
S001389,97867B12,iOS-HighEnd,Driving License,Tamil Nadu,0,0,0,161,consent_sign,3.5,0,2026-02-21 10:05:00
S001390,A995ECC3,Android-Budget,Driving License,Delhi,1,0,1,170,consent_sign,5.0,0,2026-01-19 15:45:00
S001391,4AAB47B2,iOS-HighEnd,PAN,Tamil Nadu,0,0,0,152,consent_sign,3.5,0,2026-02-26 10:40:00
S001392,ED1115D7,iOS-HighEnd,PAN,Delhi,0,0,0,167,consent_sign,3.5,0,2026-01-02 01:22:00
S001393,D4F76322,Android-MidTier,Passport,Gujarat,0,0,0,138,consent_sign,3.5,0,2026-02-26 20:04:00
S001394,73E7F042,Android-Budget,Passport,Maharashtra,1,1,2,198,consent_sign,7.0,0,2026-01-29 07:30:00
S001395,F18CCCDC,Android-MidTier,PAN,Karnataka,0,0,0,153,consent_sign,3.5,0,2026-01-02 21:31:00
S001396,C5285425,Android-MidTier,Passport,Maharashtra,0,0,0,22,phone_otp,0.0,1,2026-02-17 21:10:00
S001397,1B0C62EB,Android-Budget,Aadhaar,West Bengal,0,1,1,175,consent_sign,5.5,0,2026-01-13 01:59:00
S001398,50647C59,Android-MidTier,Aadhaar,Karnataka,0,0,0,3,registration,0.0,1,2026-01-12 18:30:00
S001399,5BB8B9C8,iOS-HighEnd,Driving License,Delhi,1,0,1,158,consent_sign,5.0,0,2026-01-26 15:36:00
S001400,73B0D676,Android-MidTier,Passport,Gujarat,0,0,0,105,liveness_check,1.5,1,2026-02-06 03:34:00
S001401,DA3C45CA,iOS-HighEnd,PAN,Maharashtra,0,0,0,141,consent_sign,3.5,0,2026-01-08 12:19:00
S001402,CEBEABAA,iOS-HighEnd,Passport,Karnataka,0,0,0,137,consent_sign,3.5,0,2026-01-19 23:10:00
S001403,B46788BD,Android-MidTier,Aadhaar,Delhi,0,0,1,145,consent_sign,3.5,0,2026-01-11 03:27:00
S001404,370B9A29,iOS-HighEnd,Passport,Tamil Nadu,0,0,0,134,consent_sign,3.5,0,2026-02-22 03:10:00
S001405,25F88C74,iOS-HighEnd,Passport,Karnataka,0,0,0,122,consent_sign,3.5,0,2026-01-04 18:00:00
S001406,F7E9101D,Android-MidTier,Passport,Karnataka,0,1,1,101,liveness_check,3.5,1,2026-02-05 21:48:00
S001407,0C880714,Android-MidTier,PAN,Delhi,0,0,0,128,consent_sign,3.5,0,2026-01-02 19:28:00
S001408,D1F16485,iOS-HighEnd,Driving License,Delhi,0,0,1,153,consent_sign,3.5,0,2026-02-09 06:29:00
S001409,F3BC9A71,iOS-HighEnd,PAN,West Bengal,0,0,0,137,consent_sign,3.5,0,2026-01-17 02:00:00
S001410,8E52FC42,iOS-HighEnd,Aadhaar,Gujarat,0,0,1,204,consent_sign,3.5,0,2026-02-12 01:30:00
S001411,183FEA70,Android-MidTier,Passport,West Bengal,0,0,0,124,consent_sign,3.5,0,2026-02-07 23:29:00
S001412,CB371D97,Android-Budget,PAN,Delhi,3,0,3,167,doc_upload,4.5,1,2026-02-25 00:17:00
S001413,0FC98D2E,iOS-HighEnd,Passport,Tamil Nadu,0,0,0,129,consent_sign,3.5,0,2026-02-23 13:48:00
S001414,38E7E019,Android-Budget,PAN,Maharashtra,1,0,1,117,consent_sign,5.0,0,2026-01-08 06:41:00
S001415,668C879B,Android-MidTier,Driving License,Maharashtra,0,0,0,147,consent_sign,3.5,0,2026-01-08 01:30:00
S001416,F004E897,Android-MidTier,PAN,Gujarat,1,0,2,181,consent_sign,5.0,0,2026-02-02 15:25:00
S001417,960BE0F4,Android-Budget,Driving License,West Bengal,3,0,3,208,doc_upload,4.5,1,2026-01-17 08:48:00
S001418,13325C31,iOS-HighEnd,Passport,Gujarat,0,0,0,49,doc_upload,0.0,1,2026-01-03 00:27:00
S001419,329FC417,Android-MidTier,PAN,Maharashtra,0,1,1,170,consent_sign,5.5,0,2026-01-03 05:27:00
S001420,CF2E3296,iOS-HighEnd,PAN,Karnataka,0,0,0,135,consent_sign,3.5,0,2026-02-28 02:26:00
S001421,D8E70AEB,Android-MidTier,Aadhaar,Tamil Nadu,1,0,1,194,consent_sign,5.0,0,2026-01-15 07:34:00
S001422,1F5DF912,iOS-HighEnd,PAN,Maharashtra,0,0,0,133,consent_sign,3.5,0,2026-02-07 16:46:00
S001423,0CF697A5,Android-MidTier,Passport,West Bengal,0,0,0,123,consent_sign,3.5,0,2026-02-26 23:42:00
S001424,6EE35607,Android-Budget,PAN,West Bengal,1,0,1,125,doc_upload,1.5,1,2026-01-11 01:40:00
S001425,7F0223BC,Android-MidTier,Aadhaar,Karnataka,0,0,0,163,consent_sign,3.5,0,2026-02-28 19:16:00
S001426,6D39DA75,iOS-HighEnd,Driving License,Gujarat,0,0,0,127,consent_sign,3.5,0,2026-02-09 23:14:00
S001427,E886A011,Android-Budget,Aadhaar,Maharashtra,0,0,0,128,consent_sign,3.5,0,2026-01-13 11:46:00
S001428,722DCE13,iOS-HighEnd,Driving License,Delhi,0,0,0,130,consent_sign,3.5,0,2026-02-05 14:58:00
S001429,9D3616A1,iOS-HighEnd,PAN,Karnataka,0,0,0,108,consent_sign,3.5,0,2026-02-10 00:42:00
S001430,A5B40983,Android-MidTier,Aadhaar,Maharashtra,0,0,0,153,consent_sign,3.5,0,2026-02-16 20:28:00
S001431,E1FDC6D1,Android-MidTier,PAN,Maharashtra,0,0,1,46,phone_otp,0.0,1,2026-02-17 02:10:00
S001432,1674EB65,Android-MidTier,Aadhaar,Maharashtra,0,0,0,170,consent_sign,3.5,0,2026-01-01 12:39:00
S001433,6B52F93C,Android-Budget,PAN,Gujarat,0,0,0,24,phone_otp,0.0,1,2026-01-25 22:09:00
S001434,CC152A1B,iOS-HighEnd,PAN,Tamil Nadu,1,0,1,214,consent_sign,5.0,0,2026-02-20 16:22:00
S001435,FE7C80E9,Android-Budget,PAN,Gujarat,0,1,1,129,consent_sign,5.5,0,2026-01-17 11:20:00
S001436,04FFEAB2,Android-Budget,PAN,Tamil Nadu,0,0,0,107,consent_sign,3.5,0,2026-02-06 23:15:00
S001437,B69F75C5,Android-MidTier,PAN,Maharashtra,0,0,0,89,consent_sign,3.5,0,2026-01-21 20:51:00
S001438,C80C2195,iOS-HighEnd,Driving License,Tamil Nadu,0,0,0,164,consent_sign,3.5,0,2026-01-03 03:13:00
S001439,90CE82E8,iOS-HighEnd,Passport,Karnataka,0,0,0,148,consent_sign,3.5,0,2026-03-01 21:05:00
S001440,453B45FE,Android-Budget,PAN,Gujarat,0,0,0,43,doc_upload,0.0,1,2026-02-18 20:52:00
S001441,98DC9E0B,Android-MidTier,Driving License,Delhi,0,1,1,125,liveness_check,3.5,1,2026-02-05 21:41:00
S001442,CF89569D,Android-MidTier,PAN,Delhi,0,0,0,39,doc_upload,0.0,1,2026-02-26 11:17:00
S001443,CF03F0C8,Android-MidTier,PAN,Gujarat,0,0,2,154,consent_sign,3.5,0,2026-01-28 10:41:00
S001444,5B80B8D1,iOS-HighEnd,Driving License,Delhi,0,0,0,122,consent_sign,3.5,0,2026-01-29 06:38:00
S001445,3B964C74,Android-MidTier,Driving License,Karnataka,0,1,1,157,consent_sign,5.5,1,2026-02-07 17:44:00
S001446,3F738F50,Android-MidTier,Aadhaar,Gujarat,1,0,1,77,doc_upload,1.5,1,2026-01-30 02:23:00
S001447,889FE107,Android-MidTier,Driving License,Maharashtra,1,0,2,119,doc_upload,1.5,1,2026-01-14 00:49:00
S001448,BCAFF931,Android-MidTier,PAN,West Bengal,0,0,0,126,consent_sign,3.5,0,2026-02-19 10:49:00
S001449,F2A32EFD,Android-MidTier,Passport,Tamil Nadu,0,0,0,120,consent_sign,3.5,0,2026-02-20 16:46:00
S001450,FB8FE8C4,iOS-HighEnd,Aadhaar,Gujarat,0,1,1,208,consent_sign,5.5,0,2026-02-07 01:00:00
S001451,EF69A980,Android-Budget,Driving License,Tamil Nadu,0,0,0,41,doc_upload,0.0,1,2026-01-28 02:40:00
S001452,2C78644F,iOS-HighEnd,Driving License,Karnataka,0,0,0,84,consent_sign,3.5,0,2026-02-18 15:35:00
S001453,5168BBF2,Android-MidTier,Passport,Karnataka,0,0,0,127,consent_sign,3.5,0,2026-01-28 21:56:00
S001454,5BD93609,iOS-HighEnd,Driving License,Karnataka,0,0,0,114,consent_sign,3.5,0,2026-01-04 20:21:00
S001455,B4157CEA,iOS-HighEnd,Aadhaar,Gujarat,0,0,0,2,registration,0.0,1,2026-01-17 18:57:00
S001456,91519998,Android-MidTier,Passport,Tamil Nadu,0,0,0,135,consent_sign,3.5,0,2026-01-20 22:40:00
S001457,F2C84743,iOS-HighEnd,Aadhaar,Karnataka,0,0,0,143,consent_sign,3.5,0,2026-01-16 20:56:00
S001458,CF767343,iOS-HighEnd,Aadhaar,Maharashtra,1,0,1,175,consent_sign,5.0,0,2026-02-24 13:50:00
S001459,8AC8AD93,Android-MidTier,Passport,Gujarat,0,1,1,99,liveness_check,3.5,1,2026-02-09 01:44:00
S001460,09B7FDF7,Android-Budget,PAN,West Bengal,0,1,1,176,consent_sign,5.5,0,2026-02-01 20:27:00
S001461,9A069295,iOS-HighEnd,Driving License,Tamil Nadu,0,0,0,95,consent_sign,3.5,0,2026-01-24 20:19:00
S001462,7A5D7C82,Android-MidTier,Driving License,Maharashtra,0,0,0,139,consent_sign,3.5,0,2026-01-11 12:57:00
S001463,9D37EFB6,Android-MidTier,Aadhaar,Karnataka,0,0,0,159,consent_sign,3.5,0,2026-02-18 23:13:00
S001464,573BFC17,iOS-HighEnd,Driving License,Gujarat,0,1,1,117,liveness_check,3.5,1,2026-01-04 17:46:00
S001465,CD6BB03B,Android-Budget,Passport,Karnataka,1,1,2,205,consent_sign,7.0,0,2026-01-07 00:44:00
S001466,0F3F0F48,Android-MidTier,Driving License,Maharashtra,0,0,0,135,consent_sign,3.5,0,2026-02-05 01:26:00
S001467,B466FAB6,Android-Budget,Passport,Tamil Nadu,0,0,0,134,consent_sign,3.5,0,2026-02-23 19:45:00
S001468,1C654AA2,Android-Budget,Passport,Tamil Nadu,0,1,2,174,liveness_check,3.5,1,2026-02-20 18:27:00
S001469,5D696BC8,iOS-HighEnd,Driving License,Delhi,0,0,0,158,consent_sign,3.5,0,2026-01-28 04:01:00
S001470,B45C9A54,iOS-HighEnd,Driving License,Delhi,0,0,0,121,consent_sign,3.5,0,2026-02-04 02:19:00
S001471,96053035,Android-MidTier,Aadhaar,Karnataka,1,0,1,181,consent_sign,5.0,0,2026-02-12 10:54:00
S001472,52961FB3,Android-Budget,Passport,Karnataka,1,0,1,161,consent_sign,5.0,0,2026-01-10 08:00:00
S001473,BB7B6C05,Android-MidTier,Aadhaar,Gujarat,0,0,0,126,consent_sign,3.5,1,2026-01-11 17:12:00
S001474,A3A6EF83,Android-Budget,Driving License,Tamil Nadu,0,0,0,146,consent_sign,3.5,0,2026-01-10 22:10:00
S001475,51397C06,Android-MidTier,Aadhaar,West Bengal,0,0,0,119,consent_sign,3.5,0,2026-01-29 19:56:00
S001476,8FDDBEBC,Android-Budget,Aadhaar,Maharashtra,2,0,2,142,doc_upload,3.0,1,2026-02-23 12:50:00
S001477,9D1C0838,Android-MidTier,Passport,Gujarat,0,0,1,30,phone_otp,0.0,1,2026-01-06 17:02:00
S001478,AA604892,iOS-HighEnd,Passport,Karnataka,0,0,0,181,consent_sign,3.5,0,2026-01-13 16:17:00
S001479,60DDC7F1,Android-MidTier,PAN,West Bengal,0,1,1,187,consent_sign,5.5,0,2026-01-08 12:17:00
S001480,4B657BCC,iOS-HighEnd,Aadhaar,Delhi,0,0,0,153,consent_sign,3.5,0,2026-02-09 11:47:00
S001481,0075D3D5,Android-MidTier,Aadhaar,Tamil Nadu,0,1,2,186,consent_sign,5.5,0,2026-01-11 20:43:00
S001482,92A54D04,iOS-HighEnd,Passport,Karnataka,0,0,0,109,consent_sign,3.5,0,2026-01-24 00:45:00
S001483,C55523ED,Android-MidTier,PAN,Delhi,0,1,1,118,liveness_check,3.5,1,2026-01-30 18:19:00
S001484,2E9CE8FF,Android-MidTier,Aadhaar,Delhi,1,0,1,163,consent_sign,5.0,0,2026-01-20 19:28:00
S001485,CF0DF860,iOS-HighEnd,Aadhaar,Gujarat,0,0,0,182,consent_sign,3.5,0,2026-01-20 13:50:00
S001486,A3BFE403,Android-MidTier,PAN,Karnataka,0,0,0,155,consent_sign,3.5,0,2026-02-22 04:27:00
S001487,7F05FBF5,Android-MidTier,Driving License,Karnataka,0,0,0,132,consent_sign,3.5,0,2026-01-31 05:56:00
S001488,13EB22C9,iOS-HighEnd,Passport,West Bengal,0,0,0,157,consent_sign,3.5,0,2026-02-05 06:18:00
S001489,51CBF9E5,Android-MidTier,PAN,West Bengal,1,0,1,100,doc_upload,1.5,1,2026-02-03 00:33:00
S001490,F68C62E6,Android-Budget,Aadhaar,Delhi,1,0,1,135,consent_sign,5.0,0,2026-01-02 11:12:00
S001491,AB86BAFD,Android-MidTier,Aadhaar,Gujarat,0,0,0,3,registration,0.0,1,2026-01-22 12:13:00
S001492,55F3AD50,Android-MidTier,Driving License,Karnataka,0,0,0,3,registration,0.0,1,2026-02-11 07:29:00
S001493,35ADDE88,iOS-HighEnd,Aadhaar,Maharashtra,0,0,0,163,consent_sign,3.5,0,2026-01-07 08:48:00
S001494,59B9222C,Android-MidTier,Aadhaar,Gujarat,0,0,0,151,consent_sign,3.5,0,2026-01-08 04:27:00
S001495,B86D066B,Android-Budget,PAN,West Bengal,1,1,2,168,liveness_check,5.0,1,2026-02-13 12:55:00
S001496,702F31E5,Android-MidTier,Aadhaar,Gujarat,0,0,0,119,consent_sign,3.5,0,2026-01-10 09:45:00
S001497,2A9527F6,Android-MidTier,PAN,Maharashtra,0,0,0,152,consent_sign,3.5,0,2026-03-01 18:03:00
S001498,E1BBB8CD,Android-MidTier,Driving License,Gujarat,0,1,2,129,liveness_check,3.5,1,2026-01-19 05:27:00
S001499,6016C743,Android-MidTier,Aadhaar,Karnataka,0,2,3,234,consent_sign,7.5,0,2026-02-12 08:06:00
S001500,C9EA356A,iOS-HighEnd,Driving License,Maharashtra,0,0,0,64,liveness_check,1.5,1,2026-01-26 18:12:00
S001501,C21C3FB3,Android-Budget,PAN,Tamil Nadu,0,1,1,106,liveness_check,3.5,1,2026-01-29 05:19:00
S001502,7387928A,Android-Budget,Aadhaar,Karnataka,0,0,0,148,consent_sign,3.5,0,2026-02-06 11:56:00
S001503,088DBD82,Android-MidTier,Driving License,Karnataka,0,0,1,112,consent_sign,3.5,0,2026-02-10 22:28:00
S001504,42D943EE,Android-MidTier,Passport,Delhi,1,0,1,206,consent_sign,5.0,0,2026-01-13 12:35:00
S001505,5780BE17,iOS-HighEnd,Driving License,West Bengal,0,0,0,141,consent_sign,3.5,0,2026-02-09 11:03:00
S001506,29310971,Android-MidTier,Driving License,Maharashtra,0,0,0,142,consent_sign,3.5,0,2026-02-12 12:46:00
S001507,F11C0AC5,Android-MidTier,Aadhaar,Tamil Nadu,0,0,0,118,consent_sign,3.5,0,2026-01-11 07:17:00
S001508,5683EDE0,iOS-HighEnd,Driving License,Gujarat,0,0,0,122,consent_sign,3.5,0,2026-01-19 16:24:00
S001509,E4AA786D,iOS-HighEnd,PAN,Maharashtra,0,0,0,71,liveness_check,1.5,1,2026-02-16 05:22:00
S001510,6E6B34B9,Android-Budget,PAN,West Bengal,2,0,2,102,doc_upload,3.0,1,2026-01-16 11:43:00
S001511,9B792AFA,Android-MidTier,Driving License,Karnataka,0,0,0,93,liveness_check,1.5,1,2026-02-17 13:45:00
S001512,0DB5D441,Android-Budget,Passport,Maharashtra,0,0,1,159,consent_sign,3.5,0,2026-01-12 09:01:00
S001513,F9722CC1,iOS-HighEnd,Driving License,West Bengal,0,0,0,18,phone_otp,0.0,1,2026-02-22 20:50:00
S001514,8DDA4FF2,Android-Budget,Aadhaar,Gujarat,0,1,2,198,consent_sign,5.5,0,2026-01-28 15:48:00
S001515,8A45A905,Android-Budget,Aadhaar,Delhi,2,0,2,126,doc_upload,3.0,1,2026-01-10 01:58:00
S001516,4C2272F3,Android-Budget,Aadhaar,Maharashtra,3,0,3,142,doc_upload,4.5,1,2026-01-24 23:29:00
S001517,64953D5F,iOS-HighEnd,Aadhaar,Maharashtra,0,0,1,152,consent_sign,3.5,0,2026-01-06 05:14:00
S001518,7DAEC949,iOS-HighEnd,Aadhaar,Karnataka,0,0,0,130,consent_sign,3.5,0,2026-01-27 15:17:00
S001519,00FA0EB4,iOS-HighEnd,PAN,Tamil Nadu,0,0,0,27,doc_upload,0.0,1,2026-02-02 23:10:00
S001520,D2EAEF18,Android-MidTier,PAN,Gujarat,0,0,0,153,consent_sign,3.5,0,2026-01-09 06:28:00
S001521,7AF6CD41,Android-MidTier,Passport,Gujarat,0,0,0,4,registration,0.0,1,2026-01-31 03:08:00
S001522,34FADEE1,Android-MidTier,Aadhaar,Maharashtra,2,0,2,129,doc_upload,3.0,1,2026-01-11 17:57:00
S001523,FA207403,iOS-HighEnd,PAN,Karnataka,1,0,1,194,consent_sign,5.0,0,2026-01-17 07:59:00
S001524,1D91FE39,Android-MidTier,Passport,Tamil Nadu,0,0,0,163,consent_sign,3.5,0,2026-01-24 20:48:00
S001525,788FD0CD,Android-MidTier,Aadhaar,Gujarat,0,0,0,129,consent_sign,3.5,0,2026-01-03 14:56:00
S001526,43D75413,iOS-HighEnd,Driving License,Maharashtra,0,0,0,143,consent_sign,3.5,0,2026-02-02 03:58:00
S001527,6334FA2A,iOS-HighEnd,Driving License,Tamil Nadu,0,0,0,139,consent_sign,3.5,0,2026-01-01 16:17:00
S001528,61A66444,iOS-HighEnd,Driving License,Gujarat,0,0,0,88,consent_sign,3.5,0,2026-02-10 13:24:00
S001529,0B6C03C8,iOS-HighEnd,Driving License,Maharashtra,0,0,0,135,consent_sign,3.5,0,2026-01-04 15:44:00
S001530,436E3C49,Android-MidTier,Driving License,Gujarat,0,0,0,172,consent_sign,3.5,0,2026-02-08 11:55:00
S001531,907276EA,iOS-HighEnd,Aadhaar,Tamil Nadu,0,0,0,98,consent_sign,3.5,0,2026-01-16 23:53:00
S001532,B24BEB96,Android-MidTier,PAN,Tamil Nadu,0,0,0,127,consent_sign,3.5,0,2026-02-18 16:24:00
S001533,AB0B4CC5,Android-MidTier,Passport,Gujarat,1,1,2,230,consent_sign,7.0,0,2026-01-07 05:29:00
S001534,69FB0763,Android-MidTier,PAN,Maharashtra,2,1,3,192,liveness_check,6.5,1,2026-01-18 07:23:00
S001535,3A3E46B0,Android-MidTier,Aadhaar,Gujarat,1,0,1,112,doc_upload,1.5,1,2026-01-19 16:29:00
S001536,6319629B,iOS-HighEnd,PAN,Delhi,0,0,0,155,consent_sign,3.5,0,2026-01-02 12:50:00
S001537,F7336094,iOS-HighEnd,Driving License,Karnataka,1,0,1,190,consent_sign,5.0,0,2026-01-10 21:17:00
S001538,EFB56207,Android-MidTier,Aadhaar,West Bengal,0,0,0,134,consent_sign,3.5,0,2026-02-03 12:36:00
S001539,3C53090E,iOS-HighEnd,Aadhaar,Tamil Nadu,0,1,1,146,consent_sign,5.5,0,2026-02-10 17:08:00
S001540,6511E61A,Android-MidTier,Driving License,Delhi,2,0,2,143,doc_upload,3.0,1,2026-01-19 19:01:00
S001541,08E3F771,Android-MidTier,Aadhaar,West Bengal,1,0,1,169,consent_sign,5.0,0,2026-01-27 10:30:00
S001542,844E250B,Android-MidTier,PAN,Maharashtra,0,0,1,118,consent_sign,3.5,0,2026-01-18 06:48:00
S001543,FB95D0FC,iOS-HighEnd,Aadhaar,Karnataka,0,1,1,194,consent_sign,5.5,0,2026-02-10 02:29:00
S001544,F3025D16,Android-MidTier,Driving License,Maharashtra,0,1,1,172,consent_sign,5.5,0,2026-01-01 17:38:00
S001545,F2F5B176,Android-Budget,PAN,Delhi,0,1,2,137,liveness_check,3.5,1,2026-02-22 22:24:00
S001546,363E6EF4,iOS-HighEnd,Passport,Maharashtra,0,0,0,130,consent_sign,3.5,0,2026-01-10 12:29:00
S001547,0AECCEC7,iOS-HighEnd,Passport,Karnataka,0,0,0,17,phone_otp,0.0,1,2026-02-26 06:19:00
S001548,AEE14F87,Android-Budget,Passport,Tamil Nadu,0,1,1,133,liveness_check,3.5,1,2026-01-12 02:50:00
S001549,D2938E6E,Android-MidTier,Passport,West Bengal,0,1,1,172,consent_sign,5.5,0,2026-02-01 00:06:00
S001550,98550B1E,iOS-HighEnd,Passport,Karnataka,0,1,1,153,consent_sign,5.5,0,2026-02-03 07:24:00
S001551,BA236C22,iOS-HighEnd,Driving License,Tamil Nadu,1,0,1,204,consent_sign,5.0,0,2026-01-26 20:04:00
S001552,16476E3F,Android-MidTier,Driving License,West Bengal,1,0,1,187,consent_sign,5.0,0,2026-01-22 06:10:00
S001553,8D536C75,iOS-HighEnd,Driving License,Maharashtra,0,0,0,171,consent_sign,3.5,0,2026-01-17 19:32:00
S001554,850A48D4,iOS-HighEnd,Driving License,Tamil Nadu,0,0,0,136,consent_sign,3.5,0,2026-01-05 11:49:00
S001555,032A461A,Android-MidTier,Driving License,Tamil Nadu,0,0,0,122,consent_sign,3.5,0,2026-01-20 06:55:00
S001556,966B62EA,Android-Budget,Passport,Gujarat,0,0,0,167,consent_sign,3.5,0,2026-01-04 01:59:00
S001557,1CCE08E9,Android-Budget,PAN,Tamil Nadu,0,0,0,143,consent_sign,3.5,0,2026-01-03 15:29:00
S001558,910C4CB7,Android-Budget,Driving License,Tamil Nadu,3,0,3,246,consent_sign,6.5,0,2026-01-30 14:41:00
S001559,F6FF3521,Android-Budget,PAN,Maharashtra,1,0,1,198,consent_sign,5.0,0,2026-01-20 02:32:00
S001560,1B0AE22E,Android-MidTier,Aadhaar,Delhi,0,1,2,208,consent_sign,5.5,0,2026-01-16 07:05:00
S001561,C926A021,Android-MidTier,Aadhaar,Maharashtra,1,0,1,168,consent_sign,5.0,0,2026-02-07 22:40:00
S001562,E1509425,iOS-HighEnd,Driving License,Karnataka,0,0,0,142,consent_sign,3.5,0,2026-01-08 15:36:00
S001563,439E754C,Android-MidTier,Driving License,Gujarat,0,0,0,112,consent_sign,3.5,1,2026-01-26 18:55:00
S001564,92701D60,iOS-HighEnd,Aadhaar,West Bengal,0,0,0,97,consent_sign,3.5,0,2026-02-21 13:30:00
S001565,2C154804,Android-Budget,PAN,Karnataka,1,0,1,60,doc_upload,1.5,1,2026-02-25 09:00:00
S001566,9E45455E,Android-MidTier,PAN,Delhi,0,0,0,155,consent_sign,3.5,0,2026-02-05 14:45:00
S001567,66D71D97,Android-Budget,PAN,Gujarat,0,0,0,97,consent_sign,3.5,1,2026-02-11 14:56:00
S001568,E1035E1C,Android-Budget,Aadhaar,Tamil Nadu,1,0,2,184,consent_sign,5.0,0,2026-01-28 18:18:00
S001569,0C9E5550,Android-MidTier,PAN,Gujarat,0,0,0,3,registration,0.0,1,2026-01-28 13:48:00
S001570,44C1F1B5,Android-MidTier,Aadhaar,Gujarat,2,0,2,212,consent_sign,6.5,0,2026-02-19 16:29:00
S001571,567E642E,Android-Budget,Passport,Delhi,0,0,0,159,consent_sign,3.5,0,2026-01-21 22:14:00
S001572,4F9A5F98,iOS-HighEnd,PAN,Karnataka,0,1,1,126,liveness_check,3.5,1,2026-01-18 23:00:00
S001573,DBB54645,Android-MidTier,Passport,Maharashtra,0,0,0,118,consent_sign,3.5,0,2026-01-25 20:39:00
S001574,F8F58A26,iOS-HighEnd,PAN,Tamil Nadu,1,0,1,183,consent_sign,5.0,0,2026-01-14 07:36:00
S001575,4CEC495B,Android-Budget,Aadhaar,Gujarat,1,0,1,93,doc_upload,1.5,1,2026-02-01 10:53:00
S001576,C626E38F,Android-MidTier,Passport,Tamil Nadu,1,0,2,216,consent_sign,5.0,0,2026-02-08 21:15:00
S001577,BA92992E,iOS-HighEnd,Passport,Karnataka,0,0,0,126,consent_sign,3.5,0,2026-01-25 18:43:00
S001578,16DB80DB,iOS-HighEnd,Aadhaar,Gujarat,0,0,1,169,consent_sign,3.5,0,2026-01-14 00:54:00
S001579,E9D6BB7E,Android-MidTier,PAN,Maharashtra,0,1,1,187,consent_sign,5.5,0,2026-01-13 06:48:00
S001580,7C059799,Android-MidTier,Aadhaar,Tamil Nadu,0,0,0,120,consent_sign,3.5,0,2026-02-15 04:11:00
S001581,5FB8944D,Android-Budget,Aadhaar,Karnataka,0,0,0,106,consent_sign,3.5,0,2026-02-26 12:58:00
S001582,CA9F1D59,Android-MidTier,PAN,West Bengal,1,0,1,87,doc_upload,1.5,1,2026-02-18 14:41:00
S001583,B5A6571C,iOS-HighEnd,Passport,Tamil Nadu,0,0,0,142,consent_sign,3.5,0,2026-02-16 13:33:00
S001584,C7CFECA8,Android-MidTier,PAN,Gujarat,0,0,0,100,consent_sign,3.5,0,2026-02-05 23:52:00
S001585,9194821E,Android-MidTier,Driving License,Karnataka,1,0,1,192,consent_sign,5.0,0,2026-01-28 15:05:00
S001586,E00BD534,Android-MidTier,Driving License,Tamil Nadu,0,0,0,49,doc_upload,0.0,1,2026-01-02 13:22:00
S001587,0EC0AD4B,Android-MidTier,Passport,Tamil Nadu,0,0,0,35,doc_upload,0.0,1,2026-01-06 02:56:00
S001588,0CF173F9,iOS-HighEnd,Aadhaar,Maharashtra,0,0,0,130,consent_sign,3.5,0,2026-02-26 06:26:00
S001589,32F8DBAB,iOS-HighEnd,PAN,Tamil Nadu,0,0,1,141,consent_sign,3.5,0,2026-02-24 04:59:00
S001590,76D70561,Android-MidTier,Driving License,Karnataka,0,0,0,49,doc_upload,0.0,1,2026-02-13 11:28:00
S001591,EC4E8CBB,iOS-HighEnd,Driving License,Karnataka,0,0,0,120,consent_sign,3.5,0,2026-01-22 02:39:00
S001592,3DEFA7BA,Android-MidTier,Aadhaar,West Bengal,1,0,1,164,consent_sign,5.0,0,2026-01-11 18:29:00
S001593,7233D5AF,iOS-HighEnd,PAN,Tamil Nadu,0,0,0,109,consent_sign,3.5,0,2026-02-12 04:22:00
S001594,797E3984,Android-MidTier,PAN,Gujarat,0,0,0,109,consent_sign,3.5,1,2026-01-27 22:34:00
S001595,5820B3F2,Android-Budget,PAN,Karnataka,1,0,1,81,doc_upload,1.5,1,2026-02-15 08:03:00
S001596,42378962,iOS-HighEnd,PAN,Karnataka,0,0,0,140,consent_sign,3.5,1,2026-02-15 11:59:00
S001597,1723ECDB,Android-MidTier,Passport,West Bengal,0,0,0,105,consent_sign,3.5,0,2026-01-28 00:59:00
S001598,0CB5EE5C,iOS-HighEnd,Aadhaar,Maharashtra,0,1,1,109,liveness_check,3.5,1,2026-03-01 18:08:00
S001599,C7A2F280,Android-MidTier,Aadhaar,Maharashtra,0,0,0,111,consent_sign,3.5,0,2026-02-24 00:48:00
S001600,38AA76DF,Android-MidTier,Passport,Delhi,0,0,0,132,consent_sign,3.5,0,2026-02-11 19:17:00
S001601,34EC5264,Android-Budget,PAN,West Bengal,0,1,1,142,consent_sign,5.5,0,2026-02-12 20:57:00
S001602,83666636,Android-MidTier,PAN,Tamil Nadu,0,0,0,134,consent_sign,3.5,0,2026-01-06 18:39:00
S001603,F796611F,Android-Budget,Passport,Karnataka,0,0,0,127,consent_sign,3.5,0,2026-01-03 04:38:00
S001604,795E6F2B,iOS-HighEnd,Driving License,Tamil Nadu,0,0,0,34,phone_otp,0.0,1,2026-01-03 19:05:00
S001605,2C56E0CD,Android-MidTier,Aadhaar,Gujarat,0,0,0,140,consent_sign,3.5,0,2026-02-13 04:55:00
S001606,3948FE22,Android-MidTier,Driving License,Delhi,0,0,0,140,consent_sign,3.5,0,2026-02-11 11:40:00
S001607,F168C605,iOS-HighEnd,Driving License,Tamil Nadu,0,0,0,3,registration,0.0,1,2026-02-17 05:06:00
S001608,B599277F,Android-Budget,Passport,Maharashtra,0,0,0,152,consent_sign,3.5,0,2026-02-28 09:02:00
S001609,E53E5F4C,Android-MidTier,Driving License,West Bengal,0,0,1,136,consent_sign,3.5,0,2026-01-08 09:50:00
S001610,7580E4E9,Android-MidTier,PAN,Gujarat,0,0,0,126,consent_sign,3.5,0,2026-02-23 03:30:00
S001611,4D59616B,Android-MidTier,PAN,Tamil Nadu,0,0,1,143,consent_sign,3.5,0,2026-01-19 21:48:00
S001612,9FA4A627,Android-MidTier,Passport,Delhi,0,0,0,154,consent_sign,3.5,0,2026-01-22 22:37:00
S001613,01E187D8,iOS-HighEnd,Passport,Gujarat,0,0,1,163,consent_sign,3.5,0,2026-01-07 02:44:00
S001614,F76B9723,iOS-HighEnd,Aadhaar,Tamil Nadu,0,0,0,31,doc_upload,0.0,1,2026-01-14 16:28:00
S001615,8FBBA749,Android-Budget,Passport,West Bengal,0,1,1,209,consent_sign,5.5,0,2026-02-28 16:03:00
S001616,485D831C,iOS-HighEnd,Aadhaar,Delhi,0,0,0,4,registration,0.0,1,2026-03-01 20:47:00
S001617,7B53359E,iOS-HighEnd,Aadhaar,Tamil Nadu,0,0,0,130,consent_sign,3.5,0,2026-01-05 13:19:00
S001618,46C79B36,Android-MidTier,Driving License,Karnataka,0,0,0,138,consent_sign,3.5,0,2026-01-07 07:17:00
S001619,46E1EE40,iOS-HighEnd,Aadhaar,Tamil Nadu,0,0,0,85,consent_sign,3.5,0,2026-01-04 01:57:00
S001620,F3C2944A,Android-Budget,Aadhaar,West Bengal,0,2,2,155,consent_sign,7.5,0,2026-02-08 20:01:00
S001621,30385DD7,Android-Budget,PAN,West Bengal,0,3,3,175,liveness_check,7.5,1,2026-02-08 16:17:00
S001622,3D846FC9,iOS-HighEnd,PAN,Tamil Nadu,0,0,0,97,liveness_check,1.5,1,2026-02-04 08:52:00
S001623,DB7904E0,iOS-HighEnd,Driving License,Tamil Nadu,0,0,0,131,consent_sign,3.5,0,2026-02-22 04:54:00
S001624,6772FE9F,Android-MidTier,Aadhaar,Delhi,0,0,0,137,consent_sign,3.5,0,2026-01-29 09:34:00
S001625,23D26B8D,iOS-HighEnd,Driving License,West Bengal,0,0,0,129,consent_sign,3.5,0,2026-01-23 10:59:00
S001626,7F53D344,Android-MidTier,Driving License,Karnataka,0,1,2,220,consent_sign,5.5,0,2026-02-06 17:57:00
S001627,E82B5B36,iOS-HighEnd,PAN,West Bengal,0,1,1,155,consent_sign,5.5,0,2026-01-17 04:30:00
S001628,BC9A7998,iOS-HighEnd,PAN,Karnataka,0,0,0,120,consent_sign,3.5,0,2026-02-07 11:41:00
S001629,FEA82E3A,Android-MidTier,PAN,Karnataka,0,0,0,131,consent_sign,3.5,0,2026-02-20 05:28:00
S001630,57D9CBB0,iOS-HighEnd,Passport,Maharashtra,0,1,1,209,consent_sign,5.5,0,2026-01-02 10:59:00
S001631,AFB28B3D,Android-Budget,PAN,Tamil Nadu,0,0,0,1,registration,0.0,1,2026-01-15 10:04:00
S001632,79C9C839,Android-MidTier,Passport,Delhi,0,0,0,4,registration,0.0,1,2026-01-07 09:16:00
S001633,5BC677CA,Android-MidTier,PAN,Gujarat,0,0,0,143,consent_sign,3.5,0,2026-02-06 15:24:00
S001634,2B843EF3,Android-MidTier,Aadhaar,Maharashtra,0,0,0,120,consent_sign,3.5,0,2026-01-28 16:29:00
S001635,8EE9581A,iOS-HighEnd,Passport,Karnataka,0,0,0,51,doc_upload,0.0,1,2026-02-05 06:18:00
S001636,7885187D,Android-MidTier,PAN,Karnataka,0,0,0,176,consent_sign,3.5,0,2026-01-06 09:29:00
S001637,B9A5D4D0,iOS-HighEnd,PAN,Gujarat,0,0,1,159,consent_sign,3.5,0,2026-02-06 19:17:00
S001638,E9A1C6D5,iOS-HighEnd,Driving License,Gujarat,0,0,0,129,consent_sign,3.5,0,2026-01-01 14:04:00
S001639,E64B9B37,iOS-HighEnd,Passport,Karnataka,0,0,0,115,consent_sign,3.5,0,2026-01-01 22:41:00
S001640,38E59B27,Android-Budget,Aadhaar,Maharashtra,0,0,1,55,phone_otp,0.0,1,2026-01-10 03:45:00
S001641,DF162EC3,iOS-HighEnd,Aadhaar,Gujarat,0,0,0,155,consent_sign,3.5,0,2026-02-08 11:24:00
S001642,E3082DDC,iOS-HighEnd,PAN,Tamil Nadu,0,0,0,3,registration,0.0,1,2026-01-18 22:26:00
S001643,95E7F614,Android-MidTier,Passport,Delhi,1,0,3,254,consent_sign,5.0,0,2026-01-18 01:37:00
S001644,1E26ED31,iOS-HighEnd,Aadhaar,West Bengal,0,0,0,139,consent_sign,3.5,0,2026-02-27 15:58:00
S001645,A267D32F,Android-Budget,Passport,Maharashtra,0,0,0,142,consent_sign,3.5,0,2026-01-18 20:42:00
S001646,9EE339FF,iOS-HighEnd,Passport,Delhi,0,0,0,115,consent_sign,3.5,0,2026-02-11 11:10:00
S001647,31CD9F6E,iOS-HighEnd,PAN,Maharashtra,0,0,0,124,consent_sign,3.5,0,2026-01-02 08:42:00
S001648,AE423568,Android-Budget,Aadhaar,West Bengal,1,0,1,175,consent_sign,5.0,0,2026-01-08 17:53:00
S001649,69C165AE,Android-Budget,Driving License,Gujarat,0,0,0,141,consent_sign,3.5,0,2026-01-03 05:57:00
S001650,26996AAB,iOS-HighEnd,PAN,Delhi,0,0,0,113,consent_sign,3.5,0,2026-01-19 21:02:00
S001651,57B936B0,Android-Budget,Driving License,Maharashtra,1,0,1,201,consent_sign,5.0,0,2026-02-09 15:43:00
S001652,E4917F7D,Android-Budget,PAN,Maharashtra,2,0,2,199,consent_sign,6.5,0,2026-01-27 00:21:00
S001653,24AA5685,Android-MidTier,Passport,Tamil Nadu,0,0,1,61,doc_upload,0.0,1,2026-01-04 06:39:00
S001654,2E2BDC6C,iOS-HighEnd,Passport,West Bengal,0,0,0,128,consent_sign,3.5,0,2026-01-26 03:35:00
S001655,55273407,iOS-HighEnd,Aadhaar,Delhi,0,0,0,151,consent_sign,3.5,0,2026-02-10 17:28:00
S001656,503BE788,iOS-HighEnd,PAN,Karnataka,0,0,1,146,consent_sign,3.5,0,2026-02-07 10:04:00
S001657,73B9C2AC,iOS-HighEnd,Aadhaar,Karnataka,0,0,0,142,consent_sign,3.5,0,2026-02-11 03:35:00
S001658,C606DDC4,iOS-HighEnd,Aadhaar,West Bengal,0,0,0,19,phone_otp,0.0,1,2026-01-13 02:23:00
S001659,288F3435,iOS-HighEnd,PAN,Gujarat,0,0,0,1,registration,0.0,1,2026-01-02 07:55:00
S001660,C79DDB62,Android-MidTier,Aadhaar,West Bengal,0,0,1,160,consent_sign,3.5,0,2026-01-16 08:14:00
S001661,6F07B60F,Android-MidTier,PAN,Tamil Nadu,0,0,0,4,registration,0.0,1,2026-01-11 12:54:00
S001662,6DD49C96,Android-MidTier,PAN,Tamil Nadu,0,0,0,119,consent_sign,3.5,0,2026-01-05 05:55:00
S001663,0131FF3B,iOS-HighEnd,Passport,West Bengal,0,0,0,18,doc_upload,0.0,1,2026-02-21 00:25:00
S001664,BB0C7919,Android-MidTier,Driving License,Delhi,0,1,1,163,consent_sign,5.5,0,2026-02-20 05:10:00
S001665,E45A87E8,iOS-HighEnd,Aadhaar,Delhi,0,0,0,124,consent_sign,3.5,1,2026-02-15 09:26:00
S001666,87F1D48C,iOS-HighEnd,Driving License,West Bengal,0,0,1,151,consent_sign,3.5,0,2026-01-28 07:20:00
S001667,010E4265,Android-MidTier,Aadhaar,Tamil Nadu,1,0,1,79,doc_upload,1.5,1,2026-01-22 07:18:00
S001668,39EC8CA1,Android-MidTier,Aadhaar,Karnataka,0,0,0,104,consent_sign,3.5,0,2026-01-28 20:12:00
S001669,4FE54745,Android-Budget,Aadhaar,Delhi,0,0,1,181,consent_sign,3.5,0,2026-02-12 21:21:00
S001670,80DAA8CA,Android-Budget,PAN,Delhi,0,0,0,162,consent_sign,3.5,0,2026-01-22 17:28:00
S001671,10B6A662,iOS-HighEnd,Driving License,West Bengal,0,0,0,113,consent_sign,3.5,0,2026-02-13 20:47:00
S001672,F2CE7EEB,iOS-HighEnd,Driving License,Karnataka,1,0,1,139,consent_sign,5.0,0,2026-01-14 09:49:00
S001673,85319F0F,Android-MidTier,Driving License,Gujarat,0,0,0,144,consent_sign,3.5,0,2026-02-12 05:17:00
S001674,6F04AF36,iOS-HighEnd,Aadhaar,Karnataka,1,0,1,93,doc_upload,1.5,1,2026-01-14 03:20:00
S001675,2240063B,iOS-HighEnd,Passport,Delhi,0,0,0,144,consent_sign,3.5,0,2026-01-17 06:42:00
S001676,7D7C59A5,iOS-HighEnd,Passport,Delhi,0,0,0,154,consent_sign,3.5,0,2026-01-08 23:43:00
S001677,2A35CE30,Android-Budget,Aadhaar,Maharashtra,1,2,4,278,consent_sign,9.0,0,2026-01-12 15:34:00
S001678,CFDFC6F9,iOS-HighEnd,Aadhaar,Tamil Nadu,0,0,0,3,registration,0.0,1,2026-02-13 20:31:00
S001679,396D1FFB,Android-Budget,PAN,Tamil Nadu,1,0,1,88,doc_upload,1.5,1,2026-01-06 02:22:00
S001680,3610901C,Android-MidTier,Driving License,West Bengal,0,0,0,132,consent_sign,3.5,0,2026-01-04 18:07:00
S001681,812FAA38,Android-MidTier,PAN,Delhi,0,0,2,185,consent_sign,3.5,0,2026-02-08 14:02:00
S001682,B60B4F87,iOS-HighEnd,Aadhaar,Delhi,0,0,0,120,consent_sign,3.5,0,2026-02-07 19:12:00
S001683,600C9C71,iOS-HighEnd,Passport,Gujarat,0,0,0,110,consent_sign,3.5,1,2026-02-22 14:36:00
S001684,C5709E30,iOS-HighEnd,PAN,Karnataka,0,0,0,169,consent_sign,3.5,0,2026-02-24 16:38:00
S001685,980B6853,Android-MidTier,Aadhaar,West Bengal,0,0,0,48,liveness_check,1.5,1,2026-02-20 05:14:00
S001686,1BAD52A8,Android-Budget,Driving License,Tamil Nadu,0,0,0,131,consent_sign,3.5,0,2026-01-17 22:34:00
S001687,0C5921F8,iOS-HighEnd,PAN,Delhi,0,0,0,127,consent_sign,3.5,0,2026-02-28 07:29:00
S001688,71BE94C3,iOS-HighEnd,Driving License,Maharashtra,0,0,0,123,consent_sign,3.5,0,2026-02-28 20:34:00
S001689,40B374F8,iOS-HighEnd,Passport,Tamil Nadu,0,0,0,114,consent_sign,3.5,0,2026-02-28 19:25:00
S001690,349B5089,iOS-HighEnd,Passport,Gujarat,0,0,0,155,consent_sign,3.5,0,2026-02-27 02:07:00
S001691,0261C87A,Android-Budget,Aadhaar,Gujarat,1,1,2,228,consent_sign,7.0,0,2026-01-05 22:44:00
S001692,19D9D0B5,Android-MidTier,Driving License,Delhi,0,0,0,40,doc_upload,0.0,1,2026-02-02 23:05:00
S001693,9F6FACC1,iOS-HighEnd,Driving License,Delhi,1,0,1,132,consent_sign,5.0,0,2026-02-05 12:08:00
S001694,6B382A0A,Android-Budget,Aadhaar,Gujarat,1,0,1,165,consent_sign,5.0,0,2026-01-25 00:00:00
S001695,82F73861,iOS-HighEnd,Aadhaar,West Bengal,0,0,1,152,consent_sign,3.5,0,2026-02-13 02:37:00
S001696,485F7888,iOS-HighEnd,Aadhaar,Gujarat,0,0,0,115,consent_sign,3.5,1,2026-01-31 14:58:00
S001697,7F6BD3C6,Android-MidTier,Aadhaar,Gujarat,0,0,0,152,consent_sign,3.5,0,2026-02-28 09:40:00
S001698,C72850C1,Android-Budget,Passport,Tamil Nadu,1,0,1,150,consent_sign,5.0,1,2026-01-20 10:11:00
S001699,F91E5FCD,Android-MidTier,PAN,Gujarat,1,0,2,182,consent_sign,5.0,0,2026-02-15 16:28:00
S001700,68E5C8CD,Android-MidTier,Passport,Gujarat,2,0,2,142,doc_upload,3.0,1,2026-01-09 12:39:00
S001701,8C52D271,Android-MidTier,Driving License,Tamil Nadu,0,0,0,146,consent_sign,3.5,0,2026-02-10 09:14:00
S001702,B02E21AA,iOS-HighEnd,PAN,Karnataka,0,0,0,2,registration,0.0,1,2026-02-17 21:48:00
S001703,3C088990,iOS-HighEnd,Passport,West Bengal,0,0,0,122,consent_sign,3.5,0,2026-02-25 12:38:00
S001704,16C8E3D7,Android-MidTier,Passport,West Bengal,0,0,0,151,consent_sign,3.5,0,2026-01-04 04:00:00
S001705,92FBACF6,Android-Budget,Driving License,Tamil Nadu,1,0,1,191,consent_sign,5.0,0,2026-01-01 13:26:00
S001706,F30EE4FE,Android-Budget,Passport,Delhi,0,0,0,110,consent_sign,3.5,0,2026-02-05 01:21:00
S001707,13365C0C,iOS-HighEnd,Driving License,Gujarat,0,1,1,162,consent_sign,5.5,0,2026-01-12 04:03:00
S001708,E79F9F3D,Android-MidTier,Driving License,Maharashtra,0,0,0,152,consent_sign,3.5,0,2026-02-28 09:12:00
S001709,74EDA60E,Android-MidTier,Aadhaar,Gujarat,1,0,1,98,doc_upload,1.5,1,2026-01-19 18:25:00
S001710,439DB29D,iOS-HighEnd,Aadhaar,Gujarat,0,0,0,131,consent_sign,3.5,0,2026-02-15 07:24:00
S001711,D02C75F9,Android-MidTier,PAN,Gujarat,0,0,0,2,registration,0.0,1,2026-02-07 17:53:00
S001712,DA2CF852,iOS-HighEnd,Driving License,Tamil Nadu,0,1,1,166,consent_sign,5.5,0,2026-01-02 20:54:00
S001713,AD409244,iOS-HighEnd,Driving License,West Bengal,0,0,0,97,liveness_check,1.5,1,2026-02-21 22:47:00
S001714,1DABB10A,Android-Budget,Aadhaar,Maharashtra,0,0,0,2,registration,0.0,1,2026-02-05 15:39:00
S001715,E3EA2D7F,Android-Budget,Driving License,Karnataka,0,0,0,137,consent_sign,3.5,0,2026-01-21 07:23:00
S001716,236DD176,Android-MidTier,Aadhaar,Karnataka,0,0,0,149,consent_sign,3.5,0,2026-02-11 16:02:00
S001717,54231DBE,iOS-HighEnd,Driving License,Maharashtra,0,0,0,130,consent_sign,3.5,0,2026-02-02 14:00:00
S001718,F480B91E,Android-MidTier,Driving License,West Bengal,0,0,0,125,consent_sign,3.5,0,2026-01-30 07:19:00
S001719,BBAA574F,Android-MidTier,Passport,Delhi,0,0,0,106,consent_sign,3.5,0,2026-01-05 09:40:00
S001720,57BCAD3A,Android-MidTier,Passport,Maharashtra,0,0,0,122,consent_sign,3.5,0,2026-01-21 23:29:00
S001721,6676CC75,iOS-HighEnd,Driving License,Gujarat,0,0,0,135,consent_sign,3.5,0,2026-02-10 04:37:00
S001722,D5F0FB6A,Android-MidTier,Passport,Maharashtra,0,1,1,173,consent_sign,5.5,0,2026-02-13 09:20:00
S001723,7A6E43D0,iOS-HighEnd,PAN,Maharashtra,0,0,0,167,consent_sign,3.5,0,2026-02-16 09:26:00
S001724,E2D903C8,Android-Budget,PAN,West Bengal,0,0,0,1,registration,0.0,1,2026-02-21 06:22:00
S001725,21EC4754,Android-MidTier,Passport,West Bengal,1,0,1,211,consent_sign,5.0,0,2026-01-31 12:00:00
S001726,FB481DED,Android-MidTier,Aadhaar,Tamil Nadu,0,0,0,129,consent_sign,3.5,0,2026-02-05 17:55:00
S001727,1A8CF13C,Android-Budget,Aadhaar,West Bengal,0,0,0,98,consent_sign,3.5,0,2026-01-27 03:10:00
S001728,7B90942F,Android-MidTier,Driving License,Gujarat,0,0,0,137,consent_sign,3.5,0,2026-01-09 21:26:00
S001729,702B7014,Android-MidTier,Passport,Gujarat,0,0,1,113,consent_sign,3.5,0,2026-01-06 15:57:00
S001730,C7774FAE,iOS-HighEnd,PAN,Tamil Nadu,0,0,0,122,consent_sign,3.5,0,2026-01-03 22:38:00
S001731,DCD1C413,iOS-HighEnd,Driving License,Tamil Nadu,1,0,1,155,consent_sign,5.0,0,2026-02-08 03:55:00
S001732,BA2EEEB3,Android-Budget,PAN,Karnataka,0,0,0,159,consent_sign,3.5,0,2026-01-13 13:39:00
S001733,7BAB1BAA,Android-MidTier,Driving License,Delhi,0,1,2,188,liveness_check,3.5,1,2026-02-08 15:38:00
S001734,E3395B1A,Android-Budget,Aadhaar,Tamil Nadu,0,1,1,117,liveness_check,3.5,1,2026-02-02 05:35:00
S001735,1036CA81,Android-MidTier,Driving License,Karnataka,0,0,0,127,consent_sign,3.5,0,2026-01-13 00:08:00
S001736,032A09E0,iOS-HighEnd,Driving License,Tamil Nadu,0,0,1,180,consent_sign,3.5,0,2026-02-14 13:36:00
S001737,865A7766,iOS-HighEnd,PAN,Delhi,0,0,0,109,consent_sign,3.5,1,2026-01-07 02:49:00
S001738,B9493906,iOS-HighEnd,PAN,Maharashtra,0,0,0,107,consent_sign,3.5,0,2026-01-23 06:54:00
S001739,F4ACC7E2,iOS-HighEnd,Driving License,Gujarat,1,0,1,178,consent_sign,5.0,0,2026-01-25 01:32:00
S001740,84E3B774,Android-MidTier,Passport,Gujarat,0,0,0,137,consent_sign,3.5,0,2026-01-06 01:05:00
S001741,9E44E98C,iOS-HighEnd,Driving License,Gujarat,0,0,1,168,consent_sign,3.5,0,2026-02-09 18:11:00
S001742,BA05DD0F,iOS-HighEnd,Driving License,West Bengal,0,0,0,116,consent_sign,3.5,0,2026-01-06 03:30:00
S001743,A9E8F0D8,iOS-HighEnd,Aadhaar,Tamil Nadu,0,0,0,2,registration,0.0,1,2026-01-19 04:33:00
S001744,260E37CC,Android-MidTier,Aadhaar,Karnataka,0,0,0,132,consent_sign,3.5,0,2026-01-19 02:30:00
S001745,E45E2AD0,Android-Budget,Aadhaar,Delhi,1,1,3,213,liveness_check,5.0,1,2026-01-10 00:47:00
S001746,02FB2869,iOS-HighEnd,Passport,Maharashtra,0,0,0,3,registration,0.0,1,2026-01-13 18:28:00
S001747,816CE054,iOS-HighEnd,PAN,Karnataka,0,1,1,133,liveness_check,3.5,1,2026-01-22 11:02:00
S001748,7EEF09AB,Android-MidTier,Passport,Gujarat,0,0,0,133,consent_sign,3.5,0,2026-01-20 05:48:00
S001749,C05DB774,Android-MidTier,Passport,Delhi,0,0,0,136,consent_sign,3.5,0,2026-02-24 17:42:00
S001750,54B58635,iOS-HighEnd,PAN,Delhi,0,0,0,122,consent_sign,3.5,0,2026-01-01 18:52:00
S001751,81C61EEB,Android-Budget,PAN,Delhi,2,0,2,77,doc_upload,3.0,1,2026-02-13 10:29:00
S001752,60EE64BA,iOS-HighEnd,Driving License,Delhi,0,0,0,140,consent_sign,3.5,0,2026-02-05 06:05:00
S001753,142E3DF0,iOS-HighEnd,Driving License,Delhi,0,0,0,141,consent_sign,3.5,0,2026-02-08 05:58:00
S001754,92B26ACD,iOS-HighEnd,Driving License,Tamil Nadu,0,0,0,150,consent_sign,3.5,0,2026-01-25 23:33:00
S001755,7F9AD277,Android-Budget,PAN,Karnataka,0,1,1,107,liveness_check,3.5,1,2026-02-01 04:44:00
S001756,FB0D3CDA,iOS-HighEnd,Driving License,Karnataka,0,0,0,130,consent_sign,3.5,0,2026-02-11 23:47:00
S001757,048C8480,Android-Budget,Driving License,Maharashtra,0,0,0,156,consent_sign,3.5,0,2026-01-03 17:05:00
S001758,092C4801,Android-MidTier,Passport,Karnataka,0,1,1,169,consent_sign,5.5,0,2026-01-10 02:06:00
S001759,D36EC1BD,iOS-HighEnd,Aadhaar,Maharashtra,1,0,1,166,consent_sign,5.0,0,2026-01-16 10:44:00
S001760,F692641A,iOS-HighEnd,Passport,Tamil Nadu,0,0,0,145,consent_sign,3.5,0,2026-01-19 05:10:00
S001761,E3DE4EC0,iOS-HighEnd,PAN,Gujarat,0,0,0,135,consent_sign,3.5,0,2026-01-20 00:04:00
S001762,A7939A2E,iOS-HighEnd,Aadhaar,Karnataka,0,0,0,99,consent_sign,3.5,0,2026-01-08 14:35:00
S001763,57423882,iOS-HighEnd,PAN,Delhi,0,0,0,116,consent_sign,3.5,0,2026-01-21 17:45:00
S001764,D10BF4DC,Android-MidTier,Passport,West Bengal,0,0,0,132,consent_sign,3.5,0,2026-02-25 02:17:00
S001765,54FC286F,Android-MidTier,Passport,Gujarat,1,0,1,134,consent_sign,5.0,0,2026-01-20 00:05:00
S001766,99966612,iOS-HighEnd,Aadhaar,Maharashtra,1,0,1,78,doc_upload,1.5,1,2026-02-19 21:16:00
S001767,5D00DF1B,iOS-HighEnd,PAN,Maharashtra,0,1,1,164,consent_sign,5.5,0,2026-01-29 16:35:00
S001768,18F1A1E4,Android-Budget,Passport,Gujarat,1,0,1,79,doc_upload,1.5,1,2026-01-19 14:09:00
S001769,008FFAB9,iOS-HighEnd,Aadhaar,West Bengal,2,0,2,155,doc_upload,3.0,1,2026-02-09 01:26:00
S001770,A2379E6F,Android-MidTier,Driving License,Maharashtra,0,3,3,198,liveness_check,7.5,1,2026-01-09 04:45:00
S001771,8C357321,iOS-HighEnd,Driving License,West Bengal,0,0,0,118,consent_sign,3.5,0,2026-01-13 18:39:00
S001772,1B37EF19,iOS-HighEnd,Aadhaar,Maharashtra,0,0,0,136,consent_sign,3.5,0,2026-02-20 18:28:00
S001773,7E0F60B2,iOS-HighEnd,Passport,Maharashtra,0,0,0,121,consent_sign,3.5,0,2026-02-02 00:59:00
S001774,BE153187,Android-MidTier,Passport,Delhi,1,1,2,197,consent_sign,7.0,0,2026-01-24 09:16:00
S001775,41191AA7,Android-MidTier,Driving License,Tamil Nadu,1,0,1,223,consent_sign,5.0,0,2026-02-03 00:00:00
S001776,1EE93260,iOS-HighEnd,PAN,Delhi,0,0,0,151,consent_sign,3.5,0,2026-02-06 21:56:00
S001777,3730DFBA,Android-MidTier,Driving License,Delhi,0,0,0,4,registration,0.0,1,2026-02-03 05:58:00
S001778,30C9C51F,iOS-HighEnd,Driving License,Maharashtra,0,0,0,97,liveness_check,1.5,1,2026-01-02 01:27:00
S001779,C1D48A10,iOS-HighEnd,Driving License,Karnataka,1,1,2,198,consent_sign,7.0,0,2026-02-16 16:27:00
S001780,A21C0C06,Android-MidTier,Aadhaar,Tamil Nadu,0,1,1,117,liveness_check,3.5,1,2026-01-14 03:24:00
S001781,1F8B4AF1,iOS-HighEnd,PAN,Delhi,0,0,0,3,registration,0.0,1,2026-02-20 22:44:00
S001782,75175F39,Android-MidTier,Passport,Karnataka,0,0,0,187,consent_sign,3.5,0,2026-02-13 05:00:00
S001783,811317A8,iOS-HighEnd,PAN,Delhi,0,0,0,123,consent_sign,3.5,0,2026-01-11 21:01:00
S001784,011C4544,Android-Budget,PAN,Karnataka,0,0,0,113,consent_sign,3.5,0,2026-02-10 15:44:00
S001785,8DA03D88,iOS-HighEnd,Aadhaar,Gujarat,0,0,0,36,phone_otp,0.0,1,2026-02-20 23:44:00
S001786,95CA788D,Android-Budget,Aadhaar,Delhi,3,0,3,172,doc_upload,4.5,1,2026-01-07 23:00:00
S001787,C7F4F4F9,Android-MidTier,Driving License,Delhi,0,0,0,172,consent_sign,3.5,0,2026-02-07 15:38:00
S001788,B11AF726,Android-Budget,Aadhaar,West Bengal,1,0,1,182,consent_sign,5.0,0,2026-02-15 15:17:00
S001789,D0B3D752,iOS-HighEnd,Aadhaar,Delhi,0,0,0,111,consent_sign,3.5,0,2026-02-06 23:16:00
S001790,A8535961,iOS-HighEnd,Aadhaar,Tamil Nadu,0,0,0,86,consent_sign,3.5,1,2026-02-22 18:06:00
S001791,52645A59,Android-MidTier,Driving License,Delhi,1,0,1,198,consent_sign,5.0,0,2026-01-05 17:53:00
S001792,6B2D9CCC,Android-MidTier,Aadhaar,Karnataka,0,0,0,122,consent_sign,3.5,0,2026-02-23 19:57:00
S001793,B148B2A6,iOS-HighEnd,Driving License,Karnataka,0,0,0,25,phone_otp,0.0,1,2026-02-12 04:31:00
S001794,65DACED0,iOS-HighEnd,PAN,West Bengal,0,0,0,143,consent_sign,3.5,0,2026-01-18 02:21:00
S001795,4B4EF503,Android-MidTier,Driving License,Gujarat,0,0,0,120,consent_sign,3.5,0,2026-01-23 18:42:00
S001796,235FC3D5,iOS-HighEnd,Passport,Karnataka,0,0,0,126,consent_sign,3.5,0,2026-01-16 02:13:00
S001797,E2ED8686,Android-MidTier,Passport,West Bengal,0,0,0,179,consent_sign,3.5,0,2026-01-08 20:22:00
S001798,D7D3B9D9,Android-MidTier,Aadhaar,Tamil Nadu,1,0,1,164,consent_sign,5.0,0,2026-02-26 12:22:00
S001799,505C7527,iOS-HighEnd,Driving License,Tamil Nadu,0,0,1,159,consent_sign,3.5,0,2026-01-17 08:40:00
S001800,8DB78572,iOS-HighEnd,Passport,Maharashtra,0,0,0,147,consent_sign,3.5,0,2026-02-18 17:22:00
S001801,35AFBB2D,Android-MidTier,Aadhaar,Maharashtra,0,1,2,188,consent_sign,5.5,1,2026-01-09 01:08:00
S001802,AFC5C20E,iOS-HighEnd,PAN,Karnataka,0,0,0,3,registration,0.0,1,2026-02-23 01:38:00
S001803,21F6C63D,Android-MidTier,PAN,West Bengal,0,0,0,99,consent_sign,3.5,0,2026-01-21 02:28:00
S001804,F9A55CF2,Android-MidTier,Driving License,Maharashtra,0,0,0,157,consent_sign,3.5,0,2026-01-23 15:20:00
S001805,8AE0B8A0,Android-Budget,Driving License,West Bengal,0,0,0,123,consent_sign,3.5,0,2026-02-09 06:46:00
S001806,B5D9AD36,iOS-HighEnd,Passport,Tamil Nadu,0,0,0,150,consent_sign,3.5,0,2026-03-01 07:35:00
S001807,8FF19886,iOS-HighEnd,Aadhaar,Tamil Nadu,0,0,0,157,consent_sign,3.5,0,2026-02-10 13:07:00
S001808,F1530F68,Android-MidTier,Driving License,West Bengal,1,1,2,199,consent_sign,7.0,0,2026-01-13 21:35:00
S001809,AC9B389A,Android-MidTier,PAN,Karnataka,0,0,0,113,consent_sign,3.5,0,2026-02-19 07:00:00
S001810,88ADDAB1,Android-MidTier,Passport,Maharashtra,1,3,4,211,liveness_check,9.0,1,2026-02-19 01:32:00
S001811,6C21835D,iOS-HighEnd,PAN,Delhi,0,0,0,124,consent_sign,3.5,0,2026-02-10 20:22:00
S001812,1B41A61E,Android-Budget,Passport,Tamil Nadu,0,0,0,143,consent_sign,3.5,0,2026-02-06 00:53:00
S001813,0D95AAF5,Android-MidTier,Aadhaar,Delhi,0,0,0,29,phone_otp,0.0,1,2026-01-12 06:49:00
S001814,4458B006,iOS-HighEnd,PAN,Gujarat,0,0,0,129,consent_sign,3.5,0,2026-02-22 23:57:00
S001815,FBC8C77E,iOS-HighEnd,PAN,Gujarat,0,0,0,131,consent_sign,3.5,0,2026-02-15 03:12:00
S001816,257C54BC,Android-Budget,Passport,Tamil Nadu,1,0,1,149,consent_sign,5.0,0,2026-01-11 08:50:00
S001817,C8CBA592,Android-Budget,Passport,Tamil Nadu,1,0,1,88,doc_upload,1.5,1,2026-01-27 10:41:00
S001818,8A8A4105,iOS-HighEnd,PAN,Karnataka,0,0,0,99,consent_sign,3.5,0,2026-01-03 12:55:00
S001819,73DD3BC6,iOS-HighEnd,Aadhaar,Gujarat,0,0,0,122,consent_sign,3.5,0,2026-01-15 12:55:00
S001820,ACEF45C4,Android-MidTier,Driving License,Karnataka,0,0,0,1,registration,0.0,1,2026-01-14 03:11:00
S001821,396C357B,Android-MidTier,PAN,Maharashtra,0,0,0,113,consent_sign,3.5,0,2026-01-13 22:09:00
S001822,638E1388,Android-Budget,PAN,Karnataka,0,0,0,109,consent_sign,3.5,0,2026-02-19 18:30:00
S001823,CBFD4A31,iOS-HighEnd,Aadhaar,West Bengal,0,0,1,176,consent_sign,3.5,0,2026-02-15 17:34:00
S001824,B1644235,Android-Budget,Aadhaar,Karnataka,1,2,3,235,consent_sign,9.0,0,2026-01-06 01:35:00
S001825,61AF663C,Android-MidTier,Aadhaar,Karnataka,0,2,2,229,consent_sign,7.5,0,2026-01-06 19:06:00
S001826,C9C1AD45,iOS-HighEnd,PAN,Gujarat,0,0,1,164,consent_sign,3.5,0,2026-01-31 09:16:00
S001827,F740D87C,Android-Budget,Driving License,Maharashtra,1,0,2,201,consent_sign,5.0,0,2026-01-26 23:40:00
S001828,BE6127A8,Android-Budget,Driving License,Tamil Nadu,0,0,1,164,consent_sign,3.5,0,2026-02-03 15:07:00
S001829,DE6CF36B,Android-MidTier,Passport,Maharashtra,0,0,0,127,consent_sign,3.5,0,2026-01-05 03:03:00
S001830,716CA1F2,Android-MidTier,PAN,Delhi,1,0,1,180,consent_sign,5.0,0,2026-02-03 23:26:00
S001831,A23FF67D,Android-MidTier,Aadhaar,West Bengal,0,0,0,102,liveness_check,1.5,1,2026-01-05 06:37:00
S001832,5E244824,Android-Budget,PAN,Gujarat,0,0,0,123,consent_sign,3.5,0,2026-01-01 22:06:00
S001833,BD0B0FA2,Android-MidTier,Aadhaar,Karnataka,0,0,0,121,consent_sign,3.5,0,2026-02-04 02:24:00
S001834,B993FF63,iOS-HighEnd,Driving License,Karnataka,0,0,0,142,consent_sign,3.5,0,2026-02-19 01:05:00
S001835,72E588E9,Android-MidTier,Aadhaar,Gujarat,0,0,0,70,liveness_check,1.5,1,2026-01-11 21:18:00
S001836,13106665,Android-Budget,Driving License,Maharashtra,0,1,2,200,consent_sign,5.5,0,2026-01-02 02:49:00
S001837,BC2E2B59,Android-MidTier,Driving License,Maharashtra,0,0,0,121,consent_sign,3.5,0,2026-02-26 16:19:00
S001838,0A670143,Android-Budget,Driving License,Gujarat,0,1,2,135,liveness_check,3.5,1,2026-02-25 14:34:00
S001839,43A534D2,Android-Budget,PAN,West Bengal,0,3,3,165,liveness_check,7.5,1,2026-02-12 02:28:00
S001840,D89462E8,Android-Budget,Aadhaar,West Bengal,0,0,2,64,phone_otp,0.0,1,2026-01-31 06:10:00
S001841,77617D80,iOS-HighEnd,PAN,West Bengal,0,0,0,136,consent_sign,3.5,0,2026-02-02 01:38:00
S001842,0A398BF7,iOS-HighEnd,Aadhaar,Gujarat,0,0,0,149,consent_sign,3.5,0,2026-02-15 02:46:00
S001843,98CD2655,Android-MidTier,Passport,West Bengal,0,0,0,26,phone_otp,0.0,1,2026-02-05 14:09:00
S001844,A0180791,Android-Budget,Driving License,West Bengal,1,2,3,210,consent_sign,9.0,0,2026-01-09 16:08:00
S001845,4D187B75,Android-MidTier,Driving License,West Bengal,0,0,0,3,registration,0.0,1,2026-01-03 05:25:00
S001846,8CD74C27,iOS-HighEnd,Aadhaar,Delhi,0,0,1,174,consent_sign,3.5,0,2026-02-04 15:32:00
S001847,B52A9E6B,Android-MidTier,Driving License,West Bengal,1,0,1,89,doc_upload,1.5,1,2026-01-30 11:38:00
S001848,F4FD25B7,Android-MidTier,Aadhaar,Gujarat,1,0,1,173,consent_sign,5.0,0,2026-01-04 18:23:00
S001849,C948384B,Android-Budget,Aadhaar,Delhi,0,2,2,142,liveness_check,5.5,1,2026-01-26 16:47:00
S001850,8B074D1A,iOS-HighEnd,Driving License,Karnataka,0,0,0,138,consent_sign,3.5,0,2026-02-08 08:00:00
S001851,597278C5,Android-MidTier,Passport,Tamil Nadu,0,0,0,125,consent_sign,3.5,0,2026-02-22 09:43:00
S001852,A9D049DC,Android-Budget,PAN,West Bengal,0,1,1,118,liveness_check,3.5,1,2026-02-02 02:04:00
S001853,4B27B079,Android-Budget,Aadhaar,West Bengal,0,0,0,142,consent_sign,3.5,0,2026-02-23 12:55:00
S001854,9E47A339,Android-MidTier,Driving License,West Bengal,0,0,0,124,consent_sign,3.5,0,2026-02-09 05:06:00
S001855,8FB3A134,iOS-HighEnd,Passport,Maharashtra,0,0,0,110,consent_sign,3.5,0,2026-02-18 04:59:00
S001856,A6388854,iOS-HighEnd,Aadhaar,Gujarat,0,0,0,139,consent_sign,3.5,0,2026-02-17 04:25:00
S001857,5893EF12,iOS-HighEnd,Aadhaar,Tamil Nadu,0,0,0,122,consent_sign,3.5,0,2026-02-19 06:47:00
S001858,A46B6FCE,Android-MidTier,Driving License,Tamil Nadu,0,0,0,94,consent_sign,3.5,0,2026-02-25 05:50:00
S001859,3E6B74FD,iOS-HighEnd,Aadhaar,Tamil Nadu,0,0,0,157,consent_sign,3.5,0,2026-01-27 19:29:00
S001860,E2BA9FCE,iOS-HighEnd,Passport,Maharashtra,0,0,1,147,consent_sign,3.5,0,2026-02-06 10:07:00
S001861,CBD431CC,Android-Budget,PAN,Gujarat,1,2,3,193,liveness_check,7.0,1,2026-02-28 11:02:00
S001862,41AFEB2A,iOS-HighEnd,Driving License,West Bengal,0,0,0,3,registration,0.0,1,2026-02-16 11:56:00
S001863,06531D47,iOS-HighEnd,Aadhaar,Tamil Nadu,0,0,3,157,consent_sign,3.5,1,2026-01-16 21:22:00
S001864,C53F1DB3,iOS-HighEnd,Driving License,Karnataka,0,1,1,163,consent_sign,5.5,0,2026-02-05 08:48:00
S001865,823C7EF9,iOS-HighEnd,Passport,Tamil Nadu,0,0,0,145,consent_sign,3.5,0,2026-01-26 13:18:00
S001866,4BE318A8,Android-MidTier,Passport,Delhi,0,0,1,161,consent_sign,3.5,0,2026-02-03 06:33:00
S001867,5200044B,iOS-HighEnd,PAN,Delhi,0,0,0,158,consent_sign,3.5,0,2026-01-25 16:43:00
S001868,189099C9,iOS-HighEnd,Passport,Gujarat,0,0,0,108,liveness_check,1.5,1,2026-02-05 23:32:00
S001869,C5F833CF,Android-MidTier,PAN,West Bengal,0,0,0,144,consent_sign,3.5,0,2026-01-23 12:22:00
S001870,A07EAFB1,Android-Budget,Aadhaar,Delhi,0,0,0,3,registration,0.0,1,2026-02-19 01:58:00
S001871,A127DC6B,Android-MidTier,Aadhaar,Delhi,0,0,1,144,consent_sign,3.5,0,2026-01-30 09:08:00
S001872,AF76B6C2,iOS-HighEnd,Driving License,Tamil Nadu,0,0,0,133,consent_sign,3.5,0,2026-01-05 11:47:00
S001873,34A0DCD4,Android-MidTier,Aadhaar,Maharashtra,1,0,1,194,consent_sign,5.0,0,2026-01-23 07:58:00
S001874,E0EE5E8A,Android-MidTier,Passport,Karnataka,0,0,0,135,consent_sign,3.5,0,2026-01-20 10:08:00
S001875,6F6BBDF3,Android-MidTier,PAN,Maharashtra,0,0,0,92,consent_sign,3.5,0,2026-01-31 10:13:00
S001876,12767D13,iOS-HighEnd,Passport,Karnataka,0,0,0,158,consent_sign,3.5,0,2026-02-12 06:27:00
S001877,0614AC41,Android-MidTier,Passport,Delhi,0,2,2,196,consent_sign,7.5,0,2026-02-02 04:47:00
S001878,09B2EAE6,Android-MidTier,Aadhaar,Tamil Nadu,0,0,0,111,consent_sign,3.5,0,2026-02-11 15:14:00
S001879,2D90E4EE,Android-MidTier,Driving License,Delhi,0,0,0,92,consent_sign,3.5,1,2026-01-30 05:30:00
S001880,12087E20,iOS-HighEnd,Aadhaar,Gujarat,0,0,1,118,consent_sign,3.5,0,2026-02-18 04:27:00
S001881,E9366A85,Android-MidTier,Driving License,West Bengal,0,0,0,161,consent_sign,3.5,0,2026-01-08 01:07:00
S001882,737CF8B5,Android-MidTier,Driving License,Karnataka,0,0,1,126,consent_sign,3.5,0,2026-02-08 10:49:00
S001883,50FFDE64,Android-Budget,PAN,Maharashtra,0,0,0,141,consent_sign,3.5,0,2026-01-27 21:20:00
S001884,1E494952,Android-MidTier,Driving License,Delhi,0,2,2,162,consent_sign,7.5,0,2026-01-13 09:28:00
S001885,B864A47B,Android-MidTier,Passport,Karnataka,0,1,1,172,consent_sign,5.5,0,2026-02-26 07:34:00
S001886,BEF6A59A,iOS-HighEnd,PAN,Tamil Nadu,0,0,0,104,consent_sign,3.5,0,2026-02-12 21:42:00
S001887,D926FE41,Android-MidTier,Driving License,Karnataka,0,0,0,137,consent_sign,3.5,0,2026-01-06 05:02:00
S001888,80B9EC30,Android-MidTier,Aadhaar,Maharashtra,0,0,0,124,consent_sign,3.5,0,2026-02-14 09:24:00
S001889,AF95BE79,iOS-HighEnd,Aadhaar,Delhi,0,0,0,105,consent_sign,3.5,0,2026-01-19 05:15:00
S001890,481186E9,Android-MidTier,PAN,West Bengal,0,1,1,180,consent_sign,5.5,0,2026-01-04 10:44:00
S001891,61A451FF,Android-Budget,Driving License,West Bengal,0,1,1,158,consent_sign,5.5,0,2026-02-07 11:28:00
S001892,07E3C39A,Android-MidTier,Aadhaar,Karnataka,2,0,2,92,doc_upload,3.0,1,2026-01-29 21:00:00
S001893,38491ECC,Android-MidTier,PAN,West Bengal,0,0,0,116,consent_sign,3.5,0,2026-02-20 09:52:00
S001894,CBF925B5,Android-MidTier,Driving License,Karnataka,0,1,1,78,liveness_check,3.5,1,2026-01-09 03:46:00
S001895,4B83B570,Android-MidTier,Aadhaar,Delhi,0,0,0,45,doc_upload,0.0,1,2026-01-13 02:40:00
S001896,4C4D6E40,Android-Budget,PAN,Delhi,0,0,0,25,phone_otp,0.0,1,2026-02-09 19:26:00
S001897,F7222FBE,iOS-HighEnd,PAN,Karnataka,0,0,0,127,consent_sign,3.5,0,2026-01-10 19:37:00
S001898,A5DF6F85,Android-MidTier,Driving License,Gujarat,0,1,1,165,consent_sign,5.5,0,2026-02-03 09:47:00
S001899,02DABD76,iOS-HighEnd,Driving License,Karnataka,0,0,0,105,consent_sign,3.5,0,2026-02-15 22:30:00
S001900,243113FD,Android-MidTier,Passport,Tamil Nadu,0,1,1,147,liveness_check,3.5,1,2026-02-04 05:12:00
S001901,929DAF9F,Android-Budget,Passport,West Bengal,0,3,3,192,liveness_check,7.5,1,2026-03-01 23:28:00
S001902,8C2AA0B1,iOS-HighEnd,Passport,Karnataka,0,0,0,155,consent_sign,3.5,1,2026-01-10 15:24:00
S001903,35C606B5,iOS-HighEnd,Passport,Tamil Nadu,0,0,1,144,consent_sign,3.5,0,2026-02-05 16:15:00
S001904,B9D707A9,Android-Budget,PAN,Tamil Nadu,0,0,0,126,consent_sign,3.5,0,2026-02-28 15:37:00
S001905,E7D73D1D,iOS-HighEnd,PAN,Tamil Nadu,0,0,0,126,consent_sign,3.5,0,2026-02-28 22:30:00
S001906,2477F047,iOS-HighEnd,Driving License,Karnataka,0,0,0,156,consent_sign,3.5,0,2026-02-19 18:40:00
S001907,9DEC2B83,iOS-HighEnd,Driving License,Delhi,0,0,0,133,consent_sign,3.5,0,2026-01-06 04:42:00
S001908,1D57E734,iOS-HighEnd,Aadhaar,Delhi,0,0,0,127,consent_sign,3.5,0,2026-02-24 23:18:00
S001909,913A1734,iOS-HighEnd,Aadhaar,Maharashtra,0,0,0,138,consent_sign,3.5,0,2026-02-20 15:48:00
S001910,C04446BF,Android-Budget,PAN,Gujarat,0,2,2,180,liveness_check,5.5,1,2026-01-09 21:36:00
S001911,8C8181B4,Android-MidTier,Aadhaar,Tamil Nadu,0,0,0,108,consent_sign,3.5,0,2026-01-20 13:30:00
S001912,12B99A50,Android-Budget,Aadhaar,Tamil Nadu,1,1,2,206,consent_sign,7.0,0,2026-01-16 23:10:00
S001913,402D105B,Android-Budget,Passport,West Bengal,0,1,1,75,liveness_check,3.5,1,2026-01-16 04:49:00
S001914,94A1EAB0,iOS-HighEnd,PAN,Gujarat,0,0,0,144,consent_sign,3.5,0,2026-01-26 16:17:00
S001915,5B6D6B7C,iOS-HighEnd,Aadhaar,West Bengal,0,0,0,150,consent_sign,3.5,0,2026-02-21 02:12:00
S001916,3C0A584E,Android-MidTier,Driving License,Maharashtra,1,1,2,151,liveness_check,5.0,1,2026-01-18 10:24:00
S001917,11DEFEBF,iOS-HighEnd,PAN,Maharashtra,0,0,0,137,consent_sign,3.5,0,2026-01-06 03:10:00
S001918,7C6166DF,iOS-HighEnd,Driving License,Karnataka,0,0,0,115,consent_sign,3.5,0,2026-02-03 07:35:00
S001919,A8CFE589,Android-Budget,Aadhaar,Tamil Nadu,1,0,1,213,consent_sign,5.0,0,2026-01-31 05:53:00
S001920,27035B27,Android-MidTier,PAN,Delhi,0,0,0,143,consent_sign,3.5,0,2026-01-02 08:28:00
S001921,CEC56969,iOS-HighEnd,Driving License,West Bengal,1,0,1,89,doc_upload,1.5,1,2026-01-06 21:58:00
S001922,2B2BF58C,Android-Budget,Passport,Delhi,0,0,0,90,consent_sign,3.5,0,2026-01-29 13:12:00
S001923,C921057C,iOS-HighEnd,Aadhaar,West Bengal,0,0,0,116,consent_sign,3.5,0,2026-02-03 19:35:00
S001924,A40DFEA5,Android-MidTier,Aadhaar,Gujarat,0,1,1,139,consent_sign,5.5,0,2026-01-26 06:29:00
S001925,5C074653,Android-MidTier,Aadhaar,Gujarat,1,0,1,88,doc_upload,1.5,1,2026-01-09 19:54:00
S001926,54E14F3A,Android-MidTier,Passport,Gujarat,1,0,1,155,consent_sign,5.0,0,2026-02-05 05:23:00
S001927,7202FAE5,Android-MidTier,Passport,Karnataka,0,1,1,206,consent_sign,5.5,0,2026-01-16 14:44:00
S001928,7CAA281B,Android-MidTier,PAN,Delhi,0,0,0,4,registration,0.0,1,2026-01-26 20:38:00
S001929,A542DEB9,Android-MidTier,PAN,Delhi,0,0,0,188,consent_sign,3.5,0,2026-01-17 12:08:00
S001930,47D6723C,Android-MidTier,Driving License,Tamil Nadu,0,0,0,136,consent_sign,3.5,0,2026-02-18 06:50:00
S001931,E42C0AEA,iOS-HighEnd,PAN,Gujarat,0,0,1,78,phone_otp,0.0,1,2026-02-26 18:53:00
S001932,BBC99473,Android-Budget,Passport,Gujarat,0,0,0,29,doc_upload,0.0,1,2026-01-16 04:16:00
S001933,BA388C8F,iOS-HighEnd,Driving License,Delhi,1,0,1,80,doc_upload,1.5,1,2026-02-25 09:45:00
S001934,D97E8D3C,Android-Budget,PAN,Maharashtra,0,0,0,3,registration,0.0,1,2026-02-20 08:17:00
S001935,D0095507,Android-MidTier,PAN,Gujarat,0,0,0,145,consent_sign,3.5,0,2026-01-26 06:29:00
S001936,C4EA4ECE,iOS-HighEnd,Passport,Tamil Nadu,0,0,0,1,registration,0.0,1,2026-02-23 22:47:00
S001937,09624EC9,iOS-HighEnd,Aadhaar,Tamil Nadu,1,0,1,182,consent_sign,5.0,0,2026-02-11 23:35:00
S001938,E4DC4306,Android-Budget,Driving License,Delhi,0,0,0,28,phone_otp,0.0,1,2026-02-06 00:44:00
S001939,A7668617,Android-MidTier,Driving License,Maharashtra,0,0,0,132,consent_sign,3.5,0,2026-01-08 07:16:00
S001940,647AC591,iOS-HighEnd,Driving License,Gujarat,0,0,1,155,consent_sign,3.5,0,2026-02-28 13:21:00
S001941,96F01335,iOS-HighEnd,PAN,Gujarat,0,0,0,104,consent_sign,3.5,0,2026-01-25 09:21:00
S001942,22460AC9,iOS-HighEnd,Passport,West Bengal,0,0,0,113,consent_sign,3.5,0,2026-01-23 05:51:00
S001943,172E8C68,iOS-HighEnd,Passport,Gujarat,0,0,0,126,consent_sign,3.5,0,2026-03-01 05:00:00
S001944,02B622E9,Android-MidTier,PAN,Tamil Nadu,0,0,0,105,consent_sign,3.5,0,2026-01-08 13:35:00
S001945,F6C8B8B9,iOS-HighEnd,Driving License,Delhi,0,0,0,149,consent_sign,3.5,0,2026-02-14 21:49:00
S001946,AF2537F5,Android-Budget,PAN,West Bengal,1,3,4,240,liveness_check,9.0,1,2026-01-26 22:25:00
S001947,23EF5561,Android-Budget,Driving License,Tamil Nadu,0,0,0,123,consent_sign,3.5,0,2026-02-02 20:35:00
S001948,90FCC9F1,Android-MidTier,Driving License,Tamil Nadu,0,0,0,118,consent_sign,3.5,0,2026-02-20 18:49:00
S001949,DF482E7C,iOS-HighEnd,Passport,Karnataka,0,0,0,121,consent_sign,3.5,0,2026-02-23 19:16:00
S001950,BB64A525,iOS-HighEnd,Passport,Karnataka,0,0,0,4,registration,0.0,1,2026-01-03 14:39:00
S001951,0A58F43C,Android-MidTier,Driving License,Delhi,0,0,0,151,consent_sign,3.5,0,2026-02-08 16:14:00
S001952,3B53F64B,Android-Budget,Aadhaar,West Bengal,2,0,3,217,consent_sign,6.5,0,2026-01-06 15:06:00
S001953,3BE8A5DF,Android-MidTier,PAN,Tamil Nadu,0,0,2,48,registration,0.0,1,2026-01-19 13:31:00
S001954,8494205C,Android-MidTier,Aadhaar,Maharashtra,0,0,0,144,consent_sign,3.5,0,2026-02-22 06:32:00
S001955,635A11F2,Android-Budget,Driving License,Delhi,0,0,0,136,consent_sign,3.5,0,2026-02-24 04:18:00
S001956,E1AD640C,iOS-HighEnd,Driving License,Tamil Nadu,0,0,0,101,consent_sign,3.5,0,2026-01-29 05:22:00
S001957,A605B7C9,iOS-HighEnd,Driving License,Gujarat,0,0,0,32,phone_otp,0.0,1,2026-03-01 13:54:00
S001958,F7EBC69A,Android-MidTier,Passport,Tamil Nadu,0,0,0,114,consent_sign,3.5,0,2026-01-13 10:54:00
S001959,4603C9EE,Android-MidTier,PAN,Tamil Nadu,0,0,0,30,phone_otp,0.0,1,2026-02-22 14:28:00
S001960,94213090,iOS-HighEnd,PAN,Gujarat,0,0,0,110,consent_sign,3.5,1,2026-02-14 03:09:00
S001961,606CC2F5,iOS-HighEnd,Driving License,Karnataka,0,0,0,137,consent_sign,3.5,0,2026-01-29 07:48:00
S001962,96721E98,Android-MidTier,Passport,Gujarat,0,0,0,119,consent_sign,3.5,0,2026-01-18 10:38:00
S001963,13ED280A,Android-MidTier,Driving License,Tamil Nadu,0,1,1,118,liveness_check,3.5,1,2026-01-08 19:19:00
S001964,F9012B9C,iOS-HighEnd,Passport,Karnataka,0,0,0,122,consent_sign,3.5,0,2026-02-02 16:15:00
S001965,67E54646,iOS-HighEnd,Aadhaar,Tamil Nadu,0,0,0,122,consent_sign,3.5,0,2026-01-16 14:32:00
S001966,585409D9,Android-MidTier,Driving License,Delhi,0,0,0,139,consent_sign,3.5,0,2026-01-16 21:08:00
S001967,E31DB345,Android-MidTier,PAN,Delhi,0,0,0,148,consent_sign,3.5,0,2026-02-23 19:37:00
S001968,E1CCFF0D,iOS-HighEnd,PAN,Delhi,0,0,0,80,consent_sign,3.5,0,2026-02-05 09:26:00
S001969,3AE0ACDB,iOS-HighEnd,Aadhaar,Karnataka,1,0,1,207,consent_sign,5.0,0,2026-01-06 01:38:00
S001970,47E321C2,Android-Budget,Aadhaar,Delhi,0,1,1,183,consent_sign,5.5,0,2026-01-06 05:54:00
S001971,28489240,Android-MidTier,Passport,Delhi,0,2,2,213,consent_sign,7.5,0,2026-01-28 22:05:00
S001972,D123F7C1,iOS-HighEnd,Driving License,Delhi,0,0,0,165,consent_sign,3.5,0,2026-01-06 08:18:00
S001973,6A241F46,Android-Budget,Aadhaar,Maharashtra,1,0,1,158,consent_sign,5.0,0,2026-02-26 09:21:00
S001974,1D03C3D5,Android-Budget,PAN,West Bengal,0,0,0,152,consent_sign,3.5,0,2026-01-12 19:07:00
S001975,7AA1219A,Android-MidTier,PAN,West Bengal,0,0,0,42,doc_upload,0.0,1,2026-02-18 11:47:00
S001976,A5B2C7EA,iOS-HighEnd,PAN,Karnataka,0,0,0,130,consent_sign,3.5,0,2026-02-22 02:21:00
S001977,3E612D66,Android-Budget,Aadhaar,Maharashtra,0,0,0,144,consent_sign,3.5,0,2026-01-14 14:26:00
S001978,97A418B8,iOS-HighEnd,Passport,Maharashtra,0,0,2,188,consent_sign,3.5,0,2026-01-14 12:12:00
S001979,833C8F55,Android-MidTier,Passport,Tamil Nadu,1,0,1,82,doc_upload,1.5,1,2026-02-02 23:24:00
S001980,2598F383,iOS-HighEnd,Passport,Tamil Nadu,0,0,0,105,consent_sign,3.5,0,2026-01-08 22:15:00
S001981,EC257A75,iOS-HighEnd,Driving License,West Bengal,0,0,0,118,consent_sign,3.5,0,2026-02-18 15:38:00
S001982,67CBFC39,iOS-HighEnd,PAN,Gujarat,0,0,0,1,registration,0.0,1,2026-01-12 23:34:00
S001983,A33B3DFD,Android-Budget,PAN,Gujarat,0,0,0,103,consent_sign,3.5,0,2026-01-10 05:24:00
S001984,BA5C865D,iOS-HighEnd,PAN,Delhi,0,0,0,166,consent_sign,3.5,0,2026-01-02 20:25:00
S001985,F27F3AD7,Android-MidTier,Passport,Maharashtra,0,0,0,132,consent_sign,3.5,0,2026-01-27 17:10:00
S001986,9B4547E0,iOS-HighEnd,Driving License,Tamil Nadu,0,0,0,102,consent_sign,3.5,0,2026-01-09 19:06:00
S001987,7B4E9ECD,Android-MidTier,Driving License,West Bengal,1,0,1,169,consent_sign,5.0,0,2026-02-17 09:33:00
S001988,6928043E,Android-MidTier,Aadhaar,Maharashtra,0,0,2,138,consent_sign,3.5,0,2026-01-16 07:54:00
S001989,95284C0A,iOS-HighEnd,Driving License,Delhi,0,1,1,141,consent_sign,5.5,0,2026-01-21 05:59:00
S001990,9F8ACDEB,Android-Budget,PAN,Gujarat,0,0,0,124,consent_sign,3.5,0,2026-02-27 12:59:00
S001991,2AEFCF3B,Android-MidTier,Driving License,Tamil Nadu,0,0,0,124,consent_sign,3.5,0,2026-01-15 13:51:00
S001992,EC1F41CE,Android-Budget,Aadhaar,Delhi,0,0,1,125,consent_sign,3.5,0,2026-01-30 07:19:00
S001993,119FB03E,iOS-HighEnd,Aadhaar,Maharashtra,0,0,0,120,consent_sign,3.5,0,2026-01-18 01:16:00
S001994,21D8B96A,iOS-HighEnd,PAN,Delhi,0,0,0,135,consent_sign,3.5,0,2026-01-26 21:20:00
S001995,85D0691C,Android-MidTier,Aadhaar,Delhi,0,0,0,2,registration,0.0,1,2026-02-28 00:29:00
S001996,AF32BAF8,Android-MidTier,Passport,Gujarat,0,0,0,3,registration,0.0,1,2026-01-19 05:20:00
S001997,9B02C535,Android-MidTier,Driving License,West Bengal,1,0,1,188,consent_sign,5.0,0,2026-01-21 06:47:00
S001998,E6CFCBD8,iOS-HighEnd,Driving License,Tamil Nadu,0,0,0,132,consent_sign,3.5,0,2026-01-05 01:21:00
S001999,E0B4659A,iOS-HighEnd,Aadhaar,Maharashtra,0,0,0,94,consent_sign,3.5,0,2026-01-28 12:59:00
S002000,C09C2EBE,iOS-HighEnd,Aadhaar,Delhi,0,0,0,157,consent_sign,3.5,0,2026-01-16 20:55:00
S002001,A8CDF44D,Android-MidTier,PAN,Maharashtra,0,0,1,114,consent_sign,3.5,0,2026-02-20 07:21:00
S002002,8A0EA57A,iOS-HighEnd,Aadhaar,Gujarat,0,0,0,158,consent_sign,3.5,0,2026-01-08 19:32:00
S002003,F00F63EF,Android-MidTier,Aadhaar,Tamil Nadu,0,0,0,108,consent_sign,3.5,0,2026-01-20 02:01:00
S002004,6E76936A,iOS-HighEnd,Passport,Tamil Nadu,0,0,1,149,consent_sign,3.5,0,2026-02-09 20:54:00
S002005,DFF47C51,Android-MidTier,Driving License,Maharashtra,0,0,0,140,consent_sign,3.5,0,2026-02-13 04:22:00
S002006,6DD013F3,Android-MidTier,Passport,Maharashtra,1,0,1,159,consent_sign,5.0,0,2026-01-23 06:27:00
S002007,7B6C7129,Android-Budget,PAN,West Bengal,1,1,2,205,consent_sign,7.0,0,2026-01-25 06:09:00
S002008,59BB8900,iOS-HighEnd,Passport,West Bengal,0,0,0,114,consent_sign,3.5,1,2026-02-06 03:37:00
S002009,E869707C,Android-MidTier,Passport,Tamil Nadu,0,0,0,132,consent_sign,3.5,0,2026-02-14 13:38:00
S002010,937CA77C,Android-MidTier,Driving License,Karnataka,1,0,1,205,consent_sign,5.0,0,2026-01-18 22:31:00
S002011,412817EB,Android-MidTier,Driving License,West Bengal,1,0,1,193,consent_sign,5.0,0,2026-01-24 11:55:00
S002012,E8FB5A96,Android-Budget,Driving License,Maharashtra,2,3,6,331,liveness_check,10.5,1,2026-02-04 06:31:00
S002013,9929AFEB,iOS-HighEnd,PAN,West Bengal,0,0,0,131,consent_sign,3.5,0,2026-02-03 13:42:00
S002014,41FF81D1,iOS-HighEnd,Driving License,Maharashtra,1,0,1,171,consent_sign,5.0,1,2026-02-02 17:47:00
S002015,BE5F902F,iOS-HighEnd,Aadhaar,Gujarat,0,0,0,140,consent_sign,3.5,0,2026-01-18 14:06:00
S002016,85C53910,iOS-HighEnd,Driving License,Tamil Nadu,0,0,0,121,consent_sign,3.5,0,2026-02-22 00:19:00
S002017,6001F54D,iOS-HighEnd,PAN,Delhi,1,0,1,162,consent_sign,5.0,0,2026-02-11 20:45:00
S002018,CDE5C35A,Android-MidTier,Passport,West Bengal,0,1,1,209,consent_sign,5.5,0,2026-02-24 03:42:00
S002019,1B4909B6,iOS-HighEnd,PAN,Delhi,0,0,0,145,consent_sign,3.5,0,2026-01-25 08:23:00
S002020,95DAD216,iOS-HighEnd,Driving License,Delhi,0,0,0,148,consent_sign,3.5,0,2026-01-29 04:45:00
S002021,893E2B89,iOS-HighEnd,Aadhaar,West Bengal,0,0,0,112,consent_sign,3.5,0,2026-01-11 06:56:00
S002022,9CA4364D,iOS-HighEnd,Aadhaar,West Bengal,1,0,1,161,consent_sign,5.0,0,2026-01-20 02:10:00
S002023,65BF8E04,iOS-HighEnd,PAN,Karnataka,0,0,0,139,consent_sign,3.5,0,2026-01-25 02:14:00
S002024,8D56BFF6,Android-Budget,Passport,Tamil Nadu,0,0,1,118,consent_sign,3.5,0,2026-02-06 06:39:00
S002025,2DC09158,iOS-HighEnd,Driving License,West Bengal,0,0,0,104,consent_sign,3.5,0,2026-03-01 21:08:00
S002026,7BD7B4BF,Android-Budget,Driving License,Gujarat,0,3,3,141,liveness_check,7.5,1,2026-01-10 16:57:00
S002027,93E0F235,iOS-HighEnd,Aadhaar,Gujarat,0,0,0,118,consent_sign,3.5,0,2026-01-24 02:30:00
S002028,65EBD4DC,iOS-HighEnd,Aadhaar,West Bengal,0,1,1,119,liveness_check,3.5,1,2026-01-12 13:32:00
S002029,DD23FF41,Android-Budget,PAN,Maharashtra,0,1,1,144,liveness_check,3.5,1,2026-01-31 13:30:00
S002030,3AD24AC8,Android-MidTier,Aadhaar,Gujarat,0,1,1,169,consent_sign,5.5,0,2026-02-22 08:12:00
S002031,F301BB6C,Android-Budget,Aadhaar,Maharashtra,3,0,3,185,doc_upload,4.5,1,2026-02-26 21:48:00
S002032,8222CD7F,Android-MidTier,PAN,Gujarat,0,1,1,169,consent_sign,5.5,0,2026-01-09 09:10:00
S002033,CD04C001,Android-Budget,Aadhaar,Tamil Nadu,0,1,1,102,liveness_check,3.5,1,2026-02-15 04:51:00
S002034,AF3F9D9A,iOS-HighEnd,Driving License,Delhi,0,0,0,183,consent_sign,3.5,0,2026-01-09 19:38:00
S002035,639C4C6C,Android-Budget,Driving License,Tamil Nadu,1,0,1,191,consent_sign,5.0,0,2026-02-07 01:55:00
S002036,CDEB2696,iOS-HighEnd,Driving License,Karnataka,0,0,0,2,registration,0.0,1,2026-01-08 14:49:00
S002037,78BF46FA,Android-MidTier,Passport,Gujarat,0,0,0,151,consent_sign,3.5,0,2026-01-17 10:45:00
S002038,1690636B,Android-MidTier,Passport,Gujarat,0,0,0,105,consent_sign,3.5,0,2026-01-01 08:42:00
S002039,5EEF0D1E,Android-Budget,Aadhaar,Delhi,0,0,0,141,consent_sign,3.5,0,2026-02-05 13:27:00
S002040,B9787C4B,iOS-HighEnd,Aadhaar,Maharashtra,0,0,0,142,consent_sign,3.5,0,2026-02-07 23:25:00
S002041,6690A951,Android-Budget,Driving License,Karnataka,0,3,3,158,liveness_check,7.5,1,2026-02-16 21:54:00
S002042,49560C36,iOS-HighEnd,Driving License,West Bengal,0,0,0,104,consent_sign,3.5,0,2026-02-09 19:48:00
S002043,0EB5E5A7,iOS-HighEnd,Driving License,Tamil Nadu,0,0,1,131,consent_sign,3.5,0,2026-01-04 09:46:00
S002044,2CDE9187,iOS-HighEnd,Aadhaar,West Bengal,0,0,1,159,consent_sign,3.5,0,2026-02-10 18:01:00
S002045,02BDEABE,iOS-HighEnd,PAN,Maharashtra,1,0,1,192,consent_sign,5.0,0,2026-01-18 20:43:00
S002046,EE462FCD,iOS-HighEnd,PAN,West Bengal,0,0,0,138,consent_sign,3.5,0,2026-01-24 20:53:00
S002047,31DAE817,iOS-HighEnd,Passport,Karnataka,0,0,0,139,consent_sign,3.5,0,2026-02-16 09:02:00
S002048,82B34384,Android-Budget,PAN,Maharashtra,3,0,3,148,doc_upload,4.5,1,2026-02-01 08:08:00
S002049,9D7D1756,iOS-HighEnd,PAN,Delhi,1,0,3,209,consent_sign,5.0,0,2026-01-28 21:13:00
S002050,5C17EBB5,iOS-HighEnd,Driving License,Tamil Nadu,0,0,0,129,consent_sign,3.5,0,2026-01-31 00:13:00
S002051,F9C3EE05,Android-MidTier,Aadhaar,Delhi,0,0,0,119,consent_sign,3.5,0,2026-01-19 19:25:00
S002052,46A3CC71,Android-MidTier,Aadhaar,Karnataka,0,0,1,36,phone_otp,0.0,1,2026-02-09 05:02:00
S002053,AB6EF8DD,Android-MidTier,Aadhaar,Karnataka,0,0,0,98,consent_sign,3.5,1,2026-01-08 11:39:00
S002054,33478A91,Android-MidTier,Passport,Delhi,0,0,0,134,consent_sign,3.5,0,2026-02-03 04:17:00
S002055,B4209103,Android-MidTier,Passport,West Bengal,0,0,0,126,consent_sign,3.5,0,2026-02-12 19:00:00
S002056,8CB21AA2,Android-Budget,Driving License,Gujarat,1,0,1,154,consent_sign,5.0,0,2026-01-06 09:01:00
S002057,8F221604,iOS-HighEnd,Aadhaar,Tamil Nadu,0,0,0,1,registration,0.0,1,2026-02-19 00:31:00
S002058,58F42098,iOS-HighEnd,Passport,Tamil Nadu,0,0,0,83,consent_sign,3.5,0,2026-01-24 23:08:00
S002059,39EE80AB,Android-Budget,Passport,Maharashtra,0,2,2,192,consent_sign,7.5,0,2026-01-10 00:57:00
S002060,746B161A,Android-Budget,Driving License,Maharashtra,0,1,1,154,consent_sign,5.5,0,2026-01-14 22:21:00
S002061,0130D66B,Android-MidTier,Driving License,Maharashtra,0,0,0,30,phone_otp,0.0,1,2026-02-25 08:14:00
S002062,8198D1F5,Android-MidTier,Driving License,Delhi,0,0,0,167,consent_sign,3.5,0,2026-01-31 18:10:00
S002063,80CFB1DB,Android-MidTier,Aadhaar,Gujarat,0,0,0,149,consent_sign,3.5,0,2026-02-01 19:28:00
S002064,1DF44D3E,iOS-HighEnd,Driving License,West Bengal,0,0,0,134,consent_sign,3.5,0,2026-03-01 02:41:00
S002065,41F83199,iOS-HighEnd,Driving License,Karnataka,0,0,0,132,consent_sign,3.5,0,2026-02-17 13:32:00
S002066,CB1B8EFF,iOS-HighEnd,PAN,Gujarat,1,0,1,76,doc_upload,1.5,1,2026-01-05 05:57:00
S002067,71594914,Android-MidTier,Driving License,Maharashtra,0,1,2,233,consent_sign,5.5,0,2026-02-13 04:41:00
S002068,7BCF2B31,Android-MidTier,PAN,Maharashtra,0,0,0,145,consent_sign,3.5,0,2026-01-25 03:41:00
S002069,56F401E5,iOS-HighEnd,PAN,Tamil Nadu,0,0,0,153,consent_sign,3.5,0,2026-01-31 13:27:00
S002070,AE7CFD14,Android-Budget,Aadhaar,Maharashtra,0,0,0,141,consent_sign,3.5,0,2026-02-22 08:37:00
S002071,DCAD8EC2,iOS-HighEnd,PAN,Gujarat,0,0,0,158,consent_sign,3.5,0,2026-01-16 05:21:00
S002072,420079F5,Android-Budget,Passport,Karnataka,1,0,2,102,doc_upload,1.5,1,2026-01-08 20:02:00
S002073,C9E55C47,Android-MidTier,PAN,Gujarat,0,0,0,142,consent_sign,3.5,0,2026-01-19 19:00:00
S002074,B38046EF,iOS-HighEnd,Driving License,Karnataka,0,0,0,139,consent_sign,3.5,0,2026-02-11 10:33:00
S002075,6994BF84,Android-Budget,Aadhaar,West Bengal,0,2,2,172,consent_sign,7.5,0,2026-01-14 09:43:00
S002076,89207BC4,Android-MidTier,PAN,Gujarat,0,0,0,155,consent_sign,3.5,1,2026-02-01 21:30:00
S002077,436AE2BB,Android-MidTier,Passport,Delhi,0,0,1,126,consent_sign,3.5,0,2026-01-22 11:46:00
S002078,66205167,iOS-HighEnd,Driving License,Karnataka,0,0,0,104,consent_sign,3.5,0,2026-01-18 16:58:00
S002079,578CD875,iOS-HighEnd,Passport,Delhi,0,0,0,141,consent_sign,3.5,0,2026-01-09 12:06:00
S002080,2DB13DEB,Android-MidTier,Passport,Tamil Nadu,1,0,1,172,consent_sign,5.0,0,2026-01-28 13:30:00
S002081,37F3F32B,Android-Budget,Passport,Maharashtra,0,0,0,124,consent_sign,3.5,0,2026-01-24 00:58:00
S002082,2ECAF629,Android-MidTier,Passport,Delhi,0,2,2,156,liveness_check,5.5,1,2026-02-15 14:10:00
S002083,EE25356A,Android-MidTier,PAN,Maharashtra,0,0,0,159,consent_sign,3.5,1,2026-02-07 16:47:00
S002084,BCB3636D,iOS-HighEnd,Passport,Maharashtra,0,0,0,138,consent_sign,3.5,0,2026-01-07 23:48:00
S002085,3DF76A69,Android-MidTier,PAN,West Bengal,0,0,1,182,consent_sign,3.5,0,2026-01-18 14:43:00
S002086,3AAD5840,iOS-HighEnd,Aadhaar,Gujarat,0,0,0,151,consent_sign,3.5,0,2026-02-14 12:47:00
S002087,D61A080A,Android-MidTier,Passport,Maharashtra,0,0,0,132,consent_sign,3.5,0,2026-02-19 02:09:00
S002088,C7688339,iOS-HighEnd,PAN,Tamil Nadu,0,0,0,32,phone_otp,0.0,1,2026-02-21 00:21:00
S002089,1417C2F9,Android-MidTier,PAN,Maharashtra,0,0,0,127,consent_sign,3.5,0,2026-02-14 18:39:00
S002090,7E1F48C4,Android-MidTier,PAN,West Bengal,0,0,0,118,consent_sign,3.5,0,2026-02-12 18:13:00
S002091,DB6A34EA,Android-MidTier,Passport,Maharashtra,0,0,0,103,consent_sign,3.5,0,2026-02-22 04:30:00
S002092,D91738F8,iOS-HighEnd,Driving License,Tamil Nadu,0,1,1,121,consent_sign,5.5,0,2026-02-04 19:45:00
S002093,50BF2995,Android-MidTier,Aadhaar,West Bengal,0,0,1,47,phone_otp,0.0,1,2026-01-09 11:18:00
S002094,E1886146,Android-Budget,Passport,Tamil Nadu,0,1,1,148,consent_sign,5.5,0,2026-02-18 12:10:00
S002095,4654E77D,Android-MidTier,Aadhaar,Delhi,0,0,0,135,consent_sign,3.5,0,2026-02-08 04:04:00
S002096,C3A6B204,iOS-HighEnd,Aadhaar,Delhi,0,0,0,134,consent_sign,3.5,0,2026-01-03 11:56:00
S002097,65DB6E43,Android-Budget,Driving License,Karnataka,2,0,2,160,doc_upload,3.0,1,2026-02-27 18:39:00
S002098,20D4BA18,Android-Budget,Aadhaar,Delhi,0,1,1,180,consent_sign,5.5,0,2026-01-04 01:20:00
S002099,6C5540F0,iOS-HighEnd,Driving License,Tamil Nadu,0,0,0,138,consent_sign,3.5,0,2026-01-26 01:02:00
S002100,08560684,Android-MidTier,Aadhaar,Maharashtra,0,0,0,115,consent_sign,3.5,0,2026-02-07 03:01:00
S002101,DC432ED5,Android-MidTier,Passport,Maharashtra,0,0,0,130,consent_sign,3.5,0,2026-01-18 02:56:00
S002102,750ACC98,iOS-HighEnd,Aadhaar,Tamil Nadu,0,0,0,146,consent_sign,3.5,0,2026-01-31 23:46:00
S002103,84A91789,Android-MidTier,Aadhaar,Gujarat,0,0,0,131,consent_sign,3.5,0,2026-02-26 05:45:00
S002104,0227B8D5,Android-MidTier,PAN,Maharashtra,0,0,0,121,consent_sign,3.5,0,2026-01-28 21:45:00
S002105,61223189,iOS-HighEnd,Aadhaar,Delhi,0,0,0,128,consent_sign,3.5,0,2026-02-12 09:18:00
S002106,5C91F845,Android-MidTier,Passport,Maharashtra,0,0,1,37,phone_otp,0.0,1,2026-01-12 10:02:00
S002107,2FE938E4,Android-MidTier,Aadhaar,Gujarat,0,0,0,137,consent_sign,3.5,0,2026-02-11 16:12:00
S002108,44F7F01A,Android-MidTier,PAN,Delhi,0,1,1,119,liveness_check,3.5,1,2026-02-24 21:04:00
S002109,57D52B78,Android-MidTier,Aadhaar,Maharashtra,0,0,0,55,doc_upload,0.0,1,2026-01-07 16:23:00
S002110,6C878546,Android-MidTier,PAN,Karnataka,0,0,0,112,consent_sign,3.5,0,2026-01-09 03:42:00
S002111,C08FE6D7,Android-MidTier,Driving License,Tamil Nadu,0,0,0,130,consent_sign,3.5,0,2026-01-05 16:20:00
S002112,668D3C8B,iOS-HighEnd,Driving License,Karnataka,0,0,0,128,consent_sign,3.5,0,2026-01-29 23:28:00
S002113,9247E851,Android-MidTier,Passport,Delhi,0,0,0,40,doc_upload,0.0,1,2026-02-11 06:27:00
S002114,AF9E7A0E,iOS-HighEnd,Aadhaar,West Bengal,0,1,1,148,liveness_check,3.5,1,2026-01-23 19:25:00
S002115,B8875CAF,Android-Budget,Driving License,Tamil Nadu,0,1,1,105,liveness_check,3.5,1,2026-01-16 14:37:00
S002116,8E2AC3FF,Android-MidTier,Driving License,West Bengal,0,1,1,145,consent_sign,5.5,0,2026-02-18 22:08:00
S002117,323132FA,Android-Budget,Driving License,West Bengal,0,1,1,148,liveness_check,3.5,1,2026-02-21 10:27:00
S002118,BD1116EE,iOS-HighEnd,Driving License,Tamil Nadu,0,0,0,1,registration,0.0,1,2026-01-06 04:59:00
S002119,027E789C,Android-MidTier,Driving License,Karnataka,0,0,0,150,consent_sign,3.5,0,2026-02-10 19:03:00
S002120,226CBC6A,Android-MidTier,Driving License,Maharashtra,1,0,1,191,consent_sign,5.0,0,2026-01-08 01:24:00
S002121,A1726883,Android-MidTier,Passport,Karnataka,0,0,0,122,consent_sign,3.5,0,2026-02-11 02:06:00
S002122,50D3802D,iOS-HighEnd,Driving License,West Bengal,0,0,0,2,registration,0.0,1,2026-01-11 05:53:00
S002123,403FD582,Android-MidTier,Passport,Karnataka,0,0,0,129,consent_sign,3.5,0,2026-01-22 15:28:00
S002124,0C36AD4E,iOS-HighEnd,Aadhaar,West Bengal,0,0,0,175,consent_sign,3.5,0,2026-02-05 11:02:00
S002125,29D0C613,iOS-HighEnd,Driving License,West Bengal,0,0,0,126,consent_sign,3.5,0,2026-02-16 10:36:00
S002126,411920F6,Android-MidTier,PAN,Tamil Nadu,0,0,0,127,consent_sign,3.5,0,2026-02-26 22:11:00
S002127,18A73D94,iOS-HighEnd,Driving License,Tamil Nadu,0,0,0,147,consent_sign,3.5,0,2026-02-14 04:04:00
S002128,42803AA0,Android-MidTier,Driving License,Karnataka,0,0,0,129,consent_sign,3.5,0,2026-01-12 09:16:00
S002129,8EB7C306,Android-MidTier,Driving License,Maharashtra,1,0,1,141,consent_sign,5.0,0,2026-02-19 00:58:00
S002130,581993CC,Android-MidTier,Driving License,Tamil Nadu,0,2,2,183,consent_sign,7.5,0,2026-02-19 13:50:00
S002131,59E110EB,iOS-HighEnd,Aadhaar,Delhi,0,0,0,127,consent_sign,3.5,0,2026-01-06 08:59:00
S002132,9B0707E5,iOS-HighEnd,PAN,Maharashtra,0,0,0,2,registration,0.0,1,2026-01-09 07:37:00
S002133,A65D958E,Android-Budget,PAN,Gujarat,0,0,0,125,consent_sign,3.5,0,2026-03-01 23:11:00
S002134,FAB8328F,Android-MidTier,PAN,Karnataka,0,0,0,111,consent_sign,3.5,0,2026-02-13 20:21:00
S002135,53391DF4,Android-Budget,Passport,Delhi,0,1,1,92,liveness_check,3.5,1,2026-02-07 21:32:00
S002136,C655A597,Android-MidTier,Driving License,Delhi,0,0,0,132,consent_sign,3.5,0,2026-01-08 18:16:00
S002137,141283FB,Android-MidTier,PAN,Tamil Nadu,0,0,0,122,consent_sign,3.5,0,2026-02-10 01:14:00
S002138,76B874D3,Android-Budget,PAN,West Bengal,0,0,0,118,consent_sign,3.5,0,2026-01-07 11:56:00
S002139,DE46222E,Android-Budget,PAN,Tamil Nadu,0,0,0,177,consent_sign,3.5,0,2026-02-25 04:11:00
S002140,EDB68B81,iOS-HighEnd,Passport,Karnataka,0,0,0,134,consent_sign,3.5,0,2026-01-28 18:09:00
S002141,9CC05B67,Android-Budget,PAN,Maharashtra,0,0,1,140,consent_sign,3.5,0,2026-01-21 14:11:00
S002142,E835F080,Android-Budget,Driving License,Gujarat,1,0,1,227,consent_sign,5.0,0,2026-01-16 12:35:00
S002143,57F7D71F,Android-Budget,Driving License,West Bengal,0,0,0,2,registration,0.0,1,2026-02-06 10:54:00
S002144,A72BDDDD,iOS-HighEnd,Passport,Gujarat,0,0,0,31,phone_otp,0.0,1,2026-01-18 15:37:00
S002145,9AFA8267,Android-MidTier,Driving License,Tamil Nadu,0,0,0,110,consent_sign,3.5,0,2026-02-01 17:00:00
S002146,E33FC52C,Android-MidTier,PAN,Delhi,0,1,2,146,consent_sign,5.5,0,2026-02-21 16:47:00
S002147,F0533851,iOS-HighEnd,Passport,Gujarat,1,0,2,194,consent_sign,5.0,0,2026-01-15 22:12:00
S002148,855C0A97,iOS-HighEnd,PAN,Karnataka,1,0,1,167,consent_sign,5.0,0,2026-02-12 18:43:00
S002149,2AD55C0B,Android-Budget,Aadhaar,Tamil Nadu,0,0,1,32,phone_otp,0.0,1,2026-01-18 01:43:00
S002150,20029D9F,iOS-HighEnd,Passport,West Bengal,0,0,0,103,consent_sign,3.5,0,2026-02-13 02:38:00
S002151,406BF02D,Android-MidTier,Passport,Delhi,0,0,0,7,phone_otp,0.0,1,2026-01-31 02:51:00
S002152,BFEEF19D,iOS-HighEnd,Aadhaar,Gujarat,0,0,0,114,consent_sign,3.5,1,2026-01-08 16:25:00
S002153,65A4C79B,iOS-HighEnd,Driving License,Karnataka,0,0,0,143,consent_sign,3.5,0,2026-01-02 07:27:00
S002154,EFD1B588,Android-MidTier,PAN,Tamil Nadu,0,0,0,109,consent_sign,3.5,0,2026-01-26 07:59:00
S002155,0DC78104,Android-Budget,PAN,Maharashtra,0,1,1,83,liveness_check,3.5,1,2026-02-06 09:56:00
S002156,8623BC74,Android-MidTier,Passport,Maharashtra,1,2,3,234,consent_sign,9.0,0,2026-01-26 16:16:00
S002157,1A9B0D42,Android-Budget,Aadhaar,Gujarat,0,0,0,49,doc_upload,0.0,1,2026-02-17 06:37:00
S002158,15956C42,iOS-HighEnd,Driving License,Maharashtra,0,0,0,123,consent_sign,3.5,0,2026-02-26 08:05:00
S002159,63CCF604,Android-MidTier,Aadhaar,Delhi,0,0,0,163,consent_sign,3.5,0,2026-02-20 15:20:00
S002160,BCD2E8EB,Android-MidTier,Driving License,Tamil Nadu,0,0,0,144,consent_sign,3.5,0,2026-01-29 04:36:00
S002161,205C8491,iOS-HighEnd,Driving License,Karnataka,1,1,3,178,consent_sign,7.0,1,2026-01-30 09:36:00
S002162,2BACF712,Android-Budget,Driving License,Maharashtra,0,0,0,170,consent_sign,3.5,0,2026-02-19 19:26:00
S002163,5B59F28E,Android-MidTier,Passport,Gujarat,0,0,0,148,consent_sign,3.5,0,2026-01-28 04:28:00
S002164,DD3EE854,Android-MidTier,Driving License,Gujarat,0,0,0,139,consent_sign,3.5,0,2026-01-18 11:29:00
S002165,DEF3306A,Android-Budget,Driving License,Maharashtra,0,0,0,131,consent_sign,3.5,0,2026-01-09 07:43:00
S002166,8C6D768E,Android-Budget,PAN,Maharashtra,1,0,1,81,doc_upload,1.5,1,2026-01-16 14:45:00
S002167,F2CFFCAE,iOS-HighEnd,Driving License,West Bengal,0,0,0,154,consent_sign,3.5,0,2026-02-12 01:37:00
S002168,9740B212,Android-MidTier,Aadhaar,West Bengal,0,0,0,136,consent_sign,3.5,0,2026-01-10 23:11:00
S002169,BFB8ABB9,iOS-HighEnd,Aadhaar,Karnataka,0,0,0,156,consent_sign,3.5,0,2026-02-06 04:35:00
S002170,6F5AAD52,iOS-HighEnd,Driving License,Gujarat,0,1,1,184,consent_sign,5.5,0,2026-02-26 06:59:00
S002171,88A613B4,iOS-HighEnd,Passport,Delhi,0,1,1,165,consent_sign,5.5,0,2026-02-23 08:15:00
S002172,7B4D8646,Android-Budget,Passport,Delhi,0,0,0,125,consent_sign,3.5,0,2026-02-28 14:38:00
S002173,16ED0330,iOS-HighEnd,PAN,Gujarat,0,0,0,148,consent_sign,3.5,0,2026-03-01 16:52:00
S002174,6986305A,Android-MidTier,Driving License,Gujarat,0,0,0,143,consent_sign,3.5,0,2026-01-29 22:26:00
S002175,02B3C948,Android-Budget,Aadhaar,Tamil Nadu,0,0,0,109,consent_sign,3.5,0,2026-01-29 05:44:00
S002176,C21F84FC,Android-Budget,PAN,Delhi,0,0,0,33,phone_otp,0.0,1,2026-02-28 07:09:00
S002177,49694032,Android-Budget,PAN,Karnataka,2,1,3,278,consent_sign,8.5,0,2026-02-05 15:23:00
S002178,B011B125,iOS-HighEnd,PAN,Delhi,0,0,0,123,consent_sign,3.5,0,2026-02-12 01:49:00
S002179,C166A8B3,Android-MidTier,Driving License,Maharashtra,0,0,2,170,consent_sign,3.5,0,2026-02-14 05:06:00
S002180,C4100108,Android-MidTier,Passport,Delhi,1,0,1,86,doc_upload,1.5,1,2026-02-08 09:20:00
S002181,98D53CF5,iOS-HighEnd,PAN,West Bengal,1,0,1,215,consent_sign,5.0,0,2026-02-21 15:27:00
S002182,8C57A277,Android-Budget,PAN,West Bengal,0,0,1,75,doc_upload,0.0,1,2026-02-19 13:52:00
S002183,E1D55F85,Android-MidTier,Passport,Delhi,0,0,0,131,consent_sign,3.5,0,2026-02-04 02:24:00
S002184,3FF93134,iOS-HighEnd,PAN,Karnataka,2,0,2,74,doc_upload,3.0,1,2026-01-29 16:43:00
S002185,A55FA725,Android-Budget,Driving License,Gujarat,0,1,1,122,liveness_check,3.5,1,2026-01-23 13:27:00
S002186,3878BECF,iOS-HighEnd,Driving License,Delhi,0,0,0,163,consent_sign,3.5,0,2026-02-21 16:35:00
S002187,A0152B5B,iOS-HighEnd,Aadhaar,Karnataka,0,0,0,2,registration,0.0,1,2026-02-01 08:24:00
S002188,CCCA1E14,iOS-HighEnd,PAN,Delhi,0,1,1,192,consent_sign,5.5,0,2026-02-23 11:48:00
S002189,B1A50A3D,iOS-HighEnd,Aadhaar,West Bengal,1,0,1,179,consent_sign,5.0,0,2026-02-28 03:36:00
S002190,A60147C3,Android-MidTier,PAN,Karnataka,1,0,1,210,consent_sign,5.0,0,2026-02-21 05:38:00
S002191,44D18524,Android-Budget,PAN,Maharashtra,0,0,0,146,consent_sign,3.5,0,2026-02-20 04:02:00
S002192,1186DA93,Android-MidTier,Aadhaar,Delhi,0,1,1,150,consent_sign,5.5,0,2026-02-20 16:56:00
S002193,1C405045,iOS-HighEnd,Driving License,Karnataka,0,0,0,148,consent_sign,3.5,0,2026-01-25 11:29:00
S002194,73E88DB6,iOS-HighEnd,Passport,Maharashtra,0,1,1,114,liveness_check,3.5,1,2026-02-19 03:39:00
S002195,7DF37378,Android-Budget,Driving License,Karnataka,0,1,1,148,consent_sign,5.5,0,2026-02-26 07:05:00
S002196,26F341C8,iOS-HighEnd,Passport,Karnataka,0,0,0,192,consent_sign,3.5,0,2026-01-01 10:51:00
S002197,05AA5EAB,Android-Budget,Driving License,Tamil Nadu,1,0,1,169,consent_sign,5.0,0,2026-02-28 16:51:00
S002198,4838A888,Android-MidTier,PAN,Delhi,0,0,1,141,consent_sign,3.5,1,2026-02-03 04:32:00
S002199,703C1286,Android-MidTier,Driving License,Maharashtra,0,0,0,129,consent_sign,3.5,0,2026-01-12 02:52:00
S002200,17172654,Android-Budget,Passport,Maharashtra,0,1,1,147,consent_sign,5.5,0,2026-02-13 05:33:00
S002201,3799A376,Android-MidTier,Aadhaar,Maharashtra,0,1,1,157,consent_sign,5.5,0,2026-01-04 12:25:00
S002202,C9254BB5,iOS-HighEnd,PAN,West Bengal,0,0,0,135,consent_sign,3.5,0,2026-02-27 09:05:00
S002203,5F13E10B,Android-MidTier,Driving License,West Bengal,0,0,0,104,consent_sign,3.5,0,2026-03-01 08:29:00
S002204,081FEC82,iOS-HighEnd,Passport,Karnataka,0,0,0,169,consent_sign,3.5,0,2026-01-16 12:48:00
S002205,C02553EA,iOS-HighEnd,Driving License,Delhi,0,0,0,3,registration,0.0,1,2026-01-20 13:20:00
S002206,4439940D,iOS-HighEnd,PAN,Karnataka,0,0,0,139,consent_sign,3.5,0,2026-01-09 18:58:00
S002207,8B0EA0B9,iOS-HighEnd,Driving License,Gujarat,0,1,1,191,consent_sign,5.5,0,2026-02-11 01:07:00
S002208,E54C8739,Android-MidTier,Driving License,Gujarat,0,1,2,188,consent_sign,5.5,1,2026-02-26 08:18:00
S002209,61AF0E8E,Android-Budget,PAN,Delhi,1,0,1,57,doc_upload,1.5,1,2026-01-20 08:47:00
S002210,F97F4994,Android-Budget,Passport,West Bengal,0,0,0,116,consent_sign,3.5,0,2026-01-06 11:58:00
S002211,62821D61,Android-Budget,PAN,Delhi,0,0,0,124,consent_sign,3.5,0,2026-01-08 06:50:00
S002212,3F46057B,Android-MidTier,Aadhaar,Karnataka,0,1,1,157,consent_sign,5.5,0,2026-01-02 02:09:00
S002213,32FD73C5,Android-MidTier,Aadhaar,West Bengal,0,0,0,115,consent_sign,3.5,0,2026-02-14 09:54:00
S002214,180DC855,iOS-HighEnd,PAN,Gujarat,0,0,0,137,consent_sign,3.5,0,2026-01-28 03:45:00
S002215,355CCA9C,iOS-HighEnd,PAN,Tamil Nadu,0,0,0,113,consent_sign,3.5,0,2026-02-12 00:32:00
S002216,F6121D2C,Android-Budget,Driving License,Gujarat,0,0,0,119,consent_sign,3.5,0,2026-02-16 03:47:00
S002217,289AC251,Android-MidTier,Aadhaar,Gujarat,0,1,1,167,consent_sign,5.5,0,2026-01-01 17:19:00
S002218,BEA6450F,iOS-HighEnd,PAN,Delhi,0,0,0,147,consent_sign,3.5,0,2026-01-07 03:48:00
S002219,1F44AA88,Android-MidTier,Driving License,Maharashtra,0,0,0,128,consent_sign,3.5,0,2026-02-02 03:26:00
S002220,4C7F03BB,Android-MidTier,Aadhaar,West Bengal,1,0,1,93,doc_upload,1.5,1,2026-02-12 16:32:00
S002221,0D559B64,Android-MidTier,Driving License,West Bengal,1,0,1,135,consent_sign,5.0,0,2026-01-13 05:09:00
S002222,F9287D26,Android-Budget,Passport,Tamil Nadu,0,0,0,124,consent_sign,3.5,0,2026-02-11 21:23:00
S002223,6F2537CE,Android-MidTier,Aadhaar,Tamil Nadu,0,0,0,136,consent_sign,3.5,0,2026-02-19 10:44:00
S002224,CB5D2B59,Android-MidTier,Aadhaar,Gujarat,1,0,1,153,consent_sign,5.0,0,2026-01-28 07:36:00
S002225,6553B15F,iOS-HighEnd,Passport,Tamil Nadu,0,0,0,101,consent_sign,3.5,0,2026-02-26 04:06:00
S002226,F80590F0,Android-MidTier,Passport,Karnataka,0,0,0,1,registration,0.0,1,2026-01-04 14:39:00
S002227,B0D515AB,Android-MidTier,PAN,Gujarat,1,0,1,100,doc_upload,1.5,1,2026-01-21 09:04:00
S002228,27AD8D51,Android-Budget,PAN,Tamil Nadu,0,1,1,127,consent_sign,5.5,0,2026-01-02 20:38:00
S002229,3FAC4317,Android-MidTier,Driving License,West Bengal,0,0,1,169,consent_sign,3.5,1,2026-01-14 10:37:00
S002230,AF9A1168,iOS-HighEnd,PAN,Karnataka,0,0,0,130,consent_sign,3.5,0,2026-02-19 04:58:00
S002231,F83B1806,iOS-HighEnd,PAN,Tamil Nadu,0,0,0,152,consent_sign,3.5,0,2026-03-01 12:45:00
S002232,0F5F9707,Android-MidTier,PAN,West Bengal,0,0,0,123,consent_sign,3.5,0,2026-02-12 09:52:00
S002233,276732D3,iOS-HighEnd,Passport,Delhi,0,0,0,135,consent_sign,3.5,0,2026-01-15 04:54:00
S002234,1B7E0502,Android-Budget,Passport,Maharashtra,0,0,0,113,consent_sign,3.5,0,2026-01-04 20:29:00
S002235,5115D7EE,iOS-HighEnd,PAN,Gujarat,0,0,0,43,doc_upload,0.0,1,2026-02-12 05:23:00
S002236,A50784CB,iOS-HighEnd,Passport,West Bengal,0,0,0,159,consent_sign,3.5,0,2026-02-17 04:48:00
S002237,E44CBD41,Android-MidTier,Driving License,West Bengal,0,0,2,146,consent_sign,3.5,1,2026-02-18 23:58:00
S002238,05776108,Android-MidTier,Passport,Karnataka,0,1,1,113,liveness_check,3.5,1,2026-02-20 20:45:00
S002239,B972393A,Android-MidTier,PAN,Gujarat,0,0,1,44,phone_otp,0.0,1,2026-02-04 13:12:00
S002240,0A1BEBD3,Android-MidTier,Aadhaar,Delhi,0,0,0,144,consent_sign,3.5,0,2026-01-02 20:56:00
S002241,8F1C3FA0,iOS-HighEnd,Aadhaar,Delhi,0,0,0,137,consent_sign,3.5,0,2026-02-12 06:38:00
S002242,7D76AB58,Android-MidTier,Passport,Delhi,0,0,0,3,registration,0.0,1,2026-02-01 13:51:00
S002243,8B2AB759,iOS-HighEnd,PAN,West Bengal,0,0,0,131,consent_sign,3.5,0,2026-01-30 20:14:00
S002244,77E8B762,Android-MidTier,Passport,Karnataka,0,0,0,112,consent_sign,3.5,0,2026-01-21 17:53:00
S002245,994316BB,Android-MidTier,PAN,Maharashtra,1,1,2,123,liveness_check,5.0,1,2026-02-15 21:37:00
S002246,290C4414,Android-Budget,Driving License,West Bengal,0,0,0,129,consent_sign,3.5,0,2026-01-13 16:01:00
S002247,730AD7DE,Android-MidTier,PAN,West Bengal,1,0,1,89,doc_upload,1.5,1,2026-01-23 08:35:00
S002248,8AA6B006,Android-Budget,Driving License,Karnataka,0,0,0,99,consent_sign,3.5,1,2026-01-19 13:30:00
S002249,C6A28E4E,iOS-HighEnd,Driving License,Gujarat,0,0,0,134,consent_sign,3.5,0,2026-02-02 12:24:00
S002250,BBD0FE6C,iOS-HighEnd,Passport,Delhi,0,0,0,112,consent_sign,3.5,0,2026-01-15 08:07:00
S002251,9EA6ED4A,Android-Budget,Passport,Tamil Nadu,0,2,2,137,liveness_check,5.5,1,2026-02-16 01:22:00
S002252,9EC5405D,Android-MidTier,PAN,Maharashtra,0,0,0,121,consent_sign,3.5,0,2026-01-11 22:29:00
S002253,10372A5C,iOS-HighEnd,Aadhaar,Gujarat,0,0,0,133,consent_sign,3.5,0,2026-01-16 03:33:00
S002254,D1AD3E51,iOS-HighEnd,Aadhaar,Gujarat,0,0,0,113,consent_sign,3.5,0,2026-02-24 01:04:00
S002255,AEE7C7A5,Android-MidTier,Driving License,Tamil Nadu,0,0,0,106,consent_sign,3.5,0,2026-02-27 07:35:00
S002256,277529A2,Android-MidTier,Aadhaar,Gujarat,0,0,1,156,consent_sign,3.5,0,2026-02-21 14:17:00
S002257,68E8F311,iOS-HighEnd,Passport,Tamil Nadu,0,0,0,4,registration,0.0,1,2026-02-24 06:11:00
S002258,18A440BD,Android-Budget,Passport,Gujarat,0,0,0,139,consent_sign,3.5,0,2026-01-08 07:21:00
S002259,0B34FC84,Android-MidTier,Driving License,West Bengal,0,0,0,121,consent_sign,3.5,0,2026-01-08 04:22:00
S002260,2DBB45BD,Android-MidTier,Passport,West Bengal,0,0,0,150,consent_sign,3.5,0,2026-01-06 07:51:00
S002261,1B67F7BB,Android-MidTier,Aadhaar,Maharashtra,0,0,0,139,consent_sign,3.5,0,2026-02-12 08:30:00
S002262,08252B39,Android-Budget,PAN,West Bengal,0,0,1,166,consent_sign,3.5,0,2026-01-23 21:22:00
S002263,637B3648,Android-MidTier,PAN,Delhi,0,0,1,166,consent_sign,3.5,0,2026-01-17 22:54:00
S002264,9FBC879E,Android-MidTier,Aadhaar,Gujarat,0,0,0,127,consent_sign,3.5,0,2026-01-31 19:56:00
S002265,0C90E028,Android-MidTier,Aadhaar,Karnataka,0,0,0,111,consent_sign,3.5,0,2026-01-30 03:06:00
S002266,B7C4B3EE,Android-Budget,PAN,Gujarat,0,1,1,175,consent_sign,5.5,0,2026-02-15 10:40:00
S002267,EBC8F6B7,Android-Budget,Driving License,West Bengal,1,3,4,248,liveness_check,9.0,1,2026-01-26 05:24:00
S002268,EDABDDAB,Android-MidTier,Passport,Maharashtra,0,0,0,161,consent_sign,3.5,0,2026-01-25 20:24:00
S002269,77D2B94F,Android-MidTier,Aadhaar,Karnataka,1,0,1,183,consent_sign,5.0,0,2026-02-05 12:46:00
S002270,5C65A65C,iOS-HighEnd,PAN,Tamil Nadu,0,0,0,170,consent_sign,3.5,0,2026-02-06 13:57:00
S002271,E3F342A8,Android-Budget,Passport,Delhi,3,1,4,260,consent_sign,8.5,0,2026-01-26 03:42:00
S002272,CB53F0BE,iOS-HighEnd,PAN,Tamil Nadu,0,0,0,102,consent_sign,3.5,1,2026-02-10 20:09:00
S002273,9DEF57B4,iOS-HighEnd,Aadhaar,West Bengal,0,0,0,112,consent_sign,3.5,0,2026-01-24 21:00:00
S002274,BBFB1B71,Android-Budget,PAN,Delhi,0,1,1,141,liveness_check,3.5,1,2026-01-03 02:04:00
S002275,13F39289,Android-MidTier,Passport,West Bengal,0,0,0,167,consent_sign,3.5,0,2026-02-14 15:53:00
S002276,84FCFCB0,Android-Budget,PAN,Maharashtra,0,2,2,181,consent_sign,7.5,0,2026-01-28 01:33:00
S002277,3B23FEED,Android-MidTier,Passport,Gujarat,0,0,0,99,consent_sign,3.5,0,2026-01-27 05:38:00
S002278,317046B9,Android-Budget,Aadhaar,Maharashtra,0,1,2,169,consent_sign,5.5,0,2026-01-09 15:00:00
S002279,91ED554A,iOS-HighEnd,Aadhaar,West Bengal,0,0,0,136,consent_sign,3.5,0,2026-01-26 23:41:00
S002280,8EF4D74B,Android-MidTier,PAN,West Bengal,0,0,0,125,consent_sign,3.5,0,2026-02-19 15:37:00
S002281,BF00F56C,Android-MidTier,Driving License,Delhi,0,0,0,127,consent_sign,3.5,0,2026-01-13 22:36:00
S002282,9399AD15,Android-Budget,Driving License,Maharashtra,0,0,1,167,consent_sign,3.5,0,2026-02-18 02:11:00
S002283,B3DA5808,Android-Budget,Aadhaar,Maharashtra,0,0,0,164,consent_sign,3.5,0,2026-03-01 11:09:00
S002284,1AA67474,Android-MidTier,Passport,West Bengal,0,0,0,101,consent_sign,3.5,1,2026-02-17 07:36:00
S002285,8CCA8963,Android-MidTier,Aadhaar,West Bengal,0,0,0,120,consent_sign,3.5,0,2026-02-21 08:01:00
S002286,A854027E,Android-Budget,Driving License,Tamil Nadu,1,0,1,179,consent_sign,5.0,0,2026-01-16 10:37:00
S002287,999413CC,Android-MidTier,Driving License,Maharashtra,0,0,0,104,liveness_check,1.5,1,2026-02-03 04:37:00
S002288,E7094153,Android-Budget,Driving License,Maharashtra,0,0,1,131,consent_sign,3.5,0,2026-01-18 12:41:00
S002289,FF31950A,Android-MidTier,PAN,Karnataka,0,0,0,1,registration,0.0,1,2026-02-09 21:29:00
S002290,698F546D,Android-MidTier,PAN,Delhi,0,0,0,137,consent_sign,3.5,0,2026-02-22 06:34:00
S002291,D37EE471,Android-MidTier,Aadhaar,Tamil Nadu,1,0,1,185,consent_sign,5.0,0,2026-02-01 23:22:00
S002292,3D9FFE59,Android-Budget,Passport,Tamil Nadu,2,1,3,194,liveness_check,6.5,1,2026-02-23 16:05:00
S002293,60042231,iOS-HighEnd,Passport,Delhi,0,0,0,39,doc_upload,0.0,1,2026-02-05 17:39:00
S002294,BE9CAFCF,Android-MidTier,Passport,Maharashtra,1,0,1,169,consent_sign,5.0,0,2026-02-12 08:02:00
S002295,73D0B6C7,Android-MidTier,Aadhaar,Maharashtra,0,0,0,139,consent_sign,3.5,0,2026-02-27 22:32:00
S002296,000CD21A,Android-MidTier,Passport,Karnataka,0,0,0,123,consent_sign,3.5,0,2026-01-21 02:15:00
S002297,48D3D2CE,iOS-HighEnd,PAN,Karnataka,0,0,1,175,consent_sign,3.5,0,2026-02-15 14:21:00
S002298,2294FA0A,iOS-HighEnd,PAN,West Bengal,0,0,0,143,consent_sign,3.5,0,2026-01-04 10:20:00
S002299,01AE7EB1,Android-Budget,Driving License,West Bengal,0,1,1,168,consent_sign,5.5,0,2026-02-03 18:01:00
S002300,36FEA0B4,Android-MidTier,Driving License,Tamil Nadu,0,0,0,30,phone_otp,0.0,1,2026-01-11 16:19:00
S002301,C5828939,Android-MidTier,Passport,West Bengal,0,0,0,116,consent_sign,3.5,0,2026-01-28 06:10:00
S002302,D284B528,Android-MidTier,Aadhaar,Delhi,0,0,0,148,consent_sign,3.5,0,2026-01-27 16:07:00
S002303,82E2B02D,Android-Budget,PAN,West Bengal,1,0,2,110,doc_upload,1.5,1,2026-01-13 10:04:00
S002304,9255273F,Android-Budget,Aadhaar,Karnataka,0,0,0,110,consent_sign,3.5,0,2026-02-04 05:17:00
S002305,75DACBBE,Android-MidTier,Passport,Maharashtra,0,0,0,136,consent_sign,3.5,0,2026-01-12 23:06:00
S002306,43D643ED,Android-MidTier,Driving License,Maharashtra,0,0,1,110,consent_sign,3.5,0,2026-02-08 08:09:00
S002307,3FF69F41,iOS-HighEnd,Driving License,Karnataka,0,0,0,96,consent_sign,3.5,0,2026-02-13 02:04:00
S002308,4CE09ECB,Android-MidTier,Passport,Gujarat,0,0,0,130,consent_sign,3.5,0,2026-01-24 17:47:00
S002309,91AE3D4C,iOS-HighEnd,Driving License,Karnataka,0,0,0,2,registration,0.0,1,2026-01-06 15:09:00
S002310,13C37B5D,Android-MidTier,Aadhaar,West Bengal,0,1,1,164,consent_sign,5.5,0,2026-01-09 14:52:00
S002311,7B874B4A,Android-MidTier,PAN,Delhi,0,0,0,97,liveness_check,1.5,1,2026-01-16 19:23:00
S002312,E6267164,Android-MidTier,Aadhaar,Maharashtra,1,0,1,65,doc_upload,1.5,1,2026-02-23 03:35:00
S002313,D1CBC092,iOS-HighEnd,Driving License,Delhi,0,0,0,130,consent_sign,3.5,0,2026-01-15 08:58:00
S002314,A46ACC9A,Android-Budget,Aadhaar,Tamil Nadu,3,0,3,172,doc_upload,4.5,1,2026-01-26 18:20:00
S002315,CEEF7261,Android-MidTier,Passport,Tamil Nadu,0,0,0,106,consent_sign,3.5,0,2026-01-27 07:49:00
S002316,C7B611CD,Android-MidTier,Aadhaar,West Bengal,1,0,1,143,consent_sign,5.0,0,2026-02-10 10:14:00
S002317,559A8F54,iOS-HighEnd,Driving License,Tamil Nadu,0,0,0,161,consent_sign,3.5,0,2026-01-28 21:47:00
S002318,6F2E92B9,iOS-HighEnd,PAN,Gujarat,0,0,0,2,registration,0.0,1,2026-01-30 08:40:00
S002319,1EDBBE71,iOS-HighEnd,Aadhaar,Karnataka,0,0,0,119,consent_sign,3.5,0,2026-01-30 18:24:00
S002320,BF67DE42,Android-MidTier,PAN,Delhi,1,1,2,176,liveness_check,5.0,1,2026-01-28 11:21:00
S002321,EDBC36D8,Android-Budget,Driving License,Gujarat,0,1,1,135,consent_sign,5.5,0,2026-01-29 13:57:00
S002322,A1D770EA,Android-MidTier,Aadhaar,Karnataka,0,0,0,139,consent_sign,3.5,0,2026-02-09 02:40:00
S002323,863DFCD6,Android-Budget,Aadhaar,West Bengal,0,2,2,163,liveness_check,5.5,1,2026-02-16 02:11:00
S002324,909E21BA,Android-MidTier,Passport,Delhi,0,0,0,21,phone_otp,0.0,1,2026-01-21 16:04:00
S002325,B2A0F778,Android-MidTier,PAN,Gujarat,0,0,0,1,registration,0.0,1,2026-02-14 04:46:00
S002326,AC735BE0,Android-MidTier,PAN,Delhi,0,0,0,149,consent_sign,3.5,0,2026-01-07 13:48:00
S002327,F89617FA,Android-Budget,Aadhaar,Karnataka,0,0,1,164,consent_sign,3.5,0,2026-02-25 15:17:00
S002328,9343E6EA,iOS-HighEnd,Driving License,West Bengal,0,0,0,125,consent_sign,3.5,0,2026-01-08 18:00:00
S002329,6E935615,iOS-HighEnd,Passport,Maharashtra,0,0,0,134,consent_sign,3.5,0,2026-02-21 04:03:00
S002330,25E42403,Android-Budget,PAN,Karnataka,0,0,0,3,registration,0.0,1,2026-02-02 11:10:00
S002331,79D19C4E,iOS-HighEnd,Aadhaar,Karnataka,0,0,1,132,consent_sign,3.5,1,2026-01-05 02:19:00
S002332,8C53B74C,iOS-HighEnd,Driving License,West Bengal,0,2,2,131,liveness_check,5.5,1,2026-01-17 20:05:00
S002333,6605DE3C,Android-Budget,Aadhaar,West Bengal,0,0,0,77,consent_sign,3.5,0,2026-02-09 14:53:00
S002334,B2A7A475,Android-MidTier,PAN,Maharashtra,0,0,0,138,consent_sign,3.5,0,2026-01-21 12:12:00
S002335,7B1DBCA3,Android-Budget,Passport,Gujarat,1,0,1,143,consent_sign,5.0,0,2026-01-27 05:28:00
S002336,65339CF0,iOS-HighEnd,Passport,Maharashtra,0,1,3,193,consent_sign,5.5,0,2026-01-27 13:35:00
S002337,8FA8AE34,Android-MidTier,Driving License,Maharashtra,0,0,0,115,consent_sign,3.5,1,2026-01-08 04:39:00
S002338,86351A54,Android-MidTier,Passport,Gujarat,0,0,0,2,registration,0.0,1,2026-01-02 09:14:00
S002339,44296CA2,Android-Budget,Passport,Delhi,0,1,1,143,liveness_check,3.5,1,2026-02-11 21:44:00
S002340,AF4AFCDD,iOS-HighEnd,Aadhaar,Delhi,0,0,0,30,phone_otp,0.0,1,2026-01-26 06:57:00
S002341,1CCEC1EF,iOS-HighEnd,Driving License,Tamil Nadu,0,1,1,171,liveness_check,3.5,1,2026-02-11 16:26:00
S002342,5D822E3A,Android-MidTier,Driving License,Delhi,0,0,1,172,consent_sign,3.5,0,2026-01-10 01:07:00
S002343,5832C8DE,Android-MidTier,Aadhaar,Maharashtra,0,0,0,163,consent_sign,3.5,0,2026-02-05 15:47:00
S002344,C509D558,Android-MidTier,Driving License,Tamil Nadu,0,1,1,180,consent_sign,5.5,0,2026-02-20 05:58:00
S002345,5987038A,iOS-HighEnd,PAN,Delhi,0,0,0,126,consent_sign,3.5,0,2026-01-09 05:28:00
S002346,CD840A47,Android-MidTier,Passport,Gujarat,0,0,0,176,consent_sign,3.5,0,2026-02-26 16:53:00
S002347,70C23600,Android-Budget,PAN,Maharashtra,0,0,0,39,doc_upload,0.0,1,2026-01-31 09:53:00
S002348,3BC5F97F,Android-Budget,PAN,Karnataka,0,3,4,221,liveness_check,7.5,1,2026-01-27 13:29:00
S002349,27EF0A4B,Android-MidTier,Driving License,Tamil Nadu,1,0,1,161,consent_sign,5.0,0,2026-01-19 05:59:00
S002350,15F7EF61,Android-Budget,Aadhaar,Gujarat,1,0,2,211,consent_sign,5.0,0,2026-02-17 09:30:00
S002351,3E3869E2,Android-MidTier,Driving License,Delhi,0,0,0,182,consent_sign,3.5,0,2026-02-13 10:18:00
S002352,25CE2A21,Android-Budget,PAN,Delhi,1,0,1,132,consent_sign,5.0,0,2026-02-15 07:08:00
S002353,49A5BAEB,iOS-HighEnd,Passport,Delhi,0,0,0,135,consent_sign,3.5,0,2026-01-24 05:59:00
S002354,CDE55848,Android-Budget,PAN,Gujarat,1,0,1,106,doc_upload,1.5,1,2026-01-05 08:41:00
S002355,789FED96,Android-MidTier,Driving License,Delhi,0,0,0,130,consent_sign,3.5,0,2026-02-27 07:00:00
S002356,BD717DA3,iOS-HighEnd,Aadhaar,West Bengal,0,1,1,115,liveness_check,3.5,1,2026-01-13 00:28:00
S002357,8BE27516,Android-MidTier,Aadhaar,Delhi,0,0,0,107,consent_sign,3.5,0,2026-02-05 14:55:00
S002358,8C7E2904,Android-Budget,Driving License,Maharashtra,2,0,2,213,consent_sign,6.5,0,2026-02-24 12:08:00
S002359,FE07832A,Android-MidTier,PAN,Delhi,0,0,0,141,consent_sign,3.5,0,2026-01-28 20:55:00
S002360,AB132032,Android-Budget,Driving License,Gujarat,1,0,1,67,doc_upload,1.5,1,2026-01-09 17:40:00
S002361,E7F2418A,Android-Budget,Passport,Karnataka,0,0,0,172,consent_sign,3.5,0,2026-02-25 14:01:00
S002362,4165964C,iOS-HighEnd,PAN,Gujarat,0,0,0,133,consent_sign,3.5,0,2026-01-18 06:47:00
S002363,3360D115,iOS-HighEnd,PAN,Tamil Nadu,0,0,0,180,consent_sign,3.5,0,2026-02-18 03:40:00
S002364,4572B385,iOS-HighEnd,Driving License,Maharashtra,0,0,0,4,registration,0.0,1,2026-02-02 11:41:00
S002365,F1F71605,Android-MidTier,PAN,Karnataka,0,1,1,206,consent_sign,5.5,0,2026-02-04 16:56:00
S002366,A90E319D,iOS-HighEnd,Passport,Tamil Nadu,1,0,1,178,consent_sign,5.0,0,2026-02-14 02:14:00
S002367,E9B1C4A1,Android-MidTier,Driving License,Tamil Nadu,1,0,1,155,consent_sign,5.0,0,2026-01-04 16:08:00
S002368,1B9EC5F9,Android-MidTier,Aadhaar,Maharashtra,1,0,1,91,doc_upload,1.5,1,2026-02-21 12:37:00
S002369,E226A768,Android-MidTier,Driving License,West Bengal,0,0,0,65,doc_upload,0.0,1,2026-01-03 23:32:00
S002370,FAD3B44C,iOS-HighEnd,Passport,West Bengal,0,0,0,155,consent_sign,3.5,0,2026-02-04 13:57:00
S002371,B5AE2A56,Android-Budget,Passport,Karnataka,0,0,0,160,consent_sign,3.5,0,2026-02-22 11:07:00
S002372,7C12D198,Android-MidTier,Driving License,Tamil Nadu,0,0,0,146,consent_sign,3.5,0,2026-01-17 11:14:00
S002373,168885C2,iOS-HighEnd,Aadhaar,Gujarat,0,1,3,219,consent_sign,5.5,1,2026-01-24 17:04:00
S002374,F77FA3A7,Android-Budget,Aadhaar,Delhi,0,1,1,132,consent_sign,5.5,1,2026-02-25 20:06:00
S002375,B6646199,Android-MidTier,Driving License,Maharashtra,0,0,0,152,consent_sign,3.5,0,2026-02-18 01:57:00
S002376,EC19E4EB,Android-MidTier,Aadhaar,Delhi,0,0,0,146,consent_sign,3.5,0,2026-02-22 06:41:00
S002377,7D6C3D2A,Android-MidTier,Driving License,Maharashtra,0,0,0,2,registration,0.0,1,2026-01-04 15:53:00
S002378,04B40AC9,iOS-HighEnd,Driving License,Karnataka,0,0,0,115,consent_sign,3.5,0,2026-01-18 23:04:00
S002379,5AFA0FB3,iOS-HighEnd,Aadhaar,West Bengal,0,0,0,143,consent_sign,3.5,0,2026-02-13 00:29:00
S002380,FEF97D57,iOS-HighEnd,Aadhaar,Tamil Nadu,1,0,1,180,consent_sign,5.0,0,2026-01-29 09:23:00
S002381,469FF562,Android-Budget,Aadhaar,Maharashtra,0,0,0,141,consent_sign,3.5,0,2026-02-08 13:43:00
S002382,41F74651,Android-MidTier,Passport,Karnataka,0,0,0,137,consent_sign,3.5,0,2026-02-24 03:24:00
S002383,FFFCD743,iOS-HighEnd,Driving License,Delhi,0,0,0,121,consent_sign,3.5,0,2026-03-02 05:06:00
S002384,F1B2F143,iOS-HighEnd,Aadhaar,Delhi,0,1,1,111,liveness_check,3.5,1,2026-02-10 14:54:00
S002385,39BFC9B6,iOS-HighEnd,PAN,Tamil Nadu,0,0,0,28,phone_otp,0.0,1,2026-02-03 12:21:00
S002386,6491982B,Android-MidTier,Driving License,Delhi,0,0,0,146,consent_sign,3.5,0,2026-02-18 01:10:00
S002387,BADA0C94,Android-MidTier,Aadhaar,Delhi,0,1,3,213,consent_sign,5.5,0,2026-02-14 05:01:00
S002388,AD9112C5,Android-MidTier,Aadhaar,Delhi,0,0,0,4,registration,0.0,1,2026-01-26 08:23:00
S002389,AFBFFDE4,iOS-HighEnd,PAN,West Bengal,0,0,1,29,registration,0.0,1,2026-01-21 05:09:00
S002390,92A97ACD,iOS-HighEnd,Driving License,Delhi,0,0,0,126,consent_sign,3.5,0,2026-01-14 04:21:00
S002391,4FF85111,iOS-HighEnd,Driving License,West Bengal,0,0,0,2,registration,0.0,1,2026-02-06 04:54:00
S002392,72FCC072,Android-MidTier,Driving License,Karnataka,0,0,0,117,consent_sign,3.5,0,2026-01-13 18:10:00
S002393,A7087280,iOS-HighEnd,Aadhaar,Maharashtra,0,0,0,157,consent_sign,3.5,0,2026-01-06 04:35:00
S002394,AF1DCFB8,Android-MidTier,Driving License,Gujarat,0,0,0,131,consent_sign,3.5,0,2026-02-12 08:07:00
S002395,235B275B,Android-MidTier,Passport,West Bengal,0,0,0,152,consent_sign,3.5,0,2026-02-04 02:54:00
S002396,E60D7A94,iOS-HighEnd,Driving License,Maharashtra,0,0,0,185,consent_sign,3.5,0,2026-01-18 05:43:00
S002397,6E18B184,iOS-HighEnd,PAN,Karnataka,0,0,0,136,consent_sign,3.5,0,2026-01-15 21:21:00
S002398,C521FF2E,iOS-HighEnd,Aadhaar,West Bengal,0,0,1,135,consent_sign,3.5,0,2026-01-28 10:06:00
S002399,9099A283,Android-MidTier,Passport,Maharashtra,0,0,0,137,consent_sign,3.5,0,2026-02-07 03:33:00
S002400,115C42CD,iOS-HighEnd,PAN,Maharashtra,0,0,0,142,consent_sign,3.5,1,2026-01-25 19:25:00
S002401,B82D40DE,iOS-HighEnd,PAN,Tamil Nadu,0,0,0,24,phone_otp,0.0,1,2026-01-25 05:02:00
S002402,D6EAF269,Android-MidTier,PAN,West Bengal,0,0,0,129,consent_sign,3.5,0,2026-02-11 10:43:00
S002403,078C3875,iOS-HighEnd,Passport,Maharashtra,2,0,2,237,consent_sign,6.5,0,2026-01-25 02:21:00
S002404,F90FB6E4,iOS-HighEnd,Aadhaar,West Bengal,0,0,1,149,consent_sign,3.5,0,2026-01-06 06:09:00
S002405,4DA838B7,iOS-HighEnd,Passport,Tamil Nadu,1,0,2,223,consent_sign,5.0,0,2026-01-23 17:08:00
S002406,D25AD576,Android-MidTier,PAN,Maharashtra,0,0,0,31,phone_otp,0.0,1,2026-02-02 20:29:00
S002407,BD03D33B,Android-MidTier,PAN,Maharashtra,0,0,0,114,consent_sign,3.5,0,2026-01-12 23:40:00
S002408,301C6ABF,Android-Budget,Aadhaar,Gujarat,0,0,0,135,consent_sign,3.5,0,2026-01-12 15:51:00
S002409,06B4ED27,iOS-HighEnd,Driving License,Karnataka,0,0,0,149,consent_sign,3.5,0,2026-02-24 22:43:00
S002410,9DF034D3,Android-Budget,PAN,Tamil Nadu,1,1,2,169,consent_sign,7.0,0,2026-02-19 02:26:00
S002411,9CC3C1F5,Android-MidTier,Aadhaar,Delhi,0,0,0,147,consent_sign,3.5,0,2026-02-18 04:57:00
S002412,3B1D12CF,Android-MidTier,Driving License,Tamil Nadu,0,0,0,27,phone_otp,0.0,1,2026-02-16 00:12:00
S002413,14588063,Android-Budget,Passport,Gujarat,1,0,1,194,consent_sign,5.0,1,2026-02-16 23:34:00
S002414,22538040,Android-MidTier,Passport,Delhi,0,0,0,121,consent_sign,3.5,0,2026-02-24 13:14:00
S002415,7800E27A,iOS-HighEnd,Driving License,Tamil Nadu,0,0,0,118,consent_sign,3.5,0,2026-01-15 05:14:00
S002416,2F191516,Android-Budget,PAN,Karnataka,0,1,1,85,liveness_check,3.5,1,2026-01-12 00:37:00
S002417,794E0838,iOS-HighEnd,Passport,Delhi,0,0,0,160,consent_sign,3.5,0,2026-01-27 06:38:00
S002418,39ED0800,Android-MidTier,PAN,West Bengal,0,0,0,131,consent_sign,3.5,0,2026-01-13 09:36:00
S002419,F80443EE,Android-MidTier,Driving License,Delhi,0,2,2,175,consent_sign,7.5,0,2026-02-09 13:22:00
S002420,F3402DD3,iOS-HighEnd,Passport,Maharashtra,0,0,0,133,consent_sign,3.5,0,2026-01-19 17:11:00
S002421,ABDCE0DA,Android-MidTier,Passport,Tamil Nadu,0,0,0,175,consent_sign,3.5,0,2026-01-31 22:27:00
S002422,345E2EAF,iOS-HighEnd,Driving License,Gujarat,0,2,2,123,liveness_check,5.5,1,2026-02-08 01:44:00
S002423,F4672866,Android-MidTier,Passport,Delhi,0,0,1,158,consent_sign,3.5,0,2026-01-09 09:58:00
S002424,9DF79A27,iOS-HighEnd,Aadhaar,Gujarat,0,1,1,161,consent_sign,5.5,0,2026-02-08 14:00:00
S002425,DDE4F5C1,iOS-HighEnd,PAN,Karnataka,0,0,0,4,registration,0.0,1,2026-02-03 23:01:00
S002426,6D744A0B,iOS-HighEnd,Aadhaar,Maharashtra,0,0,1,143,consent_sign,3.5,0,2026-01-27 06:40:00
S002427,9BA14C35,Android-MidTier,PAN,West Bengal,0,1,1,179,consent_sign,5.5,0,2026-02-17 13:14:00
S002428,B85F164B,Android-Budget,Aadhaar,Gujarat,0,1,1,142,consent_sign,5.5,0,2026-01-13 15:09:00
S002429,F06B6C12,iOS-HighEnd,PAN,Tamil Nadu,0,0,0,129,consent_sign,3.5,0,2026-01-19 00:04:00
S002430,8941BDD3,iOS-HighEnd,PAN,Delhi,0,0,0,133,consent_sign,3.5,0,2026-01-26 03:33:00
S002431,B440B852,Android-MidTier,Passport,Delhi,0,0,1,178,consent_sign,3.5,0,2026-01-09 16:39:00
S002432,1BFC270C,Android-Budget,Driving License,Tamil Nadu,0,0,0,163,consent_sign,3.5,0,2026-02-05 16:54:00
S002433,E0B55615,iOS-HighEnd,PAN,Delhi,0,0,0,123,consent_sign,3.5,0,2026-03-01 11:47:00
S002434,3EE79D31,Android-MidTier,PAN,Gujarat,0,0,0,146,consent_sign,3.5,0,2026-01-07 04:30:00
S002435,FBDC532E,Android-MidTier,Passport,West Bengal,0,0,1,184,consent_sign,3.5,0,2026-02-05 09:08:00
S002436,632C817E,iOS-HighEnd,Driving License,West Bengal,0,0,0,108,consent_sign,3.5,0,2026-01-13 07:50:00
S002437,F66C7331,Android-Budget,Passport,Tamil Nadu,1,1,2,144,liveness_check,5.0,1,2026-01-11 02:33:00
S002438,70869A45,Android-Budget,Passport,Maharashtra,1,1,2,117,liveness_check,5.0,1,2026-01-24 01:10:00
S002439,C60FB252,iOS-HighEnd,Passport,Karnataka,0,0,0,114,consent_sign,3.5,0,2026-01-09 07:20:00
S002440,2A9EDDA7,Android-MidTier,Aadhaar,Delhi,0,0,0,110,consent_sign,3.5,0,2026-02-24 03:09:00
S002441,EB45BC38,Android-MidTier,Passport,Karnataka,0,0,0,158,consent_sign,3.5,0,2026-01-04 19:21:00
S002442,E7574997,iOS-HighEnd,Aadhaar,Delhi,1,0,1,175,consent_sign,5.0,0,2026-02-24 19:39:00
S002443,A566E884,Android-Budget,Driving License,Tamil Nadu,1,0,1,171,consent_sign,5.0,0,2026-01-01 21:37:00
S002444,802B1BF4,iOS-HighEnd,Driving License,Maharashtra,1,0,1,240,consent_sign,5.0,0,2026-01-19 15:27:00
S002445,95DFE6CB,iOS-HighEnd,PAN,Karnataka,0,0,0,127,consent_sign,3.5,0,2026-01-05 06:26:00
S002446,8BE15610,iOS-HighEnd,PAN,Maharashtra,0,1,1,154,consent_sign,5.5,0,2026-02-11 22:07:00
S002447,52CE55E3,Android-MidTier,Driving License,Maharashtra,0,0,1,175,consent_sign,3.5,0,2026-02-20 09:11:00
S002448,74246BAA,iOS-HighEnd,Passport,Karnataka,0,0,0,104,consent_sign,3.5,0,2026-01-23 06:18:00
S002449,E552D0A8,Android-MidTier,Passport,Tamil Nadu,0,1,1,122,consent_sign,5.5,0,2026-02-08 10:27:00
S002450,171603B1,iOS-HighEnd,Passport,West Bengal,0,0,1,154,consent_sign,3.5,0,2026-02-27 12:03:00
S002451,A6091AD0,Android-MidTier,Driving License,Delhi,0,0,0,37,doc_upload,0.0,1,2026-01-27 05:21:00
S002452,29FB832C,Android-MidTier,Passport,Karnataka,0,0,0,20,phone_otp,0.0,1,2026-02-03 20:34:00
S002453,17584F23,Android-MidTier,Driving License,Delhi,0,0,0,148,consent_sign,3.5,0,2026-01-12 05:05:00
S002454,A25291F3,Android-Budget,Passport,West Bengal,0,0,0,156,consent_sign,3.5,0,2026-01-18 01:48:00
S002455,B5103E9C,iOS-HighEnd,Passport,Tamil Nadu,1,1,2,274,consent_sign,7.0,0,2026-02-11 05:01:00
S002456,F9A62522,Android-MidTier,Aadhaar,Tamil Nadu,0,0,0,153,consent_sign,3.5,0,2026-02-24 00:08:00
S002457,28EF2F46,Android-MidTier,Passport,Maharashtra,0,0,0,152,consent_sign,3.5,0,2026-01-24 18:57:00
S002458,0B3D6DC9,Android-MidTier,Driving License,Maharashtra,0,0,0,46,doc_upload,0.0,1,2026-02-03 21:14:00
S002459,55CF37BA,Android-MidTier,PAN,Maharashtra,0,0,1,138,consent_sign,3.5,0,2026-02-06 00:14:00
S002460,DCD81A8B,iOS-HighEnd,Driving License,West Bengal,0,0,0,153,consent_sign,3.5,0,2026-03-02 04:39:00
S002461,2504FD28,iOS-HighEnd,Aadhaar,Gujarat,1,0,1,160,consent_sign,5.0,1,2026-01-01 15:03:00
S002462,0D22AF35,iOS-HighEnd,Driving License,Tamil Nadu,0,0,0,138,consent_sign,3.5,0,2026-02-12 15:40:00
S002463,BAEBE15D,iOS-HighEnd,Driving License,Delhi,0,0,0,136,consent_sign,3.5,0,2026-03-02 01:08:00
S002464,49ED856E,iOS-HighEnd,PAN,Maharashtra,0,0,0,143,consent_sign,3.5,0,2026-01-16 13:20:00
S002465,E606D7C2,iOS-HighEnd,PAN,Delhi,0,0,0,4,registration,0.0,1,2026-01-27 00:42:00
S002466,00E78824,Android-MidTier,Aadhaar,Tamil Nadu,0,0,0,142,consent_sign,3.5,0,2026-02-02 19:42:00
S002467,03200C4E,Android-Budget,Passport,Gujarat,0,0,0,151,consent_sign,3.5,0,2026-02-15 12:55:00
S002468,7FA70485,Android-MidTier,PAN,Gujarat,0,0,0,164,consent_sign,3.5,0,2026-01-29 06:25:00
S002469,9BA4D5A6,iOS-HighEnd,Passport,Tamil Nadu,0,0,0,94,consent_sign,3.5,0,2026-02-04 22:02:00
S002470,37850B5C,iOS-HighEnd,PAN,West Bengal,0,0,0,154,consent_sign,3.5,0,2026-01-04 18:04:00
S002471,74283491,iOS-HighEnd,PAN,Delhi,0,0,0,107,consent_sign,3.5,0,2026-01-22 11:07:00
S002472,99E95433,Android-MidTier,PAN,Tamil Nadu,0,0,0,165,consent_sign,3.5,0,2026-01-18 06:58:00
S002473,E1D5C0DC,iOS-HighEnd,Driving License,Gujarat,0,0,0,25,phone_otp,0.0,1,2026-02-10 10:16:00
S002474,A0EE404F,Android-MidTier,Passport,West Bengal,0,0,0,106,consent_sign,3.5,0,2026-02-22 00:04:00
S002475,3527BCEE,Android-Budget,Aadhaar,Tamil Nadu,1,0,2,151,consent_sign,5.0,0,2026-02-21 12:53:00
S002476,0E18AB96,iOS-HighEnd,Passport,Gujarat,0,0,0,2,registration,0.0,1,2026-01-05 21:35:00
S002477,253741E4,Android-MidTier,Passport,Tamil Nadu,0,0,0,144,consent_sign,3.5,0,2026-02-04 23:17:00
S002478,93FDE248,iOS-HighEnd,Passport,Delhi,0,0,0,3,registration,0.0,1,2026-01-01 18:24:00
S002479,54C3B22E,iOS-HighEnd,Passport,Delhi,0,0,1,148,consent_sign,3.5,0,2026-01-22 01:42:00
S002480,1BE00F8E,Android-Budget,Aadhaar,Gujarat,0,1,1,165,consent_sign,5.5,0,2026-01-01 11:03:00
S002481,294D43ED,Android-Budget,PAN,Gujarat,0,1,1,172,consent_sign,5.5,0,2026-01-30 13:08:00
S002482,A9325AE1,iOS-HighEnd,PAN,Tamil Nadu,0,0,0,171,consent_sign,3.5,0,2026-01-27 09:24:00
S002483,92811C92,iOS-HighEnd,Driving License,Gujarat,0,0,0,38,doc_upload,0.0,1,2026-01-24 03:34:00
S002484,F75EFED8,Android-MidTier,PAN,West Bengal,0,1,2,226,consent_sign,5.5,0,2026-02-10 19:43:00
S002485,5C3552B3,Android-MidTier,Passport,Maharashtra,0,0,0,103,liveness_check,1.5,1,2026-02-22 22:51:00
S002486,C4BD338E,Android-MidTier,Passport,West Bengal,0,0,0,142,consent_sign,3.5,0,2026-01-16 09:26:00
S002487,E5C482FF,Android-MidTier,Passport,Maharashtra,1,0,1,178,consent_sign,5.0,0,2026-01-31 21:30:00
S002488,C2294116,Android-MidTier,Aadhaar,Tamil Nadu,1,0,1,109,doc_upload,1.5,1,2026-01-30 09:56:00
S002489,109EFB40,Android-Budget,PAN,Karnataka,3,0,3,158,doc_upload,4.5,1,2026-01-29 00:08:00
S002490,1F3CEA1D,iOS-HighEnd,Passport,West Bengal,0,1,1,144,consent_sign,5.5,1,2026-02-17 01:10:00
S002491,54470290,Android-MidTier,Aadhaar,Karnataka,0,0,0,160,consent_sign,3.5,0,2026-01-28 19:39:00
S002492,35B86D0A,Android-Budget,Aadhaar,West Bengal,0,2,2,218,consent_sign,7.5,0,2026-02-19 19:51:00
S002493,0EE52F63,iOS-HighEnd,PAN,West Bengal,0,0,0,125,consent_sign,3.5,0,2026-01-18 18:05:00
S002494,FAB6AD91,iOS-HighEnd,PAN,Delhi,0,0,1,186,consent_sign,3.5,0,2026-01-16 21:10:00
S002495,16718639,iOS-HighEnd,Aadhaar,Karnataka,0,2,2,178,consent_sign,7.5,0,2026-01-15 17:22:00
S002496,9AD2BB72,Android-MidTier,Driving License,West Bengal,0,0,0,123,consent_sign,3.5,0,2026-02-24 00:58:00
S002497,B4F136FC,Android-MidTier,Aadhaar,Tamil Nadu,0,0,0,131,consent_sign,3.5,0,2026-01-08 03:55:00
S002498,D90949AA,iOS-HighEnd,Driving License,Karnataka,0,0,0,139,consent_sign,3.5,0,2026-02-24 19:06:00
S002499,933C8D00,Android-Budget,PAN,Gujarat,0,1,1,138,liveness_check,3.5,1,2026-02-24 06:34:00
S002500,ED56C714,Android-MidTier,Aadhaar,Gujarat,0,0,0,146,consent_sign,3.5,0,2026-03-02 04:28:00
S002501,7F13DE67,Android-MidTier,Aadhaar,Tamil Nadu,0,0,0,134,consent_sign,3.5,0,2026-02-17 07:09:00
S002502,7F6BF62C,Android-Budget,Passport,Gujarat,0,1,1,121,consent_sign,5.5,0,2026-02-25 03:16:00
S002503,E237C877,iOS-HighEnd,Aadhaar,Tamil Nadu,0,0,1,145,consent_sign,3.5,0,2026-03-01 23:50:00
S002504,4A5D6CEA,Android-Budget,PAN,Gujarat,0,0,0,104,consent_sign,3.5,0,2026-01-07 18:25:00
S002505,1E42D2B8,Android-MidTier,Passport,Delhi,0,1,1,143,liveness_check,3.5,1,2026-02-04 01:59:00
S002506,CBF6AA23,Android-MidTier,Aadhaar,West Bengal,0,0,0,24,phone_otp,0.0,1,2026-02-02 14:10:00
S002507,3513A238,Android-MidTier,Passport,Delhi,0,1,1,180,consent_sign,5.5,0,2026-02-15 15:38:00
S002508,6A25542E,Android-MidTier,PAN,Karnataka,0,1,1,153,consent_sign,5.5,0,2026-01-14 06:59:00
S002509,5982AA44,Android-MidTier,Aadhaar,Karnataka,0,0,0,142,consent_sign,3.5,0,2026-02-19 22:33:00
S002510,365BC763,iOS-HighEnd,Passport,Karnataka,0,0,0,135,consent_sign,3.5,0,2026-02-10 16:00:00
S002511,B0A4F557,Android-MidTier,Passport,Gujarat,0,0,0,49,doc_upload,0.0,1,2026-01-09 07:32:00
S002512,115DB44F,Android-MidTier,PAN,Maharashtra,0,0,0,129,consent_sign,3.5,0,2026-01-16 01:50:00
S002513,8CCC617E,Android-Budget,PAN,West Bengal,2,2,4,218,consent_sign,10.5,0,2026-01-03 00:52:00
S002514,1D2467E2,Android-Budget,Passport,Gujarat,0,0,1,155,consent_sign,3.5,0,2026-01-07 04:18:00
S002515,65637D1F,Android-MidTier,Driving License,Delhi,0,0,0,35,phone_otp,0.0,1,2026-01-05 06:46:00
S002516,F5C9F459,Android-MidTier,Aadhaar,Maharashtra,0,1,1,165,consent_sign,5.5,0,2026-01-01 12:14:00
S002517,31AB0158,iOS-HighEnd,Passport,Tamil Nadu,0,0,0,117,consent_sign,3.5,0,2026-01-22 10:51:00
S002518,EC1A86D3,iOS-HighEnd,Driving License,West Bengal,0,0,0,129,consent_sign,3.5,0,2026-02-21 05:48:00
S002519,7978DC84,iOS-HighEnd,PAN,Gujarat,0,0,0,128,consent_sign,3.5,0,2026-01-13 01:21:00
S002520,22C0C475,Android-Budget,Passport,Delhi,0,0,0,99,consent_sign,3.5,0,2026-01-11 23:23:00
S002521,75EB0E8F,iOS-HighEnd,Driving License,Gujarat,0,0,1,171,consent_sign,3.5,0,2026-01-04 02:53:00
S002522,E55B93AD,iOS-HighEnd,PAN,West Bengal,0,0,0,130,consent_sign,3.5,0,2026-01-30 22:36:00
S002523,D06D3943,iOS-HighEnd,Aadhaar,Tamil Nadu,2,0,2,107,doc_upload,3.0,1,2026-01-24 05:45:00
S002524,0E5779EC,iOS-HighEnd,Passport,Karnataka,0,0,0,160,consent_sign,3.5,0,2026-02-21 04:59:00
S002525,90A014AB,Android-Budget,Driving License,Tamil Nadu,0,0,0,110,consent_sign,3.5,0,2026-02-11 07:25:00
S002526,8E2017E1,Android-MidTier,Aadhaar,West Bengal,0,0,0,2,registration,0.0,1,2026-01-10 23:14:00
S002527,93D054E4,iOS-HighEnd,Passport,Maharashtra,0,0,0,130,consent_sign,3.5,0,2026-01-02 03:59:00
S002528,EA8B31F5,iOS-HighEnd,Aadhaar,Delhi,0,0,0,143,consent_sign,3.5,0,2026-02-19 06:00:00
S002529,10F35676,Android-MidTier,PAN,Delhi,0,0,0,125,consent_sign,3.5,0,2026-02-09 18:47:00
S002530,D73AAE7B,iOS-HighEnd,Aadhaar,Karnataka,0,0,0,120,consent_sign,3.5,0,2026-02-12 18:25:00
S002531,600FC79C,Android-MidTier,Driving License,West Bengal,0,0,2,176,consent_sign,3.5,0,2026-02-08 20:22:00
S002532,2A7CF9E9,iOS-HighEnd,PAN,Delhi,0,0,0,157,consent_sign,3.5,0,2026-02-07 02:25:00
S002533,2FF8107A,Android-MidTier,Aadhaar,Delhi,1,1,2,156,liveness_check,5.0,1,2026-01-23 20:35:00
S002534,C847B130,iOS-HighEnd,Passport,Karnataka,1,0,1,156,consent_sign,5.0,0,2026-02-12 05:31:00
S002535,DB9A0EB7,iOS-HighEnd,Passport,Delhi,0,0,0,93,consent_sign,3.5,0,2026-01-07 23:33:00
S002536,4580DAC2,Android-MidTier,PAN,Maharashtra,0,0,0,119,consent_sign,3.5,0,2026-02-23 09:42:00
S002537,E0864418,Android-MidTier,Passport,Karnataka,0,0,0,136,consent_sign,3.5,0,2026-01-23 13:46:00
S002538,D4575305,Android-MidTier,Passport,Delhi,0,0,0,121,consent_sign,3.5,0,2026-02-25 22:59:00
S002539,866CFB2B,Android-Budget,Driving License,Gujarat,0,0,0,142,consent_sign,3.5,0,2026-01-15 08:54:00
S002540,5FCC997D,Android-MidTier,PAN,Karnataka,0,0,0,124,consent_sign,3.5,0,2026-01-18 18:20:00
S002541,33BCB8A9,iOS-HighEnd,Aadhaar,Delhi,0,0,0,4,registration,0.0,1,2026-02-16 13:42:00
S002542,8188DE48,Android-Budget,Aadhaar,Tamil Nadu,0,2,2,237,consent_sign,7.5,0,2026-01-30 02:38:00
S002543,E7AB2EF7,Android-MidTier,Driving License,Delhi,0,0,0,166,consent_sign,3.5,0,2026-01-26 05:24:00
S002544,5711D5FD,Android-MidTier,Driving License,Karnataka,0,0,0,158,consent_sign,3.5,0,2026-01-28 10:13:00
S002545,DFB68A5F,Android-MidTier,Passport,West Bengal,0,0,2,29,registration,0.0,1,2026-03-01 15:24:00
S002546,53CC6B95,iOS-HighEnd,Passport,Delhi,0,0,0,165,consent_sign,3.5,0,2026-01-15 15:19:00
S002547,192703A7,Android-Budget,Passport,Tamil Nadu,0,0,0,2,registration,0.0,1,2026-01-14 04:45:00
S002548,84222F58,Android-MidTier,PAN,Delhi,0,0,0,106,consent_sign,3.5,0,2026-02-06 11:33:00
S002549,3487246C,Android-Budget,Passport,Karnataka,2,0,2,193,consent_sign,6.5,0,2026-01-22 08:55:00
S002550,6338FB29,iOS-HighEnd,Passport,Gujarat,0,0,0,134,consent_sign,3.5,0,2026-01-31 22:16:00
S002551,1DA76D69,Android-MidTier,PAN,Tamil Nadu,0,0,0,95,consent_sign,3.5,0,2026-01-27 12:55:00
S002552,0B458C23,Android-Budget,Driving License,Tamil Nadu,1,1,2,168,liveness_check,5.0,1,2026-01-13 02:33:00
S002553,DF3334C6,Android-MidTier,PAN,Gujarat,0,0,0,36,phone_otp,0.0,1,2026-02-04 17:15:00
S002554,E3A1AF97,Android-MidTier,PAN,Gujarat,0,0,0,151,consent_sign,3.5,0,2026-01-13 16:47:00
S002555,C4246277,Android-Budget,Driving License,Tamil Nadu,1,0,1,163,consent_sign,5.0,0,2026-01-13 14:32:00
S002556,05C14422,Android-Budget,Driving License,West Bengal,0,0,0,44,doc_upload,0.0,1,2026-01-20 23:44:00
S002557,A38BBAA4,iOS-HighEnd,Driving License,Tamil Nadu,0,0,0,154,consent_sign,3.5,0,2026-01-01 11:05:00
S002558,33579B27,iOS-HighEnd,PAN,Tamil Nadu,0,0,0,137,consent_sign,3.5,0,2026-02-01 13:52:00
S002559,88433A38,Android-Budget,Passport,Maharashtra,1,1,2,263,consent_sign,7.0,0,2026-01-04 02:14:00
S002560,ABCEC90F,Android-Budget,Driving License,West Bengal,3,0,3,231,doc_upload,4.5,1,2026-01-15 21:19:00
S002561,2851A8BE,Android-MidTier,Aadhaar,Gujarat,0,0,0,136,consent_sign,3.5,1,2026-01-15 14:08:00
S002562,F5530567,Android-MidTier,Aadhaar,Delhi,0,0,0,130,consent_sign,3.5,0,2026-01-20 10:06:00
S002563,1A354475,Android-MidTier,Aadhaar,Gujarat,0,0,1,55,doc_upload,0.0,1,2026-01-19 05:30:00
S002564,8CA33A54,Android-MidTier,PAN,Maharashtra,0,0,0,4,registration,0.0,1,2026-01-12 09:59:00
S002565,F17AA7A9,Android-MidTier,Passport,Gujarat,2,0,2,147,doc_upload,3.0,1,2026-02-15 06:20:00
S002566,92F71993,Android-MidTier,Driving License,Karnataka,2,0,2,206,consent_sign,6.5,0,2026-02-26 15:22:00
S002567,4FB67094,iOS-HighEnd,Passport,Maharashtra,0,0,0,111,consent_sign,3.5,0,2026-01-25 22:40:00
S002568,8A6342CA,Android-MidTier,Passport,Maharashtra,0,0,0,114,consent_sign,3.5,0,2026-02-22 13:54:00
S002569,076C108D,iOS-HighEnd,Passport,Gujarat,0,0,0,98,consent_sign,3.5,0,2026-02-08 12:20:00
S002570,0CEAAF73,iOS-HighEnd,Driving License,Gujarat,0,0,0,145,consent_sign,3.5,0,2026-01-09 16:12:00
S002571,160BEED4,Android-Budget,Driving License,West Bengal,1,0,1,167,consent_sign,5.0,0,2026-01-11 07:14:00
S002572,B465C027,Android-MidTier,PAN,Tamil Nadu,1,1,2,157,consent_sign,7.0,0,2026-02-23 23:05:00
S002573,A124FDB2,iOS-HighEnd,Driving License,Maharashtra,0,0,0,84,liveness_check,1.5,1,2026-02-01 11:44:00
S002574,7222534D,iOS-HighEnd,Passport,Gujarat,0,0,0,72,liveness_check,1.5,1,2026-02-12 00:09:00
S002575,5513B74F,Android-MidTier,Driving License,Gujarat,0,0,0,163,consent_sign,3.5,0,2026-01-31 16:51:00
S002576,C226AB53,iOS-HighEnd,Passport,West Bengal,0,0,0,130,consent_sign,3.5,0,2026-02-07 06:10:00
S002577,141B9098,Android-Budget,Aadhaar,West Bengal,0,0,1,31,registration,0.0,1,2026-02-10 11:47:00
S002578,C3B1927B,Android-MidTier,Driving License,Maharashtra,0,1,1,162,consent_sign,5.5,0,2026-01-26 02:58:00
S002579,17C95AAA,Android-MidTier,Aadhaar,West Bengal,0,1,1,179,consent_sign,5.5,0,2026-02-10 04:07:00
S002580,B2D7692A,iOS-HighEnd,Passport,Delhi,0,0,0,131,consent_sign,3.5,0,2026-01-30 22:02:00
S002581,4F75D45A,Android-MidTier,Aadhaar,Delhi,0,1,1,133,liveness_check,3.5,1,2026-01-22 14:53:00
S002582,C438EAE0,Android-MidTier,PAN,Maharashtra,0,0,0,34,phone_otp,0.0,1,2026-01-21 05:58:00
S002583,F28BF846,Android-Budget,PAN,West Bengal,1,0,1,199,consent_sign,5.0,0,2026-01-20 14:17:00
S002584,E54CA6CA,iOS-HighEnd,Driving License,Tamil Nadu,0,0,0,3,registration,0.0,1,2026-02-12 15:03:00
S002585,5D0B042D,iOS-HighEnd,PAN,Gujarat,0,0,0,145,consent_sign,3.5,0,2026-02-08 08:27:00
S002586,EAD1D758,Android-MidTier,Passport,Tamil Nadu,0,0,0,142,consent_sign,3.5,0,2026-02-06 16:43:00
S002587,DC5CD673,Android-MidTier,PAN,Gujarat,1,0,1,187,consent_sign,5.0,0,2026-02-28 15:45:00
S002588,7CCD3DC0,iOS-HighEnd,Passport,Delhi,0,0,0,28,phone_otp,0.0,1,2026-02-12 22:24:00
S002589,1CE62A9F,iOS-HighEnd,Passport,West Bengal,0,0,0,2,registration,0.0,1,2026-02-20 18:15:00
S002590,D8842354,iOS-HighEnd,Driving License,West Bengal,0,0,0,104,consent_sign,3.5,0,2026-02-24 11:36:00
S002591,593EDC83,iOS-HighEnd,PAN,Karnataka,0,0,1,115,consent_sign,3.5,1,2026-01-04 17:45:00
S002592,8208FD42,iOS-HighEnd,Passport,West Bengal,0,0,0,3,registration,0.0,1,2026-01-11 12:45:00
S002593,B6DA99CD,iOS-HighEnd,Passport,Delhi,0,0,0,140,consent_sign,3.5,0,2026-01-24 05:36:00
S002594,8E5FD65F,iOS-HighEnd,Passport,Tamil Nadu,0,0,0,116,consent_sign,3.5,0,2026-01-24 08:34:00
S002595,4D579D00,iOS-HighEnd,Passport,Delhi,0,0,0,148,consent_sign,3.5,0,2026-01-23 07:38:00
S002596,972D5D57,Android-MidTier,Driving License,West Bengal,0,1,1,159,consent_sign,5.5,0,2026-02-19 05:31:00
S002597,3E628981,Android-MidTier,Passport,West Bengal,0,1,1,147,consent_sign,5.5,0,2026-02-08 23:29:00
S002598,7B7CE7CC,Android-MidTier,Aadhaar,Maharashtra,0,0,1,171,consent_sign,3.5,0,2026-02-14 03:36:00
S002599,354F184E,iOS-HighEnd,PAN,Maharashtra,1,0,1,194,consent_sign,5.0,0,2026-02-11 16:12:00
S002600,6E5FBF71,iOS-HighEnd,PAN,Karnataka,0,0,0,4,registration,0.0,1,2026-02-08 07:06:00
S002601,9134C0B7,iOS-HighEnd,Driving License,Tamil Nadu,0,0,0,157,consent_sign,3.5,0,2026-01-31 23:16:00
S002602,B1B2B5F8,iOS-HighEnd,Aadhaar,Delhi,0,0,0,1,registration,0.0,1,2026-02-19 08:17:00
S002603,AB6B3F08,iOS-HighEnd,Driving License,Delhi,0,0,0,154,consent_sign,3.5,0,2026-02-28 21:06:00
S002604,B63FA809,Android-MidTier,Aadhaar,Tamil Nadu,0,0,2,63,phone_otp,0.0,1,2026-02-01 20:59:00
S002605,1D444351,Android-MidTier,Passport,Maharashtra,0,0,0,46,doc_upload,0.0,1,2026-01-25 10:53:00
S002606,534BFA86,Android-MidTier,PAN,Karnataka,0,0,0,110,consent_sign,3.5,0,2026-01-10 02:08:00
S002607,71F9B0E2,Android-MidTier,Driving License,Maharashtra,0,0,0,165,consent_sign,3.5,0,2026-02-10 11:01:00
S002608,67E2189B,Android-MidTier,Driving License,Maharashtra,0,1,1,185,consent_sign,5.5,0,2026-02-07 07:32:00
S002609,AF7D7F21,Android-MidTier,PAN,Delhi,0,0,1,124,consent_sign,3.5,0,2026-01-10 06:34:00
S002610,D1E2B878,iOS-HighEnd,PAN,Karnataka,0,0,0,130,consent_sign,3.5,0,2026-02-13 09:37:00
S002611,A51E01AD,iOS-HighEnd,Passport,Gujarat,0,1,2,229,consent_sign,5.5,0,2026-02-10 12:41:00
S002612,37B567B4,iOS-HighEnd,Aadhaar,Maharashtra,0,0,0,3,registration,0.0,1,2026-01-30 22:24:00
S002613,94AD345A,Android-Budget,PAN,Tamil Nadu,0,0,0,138,consent_sign,3.5,0,2026-01-24 05:15:00
S002614,CF51A203,iOS-HighEnd,Aadhaar,West Bengal,0,0,0,129,consent_sign,3.5,0,2026-01-15 13:27:00
S002615,A92F85FE,iOS-HighEnd,Driving License,Gujarat,0,1,1,156,consent_sign,5.5,0,2026-02-16 12:09:00
S002616,4A9FF50E,iOS-HighEnd,Driving License,West Bengal,0,0,0,124,consent_sign,3.5,0,2026-02-01 11:20:00
S002617,7279101C,Android-Budget,PAN,Delhi,1,0,1,199,consent_sign,5.0,0,2026-01-03 20:45:00
S002618,E09EF2A3,iOS-HighEnd,Passport,Delhi,0,1,1,117,liveness_check,3.5,1,2026-01-07 06:07:00
S002619,CB5A4D77,Android-MidTier,Driving License,Gujarat,0,1,1,162,consent_sign,5.5,0,2026-02-15 19:36:00
S002620,EB22EC1D,Android-MidTier,Passport,Gujarat,0,0,0,18,phone_otp,0.0,1,2026-02-06 07:14:00
S002621,B7C12A4C,Android-Budget,PAN,Delhi,0,0,0,116,consent_sign,3.5,0,2026-01-18 01:58:00
S002622,FD8398C3,Android-MidTier,Passport,Maharashtra,0,0,1,34,phone_otp,0.0,1,2026-01-05 10:27:00
S002623,9C8AA872,iOS-HighEnd,PAN,Tamil Nadu,0,0,1,165,consent_sign,3.5,0,2026-01-08 09:15:00
S002624,D8FEB8DE,Android-MidTier,Passport,Gujarat,0,0,0,127,consent_sign,3.5,0,2026-01-09 05:56:00
S002625,0FFA2366,Android-MidTier,PAN,West Bengal,1,0,1,147,consent_sign,5.0,0,2026-02-12 22:00:00
S002626,F7C8435F,Android-MidTier,PAN,Tamil Nadu,0,0,0,141,consent_sign,3.5,0,2026-02-21 11:43:00
S002627,8F5E248E,Android-MidTier,Passport,Delhi,0,0,0,138,consent_sign,3.5,0,2026-01-02 19:49:00
S002628,1C153057,iOS-HighEnd,Passport,Tamil Nadu,0,0,0,170,consent_sign,3.5,0,2026-01-14 07:50:00
S002629,07FBB920,Android-MidTier,Passport,Tamil Nadu,0,0,0,150,consent_sign,3.5,0,2026-01-06 07:49:00
S002630,9714FADC,Android-MidTier,Driving License,Maharashtra,0,0,0,159,consent_sign,3.5,0,2026-01-28 11:33:00
S002631,B636CC4C,Android-MidTier,PAN,Delhi,0,0,0,144,consent_sign,3.5,0,2026-02-26 09:50:00
S002632,6F689D65,iOS-HighEnd,Driving License,Gujarat,0,0,0,124,consent_sign,3.5,0,2026-02-17 16:15:00
S002633,2C649ADF,iOS-HighEnd,PAN,Gujarat,0,0,0,4,registration,0.0,1,2026-02-19 21:23:00
S002634,8E301BCC,Android-Budget,PAN,Delhi,1,0,1,180,consent_sign,5.0,0,2026-02-23 01:30:00
S002635,5C3BD3B5,Android-MidTier,PAN,Maharashtra,0,1,1,110,liveness_check,3.5,1,2026-01-15 16:36:00
S002636,49D93A08,Android-MidTier,PAN,Tamil Nadu,0,0,0,64,doc_upload,0.0,1,2026-01-19 01:39:00
S002637,2023FD4B,iOS-HighEnd,PAN,Tamil Nadu,0,0,0,2,registration,0.0,1,2026-01-08 13:46:00
S002638,A5FCD671,Android-MidTier,Driving License,Tamil Nadu,0,0,0,20,doc_upload,0.0,1,2026-01-12 10:56:00
S002639,E288109D,Android-Budget,Driving License,Tamil Nadu,0,0,0,53,doc_upload,0.0,1,2026-01-10 05:23:00
S002640,F997F697,Android-MidTier,Aadhaar,Tamil Nadu,0,0,0,139,consent_sign,3.5,0,2026-01-10 21:48:00
S002641,2320DE16,iOS-HighEnd,Driving License,Maharashtra,0,0,0,138,consent_sign,3.5,0,2026-02-16 18:47:00
S002642,DC32F8A0,Android-MidTier,Aadhaar,Karnataka,0,0,1,58,phone_otp,0.0,1,2026-02-11 11:50:00
S002643,B2051CEC,iOS-HighEnd,PAN,West Bengal,0,0,0,20,phone_otp,0.0,1,2026-02-27 01:29:00
S002644,9F8D367D,Android-MidTier,Aadhaar,Karnataka,0,0,0,126,consent_sign,3.5,0,2026-01-27 02:17:00
S002645,6C936F69,iOS-HighEnd,PAN,West Bengal,0,0,0,115,consent_sign,3.5,0,2026-01-22 13:56:00
S002646,627CA9F7,iOS-HighEnd,Passport,West Bengal,0,0,0,155,consent_sign,3.5,0,2026-02-12 20:52:00
S002647,6CBDD931,iOS-HighEnd,Aadhaar,Tamil Nadu,0,0,0,88,liveness_check,1.5,1,2026-01-11 10:04:00
S002648,7F8736F1,Android-Budget,Passport,Karnataka,1,0,1,102,doc_upload,1.5,1,2026-01-10 01:23:00
S002649,B64E26CF,iOS-HighEnd,Passport,Maharashtra,0,0,0,122,consent_sign,3.5,0,2026-02-22 12:33:00
S002650,ED3353FC,iOS-HighEnd,Aadhaar,Maharashtra,0,0,2,215,consent_sign,3.5,0,2026-01-26 21:52:00
S002651,0890F506,Android-MidTier,PAN,Maharashtra,0,0,0,120,consent_sign,3.5,1,2026-01-01 23:09:00
S002652,7BB775D4,Android-MidTier,Driving License,Karnataka,0,0,0,105,consent_sign,3.5,0,2026-01-16 04:59:00
S002653,948C7EB4,Android-MidTier,Passport,Maharashtra,0,3,3,241,consent_sign,7.5,0,2026-01-02 07:46:00
S002654,147F0413,Android-Budget,Aadhaar,Tamil Nadu,0,0,0,4,registration,0.0,1,2026-01-08 09:36:00
S002655,86C2AD8F,Android-Budget,Passport,Tamil Nadu,1,2,3,229,consent_sign,9.0,0,2026-01-26 01:08:00
S002656,C02627D1,Android-MidTier,Aadhaar,Delhi,0,0,0,139,consent_sign,3.5,0,2026-01-12 15:31:00
S002657,8456CE4F,Android-MidTier,Aadhaar,Maharashtra,1,1,2,229,consent_sign,7.0,0,2026-02-06 15:51:00
S002658,9C2D9672,Android-Budget,Passport,Tamil Nadu,0,0,0,132,consent_sign,3.5,0,2026-01-22 06:26:00
S002659,A1731ED8,iOS-HighEnd,Passport,Gujarat,0,0,0,161,consent_sign,3.5,0,2026-01-17 22:51:00
S002660,AB310BFE,iOS-HighEnd,Passport,West Bengal,0,0,0,11,phone_otp,0.0,1,2026-02-27 13:14:00
S002661,8A08D40E,Android-MidTier,PAN,Gujarat,0,0,0,130,consent_sign,3.5,0,2026-01-04 01:33:00
S002662,9CF021B8,iOS-HighEnd,PAN,Delhi,1,0,1,186,consent_sign,5.0,0,2026-02-23 15:07:00
S002663,88F7F097,iOS-HighEnd,PAN,Delhi,0,0,0,106,consent_sign,3.5,0,2026-01-21 21:09:00
S002664,743B9F71,Android-MidTier,Aadhaar,Delhi,0,1,1,109,liveness_check,3.5,1,2026-01-13 10:57:00
S002665,92EF63C1,iOS-HighEnd,PAN,Delhi,0,0,0,141,consent_sign,3.5,0,2026-01-21 02:22:00
S002666,5A589B67,Android-Budget,Aadhaar,Maharashtra,1,0,1,181,consent_sign,5.0,0,2026-01-14 17:46:00
S002667,4B6C14E4,Android-Budget,Passport,Tamil Nadu,0,0,0,119,consent_sign,3.5,0,2026-02-27 06:20:00
S002668,B1EEDF64,Android-MidTier,Driving License,Delhi,0,0,0,113,consent_sign,3.5,0,2026-01-24 05:47:00
S002669,4DD7962B,Android-MidTier,Passport,West Bengal,0,0,1,114,consent_sign,3.5,0,2026-02-15 11:11:00
S002670,42AC66DC,iOS-HighEnd,PAN,West Bengal,0,0,0,112,consent_sign,3.5,1,2026-02-22 02:38:00
S002671,94010DFE,Android-MidTier,Passport,Tamil Nadu,0,1,1,175,consent_sign,5.5,0,2026-01-14 02:31:00
S002672,A8049463,Android-MidTier,Driving License,Maharashtra,0,0,0,138,consent_sign,3.5,0,2026-02-27 20:24:00
S002673,BCC4F0DB,iOS-HighEnd,Aadhaar,Karnataka,0,1,1,173,consent_sign,5.5,0,2026-02-25 14:18:00
S002674,7C193E6F,Android-MidTier,Aadhaar,Karnataka,0,1,1,103,liveness_check,3.5,1,2026-01-10 15:38:00
S002675,13AD3EAD,Android-Budget,Driving License,Gujarat,0,0,0,144,consent_sign,3.5,0,2026-02-26 20:33:00
S002676,408669BB,Android-MidTier,Driving License,Gujarat,0,1,1,169,consent_sign,5.5,0,2026-01-04 16:08:00
S002677,4674A0EB,Android-MidTier,Driving License,Maharashtra,0,0,0,119,consent_sign,3.5,0,2026-01-24 18:16:00
S002678,BDCE4D4D,Android-Budget,Passport,Tamil Nadu,0,0,1,173,consent_sign,3.5,0,2026-01-30 15:32:00
S002679,E8FE6095,Android-Budget,PAN,Tamil Nadu,0,3,4,234,consent_sign,7.5,0,2026-02-25 00:30:00
S002680,A8BE6C80,Android-Budget,Driving License,Gujarat,1,0,1,197,consent_sign,5.0,0,2026-02-27 22:05:00
S002681,2CE6F908,iOS-HighEnd,Aadhaar,Maharashtra,0,0,0,107,consent_sign,3.5,0,2026-01-09 06:12:00
S002682,3C775558,iOS-HighEnd,Passport,Gujarat,0,0,0,134,consent_sign,3.5,0,2026-01-26 14:02:00
S002683,8702F4AD,iOS-HighEnd,Passport,Maharashtra,0,0,0,130,consent_sign,3.5,0,2026-02-11 13:56:00
S002684,FBEC1ED8,iOS-HighEnd,PAN,Delhi,0,0,0,149,consent_sign,3.5,0,2026-02-02 10:18:00
S002685,987593C3,Android-MidTier,Passport,Karnataka,0,0,0,129,consent_sign,3.5,0,2026-02-15 02:17:00
S002686,D66DE2A1,Android-MidTier,Driving License,Tamil Nadu,1,1,2,174,consent_sign,7.0,0,2026-01-20 08:37:00
S002687,69B6F3B7,Android-Budget,PAN,Tamil Nadu,1,0,1,184,consent_sign,5.0,0,2026-01-27 01:56:00
S002688,A9217DDC,Android-MidTier,Passport,Tamil Nadu,0,0,0,141,consent_sign,3.5,0,2026-02-26 07:32:00
S002689,2AD3136F,Android-MidTier,Aadhaar,Maharashtra,0,0,0,139,consent_sign,3.5,0,2026-02-07 10:27:00
S002690,D7825EA3,Android-MidTier,Aadhaar,Delhi,0,0,0,150,consent_sign,3.5,0,2026-01-21 05:20:00
S002691,43AF6C46,iOS-HighEnd,Aadhaar,Gujarat,0,1,1,188,consent_sign,5.5,0,2026-01-22 09:30:00
S002692,0D722918,Android-Budget,Aadhaar,West Bengal,0,1,1,177,consent_sign,5.5,0,2026-02-13 05:24:00
S002693,79EA5621,Android-Budget,Driving License,Delhi,0,1,2,143,liveness_check,3.5,1,2026-02-11 20:27:00
S002694,F2C0A0CF,Android-Budget,PAN,Tamil Nadu,0,1,1,117,liveness_check,3.5,1,2026-01-05 22:22:00
S002695,3BD13A43,Android-MidTier,PAN,Delhi,0,1,1,107,liveness_check,3.5,1,2026-01-08 19:40:00
S002696,63DBA8C8,iOS-HighEnd,PAN,Tamil Nadu,0,0,0,4,registration,0.0,1,2026-02-09 16:04:00
S002697,87CB0E2A,Android-MidTier,Aadhaar,Delhi,0,0,0,130,consent_sign,3.5,0,2026-01-26 22:49:00
S002698,49EE4969,Android-MidTier,PAN,West Bengal,0,0,0,128,consent_sign,3.5,0,2026-02-21 12:46:00
S002699,61CB0527,Android-Budget,PAN,Delhi,0,0,1,153,consent_sign,3.5,0,2026-02-13 20:10:00
S002700,87BEB021,iOS-HighEnd,Aadhaar,Gujarat,0,0,0,126,consent_sign,3.5,0,2026-02-21 05:53:00
S002701,18ECDE2B,iOS-HighEnd,Passport,Delhi,0,0,0,139,consent_sign,3.5,1,2026-02-23 11:43:00
S002702,5A947A40,Android-MidTier,Passport,Karnataka,0,0,0,129,consent_sign,3.5,0,2026-01-07 22:29:00
S002703,9C48C830,iOS-HighEnd,Driving License,Tamil Nadu,0,0,0,146,consent_sign,3.5,0,2026-02-16 00:52:00
S002704,45C87F41,Android-MidTier,PAN,West Bengal,3,0,3,182,doc_upload,4.5,1,2026-02-14 22:37:00
S002705,CD649AFF,iOS-HighEnd,Aadhaar,West Bengal,0,0,0,143,consent_sign,3.5,0,2026-02-08 20:50:00
S002706,958C9CFD,iOS-HighEnd,Driving License,Delhi,0,0,0,115,consent_sign,3.5,0,2026-02-02 04:41:00
S002707,ACDFE0FF,iOS-HighEnd,Passport,Maharashtra,0,0,0,91,consent_sign,3.5,0,2026-02-14 22:10:00
S002708,AC00F929,iOS-HighEnd,Driving License,Maharashtra,0,0,0,133,consent_sign,3.5,0,2026-02-08 04:30:00
S002709,851B9860,Android-Budget,Passport,Gujarat,1,1,2,168,consent_sign,7.0,0,2026-01-02 14:54:00
S002710,FE43541A,Android-MidTier,PAN,Maharashtra,0,0,0,166,consent_sign,3.5,0,2026-01-07 11:11:00
S002711,02B53D3D,Android-Budget,Passport,Gujarat,2,0,2,131,doc_upload,3.0,1,2026-02-20 17:01:00
S002712,11654CB3,Android-MidTier,Aadhaar,Delhi,0,1,1,96,liveness_check,3.5,1,2026-02-27 09:38:00
S002713,8677B81D,Android-MidTier,Aadhaar,Karnataka,0,0,0,140,consent_sign,3.5,0,2026-01-01 17:26:00
S002714,59FCFAEB,iOS-HighEnd,PAN,Tamil Nadu,0,0,0,60,liveness_check,1.5,1,2026-02-09 00:58:00
S002715,407C4370,iOS-HighEnd,PAN,Maharashtra,0,0,0,158,consent_sign,3.5,0,2026-01-17 03:37:00
S002716,9E90D107,iOS-HighEnd,Aadhaar,Maharashtra,0,1,1,140,consent_sign,5.5,0,2026-01-29 11:52:00
S002717,98197749,iOS-HighEnd,PAN,West Bengal,1,0,2,183,consent_sign,5.0,0,2026-02-05 00:10:00
S002718,3781D306,Android-MidTier,Passport,Gujarat,1,0,2,124,doc_upload,1.5,1,2026-02-23 08:54:00
S002719,1F2DA344,iOS-HighEnd,Aadhaar,Tamil Nadu,0,0,0,135,consent_sign,3.5,0,2026-01-16 05:20:00
S002720,161D6ACF,Android-MidTier,Aadhaar,West Bengal,1,2,3,205,consent_sign,9.0,0,2026-01-17 06:42:00
S002721,603ECFEF,Android-MidTier,PAN,Karnataka,0,1,1,108,liveness_check,3.5,1,2026-01-11 03:10:00
S002722,A5DD2836,Android-MidTier,Aadhaar,Delhi,0,1,1,139,consent_sign,5.5,0,2026-01-24 01:05:00
S002723,2F4CFEFB,Android-MidTier,PAN,Gujarat,0,0,0,26,phone_otp,0.0,1,2026-02-24 21:23:00
S002724,2F2BDC13,Android-MidTier,Aadhaar,Delhi,0,0,0,146,consent_sign,3.5,0,2026-01-31 04:32:00
S002725,A9151364,iOS-HighEnd,PAN,Karnataka,0,0,0,154,consent_sign,3.5,0,2026-02-16 14:03:00
S002726,7414E3E1,Android-Budget,Passport,Gujarat,1,0,1,142,consent_sign,5.0,0,2026-01-13 06:15:00
S002727,C4F4B844,Android-Budget,Driving License,Delhi,0,1,2,199,consent_sign,5.5,0,2026-02-19 16:44:00
S002728,AAE6787E,iOS-HighEnd,PAN,Tamil Nadu,0,0,0,121,consent_sign,3.5,0,2026-02-24 03:23:00
S002729,41E0CFAF,Android-MidTier,Aadhaar,West Bengal,0,0,0,35,doc_upload,0.0,1,2026-02-07 15:08:00
S002730,46FC4FF2,Android-MidTier,PAN,West Bengal,0,0,0,117,consent_sign,3.5,0,2026-01-03 23:29:00
S002731,637AA999,Android-MidTier,Driving License,Karnataka,0,0,0,149,consent_sign,3.5,0,2026-01-21 08:14:00
S002732,421BECCA,Android-MidTier,Aadhaar,Delhi,0,0,0,139,consent_sign,3.5,0,2026-01-10 11:51:00
S002733,2D8CC973,iOS-HighEnd,PAN,Gujarat,0,0,1,136,consent_sign,3.5,0,2026-02-11 08:19:00
S002734,FABB6609,Android-Budget,Driving License,Gujarat,0,0,0,153,consent_sign,3.5,0,2026-02-17 10:27:00
S002735,6483B0E7,iOS-HighEnd,Aadhaar,West Bengal,0,0,0,3,registration,0.0,1,2026-02-15 10:04:00
S002736,1BC2197E,iOS-HighEnd,Aadhaar,Delhi,0,0,0,1,registration,0.0,1,2026-02-17 06:31:00
S002737,6E66A273,iOS-HighEnd,Driving License,Maharashtra,1,0,1,165,consent_sign,5.0,0,2026-01-28 01:59:00
S002738,1B332E43,Android-Budget,Driving License,Tamil Nadu,0,2,2,176,liveness_check,5.5,1,2026-01-24 18:48:00
S002739,424D9430,Android-MidTier,Passport,Gujarat,0,0,0,153,consent_sign,3.5,0,2026-02-18 16:16:00
S002740,12068AD6,Android-MidTier,Passport,West Bengal,0,0,0,135,consent_sign,3.5,0,2026-01-17 06:36:00
S002741,C6F903CF,Android-Budget,Passport,Maharashtra,1,0,1,171,consent_sign,5.0,0,2026-02-22 21:22:00
S002742,7F695B97,Android-MidTier,Driving License,Tamil Nadu,0,0,0,4,registration,0.0,1,2026-02-12 22:55:00
S002743,0038DC84,iOS-HighEnd,Passport,Maharashtra,0,0,1,137,consent_sign,3.5,0,2026-01-16 09:08:00
S002744,63F6BF77,iOS-HighEnd,Aadhaar,Gujarat,0,0,0,115,consent_sign,3.5,1,2026-02-18 09:32:00
S002745,546FCBA3,iOS-HighEnd,PAN,Gujarat,0,0,1,180,consent_sign,3.5,0,2026-02-05 02:13:00
S002746,00F2BAA4,Android-MidTier,Driving License,Tamil Nadu,0,0,0,161,consent_sign,3.5,0,2026-02-10 04:12:00
S002747,C55FA445,iOS-HighEnd,PAN,Gujarat,0,0,1,157,consent_sign,3.5,1,2026-01-06 17:03:00
S002748,6766D37B,Android-Budget,Driving License,Gujarat,0,1,1,120,liveness_check,3.5,1,2026-02-10 04:37:00
S002749,CFF14C0E,Android-MidTier,Passport,Gujarat,0,0,0,143,consent_sign,3.5,0,2026-02-07 04:27:00
S002750,39D11950,iOS-HighEnd,Passport,West Bengal,0,0,0,158,consent_sign,3.5,0,2026-01-28 16:20:00
S002751,B0736DD1,Android-MidTier,Passport,Maharashtra,0,0,0,131,consent_sign,3.5,0,2026-01-11 13:45:00
S002752,1F0733DF,iOS-HighEnd,Driving License,Tamil Nadu,0,0,0,115,liveness_check,1.5,1,2026-01-27 10:37:00
S002753,FDD99681,Android-Budget,PAN,Maharashtra,0,0,0,109,consent_sign,3.5,0,2026-02-16 05:00:00
S002754,4D862412,Android-MidTier,Driving License,Karnataka,0,1,1,158,consent_sign,5.5,0,2026-02-01 15:42:00
S002755,FF3C6D4E,Android-MidTier,Driving License,Gujarat,0,0,0,52,doc_upload,0.0,1,2026-02-01 00:43:00
S002756,5D87EDD2,Android-MidTier,Passport,West Bengal,0,1,1,148,consent_sign,5.5,0,2026-01-16 11:02:00
S002757,570E5AF5,Android-MidTier,PAN,West Bengal,0,0,0,120,consent_sign,3.5,0,2026-01-17 16:55:00
S002758,C2AD0D97,Android-MidTier,PAN,Maharashtra,0,0,0,134,consent_sign,3.5,0,2026-02-22 06:55:00
S002759,33FFB402,Android-Budget,Driving License,Karnataka,3,0,3,185,consent_sign,6.5,0,2026-01-01 10:07:00
S002760,F7AEEDE8,Android-MidTier,PAN,Maharashtra,0,1,1,160,consent_sign,5.5,0,2026-02-06 22:55:00
S002761,4C82C445,Android-MidTier,Driving License,Gujarat,0,0,0,123,consent_sign,3.5,0,2026-01-10 11:01:00
S002762,1B552618,Android-MidTier,Passport,Tamil Nadu,0,0,0,129,consent_sign,3.5,0,2026-02-19 03:26:00
S002763,7C8B7F1E,iOS-HighEnd,Driving License,Karnataka,0,1,1,121,liveness_check,3.5,1,2026-02-03 05:42:00
S002764,701FB3EA,iOS-HighEnd,Passport,Tamil Nadu,0,0,0,4,registration,0.0,1,2026-02-20 18:28:00
S002765,092385FE,iOS-HighEnd,Driving License,Karnataka,0,0,1,179,consent_sign,3.5,0,2026-01-15 16:29:00
S002766,FF12FE28,iOS-HighEnd,Passport,West Bengal,0,0,0,99,consent_sign,3.5,0,2026-01-23 03:17:00
S002767,638644E0,iOS-HighEnd,PAN,Gujarat,0,0,0,38,doc_upload,0.0,1,2026-01-17 14:51:00
S002768,A4B65CFA,iOS-HighEnd,Driving License,Karnataka,0,1,1,135,consent_sign,5.5,0,2026-02-11 15:09:00
S002769,F7073712,Android-MidTier,PAN,Tamil Nadu,0,0,0,141,consent_sign,3.5,0,2026-01-06 19:21:00
S002770,F7716700,Android-MidTier,PAN,Delhi,0,0,0,119,consent_sign,3.5,0,2026-02-04 21:32:00
S002771,56DB638A,Android-Budget,Driving License,Delhi,0,2,2,239,consent_sign,7.5,1,2026-01-08 06:21:00
S002772,B8943DF8,iOS-HighEnd,Passport,Maharashtra,0,0,0,31,phone_otp,0.0,1,2026-01-16 22:43:00
S002773,36308A60,iOS-HighEnd,Aadhaar,Tamil Nadu,0,0,0,151,consent_sign,3.5,0,2026-02-28 11:14:00
S002774,85EB2B3F,Android-MidTier,Passport,Delhi,1,0,1,84,doc_upload,1.5,1,2026-01-30 04:02:00
S002775,DEC56DC3,Android-Budget,PAN,Gujarat,0,0,0,114,consent_sign,3.5,0,2026-01-01 20:38:00
S002776,BDB58D06,Android-MidTier,Aadhaar,Maharashtra,0,0,0,137,consent_sign,3.5,0,2026-02-06 01:22:00
S002777,1270C935,iOS-HighEnd,Aadhaar,Karnataka,0,0,0,142,consent_sign,3.5,0,2026-01-26 16:31:00
S002778,7D283421,iOS-HighEnd,PAN,Gujarat,0,0,0,159,consent_sign,3.5,0,2026-01-15 03:57:00
S002779,E83CDFF9,Android-MidTier,Passport,Karnataka,0,0,0,101,consent_sign,3.5,0,2026-01-20 11:48:00
S002780,3E20718A,Android-Budget,PAN,Karnataka,0,2,4,233,consent_sign,7.5,0,2026-02-07 18:51:00
S002781,03AD702E,Android-MidTier,PAN,Gujarat,1,0,1,162,consent_sign,5.0,0,2026-02-13 03:52:00
S002782,E797F3AE,Android-MidTier,Driving License,Delhi,0,1,1,127,liveness_check,3.5,1,2026-02-18 13:42:00
S002783,18E824E9,Android-Budget,Aadhaar,Delhi,0,0,0,157,consent_sign,3.5,0,2026-02-04 18:43:00
S002784,D5D9A385,iOS-HighEnd,PAN,Gujarat,0,1,1,158,consent_sign,5.5,0,2026-02-02 16:47:00
S002785,D145BD7F,Android-Budget,Driving License,Tamil Nadu,0,0,0,146,consent_sign,3.5,0,2026-01-13 09:13:00
S002786,98507072,Android-MidTier,Aadhaar,Karnataka,0,0,0,115,consent_sign,3.5,1,2026-03-01 06:32:00
S002787,1027FBF7,Android-MidTier,Passport,Karnataka,0,0,0,142,consent_sign,3.5,0,2026-01-23 05:00:00
S002788,565C1E3F,Android-Budget,Aadhaar,Maharashtra,0,0,0,119,consent_sign,3.5,0,2026-01-27 18:07:00
S002789,BCE8E033,Android-MidTier,Aadhaar,Delhi,1,0,1,138,consent_sign,5.0,0,2026-02-12 11:54:00
S002790,1EECE891,iOS-HighEnd,Driving License,Maharashtra,0,0,0,116,consent_sign,3.5,0,2026-02-25 19:41:00
S002791,8BBF1B30,Android-MidTier,Aadhaar,Gujarat,0,0,1,183,consent_sign,3.5,0,2026-01-10 02:57:00
S002792,F6F61488,iOS-HighEnd,Driving License,West Bengal,0,0,0,156,consent_sign,3.5,0,2026-02-16 02:30:00
S002793,0BAB8F53,Android-Budget,Aadhaar,Maharashtra,0,0,0,138,consent_sign,3.5,0,2026-01-07 17:13:00
S002794,102F4F5C,iOS-HighEnd,Aadhaar,Gujarat,0,0,0,155,consent_sign,3.5,0,2026-01-15 21:07:00
S002795,C1EECD7A,Android-MidTier,Passport,Gujarat,0,0,0,142,consent_sign,3.5,0,2026-01-16 07:35:00
S002796,5EB38EF5,Android-Budget,PAN,Tamil Nadu,1,1,2,221,consent_sign,7.0,0,2026-02-03 19:42:00
S002797,3E5F7E23,Android-MidTier,Passport,West Bengal,0,0,1,33,registration,0.0,1,2026-01-10 00:34:00
S002798,22249813,iOS-HighEnd,Passport,Tamil Nadu,0,0,0,2,registration,0.0,1,2026-02-10 19:09:00
S002799,A1D78199,iOS-HighEnd,Aadhaar,West Bengal,0,0,0,131,consent_sign,3.5,0,2026-01-12 12:46:00
S002800,28628B4E,Android-MidTier,Passport,Karnataka,0,1,1,127,liveness_check,3.5,1,2026-01-31 09:18:00
S002801,14AA3CA3,iOS-HighEnd,Driving License,West Bengal,0,0,0,94,consent_sign,3.5,0,2026-02-28 18:38:00
S002802,ED174FDD,Android-MidTier,Driving License,Maharashtra,2,0,3,209,consent_sign,6.5,0,2026-01-23 11:41:00
S002803,97FEB937,Android-MidTier,Passport,Maharashtra,1,0,1,157,consent_sign,5.0,0,2026-01-03 03:44:00
S002804,B189727F,Android-MidTier,Aadhaar,Karnataka,0,0,0,118,consent_sign,3.5,0,2026-02-10 04:25:00
S002805,79DBF407,Android-MidTier,PAN,West Bengal,0,0,1,131,consent_sign,3.5,0,2026-01-28 05:48:00
S002806,24A167FD,Android-MidTier,Aadhaar,Karnataka,0,0,0,149,consent_sign,3.5,0,2026-02-10 05:42:00
S002807,734EAB10,Android-Budget,PAN,Delhi,1,0,1,93,doc_upload,1.5,1,2026-02-14 06:01:00
S002808,2CAF3D2F,Android-MidTier,Driving License,Gujarat,0,0,0,1,registration,0.0,1,2026-01-19 22:00:00
S002809,98A547B2,iOS-HighEnd,Passport,Maharashtra,0,0,0,153,consent_sign,3.5,0,2026-01-30 11:38:00
S002810,9CAF4BFE,iOS-HighEnd,Driving License,Tamil Nadu,0,0,0,114,consent_sign,3.5,0,2026-01-06 09:04:00
S002811,D3946DC7,Android-Budget,Passport,Karnataka,2,1,3,158,liveness_check,6.5,1,2026-02-07 19:45:00
S002812,6B358D15,Android-MidTier,Driving License,Tamil Nadu,0,0,1,165,consent_sign,3.5,0,2026-01-21 16:24:00
S002813,31208BDE,iOS-HighEnd,Driving License,Maharashtra,0,0,0,147,consent_sign,3.5,0,2026-02-03 14:13:00
S002814,FA0F01A4,iOS-HighEnd,Driving License,West Bengal,0,1,1,200,consent_sign,5.5,0,2026-02-01 14:45:00
S002815,DCDBF14E,Android-MidTier,Driving License,West Bengal,0,0,0,112,consent_sign,3.5,0,2026-02-23 19:08:00
S002816,81EE30E4,Android-Budget,Passport,Delhi,0,1,2,149,liveness_check,3.5,1,2026-01-25 15:31:00
S002817,A05FF5E6,Android-MidTier,Driving License,Delhi,0,0,0,108,consent_sign,3.5,0,2026-01-14 20:50:00
S002818,0D95EE72,Android-MidTier,Aadhaar,Delhi,0,0,0,123,consent_sign,3.5,0,2026-01-01 13:16:00
S002819,26331CC6,Android-MidTier,PAN,Tamil Nadu,0,1,1,145,consent_sign,5.5,0,2026-01-24 04:28:00
S002820,E9570A2A,Android-Budget,Aadhaar,West Bengal,0,0,0,1,registration,0.0,1,2026-01-24 01:33:00
S002821,28E60130,Android-MidTier,Aadhaar,Delhi,0,0,1,113,consent_sign,3.5,0,2026-01-30 18:58:00
S002822,0DD4C0E6,Android-Budget,Driving License,West Bengal,0,0,0,153,consent_sign,3.5,0,2026-02-01 04:46:00
S002823,35A7AC9B,Android-MidTier,Aadhaar,Tamil Nadu,1,0,1,165,consent_sign,5.0,0,2026-01-07 13:36:00
S002824,9DE7DF7B,iOS-HighEnd,PAN,Tamil Nadu,0,0,0,111,consent_sign,3.5,0,2026-02-01 21:24:00
S002825,74017BB3,Android-MidTier,PAN,Tamil Nadu,0,0,0,2,registration,0.0,1,2026-01-08 03:30:00
S002826,0D6DCB42,Android-MidTier,PAN,Karnataka,0,0,0,143,consent_sign,3.5,0,2026-01-01 09:03:00
S002827,2875AD5D,iOS-HighEnd,Aadhaar,Karnataka,0,0,0,3,registration,0.0,1,2026-02-15 00:32:00
S002828,83D0BAE7,Android-MidTier,Passport,Karnataka,0,0,0,130,consent_sign,3.5,0,2026-01-06 13:15:00
S002829,3C3C9C08,iOS-HighEnd,Passport,Karnataka,0,0,0,119,consent_sign,3.5,0,2026-02-21 15:04:00
S002830,946B4482,Android-MidTier,Passport,Maharashtra,0,0,0,120,consent_sign,3.5,0,2026-02-05 10:14:00
S002831,BF4113CB,Android-Budget,Aadhaar,West Bengal,0,0,0,137,consent_sign,3.5,0,2026-01-12 03:01:00
S002832,3AE56C8D,Android-MidTier,Driving License,Gujarat,0,0,0,139,consent_sign,3.5,0,2026-02-28 12:03:00
S002833,3A4FECE7,Android-MidTier,Driving License,Karnataka,1,0,1,167,consent_sign,5.0,0,2026-02-24 18:08:00
S002834,699FDB02,Android-Budget,Passport,West Bengal,0,0,0,99,consent_sign,3.5,0,2026-02-01 16:19:00
S002835,E43081AA,Android-MidTier,Aadhaar,Tamil Nadu,0,0,0,39,phone_otp,0.0,1,2026-01-02 22:46:00
S002836,95C89B2D,Android-Budget,Passport,Delhi,1,1,3,198,liveness_check,5.0,1,2026-02-21 16:08:00
S002837,6F94DA50,Android-MidTier,PAN,Karnataka,0,0,0,103,consent_sign,3.5,0,2026-01-21 01:57:00
S002838,9C03D65C,iOS-HighEnd,Passport,Tamil Nadu,0,1,1,197,consent_sign,5.5,0,2026-02-14 14:27:00
S002839,5F9CB7E0,Android-MidTier,Aadhaar,Maharashtra,0,0,0,146,consent_sign,3.5,0,2026-02-06 05:19:00
S002840,31B42308,iOS-HighEnd,PAN,Gujarat,0,0,0,143,consent_sign,3.5,0,2026-01-30 20:53:00
S002841,450AB36D,iOS-HighEnd,Aadhaar,Karnataka,1,0,1,188,consent_sign,5.0,0,2026-02-01 04:43:00
S002842,083759F8,Android-Budget,Driving License,Gujarat,0,1,1,137,consent_sign,5.5,0,2026-02-06 09:35:00
S002843,47D5AC92,iOS-HighEnd,Aadhaar,Tamil Nadu,0,0,0,140,consent_sign,3.5,0,2026-02-13 13:13:00
S002844,772D416D,iOS-HighEnd,Passport,Tamil Nadu,0,0,0,113,consent_sign,3.5,0,2026-01-30 05:00:00
S002845,C2A59D7B,Android-MidTier,Driving License,Karnataka,0,0,0,109,consent_sign,3.5,0,2026-01-07 13:05:00
S002846,4B8FB475,Android-MidTier,Aadhaar,West Bengal,0,0,0,116,consent_sign,3.5,0,2026-01-07 05:12:00
S002847,CB68A34E,Android-MidTier,PAN,Tamil Nadu,0,0,0,122,consent_sign,3.5,0,2026-02-08 19:00:00
S002848,E7D3F770,iOS-HighEnd,Aadhaar,West Bengal,2,0,2,122,doc_upload,3.0,1,2026-02-22 05:36:00
S002849,8D8164B0,iOS-HighEnd,PAN,Gujarat,0,0,0,143,consent_sign,3.5,0,2026-01-24 14:11:00
S002850,6964EB16,Android-Budget,Driving License,Tamil Nadu,1,0,1,166,consent_sign,5.0,0,2026-01-05 05:22:00
S002851,DCB913B4,Android-MidTier,Driving License,West Bengal,0,2,2,177,consent_sign,7.5,0,2026-01-17 05:11:00
S002852,7936931E,iOS-HighEnd,Passport,Maharashtra,0,0,0,159,consent_sign,3.5,0,2026-01-15 11:13:00
S002853,03B68657,iOS-HighEnd,Driving License,Karnataka,0,0,0,149,consent_sign,3.5,0,2026-02-15 15:15:00
S002854,DF629D0C,Android-MidTier,Driving License,Gujarat,0,0,1,25,registration,0.0,1,2026-01-28 14:23:00
S002855,6F2AEC8A,iOS-HighEnd,PAN,Gujarat,0,0,0,4,registration,0.0,1,2026-02-27 11:20:00
S002856,ED6F4EE3,Android-MidTier,Aadhaar,Tamil Nadu,0,0,0,172,consent_sign,3.5,0,2026-01-09 02:25:00
S002857,E9EBD446,Android-MidTier,Driving License,Maharashtra,0,0,0,163,consent_sign,3.5,0,2026-01-09 12:49:00
S002858,6AF31899,iOS-HighEnd,Driving License,Gujarat,0,0,0,94,consent_sign,3.5,1,2026-01-19 06:50:00
S002859,FDC419B2,Android-Budget,Driving License,Karnataka,1,1,2,182,liveness_check,5.0,1,2026-01-06 08:59:00
S002860,81145252,Android-MidTier,PAN,West Bengal,0,0,0,160,consent_sign,3.5,0,2026-02-25 19:14:00
S002861,64F22A7C,iOS-HighEnd,Passport,Maharashtra,1,0,1,225,consent_sign,5.0,0,2026-01-04 19:33:00
S002862,B257E257,iOS-HighEnd,Driving License,Delhi,0,0,0,125,consent_sign,3.5,0,2026-01-08 08:41:00
S002863,7ECB002E,iOS-HighEnd,Passport,Karnataka,0,0,0,138,consent_sign,3.5,0,2026-01-19 22:41:00
S002864,C0C9C3ED,iOS-HighEnd,Passport,Gujarat,0,0,0,144,consent_sign,3.5,1,2026-01-16 04:29:00
S002865,68181F5B,Android-MidTier,Driving License,Gujarat,0,1,1,145,consent_sign,5.5,0,2026-01-17 21:54:00
S002866,5BC07988,iOS-HighEnd,Driving License,Gujarat,0,0,1,151,consent_sign,3.5,0,2026-01-13 01:07:00
S002867,FFBB4BCC,Android-MidTier,Passport,Karnataka,0,0,0,115,consent_sign,3.5,0,2026-01-07 11:14:00
S002868,AB45EAF0,Android-Budget,PAN,Karnataka,0,0,1,137,consent_sign,3.5,0,2026-02-24 22:47:00
S002869,75938F5A,Android-Budget,PAN,Karnataka,1,1,2,203,consent_sign,7.0,0,2026-01-17 11:23:00
S002870,956ABFDF,iOS-HighEnd,Passport,West Bengal,0,0,0,164,consent_sign,3.5,0,2026-02-07 20:48:00
S002871,76B90472,Android-MidTier,Aadhaar,Gujarat,3,0,3,135,doc_upload,4.5,1,2026-01-05 19:39:00
S002872,B400A5E1,iOS-HighEnd,Driving License,Gujarat,0,0,0,146,consent_sign,3.5,0,2026-02-08 14:31:00
S002873,DF1E04CB,iOS-HighEnd,Passport,Tamil Nadu,0,0,0,144,consent_sign,3.5,0,2026-02-05 07:04:00
S002874,B432ECE9,Android-MidTier,PAN,West Bengal,1,0,1,201,consent_sign,5.0,0,2026-01-14 19:05:00
S002875,A0970FF4,iOS-HighEnd,PAN,Maharashtra,0,0,1,149,consent_sign,3.5,0,2026-01-30 17:53:00
S002876,B0D508A9,iOS-HighEnd,Driving License,Karnataka,0,0,0,24,phone_otp,0.0,1,2026-02-14 15:27:00
S002877,4BED523C,iOS-HighEnd,Aadhaar,Gujarat,0,0,0,155,consent_sign,3.5,0,2026-02-23 04:20:00
S002878,B2B3BB39,iOS-HighEnd,Passport,Gujarat,0,0,0,138,consent_sign,3.5,0,2026-02-11 07:54:00
S002879,93423B4F,Android-MidTier,Driving License,Maharashtra,0,0,0,142,consent_sign,3.5,0,2026-01-25 08:35:00
S002880,AF4637B3,Android-MidTier,Passport,Gujarat,0,0,0,137,consent_sign,3.5,0,2026-01-21 13:32:00
S002881,55F01600,Android-MidTier,Driving License,Gujarat,0,3,3,163,liveness_check,7.5,1,2026-02-04 07:30:00
S002882,83C5C510,iOS-HighEnd,Aadhaar,Delhi,0,0,0,116,consent_sign,3.5,0,2026-01-27 05:14:00
S002883,5D2E7B90,iOS-HighEnd,PAN,Karnataka,0,0,0,132,consent_sign,3.5,0,2026-01-18 11:39:00
S002884,620956A8,Android-Budget,Passport,Gujarat,0,0,1,177,consent_sign,3.5,0,2026-02-13 07:45:00
S002885,0A76BD91,Android-MidTier,PAN,West Bengal,0,0,0,132,consent_sign,3.5,0,2026-02-13 04:14:00
S002886,A5EEA4A2,iOS-HighEnd,Driving License,Tamil Nadu,0,1,1,160,consent_sign,5.5,0,2026-01-23 20:08:00
S002887,8F8DD995,iOS-HighEnd,PAN,Gujarat,0,1,1,130,consent_sign,5.5,0,2026-02-10 17:15:00
S002888,236E9007,iOS-HighEnd,PAN,Tamil Nadu,0,0,1,182,consent_sign,3.5,0,2026-02-02 17:01:00
S002889,8A257159,Android-MidTier,PAN,Delhi,0,1,1,133,liveness_check,3.5,1,2026-02-10 14:13:00
S002890,BCC4F087,iOS-HighEnd,Passport,Karnataka,0,0,0,127,consent_sign,3.5,0,2026-01-31 07:26:00
S002891,DF02774D,iOS-HighEnd,Driving License,West Bengal,0,0,1,131,consent_sign,3.5,0,2026-01-04 08:36:00
S002892,C0CFFA73,Android-Budget,PAN,Tamil Nadu,0,3,3,169,liveness_check,7.5,1,2026-01-03 21:22:00
S002893,5209EAAB,Android-Budget,Passport,Gujarat,0,0,0,120,consent_sign,3.5,0,2026-02-18 12:00:00
S002894,80E9B300,Android-MidTier,PAN,Gujarat,0,0,0,147,consent_sign,3.5,0,2026-01-16 01:38:00
S002895,0DF1172A,iOS-HighEnd,Passport,Maharashtra,0,0,0,130,consent_sign,3.5,1,2026-01-31 02:39:00
S002896,73D12F3E,iOS-HighEnd,Passport,West Bengal,1,0,1,183,consent_sign,5.0,0,2026-01-17 14:40:00
S002897,D45E087F,iOS-HighEnd,Driving License,West Bengal,0,0,0,38,doc_upload,0.0,1,2026-02-03 01:58:00
S002898,882AE449,Android-MidTier,Passport,Maharashtra,0,0,0,146,consent_sign,3.5,0,2026-01-09 03:05:00
S002899,E6426F0B,Android-Budget,Aadhaar,Delhi,0,0,1,50,phone_otp,0.0,1,2026-01-11 18:18:00
S002900,5E3ECE60,Android-MidTier,Driving License,West Bengal,0,0,0,148,consent_sign,3.5,0,2026-01-26 09:49:00
S002901,B177116D,Android-MidTier,Driving License,Gujarat,0,0,2,175,consent_sign,3.5,0,2026-01-03 10:28:00
S002902,E214D458,Android-Budget,PAN,Tamil Nadu,0,1,1,148,liveness_check,3.5,1,2026-02-21 12:37:00
S002903,E24C724B,Android-MidTier,Passport,West Bengal,0,0,1,137,consent_sign,3.5,0,2026-01-07 05:10:00
S002904,6403C4BC,Android-Budget,Aadhaar,Delhi,0,1,1,111,liveness_check,3.5,1,2026-01-20 14:30:00
S002905,F5504C52,iOS-HighEnd,Driving License,Maharashtra,0,0,0,120,consent_sign,3.5,0,2026-01-02 06:22:00
S002906,2A2E1E6A,Android-MidTier,Aadhaar,Karnataka,0,0,0,158,consent_sign,3.5,0,2026-02-07 07:32:00
S002907,25E050F6,iOS-HighEnd,Driving License,Tamil Nadu,0,0,0,110,consent_sign,3.5,0,2026-01-25 02:24:00
S002908,344A21B7,Android-Budget,Passport,Tamil Nadu,0,0,0,111,consent_sign,3.5,0,2026-01-16 01:27:00
S002909,05CF079E,iOS-HighEnd,PAN,West Bengal,0,0,0,139,consent_sign,3.5,0,2026-02-12 18:31:00
S002910,AEB1FCD3,iOS-HighEnd,Driving License,Maharashtra,0,0,0,151,consent_sign,3.5,0,2026-01-24 07:32:00
S002911,7951D52B,iOS-HighEnd,PAN,Gujarat,1,0,1,220,consent_sign,5.0,0,2026-02-27 22:31:00
S002912,BCDA835F,iOS-HighEnd,Passport,Gujarat,0,0,0,93,consent_sign,3.5,0,2026-01-05 09:17:00
S002913,3066478C,Android-MidTier,PAN,Tamil Nadu,0,0,1,150,consent_sign,3.5,0,2026-01-29 18:34:00
S002914,CD4F2875,Android-MidTier,PAN,Delhi,0,0,0,147,consent_sign,3.5,0,2026-01-27 00:56:00
S002915,8505D91D,Android-Budget,Passport,Maharashtra,0,0,0,118,consent_sign,3.5,0,2026-02-03 02:37:00
S002916,9425FC3A,iOS-HighEnd,Aadhaar,Gujarat,0,0,0,50,doc_upload,0.0,1,2026-02-19 14:11:00
S002917,C96D525E,iOS-HighEnd,Aadhaar,Karnataka,0,0,0,141,consent_sign,3.5,0,2026-02-13 04:30:00
S002918,AA757EEB,Android-MidTier,PAN,Tamil Nadu,0,0,0,128,consent_sign,3.5,0,2026-02-13 02:25:00
S002919,8C68720E,Android-MidTier,Aadhaar,Gujarat,0,0,0,141,consent_sign,3.5,0,2026-02-16 15:16:00
S002920,913767AB,Android-MidTier,PAN,Maharashtra,0,0,0,162,consent_sign,3.5,0,2026-02-25 14:13:00
S002921,4E7674E9,Android-MidTier,Aadhaar,West Bengal,0,1,1,167,consent_sign,5.5,0,2026-02-25 06:26:00
S002922,3A0E618F,iOS-HighEnd,Aadhaar,Delhi,0,0,0,127,consent_sign,3.5,0,2026-02-11 07:26:00
S002923,49C3F48B,Android-MidTier,Aadhaar,Maharashtra,0,0,0,157,consent_sign,3.5,0,2026-01-10 01:21:00
S002924,25F98046,iOS-HighEnd,Passport,Karnataka,0,0,0,111,consent_sign,3.5,0,2026-02-26 06:37:00
S002925,F4CA6E70,Android-Budget,Aadhaar,Maharashtra,0,0,0,51,phone_otp,0.0,1,2026-01-30 05:38:00
S002926,29298691,Android-Budget,PAN,West Bengal,0,1,1,155,consent_sign,5.5,0,2026-01-18 00:32:00
S002927,2EA9EF6C,Android-Budget,Aadhaar,West Bengal,0,0,0,156,consent_sign,3.5,0,2026-01-31 23:56:00
S002928,B546C5C0,Android-MidTier,Aadhaar,Maharashtra,0,0,1,142,consent_sign,3.5,0,2026-01-12 17:52:00
S002929,CB618D75,iOS-HighEnd,Driving License,West Bengal,1,0,1,88,doc_upload,1.5,1,2026-02-26 00:28:00
S002930,1DEE4B6D,Android-Budget,Aadhaar,Tamil Nadu,0,1,1,114,liveness_check,3.5,1,2026-02-20 14:36:00
S002931,931414E8,Android-Budget,PAN,Gujarat,0,0,0,1,registration,0.0,1,2026-01-26 20:55:00
S002932,5EA2D56B,Android-Budget,PAN,Maharashtra,0,0,0,156,consent_sign,3.5,0,2026-02-25 04:46:00
S002933,B506C24D,iOS-HighEnd,Passport,Gujarat,0,0,0,142,consent_sign,3.5,0,2026-02-15 03:44:00
S002934,FA5FAFDB,iOS-HighEnd,PAN,Karnataka,0,0,0,122,consent_sign,3.5,0,2026-01-31 09:16:00
S002935,72CC3FC5,iOS-HighEnd,Passport,Tamil Nadu,0,0,0,148,consent_sign,3.5,0,2026-01-23 23:33:00
S002936,889CD33D,Android-Budget,PAN,West Bengal,0,2,3,179,consent_sign,7.5,0,2026-02-27 14:27:00
S002937,06617F95,Android-Budget,Aadhaar,West Bengal,1,0,1,122,liveness_check,3.0,1,2026-02-26 12:00:00
S002938,C4BD9B59,Android-MidTier,PAN,Maharashtra,0,0,0,34,doc_upload,0.0,1,2026-01-20 09:36:00
S002939,ED850A6D,Android-Budget,Passport,Tamil Nadu,0,0,0,2,registration,0.0,1,2026-01-08 22:10:00
S002940,F85BC2D3,iOS-HighEnd,Passport,Karnataka,0,0,0,4,registration,0.0,1,2026-01-20 08:07:00
S002941,81E58EEE,iOS-HighEnd,PAN,Tamil Nadu,0,0,0,107,consent_sign,3.5,0,2026-01-16 11:27:00
S002942,4BA99D78,Android-MidTier,Aadhaar,Gujarat,0,0,0,30,phone_otp,0.0,1,2026-01-27 23:42:00
S002943,F83811C5,Android-MidTier,Driving License,Maharashtra,0,0,1,111,consent_sign,3.5,0,2026-01-09 03:14:00
S002944,FE7B178D,Android-MidTier,Passport,Tamil Nadu,0,0,0,128,consent_sign,3.5,0,2026-01-01 20:24:00
S002945,CCB1063D,Android-MidTier,PAN,Delhi,0,0,0,28,phone_otp,0.0,1,2026-02-03 05:43:00
S002946,EC1B55DD,Android-Budget,Driving License,Tamil Nadu,3,0,3,212,doc_upload,4.5,1,2026-02-18 07:48:00
S002947,1CC0B764,Android-MidTier,Aadhaar,Tamil Nadu,0,0,0,105,consent_sign,3.5,0,2026-02-13 04:31:00
S002948,0A42BE3F,Android-MidTier,Aadhaar,Delhi,0,1,1,134,liveness_check,3.5,1,2026-02-06 04:11:00
S002949,1DEB979D,Android-Budget,Passport,Maharashtra,0,1,1,174,consent_sign,5.5,0,2026-01-10 23:19:00
S002950,9E15EBCC,Android-MidTier,Driving License,Maharashtra,0,0,0,72,liveness_check,1.5,1,2026-01-19 21:24:00
S002951,5B7E24CA,Android-MidTier,Passport,Delhi,1,0,1,110,doc_upload,1.5,1,2026-02-06 22:48:00
S002952,9BAFCC20,Android-Budget,Aadhaar,Tamil Nadu,0,0,0,106,consent_sign,3.5,0,2026-01-12 11:03:00
S002953,86C45E42,Android-Budget,Aadhaar,Tamil Nadu,0,1,1,165,consent_sign,5.5,0,2026-01-09 13:38:00
S002954,C4605896,Android-Budget,Passport,Karnataka,0,2,2,197,consent_sign,7.5,0,2026-01-30 04:55:00
S002955,15661FEB,Android-Budget,Passport,Tamil Nadu,0,1,1,177,consent_sign,5.5,0,2026-01-12 10:44:00
S002956,AD5406BC,Android-Budget,Aadhaar,Tamil Nadu,0,0,0,118,consent_sign,3.5,0,2026-01-08 00:05:00
S002957,F9D09E26,Android-MidTier,Driving License,Tamil Nadu,0,1,2,207,consent_sign,5.5,0,2026-01-26 17:39:00
S002958,7D8F2350,Android-MidTier,Aadhaar,Maharashtra,0,0,0,120,consent_sign,3.5,0,2026-01-27 13:07:00
S002959,82F552C8,Android-Budget,Aadhaar,West Bengal,0,0,0,4,registration,0.0,1,2026-02-27 22:14:00
S002960,AAB133BA,Android-MidTier,Aadhaar,West Bengal,0,0,0,157,consent_sign,3.5,0,2026-02-19 18:54:00
S002961,B74966CB,Android-MidTier,Aadhaar,West Bengal,0,0,0,123,consent_sign,3.5,0,2026-01-26 07:11:00
S002962,62D846D0,iOS-HighEnd,Driving License,Karnataka,0,0,0,117,consent_sign,3.5,0,2026-03-01 18:33:00
S002963,584CB0F7,Android-MidTier,Passport,Maharashtra,0,0,1,134,consent_sign,3.5,1,2026-02-14 08:37:00
S002964,72114575,Android-Budget,Aadhaar,Delhi,0,0,0,116,consent_sign,3.5,0,2026-01-16 17:31:00
S002965,3737CC38,iOS-HighEnd,Aadhaar,Tamil Nadu,1,0,1,48,doc_upload,1.5,1,2026-02-06 13:55:00
S002966,BDD4C1F2,Android-MidTier,Passport,Delhi,0,0,0,4,registration,0.0,1,2026-02-24 15:47:00
S002967,7147F758,Android-Budget,Driving License,Gujarat,0,0,0,17,phone_otp,0.0,1,2026-01-17 11:45:00
S002968,BA5E4066,Android-MidTier,PAN,Maharashtra,0,0,0,147,consent_sign,3.5,0,2026-02-06 04:09:00
S002969,BA85E403,Android-MidTier,PAN,Maharashtra,0,0,0,128,consent_sign,3.5,0,2026-01-20 10:01:00
S002970,D5E4157D,iOS-HighEnd,Driving License,Karnataka,0,0,0,126,consent_sign,3.5,0,2026-01-12 13:19:00
S002971,24C58B47,Android-Budget,Driving License,Karnataka,1,0,1,104,doc_upload,1.5,1,2026-03-01 13:09:00
S002972,FD06A179,Android-MidTier,PAN,Maharashtra,0,0,0,109,consent_sign,3.5,0,2026-01-24 07:52:00
S002973,55DDDF38,Android-Budget,PAN,West Bengal,0,0,0,137,consent_sign,3.5,0,2026-01-31 07:20:00
S002974,9736BB4F,iOS-HighEnd,Driving License,Tamil Nadu,0,0,0,175,consent_sign,3.5,0,2026-02-20 03:48:00
S002975,01B1C626,Android-MidTier,Aadhaar,Tamil Nadu,0,0,0,133,consent_sign,3.5,0,2026-02-27 09:20:00
S002976,45F8E14D,iOS-HighEnd,Aadhaar,Maharashtra,0,0,0,187,consent_sign,3.5,0,2026-01-05 22:48:00
S002977,764D7E7C,iOS-HighEnd,Aadhaar,Karnataka,1,0,1,200,consent_sign,5.0,0,2026-01-27 13:54:00
S002978,EA350F17,Android-MidTier,Passport,Karnataka,0,0,1,144,consent_sign,3.5,0,2026-02-22 17:14:00
S002979,D5108BC0,Android-MidTier,PAN,Karnataka,0,0,0,25,phone_otp,0.0,1,2026-02-20 17:59:00
S002980,7D9704FE,iOS-HighEnd,Aadhaar,Delhi,0,0,0,140,consent_sign,3.5,0,2026-02-10 23:07:00
S002981,4D4F6814,Android-Budget,Driving License,West Bengal,1,2,4,279,consent_sign,9.0,0,2026-01-19 07:06:00
S002982,7E7D5E88,iOS-HighEnd,PAN,Karnataka,0,0,0,120,consent_sign,3.5,0,2026-02-16 13:05:00
S002983,397A284F,Android-Budget,Aadhaar,Karnataka,1,2,3,275,consent_sign,9.0,0,2026-01-30 15:26:00
S002984,276E1D67,iOS-HighEnd,Aadhaar,Tamil Nadu,0,0,0,121,consent_sign,3.5,0,2026-02-10 22:50:00
S002985,A3FB6D0B,Android-Budget,Driving License,West Bengal,1,1,2,153,liveness_check,5.0,1,2026-01-07 14:55:00
S002986,1FCA0F16,iOS-HighEnd,Aadhaar,Tamil Nadu,0,0,0,2,registration,0.0,1,2026-02-15 04:44:00
S002987,49A5FD0D,iOS-HighEnd,PAN,Maharashtra,0,0,0,123,consent_sign,3.5,0,2026-02-14 12:54:00
S002988,E8239943,Android-MidTier,Driving License,Karnataka,0,1,1,117,liveness_check,3.5,1,2026-01-10 02:48:00
S002989,07480379,iOS-HighEnd,Passport,Karnataka,0,0,0,127,consent_sign,3.5,0,2026-02-08 23:33:00
S002990,7E388A19,Android-Budget,Aadhaar,Gujarat,1,0,1,145,consent_sign,5.0,0,2026-01-15 19:08:00
S002991,9950F11A,Android-MidTier,Passport,Delhi,0,0,0,139,consent_sign,3.5,0,2026-02-08 01:17:00
S002992,7B011FDD,iOS-HighEnd,Aadhaar,Delhi,0,0,0,177,consent_sign,3.5,0,2026-01-18 05:07:00
S002993,42067D80,Android-Budget,Aadhaar,Gujarat,0,2,3,183,consent_sign,7.5,0,2026-01-26 20:59:00
S002994,F9690579,Android-MidTier,Aadhaar,Delhi,0,0,0,116,consent_sign,3.5,1,2026-01-03 01:44:00
S002995,5F8A2E3C,iOS-HighEnd,Passport,Delhi,0,0,0,130,consent_sign,3.5,0,2026-02-07 20:46:00
S002996,047DD583,Android-MidTier,PAN,Delhi,0,0,1,153,consent_sign,3.5,0,2026-02-20 12:58:00
S002997,94E74F26,Android-MidTier,Passport,Karnataka,0,1,1,154,consent_sign,5.5,0,2026-02-05 06:59:00
S002998,7606FA34,Android-MidTier,Aadhaar,West Bengal,0,1,1,158,consent_sign,5.5,0,2026-01-24 16:49:00
S002999,5B7D9D2D,iOS-HighEnd,PAN,Maharashtra,1,0,1,182,consent_sign,5.0,0,2026-01-15 13:27:00
S003000,5C75352C,Android-MidTier,PAN,Delhi,0,0,0,137,consent_sign,3.5,0,2026-02-16 07:21:00
S003001,F4852088,Android-Budget,PAN,Delhi,0,0,0,131,consent_sign,3.5,0,2026-02-27 22:11:00
S003002,4AAA7F99,Android-MidTier,Aadhaar,West Bengal,0,1,1,166,consent_sign,5.5,0,2026-02-22 15:26:00
S003003,13AAE9C8,Android-MidTier,PAN,Gujarat,0,0,0,144,consent_sign,3.5,0,2026-02-07 05:07:00
S003004,A0C69223,Android-Budget,Driving License,Tamil Nadu,2,0,2,130,doc_upload,3.0,1,2026-02-28 11:02:00
S003005,99487F82,Android-MidTier,Driving License,Maharashtra,0,0,0,126,consent_sign,3.5,0,2026-02-19 07:19:00
S003006,52965CF3,iOS-HighEnd,Aadhaar,Gujarat,0,0,0,137,consent_sign,3.5,0,2026-01-08 18:17:00
S003007,D85195AC,iOS-HighEnd,Passport,Tamil Nadu,0,0,1,130,consent_sign,3.5,0,2026-01-02 17:51:00
S003008,457E55CB,iOS-HighEnd,Passport,Delhi,1,0,1,162,consent_sign,5.0,0,2026-01-05 13:22:00
S003009,5CCE495D,Android-MidTier,Aadhaar,Delhi,0,0,1,174,consent_sign,3.5,0,2026-01-02 23:54:00
S003010,5A0461C9,iOS-HighEnd,Passport,Delhi,0,0,0,144,consent_sign,3.5,0,2026-02-20 08:33:00
S003011,230F1E69,Android-MidTier,Aadhaar,West Bengal,0,1,1,120,liveness_check,3.5,1,2026-01-18 01:23:00
S003012,C75FF368,Android-MidTier,PAN,Tamil Nadu,0,0,0,138,consent_sign,3.5,0,2026-02-27 05:23:00
S003013,EBC095F5,Android-MidTier,Driving License,Tamil Nadu,0,0,0,4,registration,0.0,1,2026-03-01 01:16:00
S003014,37C6BC5D,Android-Budget,Aadhaar,West Bengal,0,0,0,144,consent_sign,3.5,0,2026-02-08 21:31:00
S003015,D4E20134,iOS-HighEnd,Aadhaar,Maharashtra,0,0,0,154,consent_sign,3.5,0,2026-02-03 03:12:00
S003016,8F040721,Android-MidTier,Aadhaar,Tamil Nadu,0,1,2,152,consent_sign,5.5,0,2026-02-15 00:32:00
S003017,F3D6B9F2,Android-Budget,Driving License,Gujarat,0,0,1,41,phone_otp,0.0,1,2026-02-26 03:13:00
S003018,B6697D0A,iOS-HighEnd,PAN,Karnataka,0,0,0,111,consent_sign,3.5,0,2026-01-07 02:18:00
S003019,CD75E6DE,iOS-HighEnd,Passport,Gujarat,0,0,0,128,consent_sign,3.5,0,2026-01-17 07:34:00
S003020,EA8104AD,Android-MidTier,Driving License,Delhi,0,0,0,1,registration,0.0,1,2026-01-28 16:30:00
S003021,21986E3C,iOS-HighEnd,PAN,Gujarat,0,0,0,175,consent_sign,3.5,1,2026-01-11 01:41:00
S003022,592448EE,Android-MidTier,Aadhaar,Delhi,1,0,1,206,consent_sign,5.0,0,2026-01-22 07:30:00
S003023,23966B83,iOS-HighEnd,PAN,Gujarat,0,1,1,134,liveness_check,3.5,1,2026-01-27 10:56:00
S003024,FCD2280E,Android-Budget,Driving License,Tamil Nadu,1,1,2,222,consent_sign,7.0,0,2026-01-17 15:42:00
S003025,F859396D,iOS-HighEnd,Passport,West Bengal,0,0,0,103,consent_sign,3.5,0,2026-02-28 00:18:00
S003026,4DFFC9AA,Android-MidTier,Passport,Gujarat,0,0,0,134,consent_sign,3.5,0,2026-02-18 06:09:00
S003027,1E5C5DA8,iOS-HighEnd,Passport,Maharashtra,0,0,0,152,consent_sign,3.5,0,2026-01-06 01:36:00
S003028,B1B9FD9D,Android-MidTier,Driving License,Karnataka,0,0,0,91,liveness_check,1.5,1,2026-01-30 03:56:00
S003029,4EB39F63,Android-MidTier,Aadhaar,Karnataka,0,0,0,99,consent_sign,3.5,0,2026-02-21 22:08:00
S003030,FB29FF36,Android-Budget,Driving License,Karnataka,1,0,1,95,doc_upload,1.5,1,2026-02-26 19:07:00
S003031,C355853E,Android-MidTier,Passport,Gujarat,0,1,1,188,consent_sign,5.5,0,2026-01-11 16:36:00
S003032,04D07F29,iOS-HighEnd,Passport,Tamil Nadu,0,0,1,161,consent_sign,3.5,0,2026-02-11 09:14:00
S003033,6E663C0A,iOS-HighEnd,Aadhaar,Maharashtra,0,0,0,128,consent_sign,3.5,0,2026-02-28 00:09:00
S003034,08651A6E,iOS-HighEnd,PAN,West Bengal,0,0,0,125,consent_sign,3.5,0,2026-01-15 17:17:00
S003035,97DA64CB,iOS-HighEnd,Passport,Maharashtra,0,0,1,117,consent_sign,3.5,0,2026-01-16 21:42:00
S003036,E8956041,iOS-HighEnd,Passport,West Bengal,0,0,0,144,consent_sign,3.5,0,2026-01-08 21:06:00
S003037,4D38A8D0,iOS-HighEnd,Driving License,Tamil Nadu,0,0,0,115,consent_sign,3.5,0,2026-01-15 02:05:00
S003038,18B475B1,Android-MidTier,Passport,Gujarat,0,0,0,53,doc_upload,0.0,1,2026-01-31 03:04:00
S003039,9A0F09E9,iOS-HighEnd,PAN,Delhi,0,0,0,177,consent_sign,3.5,0,2026-01-16 17:29:00
S003040,3334CD07,iOS-HighEnd,Passport,Maharashtra,0,1,1,155,consent_sign,5.5,0,2026-02-01 01:18:00
S003041,077D8688,Android-MidTier,Passport,Tamil Nadu,0,0,0,2,registration,0.0,1,2026-01-31 09:35:00
S003042,BF06D520,iOS-HighEnd,Driving License,West Bengal,0,0,1,188,consent_sign,3.5,0,2026-02-06 21:04:00
S003043,946A95A6,iOS-HighEnd,Driving License,West Bengal,0,0,0,1,registration,0.0,1,2026-02-07 03:26:00
S003044,DAEA544A,Android-Budget,Aadhaar,Maharashtra,0,0,0,139,consent_sign,3.5,0,2026-02-01 21:02:00
S003045,9CEAB67B,Android-Budget,Aadhaar,Delhi,1,0,1,191,consent_sign,5.0,1,2026-02-10 18:28:00
S003046,117E894E,Android-MidTier,Aadhaar,Delhi,0,0,0,105,consent_sign,3.5,0,2026-02-19 00:27:00
S003047,C363F61F,Android-MidTier,Passport,Maharashtra,0,1,2,144,liveness_check,3.5,1,2026-01-29 19:30:00
S003048,B73F6E64,iOS-HighEnd,Driving License,Gujarat,0,0,0,124,consent_sign,3.5,0,2026-02-11 04:22:00
S003049,2BF95861,Android-MidTier,PAN,West Bengal,0,0,0,142,consent_sign,3.5,1,2026-02-14 18:16:00
S003050,011BB348,iOS-HighEnd,Passport,Karnataka,0,0,0,147,consent_sign,3.5,0,2026-01-11 09:55:00
S003051,EC9A799E,Android-MidTier,Aadhaar,Karnataka,0,0,0,158,consent_sign,3.5,0,2026-02-18 00:25:00
S003052,D9EE9678,Android-MidTier,Aadhaar,Maharashtra,0,0,0,130,consent_sign,3.5,0,2026-02-19 10:33:00
S003053,B2B8D698,iOS-HighEnd,Passport,Tamil Nadu,0,0,0,142,consent_sign,3.5,0,2026-01-14 20:53:00
S003054,AC6C2E1B,Android-MidTier,Passport,Gujarat,0,0,0,99,consent_sign,3.5,0,2026-02-04 03:54:00
S003055,D5B1A96A,Android-Budget,Driving License,West Bengal,0,1,1,167,consent_sign,5.5,0,2026-02-01 22:30:00
S003056,6C914882,Android-Budget,Aadhaar,Gujarat,0,0,0,161,consent_sign,3.5,0,2026-02-03 01:31:00
S003057,685707AC,iOS-HighEnd,Driving License,Maharashtra,0,0,0,137,consent_sign,3.5,0,2026-02-21 04:49:00
S003058,5074AC13,Android-MidTier,Passport,Karnataka,1,0,1,99,doc_upload,1.5,1,2026-01-27 23:47:00
S003059,850CDDFD,iOS-HighEnd,Driving License,Maharashtra,0,0,0,128,consent_sign,3.5,0,2026-01-29 20:09:00
S003060,5C7AE8EF,iOS-HighEnd,Passport,Delhi,0,0,0,110,consent_sign,3.5,1,2026-01-01 19:36:00
S003061,B8DDF15D,Android-MidTier,Aadhaar,Karnataka,0,0,0,44,doc_upload,0.0,1,2026-03-01 22:32:00
S003062,7E63F654,iOS-HighEnd,Aadhaar,Maharashtra,0,0,0,139,consent_sign,3.5,1,2026-01-30 12:27:00
S003063,74FA65CE,Android-MidTier,Driving License,Delhi,0,0,0,2,registration,0.0,1,2026-01-17 17:06:00
S003064,AFE2487F,Android-MidTier,PAN,Gujarat,0,0,1,56,phone_otp,0.0,1,2026-02-16 19:15:00
S003065,39D2D74A,Android-MidTier,Passport,Maharashtra,0,0,0,166,consent_sign,3.5,0,2026-02-19 03:26:00
S003066,FC267DA6,iOS-HighEnd,Aadhaar,West Bengal,0,0,0,105,consent_sign,3.5,0,2026-02-01 18:48:00
S003067,DB558642,Android-MidTier,Aadhaar,Karnataka,0,0,0,1,registration,0.0,1,2026-01-27 16:24:00
S003068,CD6C78DD,iOS-HighEnd,Passport,West Bengal,0,0,0,130,consent_sign,3.5,0,2026-02-15 04:07:00
S003069,5E10A3A0,Android-MidTier,PAN,Tamil Nadu,0,0,0,121,consent_sign,3.5,0,2026-02-07 09:28:00
S003070,AC95ADB1,Android-MidTier,Aadhaar,Tamil Nadu,1,0,1,103,doc_upload,1.5,1,2026-01-19 20:53:00
S003071,65787D0C,Android-Budget,Passport,Gujarat,0,2,2,177,consent_sign,7.5,0,2026-01-20 00:13:00
S003072,AD3053CE,iOS-HighEnd,Passport,Delhi,0,0,1,200,consent_sign,3.5,0,2026-01-30 00:23:00
S003073,65125D2E,Android-Budget,Driving License,Tamil Nadu,0,0,1,49,phone_otp,0.0,1,2026-02-23 00:42:00
S003074,FA42156E,iOS-HighEnd,PAN,Karnataka,0,0,0,103,liveness_check,1.5,1,2026-01-15 12:01:00
S003075,E476231A,iOS-HighEnd,Aadhaar,Gujarat,0,0,0,143,consent_sign,3.5,0,2026-01-30 20:39:00
S003076,5D1C1906,iOS-HighEnd,Passport,Tamil Nadu,0,0,0,4,registration,0.0,1,2026-02-17 05:14:00
S003077,334477EB,iOS-HighEnd,PAN,Tamil Nadu,0,0,0,2,registration,0.0,1,2026-03-01 17:00:00
S003078,677F7C73,Android-MidTier,Passport,Tamil Nadu,0,0,0,131,consent_sign,3.5,0,2026-02-12 13:51:00
S003079,6CB96A2C,Android-Budget,PAN,Karnataka,0,0,1,172,consent_sign,3.5,0,2026-02-18 04:45:00
S003080,C3CB0C28,iOS-HighEnd,Driving License,Karnataka,1,0,1,176,consent_sign,5.0,0,2026-02-21 14:51:00
S003081,97F971D5,iOS-HighEnd,Aadhaar,Karnataka,0,0,0,145,consent_sign,3.5,1,2026-02-16 05:26:00
S003082,CD0D4D73,iOS-HighEnd,PAN,Karnataka,0,1,1,148,consent_sign,5.5,0,2026-02-11 06:08:00
S003083,5B29317A,iOS-HighEnd,Passport,Delhi,0,0,1,134,consent_sign,3.5,0,2026-02-01 19:17:00
S003084,F33C4C36,Android-MidTier,PAN,Tamil Nadu,0,0,0,132,consent_sign,3.5,0,2026-02-28 01:52:00
S003085,82EC0FC3,Android-MidTier,Driving License,West Bengal,0,0,0,33,phone_otp,0.0,1,2026-02-28 14:01:00
S003086,7462F144,iOS-HighEnd,Aadhaar,West Bengal,0,0,0,114,consent_sign,3.5,0,2026-02-20 22:07:00
S003087,7D457A09,iOS-HighEnd,Driving License,Maharashtra,0,0,0,123,consent_sign,3.5,0,2026-02-18 04:48:00
S003088,F14152C7,Android-Budget,PAN,Maharashtra,0,1,1,179,consent_sign,5.5,0,2026-01-27 03:45:00
S003089,BCE05A63,Android-Budget,Passport,West Bengal,2,1,4,249,consent_sign,8.5,0,2026-01-04 21:14:00
S003090,7F85C4E7,Android-MidTier,Passport,West Bengal,0,0,0,127,consent_sign,3.5,0,2026-02-09 05:44:00
S003091,2DD93719,iOS-HighEnd,Driving License,Karnataka,1,0,1,206,consent_sign,5.0,0,2026-01-06 07:46:00
S003092,53B3618B,Android-Budget,Driving License,West Bengal,0,0,0,135,consent_sign,3.5,0,2026-02-21 00:59:00
S003093,9F8C2C51,iOS-HighEnd,Driving License,West Bengal,1,1,2,115,liveness_check,5.0,1,2026-01-24 08:26:00
S003094,A93C9413,Android-Budget,Aadhaar,West Bengal,2,0,2,109,doc_upload,3.0,1,2026-03-01 15:55:00
S003095,7E000029,iOS-HighEnd,Driving License,Delhi,0,0,0,131,consent_sign,3.5,0,2026-02-09 06:53:00
S003096,4B26F0A3,iOS-HighEnd,Driving License,Tamil Nadu,0,1,1,156,consent_sign,5.5,0,2026-01-11 00:23:00
S003097,813A3AA5,iOS-HighEnd,Passport,West Bengal,0,0,0,8,phone_otp,0.0,1,2026-02-15 00:25:00
S003098,CF3A2F8D,Android-Budget,PAN,Delhi,0,0,0,138,consent_sign,3.5,0,2026-01-17 19:10:00
S003099,04860BEE,iOS-HighEnd,Passport,Tamil Nadu,0,2,2,180,liveness_check,5.5,1,2026-02-06 10:54:00
S003100,FD9F45F4,Android-MidTier,Passport,Maharashtra,0,0,0,135,consent_sign,3.5,0,2026-01-14 16:44:00
S003101,1E7F92AD,Android-Budget,Passport,Karnataka,0,1,2,138,liveness_check,3.5,1,2026-02-08 00:10:00
S003102,DA55F825,Android-MidTier,Passport,West Bengal,0,0,0,145,consent_sign,3.5,0,2026-02-16 14:29:00
S003103,09360F02,iOS-HighEnd,PAN,Maharashtra,0,0,0,108,consent_sign,3.5,0,2026-01-30 03:14:00
S003104,A8CF2936,Android-MidTier,Driving License,Delhi,0,0,1,131,consent_sign,3.5,0,2026-01-10 08:12:00
S003105,E27BB6C4,Android-MidTier,Passport,Delhi,0,2,2,155,consent_sign,7.5,0,2026-02-24 07:44:00
S003106,6E411E23,Android-MidTier,PAN,West Bengal,0,1,1,138,consent_sign,5.5,0,2026-02-16 17:58:00
S003107,639AC771,Android-MidTier,PAN,Maharashtra,0,0,0,131,consent_sign,3.5,0,2026-02-23 00:42:00
S003108,91A07EF2,iOS-HighEnd,Passport,Gujarat,0,0,1,158,consent_sign,3.5,0,2026-01-17 17:04:00
S003109,8DC4C81F,Android-MidTier,PAN,Karnataka,1,0,1,216,consent_sign,5.0,0,2026-01-11 23:32:00
S003110,78460474,Android-Budget,PAN,Delhi,0,1,1,91,liveness_check,3.5,1,2026-01-27 22:53:00
S003111,2803FEB5,Android-MidTier,Aadhaar,West Bengal,0,0,0,134,consent_sign,3.5,0,2026-01-16 05:15:00
S003112,436D977B,Android-MidTier,PAN,Tamil Nadu,1,0,1,212,consent_sign,5.0,0,2026-02-16 07:40:00
S003113,60B759A9,Android-MidTier,Driving License,Karnataka,0,2,2,161,liveness_check,5.5,1,2026-02-10 17:27:00
S003114,C4376D89,Android-MidTier,PAN,Tamil Nadu,0,0,0,136,consent_sign,3.5,0,2026-02-17 01:35:00
S003115,0FB97B5D,iOS-HighEnd,Aadhaar,Gujarat,0,0,0,130,consent_sign,3.5,0,2026-02-21 19:49:00
S003116,20D1968F,iOS-HighEnd,PAN,Gujarat,0,0,1,166,consent_sign,3.5,0,2026-02-22 02:20:00
S003117,CF3EE4AA,iOS-HighEnd,Driving License,Maharashtra,0,0,0,138,consent_sign,3.5,0,2026-02-19 19:03:00
S003118,C3E3C148,Android-Budget,Passport,Tamil Nadu,0,0,0,127,consent_sign,3.5,0,2026-02-28 16:36:00
S003119,616D41C8,iOS-HighEnd,Aadhaar,Karnataka,0,0,0,132,consent_sign,3.5,0,2026-01-03 04:33:00
S003120,FDF02450,Android-Budget,Passport,Maharashtra,0,3,3,207,liveness_check,7.5,1,2026-01-01 18:55:00
S003121,0E737523,Android-MidTier,Driving License,West Bengal,0,0,0,161,consent_sign,3.5,0,2026-02-20 23:13:00
S003122,3C10316D,iOS-HighEnd,Driving License,Delhi,0,0,0,132,consent_sign,3.5,0,2026-02-17 06:22:00
S003123,15BEBDD0,Android-Budget,PAN,West Bengal,0,0,0,123,consent_sign,3.5,0,2026-02-10 22:26:00
S003124,DE72D970,Android-MidTier,Driving License,Karnataka,0,0,1,137,consent_sign,3.5,0,2026-02-22 15:25:00
S003125,2B76A718,Android-MidTier,Aadhaar,West Bengal,0,1,1,76,liveness_check,3.5,1,2026-01-31 11:58:00
S003126,0991946D,Android-MidTier,Driving License,Tamil Nadu,0,0,1,126,consent_sign,3.5,0,2026-02-18 16:32:00
S003127,6C27316B,Android-MidTier,Aadhaar,West Bengal,1,0,1,196,consent_sign,5.0,0,2026-01-02 04:52:00
S003128,6BD1F826,Android-MidTier,Driving License,Delhi,0,1,1,184,consent_sign,5.5,1,2026-02-28 19:20:00
S003129,783E40AB,Android-Budget,PAN,Maharashtra,1,0,1,208,consent_sign,5.0,0,2026-01-23 07:08:00
S003130,51071545,Android-MidTier,PAN,Maharashtra,0,1,1,150,liveness_check,3.5,1,2026-02-12 11:07:00
S003131,528A34F3,iOS-HighEnd,Aadhaar,Gujarat,0,0,0,133,consent_sign,3.5,0,2026-01-19 18:08:00
S003132,7D05121C,Android-Budget,Aadhaar,Delhi,0,0,0,128,consent_sign,3.5,0,2026-02-12 04:05:00
S003133,34B6685D,iOS-HighEnd,Passport,Tamil Nadu,0,1,1,149,liveness_check,3.5,1,2026-02-22 16:39:00
S003134,CFBBA84A,Android-MidTier,PAN,Maharashtra,0,0,0,136,consent_sign,3.5,0,2026-02-16 20:53:00
S003135,2AA814DA,Android-Budget,Passport,Gujarat,0,0,0,128,consent_sign,3.5,0,2026-02-11 18:33:00
S003136,F82C6AD8,Android-Budget,Driving License,Maharashtra,1,0,1,128,consent_sign,5.0,0,2026-01-04 14:06:00
S003137,A2AC7896,Android-MidTier,Passport,Tamil Nadu,0,0,0,113,consent_sign,3.5,0,2026-01-07 07:23:00
S003138,13483FB3,Android-Budget,Aadhaar,West Bengal,1,0,2,166,consent_sign,5.0,0,2026-02-25 18:39:00
S003139,36CDF42F,Android-MidTier,Aadhaar,Delhi,1,0,1,172,consent_sign,5.0,0,2026-01-12 02:07:00
S003140,4C1D2E43,Android-MidTier,Aadhaar,Delhi,0,0,0,125,consent_sign,3.5,0,2026-02-01 22:17:00
S003141,CDFA76AF,Android-Budget,Driving License,Gujarat,1,0,3,263,consent_sign,5.0,0,2026-01-15 22:41:00
S003142,F53BA020,iOS-HighEnd,Passport,Karnataka,0,0,0,122,consent_sign,3.5,0,2026-02-25 19:04:00
S003143,94047909,Android-MidTier,Passport,Gujarat,0,1,1,120,liveness_check,3.5,1,2026-01-02 09:26:00
S003144,45FB3E8A,iOS-HighEnd,Passport,Maharashtra,0,0,0,114,consent_sign,3.5,0,2026-01-08 22:26:00
S003145,87F3C9A4,Android-Budget,Driving License,Delhi,0,0,0,90,consent_sign,3.5,0,2026-02-12 22:53:00
S003146,58E9BBAD,iOS-HighEnd,Aadhaar,Karnataka,0,0,0,118,consent_sign,3.5,0,2026-01-08 20:46:00
S003147,D2E08E57,iOS-HighEnd,Passport,Gujarat,0,0,0,150,consent_sign,3.5,0,2026-01-06 07:51:00
S003148,4CC6D67E,Android-MidTier,Aadhaar,Karnataka,0,0,1,185,consent_sign,3.5,0,2026-01-17 21:13:00
S003149,5037E669,Android-MidTier,Passport,Karnataka,0,1,2,109,liveness_check,3.5,1,2026-02-03 07:53:00
S003150,4052E3A5,Android-MidTier,Passport,West Bengal,0,0,1,153,consent_sign,3.5,0,2026-01-22 16:46:00
S003151,ABEB5F49,Android-Budget,Driving License,West Bengal,0,1,1,112,liveness_check,3.5,1,2026-01-02 10:54:00
S003152,E182701B,iOS-HighEnd,PAN,Gujarat,0,0,0,115,consent_sign,3.5,0,2026-02-19 13:57:00
S003153,84274378,iOS-HighEnd,Passport,Gujarat,0,0,0,106,consent_sign,3.5,0,2026-01-15 15:28:00
S003154,7FCBCF31,iOS-HighEnd,Driving License,Tamil Nadu,0,0,1,135,consent_sign,3.5,0,2026-01-08 20:38:00
S003155,D2EBA277,Android-MidTier,Driving License,Delhi,0,0,0,120,consent_sign,3.5,0,2026-02-10 17:33:00
S003156,4497734D,Android-Budget,Aadhaar,Gujarat,0,0,0,3,registration,0.0,1,2026-02-13 08:16:00
S003157,CF1643A0,iOS-HighEnd,PAN,Gujarat,0,0,0,146,consent_sign,3.5,0,2026-01-23 22:08:00
S003158,E8266484,Android-MidTier,Driving License,West Bengal,0,2,2,121,liveness_check,5.5,1,2026-01-31 09:06:00
S003159,BA0371F9,iOS-HighEnd,PAN,Delhi,0,0,0,133,consent_sign,3.5,0,2026-02-19 15:15:00
S003160,335DAB46,iOS-HighEnd,Driving License,Maharashtra,0,0,0,162,consent_sign,3.5,0,2026-02-21 05:09:00
S003161,3D8925A9,iOS-HighEnd,PAN,Gujarat,1,0,1,86,doc_upload,1.5,1,2026-02-17 13:06:00
S003162,C3F9C78C,Android-MidTier,Passport,West Bengal,0,0,0,169,consent_sign,3.5,0,2026-02-16 11:13:00
S003163,6906D118,Android-MidTier,PAN,Delhi,0,0,0,148,consent_sign,3.5,0,2026-02-08 02:56:00
S003164,E94053AF,Android-Budget,Driving License,Maharashtra,0,1,1,108,liveness_check,3.5,1,2026-01-01 11:39:00
S003165,D8914ADF,Android-Budget,Aadhaar,Gujarat,1,0,1,102,doc_upload,1.5,1,2026-02-08 00:23:00
S003166,497BC13B,Android-MidTier,PAN,Karnataka,0,0,0,137,consent_sign,3.5,0,2026-01-11 14:41:00
S003167,AFD5B90B,iOS-HighEnd,Aadhaar,West Bengal,0,0,0,123,consent_sign,3.5,0,2026-02-23 19:03:00
S003168,3D0D3FFD,Android-MidTier,Passport,Karnataka,0,1,2,167,consent_sign,5.5,0,2026-02-04 12:56:00
S003169,07179EF3,Android-MidTier,PAN,Maharashtra,0,1,1,165,consent_sign,5.5,0,2026-01-02 00:06:00
S003170,4F7F963E,Android-MidTier,Aadhaar,Gujarat,0,0,0,18,phone_otp,0.0,1,2026-01-09 16:44:00
S003171,FDC56285,Android-MidTier,Passport,Maharashtra,0,0,0,193,consent_sign,3.5,0,2026-01-03 13:05:00
S003172,E7D90C1B,Android-MidTier,Aadhaar,Tamil Nadu,0,0,1,134,consent_sign,3.5,0,2026-01-03 00:38:00
S003173,45D07382,Android-MidTier,Aadhaar,Gujarat,1,0,1,140,consent_sign,5.0,0,2026-02-21 19:45:00
S003174,CA27CD69,Android-Budget,Passport,Delhi,0,0,0,1,registration,0.0,1,2026-02-27 22:18:00
S003175,8CFB137C,Android-Budget,PAN,West Bengal,1,1,2,192,consent_sign,7.0,0,2026-02-09 19:52:00
S003176,0ACFBD89,Android-MidTier,Aadhaar,Delhi,1,0,1,199,consent_sign,5.0,0,2026-01-23 13:34:00
S003177,C840789B,Android-Budget,Passport,Maharashtra,0,1,1,116,liveness_check,3.5,1,2026-01-14 23:18:00
S003178,E581620F,Android-MidTier,PAN,West Bengal,2,0,2,112,doc_upload,3.0,1,2026-02-05 06:37:00
S003179,4C485CFC,Android-Budget,Passport,Maharashtra,0,0,1,106,liveness_check,1.5,1,2026-02-20 15:13:00
S003180,F480ADA5,Android-MidTier,Passport,West Bengal,0,0,0,114,consent_sign,3.5,0,2026-01-21 19:50:00
S003181,ABF2B369,iOS-HighEnd,Aadhaar,West Bengal,0,0,1,107,liveness_check,1.5,1,2026-01-10 05:23:00
S003182,659AE9F2,Android-MidTier,Aadhaar,Tamil Nadu,0,0,1,202,consent_sign,3.5,0,2026-02-24 09:15:00
S003183,D7BE7B4F,iOS-HighEnd,PAN,West Bengal,0,0,0,152,consent_sign,3.5,0,2026-02-05 23:08:00
S003184,922B4FB2,Android-MidTier,Driving License,Karnataka,0,0,0,1,registration,0.0,1,2026-02-28 06:21:00
S003185,1EE26F39,iOS-HighEnd,Driving License,Maharashtra,0,1,1,155,consent_sign,5.5,0,2026-01-24 17:37:00
S003186,9496634F,Android-MidTier,Driving License,Delhi,0,1,1,166,consent_sign,5.5,0,2026-01-11 19:12:00
S003187,867772D3,Android-Budget,Driving License,Delhi,1,0,1,90,doc_upload,1.5,1,2026-01-30 00:25:00
S003188,171A8B65,Android-MidTier,PAN,Delhi,0,3,3,201,liveness_check,7.5,1,2026-02-17 17:30:00
S003189,C5EFD670,Android-MidTier,Aadhaar,Karnataka,0,0,0,148,consent_sign,3.5,0,2026-01-19 17:36:00
S003190,D513DA02,iOS-HighEnd,Aadhaar,Tamil Nadu,0,0,0,136,consent_sign,3.5,0,2026-01-04 04:59:00
S003191,CE4BA2BB,Android-Budget,Driving License,Gujarat,0,0,0,132,consent_sign,3.5,0,2026-02-25 22:42:00
S003192,EF7CEF26,iOS-HighEnd,PAN,Maharashtra,0,0,0,160,consent_sign,3.5,0,2026-01-11 06:18:00
S003193,1B5829C9,Android-Budget,Passport,Maharashtra,0,1,1,186,consent_sign,5.5,0,2026-01-16 18:26:00
S003194,4648BBE8,Android-MidTier,Driving License,Maharashtra,0,0,0,3,registration,0.0,1,2026-01-16 20:45:00
S003195,DCE70289,Android-MidTier,Passport,Maharashtra,1,0,1,145,consent_sign,5.0,0,2026-02-27 13:17:00
S003196,88917CF5,Android-Budget,Aadhaar,Gujarat,0,0,0,151,consent_sign,3.5,0,2026-02-19 04:29:00
S003197,1CEB08FE,Android-MidTier,Driving License,Tamil Nadu,0,0,1,158,consent_sign,3.5,0,2026-01-02 17:00:00
S003198,79900A27,Android-MidTier,Aadhaar,West Bengal,0,0,0,1,registration,0.0,1,2026-01-07 06:21:00
S003199,47198F5C,Android-MidTier,Aadhaar,Gujarat,0,0,0,140,consent_sign,3.5,0,2026-02-14 21:33:00
S003200,2518EC09,iOS-HighEnd,Passport,Karnataka,0,0,0,172,consent_sign,3.5,0,2026-01-11 22:11:00
S003201,5E24296E,Android-Budget,Driving License,Gujarat,0,0,0,151,consent_sign,3.5,0,2026-02-15 10:05:00
S003202,A538C6A7,Android-MidTier,Driving License,Maharashtra,0,0,0,146,consent_sign,3.5,0,2026-01-22 02:51:00
S003203,08E94548,Android-MidTier,Aadhaar,West Bengal,0,0,0,125,consent_sign,3.5,0,2026-01-25 12:07:00
S003204,CC876B1C,Android-MidTier,Aadhaar,West Bengal,0,1,1,126,liveness_check,3.5,1,2026-02-20 03:36:00
S003205,EADE7B17,Android-MidTier,Driving License,West Bengal,1,1,2,242,consent_sign,7.0,0,2026-01-22 23:21:00
S003206,40C37CBC,Android-Budget,Aadhaar,Maharashtra,1,0,1,177,consent_sign,5.0,0,2026-01-12 15:36:00
S003207,A3922A4E,Android-MidTier,Passport,Tamil Nadu,0,0,0,145,consent_sign,3.5,0,2026-01-30 18:57:00
S003208,E7354DB2,Android-MidTier,Aadhaar,Maharashtra,1,0,1,161,consent_sign,5.0,0,2026-02-13 10:11:00
S003209,88EFE82B,Android-MidTier,Aadhaar,Gujarat,0,0,0,145,consent_sign,3.5,0,2026-02-09 19:08:00
S003210,71414F58,Android-Budget,PAN,Gujarat,1,1,2,211,consent_sign,7.0,0,2026-02-06 22:30:00
S003211,F5F3943A,Android-MidTier,PAN,Gujarat,0,0,0,58,doc_upload,0.0,1,2026-01-13 12:03:00
S003212,EAFD3E7B,iOS-HighEnd,PAN,Delhi,0,0,0,115,consent_sign,3.5,0,2026-01-01 15:10:00
S003213,EFB2D33C,iOS-HighEnd,PAN,Karnataka,0,0,0,151,consent_sign,3.5,0,2026-01-10 01:11:00
S003214,4C23E844,iOS-HighEnd,PAN,Delhi,0,0,0,103,consent_sign,3.5,0,2026-01-20 05:23:00
S003215,2904A6D6,iOS-HighEnd,Driving License,Tamil Nadu,0,0,0,4,registration,0.0,1,2026-02-13 10:30:00
S003216,5132FE68,iOS-HighEnd,Aadhaar,Tamil Nadu,0,0,0,125,consent_sign,3.5,0,2026-01-29 12:42:00
S003217,A4F954FC,iOS-HighEnd,PAN,Tamil Nadu,0,1,1,163,consent_sign,5.5,0,2026-01-17 03:18:00
S003218,462741EC,Android-MidTier,Aadhaar,Delhi,0,0,0,156,consent_sign,3.5,0,2026-02-17 09:10:00
S003219,C78A7900,Android-MidTier,PAN,West Bengal,0,0,0,135,consent_sign,3.5,0,2026-02-10 06:17:00
S003220,BCA83A82,Android-MidTier,Driving License,Tamil Nadu,1,0,1,142,consent_sign,5.0,0,2026-01-06 01:33:00
S003221,552D4865,Android-Budget,Aadhaar,Gujarat,0,0,0,111,consent_sign,3.5,0,2026-01-15 18:09:00
S003222,EB25D7E7,iOS-HighEnd,Driving License,Karnataka,0,0,0,127,consent_sign,3.5,0,2026-01-07 17:24:00
S003223,290C42F8,Android-MidTier,PAN,Tamil Nadu,1,0,1,206,consent_sign,5.0,0,2026-01-07 08:45:00
S003224,10FD7164,iOS-HighEnd,Driving License,West Bengal,0,0,0,110,consent_sign,3.5,0,2026-01-23 18:41:00
S003225,BAAEEBF8,iOS-HighEnd,PAN,West Bengal,0,0,0,133,consent_sign,3.5,0,2026-02-03 07:13:00
S003226,53A71719,iOS-HighEnd,PAN,Karnataka,0,0,0,128,consent_sign,3.5,0,2026-02-19 14:32:00
S003227,C310D2A2,Android-MidTier,Aadhaar,Tamil Nadu,0,0,0,115,consent_sign,3.5,0,2026-01-15 11:29:00
S003228,2F098F4D,iOS-HighEnd,Driving License,Karnataka,0,0,0,16,phone_otp,0.0,1,2026-02-10 05:10:00
S003229,A41F0D38,iOS-HighEnd,PAN,Tamil Nadu,1,0,1,187,consent_sign,5.0,0,2026-01-29 00:08:00
S003230,333822D1,Android-MidTier,Driving License,Maharashtra,0,0,0,130,consent_sign,3.5,1,2026-02-24 08:42:00
S003231,93683DD6,Android-MidTier,Passport,Karnataka,0,0,0,159,consent_sign,3.5,0,2026-02-03 18:02:00
S003232,3FE604F4,Android-Budget,Aadhaar,West Bengal,1,2,4,220,consent_sign,9.0,0,2026-01-07 19:37:00
S003233,C481EA69,Android-MidTier,Passport,Karnataka,0,0,0,137,consent_sign,3.5,0,2026-01-07 10:00:00
S003234,214DC588,iOS-HighEnd,Passport,Karnataka,0,0,0,129,consent_sign,3.5,0,2026-01-09 00:51:00
S003235,690A7B80,Android-MidTier,Driving License,Gujarat,0,0,1,167,consent_sign,3.5,0,2026-01-02 20:29:00
S003236,7394D796,iOS-HighEnd,Aadhaar,Gujarat,1,0,1,220,consent_sign,5.0,0,2026-01-05 21:37:00
S003237,222DB2CF,Android-MidTier,Aadhaar,Gujarat,0,0,0,122,consent_sign,3.5,0,2026-02-05 20:42:00
S003238,97D02F8F,iOS-HighEnd,PAN,Maharashtra,0,0,0,137,consent_sign,3.5,1,2026-01-28 02:55:00
S003239,4823DEBE,Android-MidTier,PAN,Delhi,0,0,0,150,consent_sign,3.5,0,2026-02-13 14:39:00
S003240,5E1B015F,Android-Budget,PAN,Tamil Nadu,1,0,1,193,consent_sign,5.0,0,2026-02-18 06:59:00
S003241,60980B94,iOS-HighEnd,PAN,West Bengal,0,0,0,143,consent_sign,3.5,0,2026-02-28 22:18:00
S003242,92051DA0,iOS-HighEnd,PAN,Maharashtra,0,0,1,166,consent_sign,3.5,0,2026-01-12 02:21:00
S003243,05E15E2F,Android-MidTier,Driving License,Tamil Nadu,0,0,0,141,consent_sign,3.5,0,2026-02-23 20:31:00
S003244,9CAC3D21,iOS-HighEnd,Aadhaar,Gujarat,0,0,0,118,consent_sign,3.5,0,2026-02-25 04:13:00
S003245,16C72B1A,iOS-HighEnd,Passport,Gujarat,1,0,1,209,consent_sign,5.0,0,2026-02-27 01:27:00
S003246,430438B5,iOS-HighEnd,Passport,Tamil Nadu,0,0,0,170,consent_sign,3.5,0,2026-01-31 17:44:00
S003247,0CBE938D,iOS-HighEnd,PAN,Tamil Nadu,0,0,1,196,consent_sign,3.5,0,2026-01-01 23:55:00
S003248,99B3568D,iOS-HighEnd,Driving License,Maharashtra,0,0,0,36,phone_otp,0.0,1,2026-02-14 01:15:00
S003249,F541A44E,Android-MidTier,PAN,Gujarat,0,0,0,146,consent_sign,3.5,0,2026-02-22 17:40:00
S003250,9136D4AD,iOS-HighEnd,PAN,Maharashtra,0,0,0,133,consent_sign,3.5,0,2026-02-06 05:36:00
S003251,869D4CB7,Android-Budget,PAN,Gujarat,0,0,1,145,consent_sign,3.5,1,2026-01-22 11:45:00
S003252,EDA413C6,iOS-HighEnd,Driving License,Delhi,0,0,1,187,consent_sign,3.5,0,2026-02-06 23:03:00
S003253,7E808D05,Android-Budget,Aadhaar,West Bengal,0,0,0,93,consent_sign,3.5,0,2026-01-13 08:15:00
S003254,340155BD,Android-MidTier,Aadhaar,Maharashtra,0,0,0,144,consent_sign,3.5,0,2026-01-16 05:12:00
S003255,D03BCBFC,iOS-HighEnd,Aadhaar,Maharashtra,0,1,1,135,consent_sign,5.5,0,2026-02-24 19:48:00
S003256,BF16E3E9,Android-MidTier,Passport,West Bengal,0,0,0,130,consent_sign,3.5,0,2026-02-17 02:54:00
S003257,6E6A3D5B,iOS-HighEnd,PAN,Karnataka,1,0,1,200,consent_sign,5.0,0,2026-01-19 07:06:00
S003258,372F5F47,Android-MidTier,Passport,Maharashtra,0,0,0,20,phone_otp,0.0,1,2026-01-17 06:50:00
S003259,BA098A27,iOS-HighEnd,Passport,Maharashtra,0,0,0,107,consent_sign,3.5,0,2026-02-18 23:55:00
S003260,2E2CB850,Android-MidTier,Passport,Delhi,0,0,0,131,consent_sign,3.5,0,2026-02-03 23:05:00
S003261,075DACD4,iOS-HighEnd,Passport,West Bengal,0,0,0,157,consent_sign,3.5,0,2026-01-25 00:39:00
S003262,3C48C936,Android-MidTier,PAN,Delhi,0,0,0,147,consent_sign,3.5,0,2026-01-31 17:30:00
S003263,3F91C419,iOS-HighEnd,Aadhaar,Tamil Nadu,0,0,0,124,consent_sign,3.5,0,2026-03-01 04:20:00
S003264,A5B13AFD,iOS-HighEnd,Aadhaar,Tamil Nadu,0,0,0,36,doc_upload,0.0,1,2026-01-24 18:06:00
S003265,7808A004,iOS-HighEnd,Aadhaar,Delhi,1,0,1,98,doc_upload,1.5,1,2026-01-25 00:55:00
S003266,F9723977,Android-Budget,Driving License,Maharashtra,0,1,1,117,liveness_check,3.5,1,2026-02-27 10:25:00
S003267,3653E588,iOS-HighEnd,Passport,Tamil Nadu,0,0,1,148,consent_sign,3.5,0,2026-01-30 01:25:00
S003268,6C5CCBA7,Android-MidTier,Aadhaar,Gujarat,0,1,1,153,consent_sign,5.5,0,2026-01-20 12:17:00
S003269,12B3C5EB,Android-MidTier,PAN,Karnataka,0,0,1,124,consent_sign,3.5,0,2026-02-27 21:36:00
S003270,0D574085,Android-MidTier,Driving License,Delhi,0,0,0,162,consent_sign,3.5,0,2026-01-28 18:42:00
S003271,788F06ED,Android-MidTier,Aadhaar,Gujarat,0,1,1,118,consent_sign,5.5,0,2026-01-07 20:30:00
S003272,9B3B5B4C,iOS-HighEnd,PAN,Gujarat,0,0,0,136,consent_sign,3.5,0,2026-02-16 17:32:00
S003273,CD602879,iOS-HighEnd,Driving License,West Bengal,0,0,1,134,consent_sign,3.5,0,2026-01-27 22:46:00
S003274,CF5285F7,iOS-HighEnd,Driving License,Delhi,0,0,0,129,consent_sign,3.5,0,2026-02-18 23:10:00
S003275,8129AA0C,iOS-HighEnd,Passport,Tamil Nadu,0,0,0,165,consent_sign,3.5,0,2026-01-05 11:42:00
S003276,FA3F012E,Android-MidTier,PAN,Gujarat,0,0,0,151,consent_sign,3.5,0,2026-02-15 09:11:00
S003277,21DA5DB1,Android-MidTier,Aadhaar,Maharashtra,0,1,1,185,consent_sign,5.5,0,2026-02-19 14:44:00
S003278,0A872AC2,iOS-HighEnd,Driving License,Tamil Nadu,0,1,2,129,liveness_check,3.5,1,2026-01-08 20:20:00
S003279,2B7C5EE3,Android-MidTier,Aadhaar,West Bengal,0,0,0,4,registration,0.0,1,2026-01-18 21:07:00
S003280,56D44952,iOS-HighEnd,PAN,Karnataka,0,0,1,137,consent_sign,3.5,1,2026-01-08 14:52:00
S003281,16F32B93,Android-Budget,Passport,Karnataka,0,0,0,132,consent_sign,3.5,0,2026-01-03 12:52:00
S003282,6ED47A6D,Android-Budget,Aadhaar,Tamil Nadu,0,0,0,4,registration,0.0,1,2026-01-11 20:42:00
S003283,50326FE6,Android-Budget,Driving License,Tamil Nadu,1,0,1,76,doc_upload,1.5,1,2026-01-06 21:55:00
S003284,7FCC4456,Android-MidTier,Aadhaar,Maharashtra,0,0,0,34,phone_otp,0.0,1,2026-01-12 01:30:00
S003285,47EFA886,Android-MidTier,Aadhaar,West Bengal,0,0,0,122,consent_sign,3.5,0,2026-02-13 04:44:00
S003286,6E1A1E1B,iOS-HighEnd,Passport,Tamil Nadu,0,0,0,139,consent_sign,3.5,0,2026-02-11 16:57:00
S003287,4362262D,Android-Budget,Aadhaar,Maharashtra,0,0,0,127,consent_sign,3.5,0,2026-02-14 20:40:00
S003288,ED3D5159,Android-Budget,PAN,Karnataka,0,0,2,165,consent_sign,3.5,0,2026-01-29 23:00:00
S003289,6F8EF978,Android-Budget,Passport,Delhi,0,0,0,139,consent_sign,3.5,0,2026-02-02 03:31:00
S003290,BCA37653,Android-MidTier,Driving License,Karnataka,2,0,2,187,consent_sign,6.5,0,2026-01-10 19:24:00
S003291,F33685DA,Android-Budget,Aadhaar,Gujarat,0,1,1,138,liveness_check,3.5,1,2026-01-24 20:07:00
S003292,EC4014C6,Android-Budget,Driving License,Tamil Nadu,1,0,1,171,consent_sign,5.0,0,2026-01-30 07:54:00
S003293,70A32883,Android-Budget,Passport,Karnataka,2,1,3,228,liveness_check,6.5,1,2026-01-22 12:57:00
S003294,0DF81D2B,Android-MidTier,PAN,Delhi,0,0,0,116,consent_sign,3.5,0,2026-02-13 08:32:00
S003295,7862246C,Android-Budget,Driving License,West Bengal,0,1,1,149,consent_sign,5.5,0,2026-02-04 21:45:00
S003296,7796048F,iOS-HighEnd,Aadhaar,Delhi,0,1,2,204,consent_sign,5.5,0,2026-01-04 01:49:00
S003297,E52A33E6,Android-MidTier,Passport,Tamil Nadu,0,0,0,143,consent_sign,3.5,0,2026-03-01 13:02:00
S003298,71076F2E,Android-MidTier,PAN,Karnataka,0,0,0,99,consent_sign,3.5,0,2026-02-27 13:56:00
S003299,8F942977,Android-MidTier,PAN,Gujarat,1,0,1,86,doc_upload,1.5,1,2026-02-09 20:58:00
S003300,1CCC33C1,Android-MidTier,Aadhaar,Delhi,0,0,0,108,consent_sign,3.5,0,2026-02-22 17:36:00
S003301,25E6D919,iOS-HighEnd,Driving License,Tamil Nadu,0,1,1,144,consent_sign,5.5,0,2026-02-17 20:59:00
S003302,3427E466,iOS-HighEnd,PAN,Maharashtra,0,0,0,146,consent_sign,3.5,0,2026-01-27 18:01:00
S003303,D5BF85F3,Android-MidTier,PAN,Gujarat,0,0,0,124,consent_sign,3.5,0,2026-02-28 10:35:00
S003304,D294100F,iOS-HighEnd,PAN,Karnataka,0,0,0,144,consent_sign,3.5,0,2026-02-13 17:32:00
S003305,A9C3640D,Android-Budget,Passport,Maharashtra,0,0,0,126,consent_sign,3.5,0,2026-01-01 23:20:00
S003306,FF7D39F7,iOS-HighEnd,Driving License,Gujarat,0,0,0,132,consent_sign,3.5,0,2026-02-25 22:26:00
S003307,C4502052,Android-MidTier,Passport,Delhi,0,0,0,44,doc_upload,0.0,1,2026-02-20 16:51:00
S003308,EBA0330C,iOS-HighEnd,Driving License,Delhi,0,0,0,163,consent_sign,3.5,0,2026-02-02 14:18:00
S003309,7F843004,Android-Budget,Driving License,Tamil Nadu,0,0,0,2,registration,0.0,1,2026-01-17 14:35:00
S003310,5422EA97,iOS-HighEnd,Passport,Gujarat,0,0,0,132,consent_sign,3.5,0,2026-01-19 05:16:00
S003311,FB38BC6C,Android-Budget,Aadhaar,West Bengal,0,1,1,116,liveness_check,3.5,1,2026-02-05 13:11:00
S003312,5FA18468,Android-Budget,Aadhaar,Maharashtra,0,0,0,115,consent_sign,3.5,0,2026-03-01 00:26:00
S003313,1B2765F6,iOS-HighEnd,PAN,Delhi,0,0,0,133,consent_sign,3.5,0,2026-03-01 16:54:00
S003314,076451D3,iOS-HighEnd,Passport,Tamil Nadu,0,0,0,59,doc_upload,0.0,1,2026-01-10 21:37:00
S003315,B52C4358,iOS-HighEnd,Passport,Delhi,0,0,0,43,doc_upload,0.0,1,2026-02-11 08:59:00
S003316,A0DBFCA2,iOS-HighEnd,PAN,Karnataka,0,0,0,117,consent_sign,3.5,1,2026-01-03 22:54:00
S003317,A87319FE,Android-MidTier,Driving License,Delhi,0,0,0,118,consent_sign,3.5,0,2026-02-12 14:53:00
S003318,0B398E89,Android-MidTier,Driving License,Maharashtra,1,0,1,171,liveness_check,3.0,1,2026-01-17 13:45:00
S003319,73FE7E1D,Android-MidTier,Aadhaar,Delhi,0,0,0,132,consent_sign,3.5,0,2026-01-01 08:06:00
S003320,FFF446B9,Android-Budget,PAN,Maharashtra,0,1,2,155,liveness_check,3.5,1,2026-01-05 23:39:00
S003321,CC0A628B,Android-MidTier,Passport,Maharashtra,0,0,0,107,consent_sign,3.5,0,2026-02-03 16:08:00
S003322,DCFFD7B6,Android-MidTier,PAN,West Bengal,0,0,0,100,consent_sign,3.5,0,2026-02-26 17:38:00
S003323,486FAC8F,iOS-HighEnd,PAN,Gujarat,0,1,1,164,consent_sign,5.5,0,2026-02-05 20:56:00
S003324,BE69AD39,Android-MidTier,Passport,Tamil Nadu,0,0,0,138,consent_sign,3.5,0,2026-02-18 01:43:00
S003325,9A2FC701,Android-Budget,Aadhaar,Delhi,1,0,1,100,doc_upload,1.5,1,2026-02-24 22:26:00
S003326,41526BFF,iOS-HighEnd,Aadhaar,West Bengal,0,1,1,162,consent_sign,5.5,0,2026-02-23 14:21:00
S003327,C5583A17,Android-MidTier,Passport,Delhi,0,1,1,169,consent_sign,5.5,0,2026-01-10 01:27:00
S003328,054046CC,iOS-HighEnd,Passport,Maharashtra,0,0,0,160,consent_sign,3.5,0,2026-02-23 18:06:00
S003329,6374ED14,iOS-HighEnd,PAN,Maharashtra,1,0,1,205,consent_sign,5.0,0,2026-02-15 05:31:00
S003330,A5ACCD5A,Android-Budget,PAN,Delhi,0,0,0,147,consent_sign,3.5,0,2026-01-14 16:49:00
S003331,27755E9D,Android-Budget,Aadhaar,Maharashtra,1,0,1,81,doc_upload,1.5,1,2026-01-02 12:58:00
S003332,CD14EACB,iOS-HighEnd,Passport,Tamil Nadu,0,0,1,156,consent_sign,3.5,0,2026-02-26 19:53:00
S003333,EBF484D0,iOS-HighEnd,Driving License,Karnataka,0,0,0,140,consent_sign,3.5,0,2026-02-13 09:22:00
S003334,9A7FDE23,Android-MidTier,Aadhaar,Gujarat,0,0,0,153,consent_sign,3.5,0,2026-02-19 04:12:00
S003335,189AC35D,Android-MidTier,Passport,Karnataka,0,0,0,2,registration,0.0,1,2026-01-02 15:22:00
S003336,332AC35A,Android-Budget,PAN,Maharashtra,0,0,0,128,consent_sign,3.5,0,2026-01-15 14:43:00
S003337,6359D5CE,Android-Budget,Driving License,Tamil Nadu,0,1,1,113,liveness_check,3.5,1,2026-02-15 22:59:00
S003338,99AFEE64,Android-MidTier,Driving License,Delhi,0,0,0,130,consent_sign,3.5,0,2026-02-09 03:02:00
S003339,6C2B5781,Android-MidTier,Passport,Tamil Nadu,0,0,0,153,consent_sign,3.5,0,2026-02-02 09:43:00
S003340,2FB50401,iOS-HighEnd,Aadhaar,Delhi,0,0,1,165,consent_sign,3.5,0,2026-02-11 18:13:00
S003341,17CB67B8,Android-Budget,Aadhaar,Karnataka,0,0,0,143,consent_sign,3.5,0,2026-02-06 04:29:00
S003342,F9285706,Android-MidTier,PAN,Delhi,1,0,1,72,doc_upload,1.5,1,2026-01-23 17:43:00
S003343,A5C9CF20,iOS-HighEnd,Driving License,Tamil Nadu,0,1,1,139,consent_sign,5.5,0,2026-01-11 03:48:00
S003344,EE403B9F,iOS-HighEnd,Passport,Tamil Nadu,0,0,0,152,consent_sign,3.5,0,2026-02-08 03:56:00
S003345,A5B09024,Android-Budget,Aadhaar,West Bengal,1,0,1,78,doc_upload,1.5,1,2026-02-05 22:04:00
S003346,77DD362B,Android-MidTier,PAN,Maharashtra,0,2,2,135,liveness_check,5.5,1,2026-01-27 23:52:00
S003347,CD320878,iOS-HighEnd,Aadhaar,Delhi,0,0,0,147,consent_sign,3.5,0,2026-02-08 13:19:00
S003348,FBF3A106,Android-Budget,Driving License,Gujarat,2,0,2,118,doc_upload,3.0,1,2026-02-10 13:10:00
S003349,4CE794D7,iOS-HighEnd,PAN,Delhi,0,0,0,140,consent_sign,3.5,0,2026-02-17 16:25:00
S003350,6D7FD4E2,iOS-HighEnd,Aadhaar,West Bengal,0,0,0,127,consent_sign,3.5,0,2026-02-17 07:56:00
S003351,8D0DF6F6,Android-Budget,Passport,Gujarat,1,0,1,142,consent_sign,5.0,0,2026-01-10 16:19:00
S003352,836F224B,Android-MidTier,Driving License,Tamil Nadu,0,0,0,122,consent_sign,3.5,0,2026-01-01 14:17:00
S003353,69BBA3C4,iOS-HighEnd,Passport,Tamil Nadu,0,0,0,135,consent_sign,3.5,0,2026-01-23 16:36:00
S003354,B8663C7C,Android-MidTier,Passport,West Bengal,1,0,1,189,consent_sign,5.0,0,2026-01-09 08:32:00
S003355,5AFF4594,Android-MidTier,Passport,Karnataka,0,1,1,96,liveness_check,3.5,1,2026-02-19 02:52:00
S003356,C4C608EB,Android-MidTier,Passport,Karnataka,0,0,0,4,registration,0.0,1,2026-01-30 10:04:00
S003357,BD9277A4,Android-MidTier,Aadhaar,Karnataka,0,0,1,183,consent_sign,3.5,0,2026-01-08 07:54:00
S003358,C942E6E8,Android-Budget,PAN,Delhi,0,1,1,147,consent_sign,5.5,0,2026-01-21 20:32:00
S003359,0B961346,iOS-HighEnd,Aadhaar,Maharashtra,0,1,1,178,consent_sign,5.5,0,2026-02-23 02:41:00
S003360,B4522738,Android-MidTier,Passport,Tamil Nadu,0,0,0,44,doc_upload,0.0,1,2026-01-29 00:03:00
S003361,B95E44E3,Android-MidTier,Passport,Delhi,0,0,0,138,consent_sign,3.5,0,2026-02-05 23:38:00
S003362,732FC932,Android-MidTier,PAN,Karnataka,0,0,2,149,consent_sign,3.5,0,2026-01-13 10:41:00
S003363,5761B099,Android-MidTier,Aadhaar,West Bengal,0,0,0,127,consent_sign,3.5,0,2026-02-01 06:28:00
S003364,CF5C8DD3,Android-MidTier,Driving License,West Bengal,2,0,3,143,doc_upload,3.0,1,2026-01-15 16:32:00
S003365,140642A8,Android-MidTier,PAN,West Bengal,0,1,2,219,consent_sign,5.5,0,2026-01-22 09:35:00
S003366,4262A48C,Android-MidTier,Passport,Tamil Nadu,0,0,0,88,consent_sign,3.5,0,2026-01-16 01:27:00
S003367,6F0D7229,iOS-HighEnd,Driving License,Tamil Nadu,0,0,0,49,doc_upload,0.0,1,2026-01-06 10:20:00
S003368,651A6277,Android-MidTier,Driving License,Maharashtra,0,1,1,151,consent_sign,5.5,0,2026-01-01 08:34:00
S003369,A7E29299,Android-MidTier,Driving License,Karnataka,0,2,2,170,liveness_check,5.5,1,2026-01-19 08:06:00
S003370,67B41520,iOS-HighEnd,PAN,Gujarat,0,0,0,149,consent_sign,3.5,0,2026-02-09 16:06:00
S003371,BE86F5D0,Android-MidTier,PAN,Delhi,0,0,2,146,consent_sign,3.5,0,2026-01-16 04:49:00
S003372,4D844CB6,Android-Budget,Passport,Delhi,0,0,1,117,consent_sign,3.5,0,2026-01-15 10:15:00
S003373,9DE2FD3F,Android-Budget,PAN,Karnataka,0,0,0,130,consent_sign,3.5,0,2026-02-26 04:26:00
S003374,F69072CF,Android-Budget,Driving License,Gujarat,0,0,2,143,consent_sign,3.5,0,2026-02-17 20:57:00
S003375,CDFCEF75,iOS-HighEnd,PAN,Karnataka,0,0,0,37,phone_otp,0.0,1,2026-01-13 02:02:00
S003376,2296D3F6,iOS-HighEnd,Driving License,Maharashtra,0,0,0,146,consent_sign,3.5,0,2026-01-01 17:47:00
S003377,D0E34B2B,iOS-HighEnd,Passport,Gujarat,0,0,0,141,consent_sign,3.5,0,2026-01-10 06:01:00
S003378,302F420E,iOS-HighEnd,PAN,Delhi,0,0,0,103,consent_sign,3.5,0,2026-01-01 09:28:00
S003379,7B2A7F10,Android-MidTier,Passport,West Bengal,0,0,0,113,consent_sign,3.5,0,2026-02-03 19:48:00
S003380,3DE54EE2,iOS-HighEnd,Aadhaar,West Bengal,0,0,0,154,consent_sign,3.5,0,2026-01-25 11:34:00
S003381,DBB24C33,iOS-HighEnd,Aadhaar,Tamil Nadu,2,0,2,159,consent_sign,6.5,0,2026-01-15 12:31:00
S003382,160A3A13,Android-MidTier,PAN,Maharashtra,0,0,0,1,registration,0.0,1,2026-01-25 14:09:00
S003383,25EE2F0F,Android-MidTier,Driving License,Gujarat,0,0,0,127,consent_sign,3.5,0,2026-01-31 20:08:00
S003384,1DD03ECD,Android-MidTier,Driving License,Delhi,1,0,2,178,consent_sign,5.0,0,2026-01-16 05:01:00
S003385,BD20C36A,Android-MidTier,Aadhaar,West Bengal,0,1,2,171,consent_sign,5.5,0,2026-01-08 13:18:00
S003386,7C2C0791,Android-Budget,Passport,Delhi,1,0,2,205,consent_sign,5.0,1,2026-01-03 15:44:00
S003387,73137FA5,Android-MidTier,Passport,Maharashtra,0,2,2,177,consent_sign,7.5,0,2026-02-08 00:56:00
S003388,4B7A123E,Android-MidTier,Driving License,Maharashtra,0,0,1,166,consent_sign,3.5,0,2026-02-05 13:29:00
S003389,6448A3D5,iOS-HighEnd,Driving License,Maharashtra,0,1,1,127,liveness_check,3.5,1,2026-02-12 00:08:00
S003390,1A482803,iOS-HighEnd,Aadhaar,Delhi,0,0,0,113,consent_sign,3.5,0,2026-02-13 04:39:00
S003391,6E89A7A8,iOS-HighEnd,PAN,Delhi,1,0,1,110,doc_upload,1.5,1,2026-02-15 17:52:00
S003392,7EE667DE,iOS-HighEnd,Passport,West Bengal,0,0,0,3,registration,0.0,1,2026-01-14 12:49:00
S003393,BB27F6BC,iOS-HighEnd,PAN,Delhi,0,0,0,107,consent_sign,3.5,0,2026-01-30 12:58:00
S003394,0979F5D3,Android-Budget,Aadhaar,Maharashtra,0,0,0,165,consent_sign,3.5,0,2026-02-07 10:13:00
S003395,836B47C3,Android-MidTier,Aadhaar,Maharashtra,0,1,1,188,consent_sign,5.5,0,2026-01-25 19:23:00
S003396,EF6E9295,iOS-HighEnd,Passport,West Bengal,0,0,0,150,consent_sign,3.5,0,2026-02-11 01:30:00
S003397,DE1D4653,Android-MidTier,Driving License,Delhi,0,0,0,132,consent_sign,3.5,0,2026-02-07 05:07:00
S003398,0F8A579C,Android-Budget,Passport,Maharashtra,1,0,1,107,doc_upload,1.5,1,2026-01-04 17:58:00
S003399,938F2B90,iOS-HighEnd,Driving License,Tamil Nadu,1,2,3,204,liveness_check,7.0,1,2026-02-09 02:45:00
S003400,4491BE40,Android-MidTier,Passport,Tamil Nadu,2,0,2,247,consent_sign,6.5,0,2026-01-10 04:05:00
S003401,E39EB7C2,Android-MidTier,Driving License,West Bengal,0,2,2,145,liveness_check,5.5,1,2026-01-14 02:45:00
S003402,9F690CDE,iOS-HighEnd,Aadhaar,West Bengal,0,1,1,99,liveness_check,3.5,1,2026-01-23 02:54:00
S003403,72C573E9,iOS-HighEnd,PAN,Gujarat,0,0,1,116,consent_sign,3.5,0,2026-01-20 03:43:00
S003404,294D25FC,Android-Budget,Aadhaar,Gujarat,0,1,1,188,consent_sign,5.5,0,2026-01-05 18:18:00
S003405,78202426,Android-Budget,Passport,Maharashtra,0,0,0,135,consent_sign,3.5,0,2026-02-22 13:43:00
S003406,81F46DFD,iOS-HighEnd,Driving License,Maharashtra,0,0,0,147,consent_sign,3.5,0,2026-02-10 09:40:00
S003407,AF5A7636,Android-MidTier,PAN,Maharashtra,0,0,0,99,consent_sign,3.5,1,2026-01-22 21:45:00
S003408,DA7BF28B,iOS-HighEnd,PAN,Tamil Nadu,0,0,0,135,consent_sign,3.5,0,2026-01-26 17:39:00
S003409,77ED78D9,iOS-HighEnd,PAN,Gujarat,0,0,0,133,consent_sign,3.5,0,2026-01-06 02:33:00
S003410,B9163357,Android-Budget,PAN,Delhi,0,0,0,148,consent_sign,3.5,0,2026-02-03 18:12:00
S003411,6AB76840,iOS-HighEnd,Aadhaar,Tamil Nadu,0,0,0,118,consent_sign,3.5,0,2026-01-16 21:04:00
S003412,A70A409D,Android-MidTier,PAN,Karnataka,0,1,2,160,consent_sign,5.5,0,2026-02-16 02:20:00
S003413,78EA47E2,Android-MidTier,Passport,Gujarat,0,0,0,2,registration,0.0,1,2026-01-29 18:30:00
S003414,297A8503,Android-MidTier,Passport,West Bengal,1,0,1,84,doc_upload,1.5,1,2026-02-24 00:49:00
S003415,B0D18DF1,Android-MidTier,Driving License,Karnataka,0,0,1,152,consent_sign,3.5,0,2026-02-12 18:30:00
S003416,7B9EA9EB,iOS-HighEnd,PAN,Maharashtra,0,0,0,129,consent_sign,3.5,0,2026-01-31 11:16:00
S003417,2804335A,Android-Budget,Driving License,Delhi,0,2,2,158,consent_sign,7.5,0,2026-02-23 13:55:00
S003418,CB21AA80,Android-MidTier,Aadhaar,Gujarat,0,0,0,103,consent_sign,3.5,0,2026-02-28 23:04:00
S003419,7E64C44F,iOS-HighEnd,Passport,Karnataka,0,0,1,109,consent_sign,3.5,0,2026-01-21 03:49:00
S003420,8E8C71D8,iOS-HighEnd,PAN,Maharashtra,0,0,1,36,phone_otp,0.0,1,2026-01-07 15:35:00
S003421,5BD972C7,iOS-HighEnd,Driving License,Tamil Nadu,0,0,0,142,consent_sign,3.5,0,2026-01-03 03:06:00
S003422,AD4B24EC,iOS-HighEnd,PAN,Gujarat,0,0,1,85,doc_upload,0.0,1,2026-02-22 19:40:00
S003423,DC05AE03,iOS-HighEnd,Driving License,Karnataka,0,0,0,144,consent_sign,3.5,0,2026-02-22 14:29:00
S003424,CE8B76A2,Android-MidTier,Driving License,Maharashtra,0,0,0,116,consent_sign,3.5,0,2026-02-18 16:06:00
S003425,1D2D1771,Android-MidTier,Driving License,Maharashtra,0,0,0,127,consent_sign,3.5,0,2026-01-03 08:24:00
S003426,8FDE042A,iOS-HighEnd,PAN,Karnataka,0,0,0,138,consent_sign,3.5,0,2026-01-06 23:41:00
S003427,FE60AFDE,iOS-HighEnd,PAN,Tamil Nadu,0,0,0,136,consent_sign,3.5,0,2026-01-20 07:59:00
S003428,C4F5B03E,Android-Budget,Aadhaar,Karnataka,0,0,1,167,consent_sign,3.5,0,2026-01-13 10:16:00
S003429,8E990457,iOS-HighEnd,Driving License,West Bengal,1,0,1,203,consent_sign,5.0,0,2026-02-14 09:40:00
S003430,DA78F4C5,Android-Budget,PAN,Gujarat,0,0,0,112,consent_sign,3.5,0,2026-01-21 17:06:00
S003431,9AB2B735,iOS-HighEnd,Passport,Maharashtra,0,1,1,139,liveness_check,3.5,1,2026-01-28 19:08:00
S003432,0CE87570,Android-MidTier,Passport,Maharashtra,0,0,1,158,consent_sign,3.5,0,2026-02-15 04:06:00
S003433,CC8A6796,iOS-HighEnd,Driving License,Gujarat,0,0,0,130,consent_sign,3.5,0,2026-01-12 20:08:00
S003434,C179C596,Android-MidTier,Passport,Maharashtra,0,0,1,156,consent_sign,3.5,0,2026-01-27 02:29:00
S003435,C81A5F0F,iOS-HighEnd,Driving License,Tamil Nadu,0,0,0,131,consent_sign,3.5,0,2026-01-21 14:36:00
S003436,DBBF46ED,Android-MidTier,PAN,Gujarat,0,1,1,163,consent_sign,5.5,0,2026-02-22 10:27:00
S003437,8FFE38C9,Android-Budget,Passport,Gujarat,0,0,0,146,consent_sign,3.5,0,2026-02-06 12:49:00
S003438,2AC38BD3,Android-MidTier,PAN,Tamil Nadu,0,1,1,165,consent_sign,5.5,0,2026-02-25 13:18:00
S003439,34943114,Android-Budget,PAN,Maharashtra,0,0,0,125,consent_sign,3.5,0,2026-01-25 14:12:00
S003440,BA751921,Android-Budget,Passport,Gujarat,0,0,1,154,consent_sign,3.5,0,2026-01-15 12:25:00
S003441,C3101E2E,Android-MidTier,PAN,Tamil Nadu,0,0,0,132,consent_sign,3.5,0,2026-01-24 12:55:00
S003442,DED89C47,Android-Budget,Driving License,Karnataka,0,1,1,143,liveness_check,3.5,1,2026-01-12 11:48:00
S003443,5D1DDCB7,iOS-HighEnd,PAN,Maharashtra,0,0,0,174,consent_sign,3.5,0,2026-02-28 13:40:00
S003444,1F7BD82F,iOS-HighEnd,Driving License,Tamil Nadu,0,0,0,142,consent_sign,3.5,0,2026-02-19 23:45:00
S003445,F83A1BCE,Android-Budget,Driving License,Tamil Nadu,0,0,0,4,registration,0.0,1,2026-02-07 04:20:00
S003446,01AFB939,Android-Budget,Driving License,Tamil Nadu,2,0,2,233,consent_sign,6.5,0,2026-01-10 15:54:00
S003447,7942000A,iOS-HighEnd,PAN,Tamil Nadu,0,1,1,132,consent_sign,5.5,0,2026-01-07 17:18:00
S003448,2BD7D038,Android-MidTier,Passport,Maharashtra,0,0,0,128,consent_sign,3.5,0,2026-01-11 15:27:00
S003449,B717548D,Android-MidTier,PAN,Maharashtra,0,1,1,188,consent_sign,5.5,0,2026-01-11 23:31:00
S003450,A1230193,Android-Budget,Aadhaar,Maharashtra,0,0,0,128,consent_sign,3.5,0,2026-01-17 05:55:00
S003451,C0D2201B,Android-MidTier,Driving License,Tamil Nadu,0,0,0,1,registration,0.0,1,2026-02-22 07:01:00
S003452,C986F893,Android-MidTier,Aadhaar,Delhi,1,0,1,194,consent_sign,5.0,0,2026-02-14 00:46:00
S003453,6DC75587,Android-MidTier,Driving License,Gujarat,0,0,0,113,consent_sign,3.5,0,2026-02-06 09:11:00
S003454,E5E79ADD,Android-MidTier,Aadhaar,Maharashtra,0,1,1,119,consent_sign,5.5,1,2026-01-29 11:57:00
S003455,8422C0CF,Android-MidTier,Passport,Karnataka,0,0,0,98,consent_sign,3.5,0,2026-02-23 04:15:00
S003456,F198F62E,Android-MidTier,Driving License,Gujarat,0,1,1,153,consent_sign,5.5,0,2026-01-05 21:31:00
S003457,C528AC36,iOS-HighEnd,PAN,Gujarat,0,0,0,175,consent_sign,3.5,0,2026-02-16 07:48:00
S003458,8470F6C8,iOS-HighEnd,Passport,Tamil Nadu,0,0,0,116,consent_sign,3.5,1,2026-02-02 03:13:00
S003459,569B111F,Android-MidTier,Passport,West Bengal,0,0,1,48,phone_otp,0.0,1,2026-01-01 21:23:00
S003460,C5BA36AF,Android-MidTier,PAN,Karnataka,0,0,0,89,consent_sign,3.5,0,2026-01-26 07:00:00
S003461,64AD1905,Android-MidTier,PAN,Gujarat,0,0,0,138,consent_sign,3.5,0,2026-02-27 19:13:00
S003462,EC2A322B,Android-Budget,PAN,Tamil Nadu,2,0,2,115,doc_upload,3.0,1,2026-01-07 09:11:00
S003463,93162F53,iOS-HighEnd,Aadhaar,Gujarat,0,0,0,151,consent_sign,3.5,0,2026-02-06 13:16:00
S003464,FAE45D7C,Android-MidTier,Aadhaar,Gujarat,0,0,1,148,consent_sign,3.5,1,2026-02-08 05:32:00
S003465,E0354D75,Android-MidTier,Passport,Karnataka,1,0,1,196,consent_sign,5.0,0,2026-01-11 22:34:00
S003466,6B579789,Android-MidTier,Aadhaar,Delhi,0,0,0,123,consent_sign,3.5,0,2026-02-21 10:53:00
S003467,B366FFD1,Android-MidTier,PAN,West Bengal,0,0,0,160,consent_sign,3.5,0,2026-01-20 11:26:00
S003468,B8B791B0,iOS-HighEnd,Passport,Karnataka,0,0,1,133,consent_sign,3.5,0,2026-01-19 23:30:00
S003469,581AB26C,iOS-HighEnd,Driving License,Gujarat,0,0,0,159,consent_sign,3.5,0,2026-01-31 13:51:00
S003470,E67410DE,iOS-HighEnd,Passport,Gujarat,0,0,0,145,consent_sign,3.5,0,2026-01-14 08:13:00
S003471,2598BC54,Android-MidTier,PAN,Maharashtra,0,1,1,177,consent_sign,5.5,0,2026-01-08 20:19:00
S003472,A4D546E1,Android-Budget,Passport,West Bengal,0,0,0,24,phone_otp,0.0,1,2026-01-03 08:58:00
S003473,9FD60922,Android-Budget,Aadhaar,Karnataka,0,0,0,46,doc_upload,0.0,1,2026-01-07 21:03:00
S003474,71305648,Android-Budget,Passport,Delhi,2,2,4,298,consent_sign,10.5,0,2026-02-17 04:23:00
S003475,CFD42949,Android-Budget,Driving License,Maharashtra,1,0,1,91,doc_upload,1.5,1,2026-01-15 11:24:00
S003476,C680A2E5,Android-Budget,Aadhaar,Maharashtra,0,0,0,131,consent_sign,3.5,0,2026-02-09 14:13:00
S003477,15936F42,Android-MidTier,Aadhaar,Karnataka,2,0,2,101,doc_upload,3.0,1,2026-02-07 18:33:00
S003478,63D69DD8,Android-MidTier,PAN,West Bengal,0,0,0,4,registration,0.0,1,2026-01-20 04:16:00
S003479,E13F8740,iOS-HighEnd,Driving License,Delhi,0,0,0,114,consent_sign,3.5,0,2026-02-11 17:25:00
S003480,8A713A73,Android-MidTier,Aadhaar,Delhi,0,0,0,114,consent_sign,3.5,0,2026-01-29 07:35:00
S003481,82FCE908,Android-MidTier,Aadhaar,Delhi,0,1,1,138,consent_sign,5.5,0,2026-02-16 23:26:00
S003482,5738B277,iOS-HighEnd,Driving License,Karnataka,0,0,0,149,consent_sign,3.5,0,2026-01-03 17:24:00
S003483,05FEF7BC,iOS-HighEnd,Aadhaar,Delhi,0,0,0,142,consent_sign,3.5,0,2026-02-22 10:47:00
S003484,8A39068B,Android-Budget,Driving License,Karnataka,0,1,1,130,liveness_check,3.5,1,2026-01-10 01:46:00
S003485,D50CF57E,Android-MidTier,Aadhaar,West Bengal,0,1,1,189,consent_sign,5.5,0,2026-01-15 10:25:00
S003486,6C3912EF,iOS-HighEnd,Passport,Delhi,2,0,2,132,doc_upload,3.0,1,2026-01-11 01:04:00
S003487,BB63721D,iOS-HighEnd,PAN,Maharashtra,0,0,0,110,consent_sign,3.5,1,2026-01-11 15:07:00
S003488,427F6635,Android-Budget,PAN,West Bengal,1,0,1,213,consent_sign,5.0,0,2026-01-31 21:36:00
S003489,1FB235C4,iOS-HighEnd,PAN,Delhi,0,0,0,94,consent_sign,3.5,0,2026-02-11 06:46:00
S003490,F0FBDB65,Android-Budget,Driving License,Karnataka,0,0,0,145,consent_sign,3.5,0,2026-02-04 22:48:00
S003491,928B1E4B,Android-MidTier,Aadhaar,West Bengal,0,0,1,126,consent_sign,3.5,0,2026-01-29 22:19:00
S003492,56C76990,Android-Budget,PAN,Karnataka,1,0,1,194,consent_sign,5.0,0,2026-02-03 22:49:00
S003493,BEEA002A,Android-Budget,Passport,West Bengal,0,0,1,40,phone_otp,0.0,1,2026-02-13 06:22:00
S003494,B6F31D02,iOS-HighEnd,Passport,Maharashtra,0,0,0,130,consent_sign,3.5,0,2026-02-18 07:21:00
S003495,AA5F8DFC,Android-Budget,Driving License,Maharashtra,1,0,1,206,consent_sign,5.0,0,2026-02-17 06:44:00
S003496,3BDCCCE0,iOS-HighEnd,Driving License,West Bengal,0,0,0,25,phone_otp,0.0,1,2026-01-26 22:11:00
S003497,AABB6CAC,iOS-HighEnd,Driving License,West Bengal,0,0,0,131,consent_sign,3.5,0,2026-02-02 19:49:00
S003498,92A0C677,Android-Budget,Passport,Karnataka,0,1,1,169,consent_sign,5.5,0,2026-02-16 15:50:00
S003499,60AEB372,iOS-HighEnd,Driving License,Maharashtra,0,0,0,139,consent_sign,3.5,0,2026-01-08 06:04:00
S003500,1AF026DF,Android-MidTier,PAN,Tamil Nadu,0,0,0,143,consent_sign,3.5,0,2026-02-04 10:58:00
S003501,314B4D36,Android-MidTier,Aadhaar,Karnataka,0,0,0,150,consent_sign,3.5,0,2026-01-27 06:22:00
S003502,744DA236,Android-MidTier,Driving License,Tamil Nadu,1,0,1,77,doc_upload,1.5,1,2026-01-06 21:19:00
S003503,6CFA28CF,Android-MidTier,Aadhaar,Delhi,0,0,0,149,consent_sign,3.5,0,2026-01-19 03:49:00
S003504,179D9AE3,iOS-HighEnd,Passport,Delhi,0,0,0,109,consent_sign,3.5,0,2026-01-06 02:10:00
S003505,214BD473,iOS-HighEnd,Driving License,Delhi,0,0,0,125,consent_sign,3.5,0,2026-03-01 12:07:00
S003506,13FC927F,iOS-HighEnd,Aadhaar,Tamil Nadu,0,0,0,103,consent_sign,3.5,0,2026-01-07 23:07:00
S003507,671ADDE5,Android-Budget,Driving License,Maharashtra,0,0,0,114,consent_sign,3.5,0,2026-02-12 07:47:00
S003508,C7610E83,iOS-HighEnd,PAN,Karnataka,0,0,0,127,consent_sign,3.5,0,2026-02-26 23:03:00
S003509,9594EEA8,iOS-HighEnd,Passport,Delhi,0,0,0,141,consent_sign,3.5,0,2026-02-19 13:51:00
S003510,FF1B654D,Android-Budget,Driving License,Tamil Nadu,1,0,2,166,consent_sign,5.0,0,2026-01-04 08:29:00
S003511,F2A45575,iOS-HighEnd,Driving License,Delhi,0,1,1,91,liveness_check,3.5,1,2026-02-01 00:53:00
S003512,6ABB6C41,Android-MidTier,Driving License,Tamil Nadu,0,0,0,162,consent_sign,3.5,0,2026-01-05 10:51:00
S003513,817B2F21,iOS-HighEnd,PAN,Gujarat,0,0,0,116,consent_sign,3.5,0,2026-01-28 00:11:00
S003514,752CAA97,Android-Budget,Aadhaar,Maharashtra,0,0,0,114,consent_sign,3.5,0,2026-02-17 07:04:00
S003515,83601FB5,Android-MidTier,PAN,Tamil Nadu,0,0,0,151,consent_sign,3.5,0,2026-01-14 19:11:00
S003516,B1C8D50A,Android-Budget,Passport,Tamil Nadu,0,0,0,1,registration,0.0,1,2026-02-20 07:03:00
S003517,0858F527,Android-Budget,Driving License,Maharashtra,1,0,1,218,consent_sign,5.0,0,2026-01-16 17:52:00
S003518,8F1C5F8C,Android-MidTier,Aadhaar,Delhi,0,0,0,105,consent_sign,3.5,0,2026-02-05 10:11:00
S003519,1E6773D7,iOS-HighEnd,Passport,Karnataka,0,0,0,150,consent_sign,3.5,0,2026-01-05 09:12:00
S003520,1C3EFDA4,iOS-HighEnd,PAN,Tamil Nadu,0,2,2,176,consent_sign,7.5,0,2026-01-16 15:49:00
S003521,4A229BA5,Android-Budget,Driving License,Tamil Nadu,1,0,1,165,consent_sign,5.0,0,2026-01-18 06:37:00
S003522,1E245A97,iOS-HighEnd,PAN,Karnataka,0,0,0,151,consent_sign,3.5,0,2026-01-14 00:59:00
S003523,5FDC9844,iOS-HighEnd,Driving License,Delhi,0,0,0,147,consent_sign,3.5,0,2026-02-14 22:19:00
S003524,07298D47,iOS-HighEnd,Aadhaar,Tamil Nadu,0,0,0,134,consent_sign,3.5,0,2026-02-09 17:39:00
S003525,C8A6A005,iOS-HighEnd,Passport,West Bengal,1,1,2,147,liveness_check,5.0,1,2026-01-11 13:30:00
S003526,EFD37A6D,Android-Budget,Driving License,Delhi,0,0,0,2,registration,0.0,1,2026-01-14 08:39:00
S003527,48924BD6,iOS-HighEnd,Aadhaar,Delhi,0,0,1,155,consent_sign,3.5,0,2026-02-07 13:50:00
S003528,BD5A6112,Android-MidTier,PAN,Gujarat,0,0,0,187,consent_sign,3.5,0,2026-02-22 02:25:00
S003529,8C2B678E,Android-MidTier,PAN,West Bengal,0,1,1,65,liveness_check,3.5,1,2026-01-12 19:10:00
S003530,0B704F97,Android-MidTier,Aadhaar,Gujarat,1,0,1,68,doc_upload,1.5,1,2026-02-17 05:10:00
S003531,4F489F45,Android-MidTier,Aadhaar,Gujarat,0,0,0,143,consent_sign,3.5,0,2026-02-16 09:44:00
S003532,567B9583,Android-Budget,PAN,Tamil Nadu,0,1,1,138,liveness_check,3.5,1,2026-01-12 21:29:00
S003533,D59F2B69,Android-Budget,Passport,Karnataka,0,0,0,113,consent_sign,3.5,0,2026-01-30 00:56:00
S003534,21FFCF72,iOS-HighEnd,Driving License,Delhi,0,0,0,117,consent_sign,3.5,0,2026-01-09 02:26:00
S003535,A2EF0F53,iOS-HighEnd,PAN,Gujarat,0,0,0,28,phone_otp,0.0,1,2026-01-21 18:56:00
S003536,AACEFA98,iOS-HighEnd,Passport,Karnataka,0,1,1,157,consent_sign,5.5,0,2026-02-12 14:15:00
S003537,BA554E35,iOS-HighEnd,Aadhaar,Gujarat,0,0,0,153,consent_sign,3.5,0,2026-02-23 09:28:00
S003538,9FF0F466,iOS-HighEnd,Driving License,Tamil Nadu,0,0,0,155,consent_sign,3.5,0,2026-01-07 02:23:00
S003539,6321D753,Android-Budget,Driving License,Tamil Nadu,0,3,3,173,liveness_check,7.5,1,2026-02-07 21:01:00
S003540,56C890A5,Android-MidTier,Driving License,Karnataka,0,2,2,196,consent_sign,7.5,0,2026-01-10 18:17:00
S003541,ABA23511,Android-MidTier,Aadhaar,West Bengal,0,1,1,149,consent_sign,5.5,0,2026-02-17 01:07:00
S003542,47020DE0,iOS-HighEnd,PAN,Karnataka,1,0,1,166,consent_sign,5.0,0,2026-01-02 16:12:00
S003543,2A65BAE3,Android-MidTier,Aadhaar,Gujarat,0,0,0,151,consent_sign,3.5,0,2026-02-10 08:05:00
S003544,A14ED649,Android-MidTier,PAN,Karnataka,0,0,0,144,consent_sign,3.5,0,2026-01-25 01:00:00
S003545,4F10AAE3,iOS-HighEnd,Driving License,Gujarat,0,0,0,117,consent_sign,3.5,0,2026-01-04 07:13:00
S003546,A4D78F64,iOS-HighEnd,Driving License,Gujarat,1,0,1,104,doc_upload,1.5,1,2026-01-12 02:51:00
S003547,F485E944,Android-MidTier,PAN,Maharashtra,0,1,1,163,consent_sign,5.5,0,2026-01-28 00:48:00
S003548,C1F31143,Android-Budget,Driving License,Maharashtra,0,0,2,149,consent_sign,3.5,0,2026-01-10 11:28:00
S003549,8591A818,iOS-HighEnd,Passport,Maharashtra,0,1,1,159,consent_sign,5.5,0,2026-02-11 14:31:00
S003550,80ACEFB5,iOS-HighEnd,Driving License,Tamil Nadu,0,0,0,126,consent_sign,3.5,1,2026-01-10 22:56:00
S003551,A8835C66,iOS-HighEnd,PAN,West Bengal,1,0,1,162,consent_sign,5.0,0,2026-02-25 15:10:00
S003552,F65E52FD,Android-MidTier,Aadhaar,Karnataka,0,0,0,135,consent_sign,3.5,0,2026-01-26 01:52:00
S003553,34AFA2E1,iOS-HighEnd,Passport,West Bengal,0,0,0,102,consent_sign,3.5,0,2026-01-13 02:57:00
S003554,D6C34B19,iOS-HighEnd,Aadhaar,Karnataka,0,0,0,95,consent_sign,3.5,0,2026-01-18 14:41:00
S003555,15AB7CD2,Android-MidTier,Aadhaar,Gujarat,0,0,0,107,consent_sign,3.5,0,2026-02-26 13:09:00
S003556,5207C6CC,iOS-HighEnd,PAN,Tamil Nadu,0,0,0,129,consent_sign,3.5,0,2026-01-25 21:18:00
S003557,7DD12D57,Android-MidTier,Passport,Gujarat,1,0,1,178,consent_sign,5.0,0,2026-02-28 07:22:00
S003558,57076494,iOS-HighEnd,Aadhaar,Gujarat,0,0,0,117,consent_sign,3.5,0,2026-01-22 18:23:00
S003559,06289878,Android-MidTier,Aadhaar,Delhi,0,0,0,157,consent_sign,3.5,0,2026-01-21 07:09:00
S003560,61CB78C3,Android-Budget,PAN,Delhi,1,0,1,86,doc_upload,1.5,1,2026-02-05 18:36:00
S003561,FAD34352,Android-MidTier,Driving License,Maharashtra,0,0,0,113,consent_sign,3.5,0,2026-02-14 11:14:00
S003562,490CCF97,Android-Budget,Driving License,Delhi,0,1,1,112,liveness_check,3.5,1,2026-02-22 05:55:00
S003563,C4AF9DC9,Android-MidTier,PAN,Delhi,0,2,4,209,liveness_check,5.5,1,2026-01-16 18:27:00
S003564,F3C1114D,iOS-HighEnd,Passport,Tamil Nadu,0,0,0,147,consent_sign,3.5,0,2026-01-09 20:37:00
S003565,0F14F86C,iOS-HighEnd,Aadhaar,Delhi,0,0,0,130,consent_sign,3.5,0,2026-02-26 14:06:00
S003566,2E740569,Android-Budget,PAN,West Bengal,0,0,0,128,consent_sign,3.5,0,2026-01-20 12:21:00
S003567,4C4B52AA,Android-Budget,PAN,Delhi,1,0,2,87,doc_upload,1.5,1,2026-02-21 05:29:00
S003568,24784B7D,Android-MidTier,PAN,Delhi,0,0,0,168,consent_sign,3.5,0,2026-02-03 15:50:00
S003569,4207FB51,Android-MidTier,Aadhaar,West Bengal,0,0,0,176,consent_sign,3.5,0,2026-02-27 17:18:00
S003570,E645BB00,iOS-HighEnd,Driving License,West Bengal,0,0,0,137,consent_sign,3.5,0,2026-01-02 20:51:00
S003571,3D57EE27,iOS-HighEnd,Aadhaar,Karnataka,0,1,1,179,consent_sign,5.5,0,2026-01-03 19:34:00
S003572,3C8AAE87,iOS-HighEnd,PAN,Delhi,0,0,0,167,consent_sign,3.5,0,2026-01-30 03:19:00
S003573,8121C051,iOS-HighEnd,Driving License,Karnataka,0,1,2,108,liveness_check,3.5,1,2026-01-23 23:58:00
S003574,44F00717,Android-Budget,Aadhaar,West Bengal,0,1,1,132,liveness_check,3.5,1,2026-01-05 08:58:00
S003575,8D9957FA,Android-MidTier,PAN,Karnataka,0,0,0,134,consent_sign,3.5,0,2026-02-14 02:23:00
S003576,0766699F,iOS-HighEnd,Driving License,Tamil Nadu,0,0,0,147,consent_sign,3.5,0,2026-01-28 15:14:00
S003577,E9EA8B10,Android-MidTier,Passport,West Bengal,1,0,1,70,doc_upload,1.5,1,2026-01-11 12:27:00
S003578,8DD7E052,Android-Budget,Driving License,Maharashtra,1,0,1,128,doc_upload,1.5,1,2026-01-10 21:02:00
S003579,19FC8579,Android-MidTier,Passport,West Bengal,0,1,1,110,liveness_check,3.5,1,2026-02-01 16:20:00
S003580,A6CC0A57,Android-MidTier,PAN,West Bengal,0,0,0,147,consent_sign,3.5,0,2026-01-06 02:06:00
S003581,91788BDD,Android-MidTier,Aadhaar,Karnataka,0,0,1,169,consent_sign,3.5,0,2026-02-02 20:18:00
S003582,D8A5AA52,Android-MidTier,Driving License,Tamil Nadu,0,0,0,132,consent_sign,3.5,0,2026-02-05 13:41:00
S003583,C86AED73,iOS-HighEnd,PAN,West Bengal,0,0,0,147,consent_sign,3.5,0,2026-02-01 23:23:00
S003584,8A5A4272,Android-MidTier,Passport,Delhi,0,0,0,133,consent_sign,3.5,0,2026-02-23 10:35:00
S003585,3EC2E72A,Android-MidTier,Passport,Tamil Nadu,0,0,0,106,consent_sign,3.5,0,2026-01-17 07:06:00
S003586,F61B2BFD,iOS-HighEnd,Aadhaar,Delhi,0,0,0,152,consent_sign,3.5,0,2026-02-14 13:54:00
S003587,0AB2E2CA,iOS-HighEnd,Passport,Gujarat,0,0,0,100,liveness_check,1.5,1,2026-01-10 09:13:00
S003588,F60B9881,Android-Budget,Passport,Tamil Nadu,0,1,1,184,consent_sign,5.5,0,2026-02-08 23:52:00
S003589,A72EDD5F,Android-MidTier,Passport,Maharashtra,0,0,0,56,doc_upload,0.0,1,2026-01-18 00:56:00
S003590,0F67A174,iOS-HighEnd,PAN,Karnataka,0,0,0,138,consent_sign,3.5,0,2026-01-03 20:17:00
S003591,45F72E6C,iOS-HighEnd,Driving License,Tamil Nadu,0,0,0,134,consent_sign,3.5,0,2026-01-13 13:38:00
S003592,AE1455F4,iOS-HighEnd,Passport,Delhi,0,0,0,114,consent_sign,3.5,0,2026-02-24 16:58:00
S003593,D7AA0F83,iOS-HighEnd,Aadhaar,Tamil Nadu,0,0,0,150,consent_sign,3.5,0,2026-01-28 00:42:00
S003594,D7371450,iOS-HighEnd,PAN,Maharashtra,0,1,1,141,consent_sign,5.5,0,2026-01-08 12:56:00
S003595,29529420,iOS-HighEnd,Aadhaar,Maharashtra,0,1,2,189,consent_sign,5.5,0,2026-01-03 15:36:00
S003596,11E74656,Android-MidTier,Passport,Gujarat,0,0,0,34,phone_otp,0.0,1,2026-01-27 19:23:00
S003597,B2CC4372,Android-MidTier,Aadhaar,West Bengal,0,0,0,108,consent_sign,3.5,1,2026-01-16 03:52:00
S003598,B99E6F7B,Android-MidTier,Driving License,Karnataka,0,0,1,154,consent_sign,3.5,0,2026-02-20 03:21:00
S003599,E0D6E969,Android-Budget,Driving License,West Bengal,0,0,0,153,consent_sign,3.5,0,2026-02-10 15:20:00
S003600,813BE64B,iOS-HighEnd,Passport,Gujarat,0,0,0,144,consent_sign,3.5,0,2026-02-19 15:57:00
S003601,E2495790,Android-MidTier,PAN,Karnataka,0,1,1,176,consent_sign,5.5,0,2026-02-07 13:58:00
S003602,A29A7E5F,iOS-HighEnd,PAN,West Bengal,0,0,1,112,consent_sign,3.5,0,2026-01-02 07:31:00
S003603,B52F5F46,Android-MidTier,PAN,Gujarat,0,0,0,120,consent_sign,3.5,0,2026-01-25 02:56:00
S003604,A98AFCB0,Android-Budget,Driving License,West Bengal,0,0,0,123,consent_sign,3.5,0,2026-02-19 12:59:00
S003605,35EB728F,Android-MidTier,Passport,West Bengal,0,0,0,138,consent_sign,3.5,0,2026-02-13 09:50:00
S003606,5415C636,iOS-HighEnd,Driving License,Gujarat,0,0,0,129,consent_sign,3.5,0,2026-01-14 11:46:00
S003607,223BD9BE,Android-MidTier,PAN,West Bengal,0,0,0,145,consent_sign,3.5,0,2026-01-17 00:06:00
S003608,9BD972CA,iOS-HighEnd,Aadhaar,Tamil Nadu,0,0,0,153,consent_sign,3.5,0,2026-02-15 00:11:00
S003609,0273BE68,Android-MidTier,PAN,Gujarat,0,0,0,143,consent_sign,3.5,0,2026-01-02 16:27:00
S003610,8E484BC0,Android-MidTier,PAN,Tamil Nadu,1,0,1,180,consent_sign,5.0,0,2026-01-10 01:00:00
S003611,7D2D93E8,Android-MidTier,PAN,Delhi,0,1,1,171,consent_sign,5.5,0,2026-01-21 15:04:00
S003612,14C62ABA,iOS-HighEnd,Aadhaar,Tamil Nadu,1,0,2,168,consent_sign,5.0,0,2026-01-08 17:40:00
S003613,A6B96653,Android-Budget,PAN,Maharashtra,0,0,1,50,phone_otp,0.0,1,2026-02-22 16:11:00
S003614,E47F9C7E,Android-MidTier,Passport,Gujarat,2,0,2,243,consent_sign,6.5,0,2026-01-25 23:42:00
S003615,71F71ADD,Android-Budget,Passport,West Bengal,0,1,1,130,consent_sign,5.5,0,2026-02-23 11:39:00
S003616,F8D78CBC,Android-Budget,Passport,Gujarat,0,0,0,3,registration,0.0,1,2026-01-22 08:28:00
S003617,99EF827F,Android-Budget,Passport,Maharashtra,1,2,3,234,consent_sign,9.0,0,2026-02-05 07:27:00
S003618,D6D24227,iOS-HighEnd,Driving License,Gujarat,0,0,0,114,consent_sign,3.5,0,2026-01-08 19:35:00
S003619,FBDA05AE,Android-MidTier,Driving License,Tamil Nadu,0,1,1,104,liveness_check,3.5,1,2026-01-20 20:55:00
S003620,5ED7D1A6,iOS-HighEnd,Aadhaar,West Bengal,0,0,0,168,consent_sign,3.5,0,2026-01-30 05:14:00
S003621,0265A223,iOS-HighEnd,Driving License,Delhi,0,0,0,125,consent_sign,3.5,0,2026-01-05 07:10:00
S003622,C227E0F2,Android-MidTier,Driving License,Tamil Nadu,0,0,0,137,consent_sign,3.5,0,2026-02-25 07:44:00
S003623,B58DFC59,iOS-HighEnd,PAN,Tamil Nadu,0,0,0,131,consent_sign,3.5,0,2026-02-20 00:54:00
S003624,D0F7C7B0,Android-Budget,Aadhaar,Gujarat,2,0,2,127,doc_upload,3.0,1,2026-02-16 12:25:00
S003625,CEF44098,iOS-HighEnd,PAN,Karnataka,0,0,0,91,consent_sign,3.5,0,2026-01-24 13:30:00
S003626,FAE91634,iOS-HighEnd,Driving License,Karnataka,0,0,0,155,consent_sign,3.5,0,2026-02-24 13:31:00
S003627,096B7724,Android-MidTier,Aadhaar,Gujarat,0,0,0,152,consent_sign,3.5,1,2026-01-04 05:45:00
S003628,B43C7851,Android-MidTier,Passport,Delhi,0,0,1,35,phone_otp,0.0,1,2026-01-16 20:54:00
S003629,01D3A033,Android-MidTier,Aadhaar,Karnataka,0,0,0,133,consent_sign,3.5,0,2026-01-13 15:42:00
S003630,A3708C7F,iOS-HighEnd,PAN,Tamil Nadu,1,0,1,193,consent_sign,5.0,0,2026-03-02 07:42:00
S003631,47003FCF,iOS-HighEnd,Driving License,Tamil Nadu,0,1,1,152,consent_sign,5.5,0,2026-01-09 12:39:00
S003632,2BA46308,iOS-HighEnd,Aadhaar,Maharashtra,0,1,1,232,consent_sign,5.5,0,2026-02-05 19:38:00
S003633,BD22F7FC,Android-MidTier,PAN,Gujarat,0,0,0,148,consent_sign,3.5,0,2026-01-29 18:07:00
S003634,9A5C68AD,iOS-HighEnd,Passport,Gujarat,0,0,0,150,consent_sign,3.5,0,2026-01-25 20:41:00
S003635,9691F45D,Android-Budget,PAN,Delhi,0,0,0,154,consent_sign,3.5,0,2026-02-13 12:44:00
S003636,209F4FF2,Android-MidTier,Driving License,Maharashtra,1,0,1,74,doc_upload,1.5,1,2026-01-22 11:50:00
S003637,DB00AB4C,iOS-HighEnd,PAN,Delhi,0,0,0,105,consent_sign,3.5,0,2026-01-15 04:56:00
S003638,BA991DA0,Android-MidTier,Passport,Delhi,0,0,0,120,consent_sign,3.5,0,2026-01-28 08:34:00
S003639,D900B745,Android-MidTier,PAN,Delhi,0,1,1,159,consent_sign,5.5,0,2026-02-10 11:18:00
S003640,F845846E,Android-MidTier,PAN,Karnataka,0,0,0,153,consent_sign,3.5,0,2026-01-31 20:32:00
S003641,9D4D0658,iOS-HighEnd,Passport,Karnataka,0,0,0,163,consent_sign,3.5,0,2026-02-04 12:09:00
S003642,E212F7E1,Android-MidTier,Aadhaar,Maharashtra,0,0,0,112,consent_sign,3.5,0,2026-01-21 13:13:00
S003643,6D575FD1,iOS-HighEnd,Passport,Karnataka,0,0,0,20,phone_otp,0.0,1,2026-01-30 06:34:00
S003644,A6685E80,iOS-HighEnd,Driving License,Gujarat,0,0,0,146,consent_sign,3.5,0,2026-01-20 18:46:00
S003645,52B0147B,Android-MidTier,PAN,Tamil Nadu,0,0,0,128,consent_sign,3.5,0,2026-02-16 02:04:00
S003646,682904CA,Android-MidTier,PAN,West Bengal,0,0,0,88,consent_sign,3.5,0,2026-01-27 22:51:00
S003647,84AEFFBE,Android-MidTier,Passport,Maharashtra,0,1,1,126,liveness_check,3.5,1,2026-02-15 08:47:00
S003648,846AF2E6,Android-Budget,Aadhaar,Delhi,0,1,1,195,consent_sign,5.5,0,2026-02-16 21:34:00
S003649,B8A1E477,Android-Budget,Passport,Tamil Nadu,2,0,2,178,consent_sign,6.5,0,2026-01-15 18:47:00
S003650,EB1BB47F,Android-MidTier,Passport,Maharashtra,0,0,0,124,consent_sign,3.5,0,2026-01-18 16:13:00
S003651,50F53BD8,Android-MidTier,Aadhaar,Maharashtra,0,0,0,131,consent_sign,3.5,0,2026-02-27 18:53:00
S003652,55AF47DA,iOS-HighEnd,PAN,Tamil Nadu,0,0,0,29,phone_otp,0.0,1,2026-01-06 13:16:00
S003653,CEC3A6F4,iOS-HighEnd,Passport,Maharashtra,0,1,1,119,liveness_check,3.5,1,2026-01-15 07:44:00
S003654,39C2C1A2,iOS-HighEnd,Driving License,Tamil Nadu,0,0,0,138,consent_sign,3.5,0,2026-01-25 09:45:00
S003655,F530C98D,iOS-HighEnd,PAN,Tamil Nadu,0,0,1,197,consent_sign,3.5,0,2026-02-01 17:44:00
S003656,326684FF,iOS-HighEnd,PAN,Delhi,1,0,1,114,doc_upload,1.5,1,2026-01-20 22:34:00
S003657,10168D65,iOS-HighEnd,PAN,Tamil Nadu,0,0,0,4,registration,0.0,1,2026-02-01 03:58:00
S003658,0722AB3C,Android-MidTier,Aadhaar,Maharashtra,0,0,0,2,registration,0.0,1,2026-01-07 00:13:00
S003659,062667FC,Android-MidTier,PAN,West Bengal,0,0,0,83,consent_sign,3.5,1,2026-01-14 02:51:00
S003660,EF60250E,iOS-HighEnd,Aadhaar,West Bengal,0,0,0,44,doc_upload,0.0,1,2026-02-20 00:52:00
S003661,3F4574D4,iOS-HighEnd,Driving License,Gujarat,0,0,0,100,consent_sign,3.5,0,2026-02-12 11:52:00
S003662,F574175B,Android-Budget,PAN,Gujarat,0,0,0,115,consent_sign,3.5,0,2026-01-22 05:04:00
S003663,D25697AD,iOS-HighEnd,Driving License,Karnataka,0,0,0,124,consent_sign,3.5,0,2026-02-09 17:06:00
S003664,3C9B3B84,iOS-HighEnd,PAN,West Bengal,0,0,0,146,consent_sign,3.5,0,2026-01-04 14:42:00
S003665,9997496B,iOS-HighEnd,Passport,West Bengal,0,0,0,124,consent_sign,3.5,0,2026-01-05 22:06:00
S003666,187DE0C5,iOS-HighEnd,Passport,Karnataka,0,0,0,133,consent_sign,3.5,0,2026-01-23 15:26:00
S003667,1FF49F0A,Android-Budget,Aadhaar,West Bengal,0,0,0,141,consent_sign,3.5,0,2026-02-06 19:10:00
S003668,EAADCB2F,Android-Budget,PAN,Karnataka,0,0,0,25,phone_otp,0.0,1,2026-02-17 11:43:00
S003669,E3DC8702,iOS-HighEnd,Aadhaar,Maharashtra,0,0,0,124,consent_sign,3.5,0,2026-02-26 07:21:00
S003670,C85B811B,iOS-HighEnd,Driving License,Maharashtra,0,1,1,125,liveness_check,3.5,1,2026-02-22 00:04:00
S003671,CD693DAB,Android-MidTier,Aadhaar,Tamil Nadu,0,0,0,156,consent_sign,3.5,0,2026-02-15 04:26:00
S003672,9C595E03,iOS-HighEnd,Driving License,West Bengal,0,0,0,142,consent_sign,3.5,0,2026-02-12 21:52:00
S003673,1A115F59,Android-MidTier,Driving License,Karnataka,0,0,0,116,consent_sign,3.5,0,2026-01-17 05:13:00
S003674,0D5D2F64,Android-MidTier,Passport,Tamil Nadu,0,0,1,167,consent_sign,3.5,0,2026-01-29 02:32:00
S003675,66D4B394,Android-MidTier,Passport,Karnataka,0,0,0,146,consent_sign,3.5,0,2026-01-28 02:00:00
S003676,693E5FCF,iOS-HighEnd,PAN,Karnataka,0,0,0,142,consent_sign,3.5,0,2026-02-17 04:22:00
S003677,C997F2FA,Android-MidTier,PAN,West Bengal,0,0,1,143,consent_sign,3.5,1,2026-01-01 19:34:00
S003678,7412C272,Android-MidTier,Aadhaar,Maharashtra,2,0,2,109,doc_upload,3.0,1,2026-01-09 10:44:00
S003679,6D98567E,Android-MidTier,Driving License,West Bengal,1,1,3,207,liveness_check,5.0,1,2026-02-19 23:21:00
S003680,19ED59A5,Android-MidTier,Aadhaar,Maharashtra,0,0,0,3,registration,0.0,1,2026-03-02 00:02:00
S003681,ACFFA99F,Android-MidTier,PAN,Maharashtra,0,0,0,4,registration,0.0,1,2026-01-28 04:13:00
S003682,84681060,iOS-HighEnd,PAN,Karnataka,0,0,0,118,consent_sign,3.5,0,2026-02-14 18:19:00
S003683,1BA651ED,iOS-HighEnd,PAN,Karnataka,1,0,1,95,doc_upload,1.5,1,2026-02-05 03:54:00
S003684,B69ACA1E,Android-Budget,Driving License,Delhi,1,0,1,170,consent_sign,5.0,0,2026-01-06 22:08:00
S003685,D73D52BA,iOS-HighEnd,Driving License,West Bengal,0,0,0,143,consent_sign,3.5,0,2026-01-04 03:08:00
S003686,204054FB,iOS-HighEnd,Driving License,Delhi,0,0,0,178,consent_sign,3.5,0,2026-02-07 22:16:00
S003687,5AFAEB32,Android-MidTier,Passport,Tamil Nadu,1,0,1,161,consent_sign,5.0,0,2026-02-21 02:11:00
S003688,9EF01577,Android-MidTier,Passport,Delhi,0,0,2,178,consent_sign,3.5,0,2026-01-27 12:34:00
S003689,233E84AC,Android-Budget,Aadhaar,West Bengal,0,0,0,148,consent_sign,3.5,0,2026-03-01 09:33:00
S003690,20AFAF9E,iOS-HighEnd,Aadhaar,Maharashtra,0,0,0,129,consent_sign,3.5,0,2026-01-23 06:59:00
S003691,835C3541,Android-Budget,Driving License,Tamil Nadu,0,0,0,125,consent_sign,3.5,0,2026-01-20 02:19:00
S003692,5B951652,iOS-HighEnd,Aadhaar,Tamil Nadu,0,0,0,97,consent_sign,3.5,0,2026-01-11 23:31:00
S003693,8A8864C7,iOS-HighEnd,Driving License,Gujarat,0,0,0,143,consent_sign,3.5,0,2026-02-01 06:17:00
S003694,7832B59C,Android-MidTier,Aadhaar,Maharashtra,1,0,1,83,doc_upload,1.5,1,2026-02-17 01:45:00
S003695,4A832AB5,Android-MidTier,PAN,Gujarat,1,0,1,97,doc_upload,1.5,1,2026-02-14 09:06:00
S003696,8486B704,Android-Budget,PAN,Gujarat,0,1,1,129,liveness_check,3.5,1,2026-02-24 21:33:00
S003697,250487E4,Android-MidTier,Driving License,Karnataka,0,0,0,4,registration,0.0,1,2026-03-02 03:54:00
S003698,D1B60755,Android-MidTier,Aadhaar,Tamil Nadu,0,0,0,97,consent_sign,3.5,0,2026-02-02 12:42:00
S003699,0DFABE46,iOS-HighEnd,Passport,Maharashtra,1,0,1,205,consent_sign,5.0,0,2026-01-26 09:22:00
S003700,F9FC9C3F,iOS-HighEnd,Aadhaar,Gujarat,0,0,0,1,registration,0.0,1,2026-01-12 17:27:00
S003701,3385DB3B,iOS-HighEnd,Driving License,Karnataka,0,0,0,137,consent_sign,3.5,0,2026-01-23 16:21:00
S003702,30799B56,iOS-HighEnd,Driving License,West Bengal,0,0,0,152,consent_sign,3.5,0,2026-01-06 23:04:00
S003703,B11C7DFF,Android-MidTier,Aadhaar,Maharashtra,0,0,0,114,consent_sign,3.5,0,2026-01-19 10:20:00
S003704,B1420898,Android-Budget,Passport,Maharashtra,3,0,3,157,doc_upload,4.5,1,2026-02-08 13:44:00
S003705,90EBBA12,Android-MidTier,Driving License,Maharashtra,0,0,0,91,consent_sign,3.5,0,2026-01-06 09:50:00
S003706,4CB4A7F6,Android-Budget,Passport,West Bengal,1,0,1,70,doc_upload,1.5,1,2026-02-17 06:21:00
S003707,1AD74FD4,Android-MidTier,Passport,Tamil Nadu,0,0,1,35,phone_otp,0.0,1,2026-02-05 10:07:00
S003708,E9195919,Android-Budget,PAN,Gujarat,0,0,0,97,liveness_check,1.5,1,2026-01-24 23:58:00
S003709,EB821435,iOS-HighEnd,PAN,Maharashtra,0,0,0,112,consent_sign,3.5,0,2026-02-20 14:14:00
S003710,B176E71F,Android-Budget,Aadhaar,Gujarat,0,3,3,185,liveness_check,7.5,1,2026-01-08 17:26:00
S003711,36903EDB,iOS-HighEnd,Driving License,West Bengal,0,0,0,95,consent_sign,3.5,0,2026-01-04 05:52:00
S003712,C4B27B21,Android-MidTier,Aadhaar,Tamil Nadu,1,0,1,211,consent_sign,5.0,0,2026-02-16 18:54:00
S003713,CEA95510,iOS-HighEnd,Driving License,West Bengal,0,0,0,99,consent_sign,3.5,0,2026-01-13 20:38:00
S003714,667AE277,iOS-HighEnd,Passport,Tamil Nadu,0,1,1,137,liveness_check,3.5,1,2026-01-12 22:36:00
S003715,01B8C14A,Android-MidTier,Driving License,Karnataka,0,0,0,141,consent_sign,3.5,0,2026-01-19 00:26:00
S003716,5B9E75F4,iOS-HighEnd,Driving License,West Bengal,0,0,0,134,consent_sign,3.5,0,2026-01-29 15:45:00
S003717,247474B3,iOS-HighEnd,PAN,Gujarat,0,0,0,149,consent_sign,3.5,0,2026-02-14 18:59:00
S003718,A19F2485,Android-MidTier,Aadhaar,Karnataka,1,0,1,205,consent_sign,5.0,0,2026-02-02 07:33:00
S003719,5C230306,iOS-HighEnd,Driving License,Delhi,0,0,0,118,consent_sign,3.5,0,2026-02-19 23:41:00
S003720,32F9B771,iOS-HighEnd,PAN,Delhi,0,0,0,158,consent_sign,3.5,0,2026-02-28 14:22:00
S003721,380CC838,iOS-HighEnd,Passport,Tamil Nadu,0,0,0,119,consent_sign,3.5,0,2026-02-05 03:27:00
S003722,2C9DE90A,iOS-HighEnd,Driving License,Tamil Nadu,0,0,0,141,consent_sign,3.5,0,2026-02-10 10:30:00
S003723,3EF7839F,Android-Budget,PAN,West Bengal,0,0,1,13,registration,0.0,1,2026-01-11 12:36:00
S003724,2D1368F3,iOS-HighEnd,Passport,West Bengal,0,0,0,156,consent_sign,3.5,0,2026-01-23 16:19:00
S003725,19E79A3D,Android-MidTier,Aadhaar,Tamil Nadu,0,0,0,126,consent_sign,3.5,0,2026-01-08 14:10:00
S003726,23226464,iOS-HighEnd,Driving License,Gujarat,0,0,0,115,consent_sign,3.5,0,2026-02-28 19:33:00
S003727,E2901D96,iOS-HighEnd,Passport,Gujarat,0,0,0,129,consent_sign,3.5,0,2026-01-10 08:10:00
S003728,35D21DEA,iOS-HighEnd,Passport,Maharashtra,0,0,0,2,registration,0.0,1,2026-01-21 20:10:00
S003729,5EA0C503,Android-Budget,Driving License,West Bengal,0,1,1,156,liveness_check,3.5,1,2026-01-13 10:19:00
S003730,2BDE3C78,Android-MidTier,Driving License,Delhi,2,0,2,179,consent_sign,6.5,0,2026-01-18 09:07:00
S003731,CC8CC291,Android-MidTier,Passport,Gujarat,0,0,0,138,consent_sign,3.5,0,2026-02-21 13:34:00
S003732,6F082598,Android-MidTier,PAN,West Bengal,0,1,1,166,consent_sign,5.5,0,2026-02-27 21:57:00
S003733,1E559419,Android-Budget,Passport,Delhi,0,2,2,160,liveness_check,5.5,1,2026-01-19 04:31:00
S003734,217BC29E,Android-Budget,PAN,Maharashtra,0,0,0,3,registration,0.0,1,2026-01-07 09:01:00
S003735,8855817D,Android-MidTier,Aadhaar,Delhi,0,0,0,1,registration,0.0,1,2026-02-22 20:25:00
S003736,516546CA,Android-MidTier,Passport,Maharashtra,0,0,0,132,consent_sign,3.5,0,2026-01-17 07:06:00
S003737,A2DA43A7,Android-MidTier,PAN,Delhi,0,1,1,192,consent_sign,5.5,0,2026-02-27 23:53:00
S003738,C3595DC2,Android-MidTier,PAN,West Bengal,0,1,1,152,consent_sign,5.5,0,2026-01-28 02:58:00
S003739,DABC47CE,Android-MidTier,Driving License,Karnataka,0,1,1,182,consent_sign,5.5,0,2026-02-14 23:09:00
S003740,26087B53,iOS-HighEnd,PAN,Tamil Nadu,0,0,0,136,consent_sign,3.5,0,2026-02-06 00:42:00
S003741,A1243BEA,Android-Budget,Driving License,Gujarat,1,0,1,187,consent_sign,5.0,0,2026-01-20 19:52:00
S003742,205F9619,Android-MidTier,Driving License,West Bengal,0,0,2,192,consent_sign,3.5,0,2026-02-15 04:13:00
S003743,95866982,iOS-HighEnd,PAN,Gujarat,0,0,0,130,consent_sign,3.5,0,2026-01-02 07:13:00
S003744,BA303CCE,Android-Budget,Driving License,Gujarat,1,0,1,76,doc_upload,1.5,1,2026-01-09 07:32:00
S003745,CA7ECB33,Android-MidTier,Aadhaar,Karnataka,0,0,0,103,consent_sign,3.5,0,2026-01-17 13:45:00
S003746,2ADCECB5,iOS-HighEnd,Passport,Delhi,0,0,1,115,consent_sign,3.5,0,2026-02-15 00:51:00
S003747,E1E669E5,Android-MidTier,Driving License,Delhi,0,0,0,1,registration,0.0,1,2026-02-01 19:52:00
S003748,5FCFE711,Android-MidTier,PAN,Tamil Nadu,0,0,0,135,consent_sign,3.5,0,2026-01-13 21:44:00
S003749,2DD2D8C0,iOS-HighEnd,PAN,Maharashtra,0,0,0,132,consent_sign,3.5,1,2026-02-10 16:54:00
S003750,868592D2,Android-MidTier,Aadhaar,Tamil Nadu,0,0,0,145,consent_sign,3.5,0,2026-02-16 01:19:00
S003751,F4AC27EF,Android-MidTier,PAN,Gujarat,0,0,0,134,consent_sign,3.5,0,2026-02-23 19:29:00
S003752,94C8A69D,Android-MidTier,PAN,West Bengal,0,0,0,141,consent_sign,3.5,0,2026-02-16 08:13:00
S003753,CA665DA6,iOS-HighEnd,PAN,Gujarat,0,0,0,102,consent_sign,3.5,0,2026-02-11 01:23:00
S003754,350B0860,Android-MidTier,PAN,Tamil Nadu,0,0,0,92,consent_sign,3.5,0,2026-02-25 05:43:00
S003755,73BB84E5,Android-MidTier,Aadhaar,West Bengal,0,0,0,137,consent_sign,3.5,0,2026-02-07 02:16:00
S003756,37F5C238,Android-Budget,Driving License,West Bengal,0,0,1,149,consent_sign,3.5,0,2026-01-15 08:59:00
S003757,6088825E,iOS-HighEnd,Driving License,Maharashtra,0,0,0,115,consent_sign,3.5,0,2026-02-25 02:33:00
S003758,D7A998EA,iOS-HighEnd,Aadhaar,Delhi,0,0,0,99,consent_sign,3.5,0,2026-01-21 02:29:00
S003759,15B2C2B4,Android-MidTier,Driving License,Tamil Nadu,0,0,0,117,consent_sign,3.5,0,2026-02-20 22:49:00
S003760,4B88445A,Android-Budget,Aadhaar,Tamil Nadu,1,0,2,148,consent_sign,5.0,0,2026-01-28 17:51:00
S003761,3AECEAF8,Android-MidTier,PAN,Gujarat,0,0,0,59,doc_upload,0.0,1,2026-01-28 13:18:00
S003762,83239BA9,iOS-HighEnd,PAN,West Bengal,0,0,0,37,doc_upload,0.0,1,2026-02-09 19:24:00
S003763,737EA52F,Android-MidTier,Passport,Gujarat,0,0,0,4,registration,0.0,1,2026-01-07 05:32:00
S003764,5E15433B,iOS-HighEnd,Passport,West Bengal,0,0,0,132,consent_sign,3.5,0,2026-01-21 16:13:00
S003765,45E49A9E,Android-MidTier,Driving License,Tamil Nadu,1,1,2,189,consent_sign,7.0,1,2026-01-06 22:20:00
S003766,71127F4B,Android-Budget,Aadhaar,Karnataka,0,0,0,156,consent_sign,3.5,0,2026-02-15 13:13:00
S003767,136D6CCE,Android-MidTier,PAN,Gujarat,0,1,1,165,consent_sign,5.5,0,2026-02-21 13:53:00
S003768,4B658517,iOS-HighEnd,Driving License,Delhi,0,0,0,139,consent_sign,3.5,0,2026-01-04 17:52:00
S003769,8BF160DF,iOS-HighEnd,PAN,Gujarat,0,0,0,106,consent_sign,3.5,0,2026-02-22 01:38:00
S003770,46C3C90C,iOS-HighEnd,Passport,Delhi,1,1,2,262,consent_sign,7.0,0,2026-02-19 03:05:00
S003771,1E5BC68B,Android-Budget,Passport,West Bengal,0,0,0,39,doc_upload,0.0,1,2026-01-02 12:58:00
S003772,8BC85D37,Android-Budget,Driving License,Maharashtra,0,1,1,166,consent_sign,5.5,0,2026-01-20 07:50:00
S003773,ACD3D56F,iOS-HighEnd,PAN,Gujarat,0,0,0,142,consent_sign,3.5,0,2026-02-25 01:11:00
S003774,BEC62BBE,iOS-HighEnd,PAN,Maharashtra,0,0,0,134,consent_sign,3.5,0,2026-02-22 18:54:00
S003775,D86F4BB4,Android-MidTier,Aadhaar,Karnataka,0,0,0,121,consent_sign,3.5,0,2026-01-11 01:23:00
S003776,9AA1F98B,Android-MidTier,Passport,Maharashtra,0,0,0,112,consent_sign,3.5,0,2026-01-26 01:48:00
S003777,DAE13A7F,Android-MidTier,Passport,Delhi,0,0,0,156,consent_sign,3.5,0,2026-01-06 00:22:00
S003778,8B0A4802,Android-MidTier,Passport,Delhi,0,0,0,131,consent_sign,3.5,0,2026-01-01 22:48:00
S003779,C523B4E9,Android-MidTier,Driving License,West Bengal,1,0,1,170,consent_sign,5.0,0,2026-02-08 07:03:00
S003780,58BCE5E4,Android-MidTier,PAN,Tamil Nadu,0,0,1,138,consent_sign,3.5,0,2026-02-14 10:50:00
S003781,F220EEB5,Android-MidTier,Driving License,Maharashtra,0,0,1,181,consent_sign,3.5,0,2026-02-21 21:35:00
S003782,C1FF9427,Android-MidTier,Aadhaar,Karnataka,0,1,1,154,consent_sign,5.5,1,2026-02-27 21:22:00
S003783,A7728290,iOS-HighEnd,Passport,Delhi,0,0,0,51,doc_upload,0.0,1,2026-01-10 05:30:00
S003784,F394C60D,Android-MidTier,PAN,Karnataka,0,0,0,106,consent_sign,3.5,0,2026-02-05 10:57:00
S003785,3A42958B,Android-MidTier,Aadhaar,West Bengal,0,0,1,154,consent_sign,3.5,0,2026-02-18 17:01:00
S003786,35BA5E93,Android-MidTier,Aadhaar,Delhi,0,0,0,121,consent_sign,3.5,0,2026-01-06 04:04:00
S003787,9645DEC1,Android-MidTier,Aadhaar,Delhi,0,0,0,119,consent_sign,3.5,0,2026-01-26 05:59:00
S003788,77FF3C31,iOS-HighEnd,Aadhaar,Gujarat,0,0,0,49,doc_upload,0.0,1,2026-02-07 07:40:00
S003789,5735773C,Android-MidTier,Driving License,Karnataka,0,0,0,135,consent_sign,3.5,0,2026-02-03 09:57:00
S003790,D8867545,iOS-HighEnd,Driving License,Tamil Nadu,0,0,0,151,consent_sign,3.5,0,2026-02-15 15:04:00
S003791,F1224F43,Android-MidTier,Aadhaar,Tamil Nadu,0,0,0,120,consent_sign,3.5,0,2026-02-21 09:37:00
S003792,704D628F,iOS-HighEnd,PAN,Tamil Nadu,0,1,1,110,liveness_check,3.5,1,2026-02-20 06:34:00
S003793,07B4E684,iOS-HighEnd,Passport,Tamil Nadu,0,0,1,153,consent_sign,3.5,0,2026-01-19 06:17:00
S003794,DFAE1803,Android-MidTier,Aadhaar,Tamil Nadu,0,0,0,148,consent_sign,3.5,0,2026-01-21 23:09:00
S003795,BCE0CAEF,Android-Budget,PAN,Maharashtra,2,0,2,129,doc_upload,3.0,1,2026-01-26 05:10:00
S003796,A8AA454E,Android-MidTier,PAN,Gujarat,0,1,1,175,consent_sign,5.5,0,2026-02-13 17:18:00
S003797,39B9C13A,Android-MidTier,Aadhaar,Gujarat,0,0,0,3,registration,0.0,1,2026-01-12 15:35:00
S003798,C0AC1C00,Android-MidTier,Passport,Delhi,1,0,1,117,liveness_check,3.0,1,2026-01-25 01:30:00
S003799,B0C5D3D5,iOS-HighEnd,Driving License,Maharashtra,0,0,0,144,consent_sign,3.5,0,2026-01-09 06:20:00
S003800,9642B052,Android-Budget,Aadhaar,Maharashtra,2,0,2,229,consent_sign,6.5,1,2026-01-17 15:30:00
S003801,083ED925,Android-Budget,Passport,Maharashtra,0,0,0,28,phone_otp,0.0,1,2026-01-19 16:25:00
S003802,FA2C9E79,Android-MidTier,Aadhaar,Gujarat,0,0,0,91,consent_sign,3.5,0,2026-02-14 15:47:00
S003803,9174F53B,Android-MidTier,PAN,Gujarat,0,1,1,136,consent_sign,5.5,0,2026-01-31 02:06:00
S003804,E9EBA9FE,Android-MidTier,Passport,Gujarat,0,0,0,153,consent_sign,3.5,1,2026-02-05 03:50:00
S003805,641118EC,Android-MidTier,Passport,Delhi,0,0,0,32,doc_upload,0.0,1,2026-02-05 09:24:00
S003806,F2DD85F6,iOS-HighEnd,Aadhaar,Gujarat,0,0,0,121,consent_sign,3.5,0,2026-01-12 15:42:00
S003807,62ED5403,Android-MidTier,PAN,Karnataka,0,0,0,155,consent_sign,3.5,0,2026-01-18 00:31:00
S003808,542EF29E,Android-MidTier,Passport,Tamil Nadu,0,0,0,131,consent_sign,3.5,0,2026-01-05 17:01:00
S003809,A395B867,Android-Budget,PAN,Gujarat,0,0,0,101,consent_sign,3.5,0,2026-02-01 15:25:00
S003810,2BE26BD1,Android-MidTier,Driving License,Maharashtra,0,1,1,129,liveness_check,3.5,1,2026-02-27 23:48:00
S003811,2D798F3E,Android-MidTier,Passport,Maharashtra,0,0,0,140,consent_sign,3.5,0,2026-02-05 12:52:00
S003812,9A760EA9,Android-MidTier,Passport,Karnataka,0,0,0,164,consent_sign,3.5,0,2026-02-03 03:58:00
S003813,32F194D8,Android-MidTier,PAN,Gujarat,0,1,1,133,consent_sign,5.5,0,2026-02-26 09:42:00
S003814,62C9F4FC,iOS-HighEnd,Driving License,Delhi,0,0,0,142,consent_sign,3.5,0,2026-02-10 20:33:00
S003815,4A85E443,Android-Budget,Driving License,Tamil Nadu,0,0,1,58,phone_otp,0.0,1,2026-02-09 07:19:00
S003816,7464D6F2,iOS-HighEnd,Aadhaar,Karnataka,0,0,0,143,consent_sign,3.5,0,2026-01-12 22:47:00
S003817,02D3FB7E,iOS-HighEnd,PAN,Delhi,0,0,0,133,consent_sign,3.5,0,2026-02-16 21:00:00
S003818,E8E977F0,Android-Budget,PAN,Delhi,2,1,3,276,consent_sign,8.5,0,2026-01-19 13:20:00
S003819,FD561B27,iOS-HighEnd,PAN,West Bengal,0,0,0,110,consent_sign,3.5,0,2026-02-18 19:25:00
S003820,6B1D20B9,Android-MidTier,PAN,Karnataka,1,0,1,163,consent_sign,5.0,0,2026-01-03 04:15:00
S003821,639509C4,Android-Budget,PAN,Tamil Nadu,1,0,1,85,doc_upload,1.5,1,2026-01-12 20:29:00
S003822,34DBDA6B,Android-MidTier,Aadhaar,Delhi,0,0,0,110,consent_sign,3.5,1,2026-02-13 13:13:00
S003823,4F4C3F0B,iOS-HighEnd,Passport,Gujarat,0,0,0,150,consent_sign,3.5,0,2026-01-12 16:19:00
S003824,AA2FD9D1,iOS-HighEnd,PAN,Karnataka,0,1,1,127,liveness_check,3.5,1,2026-01-05 00:44:00
S003825,9339304B,iOS-HighEnd,Aadhaar,Delhi,0,0,0,137,consent_sign,3.5,0,2026-01-19 13:27:00
S003826,33F60730,iOS-HighEnd,Passport,Tamil Nadu,0,0,1,157,consent_sign,3.5,0,2026-01-20 22:15:00
S003827,757E2B43,Android-MidTier,PAN,West Bengal,0,0,0,145,consent_sign,3.5,0,2026-02-06 00:17:00
S003828,FDB7C107,Android-MidTier,Aadhaar,Karnataka,0,1,1,176,consent_sign,5.5,0,2026-02-05 17:17:00
S003829,D317D8C9,iOS-HighEnd,PAN,Delhi,0,0,0,169,consent_sign,3.5,0,2026-02-11 13:46:00
S003830,3F30EA12,Android-MidTier,Passport,Gujarat,1,1,2,222,consent_sign,7.0,0,2026-02-18 20:26:00
S003831,91B8FF07,iOS-HighEnd,Passport,West Bengal,0,0,1,159,consent_sign,3.5,0,2026-02-03 10:25:00
S003832,76733597,Android-MidTier,Passport,Gujarat,0,1,1,134,consent_sign,5.5,0,2026-02-27 15:27:00
S003833,1752815C,iOS-HighEnd,Driving License,Maharashtra,0,0,0,136,consent_sign,3.5,0,2026-02-01 19:00:00
S003834,EB3CC270,Android-MidTier,Aadhaar,Delhi,1,0,1,109,doc_upload,1.5,1,2026-02-26 15:50:00
S003835,D7B73862,Android-MidTier,PAN,West Bengal,0,0,0,144,consent_sign,3.5,0,2026-01-08 13:00:00
S003836,641E7F8C,iOS-HighEnd,Passport,Tamil Nadu,0,0,2,137,consent_sign,3.5,0,2026-02-07 19:52:00
S003837,D98F5E83,Android-Budget,PAN,Delhi,0,0,0,152,consent_sign,3.5,0,2026-01-26 11:54:00
S003838,2DF8D4A8,Android-Budget,PAN,Maharashtra,0,1,1,156,consent_sign,5.5,0,2026-02-09 16:49:00
S003839,6E9C92BA,Android-MidTier,Aadhaar,Karnataka,0,0,0,4,registration,0.0,1,2026-02-14 18:31:00
S003840,A8B97820,iOS-HighEnd,Aadhaar,Gujarat,0,0,0,129,consent_sign,3.5,0,2026-02-23 18:08:00
S003841,1874ED7D,Android-MidTier,Aadhaar,Karnataka,0,0,0,120,consent_sign,3.5,0,2026-02-10 08:53:00
S003842,0B2D983A,iOS-HighEnd,Driving License,Karnataka,0,1,1,142,consent_sign,5.5,0,2026-02-01 18:56:00
S003843,286E3F0A,Android-MidTier,Passport,Tamil Nadu,0,0,0,159,consent_sign,3.5,0,2026-02-08 04:08:00
S003844,89A92AF3,Android-Budget,Passport,Karnataka,1,0,1,85,doc_upload,1.5,1,2026-02-19 10:18:00
S003845,11162039,Android-MidTier,Passport,West Bengal,0,0,0,147,consent_sign,3.5,0,2026-01-20 02:46:00
S003846,E6F8DAC3,iOS-HighEnd,PAN,Delhi,0,0,0,131,consent_sign,3.5,0,2026-02-08 10:41:00
S003847,69498671,Android-MidTier,PAN,West Bengal,0,0,0,134,consent_sign,3.5,0,2026-01-30 13:13:00
S003848,1F08F855,iOS-HighEnd,Passport,Karnataka,0,0,0,47,phone_otp,0.0,1,2026-01-21 11:13:00
S003849,C161B06C,Android-Budget,Aadhaar,Tamil Nadu,1,0,1,84,doc_upload,1.5,1,2026-01-28 02:41:00
S003850,C78E0272,Android-Budget,Passport,Tamil Nadu,0,0,2,75,phone_otp,0.0,1,2026-01-29 09:12:00
S003851,2A32E553,iOS-HighEnd,Passport,Gujarat,0,0,0,18,phone_otp,0.0,1,2026-03-01 13:33:00
S003852,0B6D35D7,Android-Budget,Driving License,Gujarat,0,3,3,157,liveness_check,7.5,1,2026-01-12 17:52:00
S003853,A38CC35F,iOS-HighEnd,Driving License,Tamil Nadu,0,1,1,190,consent_sign,5.5,0,2026-02-14 02:53:00
S003854,763F56AC,Android-Budget,PAN,Maharashtra,0,0,1,137,consent_sign,3.5,0,2026-02-21 09:23:00
S003855,663B4427,Android-MidTier,Passport,Tamil Nadu,0,0,0,104,consent_sign,3.5,0,2026-02-12 04:08:00
S003856,09AB99A3,iOS-HighEnd,PAN,Karnataka,1,0,1,232,consent_sign,5.0,0,2026-02-17 05:59:00
S003857,B5878D33,Android-MidTier,PAN,West Bengal,0,0,2,168,consent_sign,3.5,0,2026-01-18 15:02:00
S003858,AB987D93,Android-MidTier,Aadhaar,Karnataka,0,0,0,4,registration,0.0,1,2026-01-07 19:31:00
S003859,761B7E11,Android-Budget,Aadhaar,West Bengal,0,0,0,128,consent_sign,3.5,0,2026-01-20 16:22:00
S003860,A832A228,iOS-HighEnd,PAN,Maharashtra,0,0,0,144,consent_sign,3.5,0,2026-02-24 06:25:00
S003861,700EA842,iOS-HighEnd,Aadhaar,Karnataka,0,0,0,121,consent_sign,3.5,0,2026-01-10 22:36:00
S003862,4775D7AB,iOS-HighEnd,Driving License,Tamil Nadu,0,0,1,190,consent_sign,3.5,0,2026-02-12 21:52:00
S003863,D6A7AA06,Android-MidTier,Driving License,Delhi,0,0,0,144,consent_sign,3.5,0,2026-01-25 00:27:00
S003864,2D5F60D9,Android-MidTier,Aadhaar,Gujarat,1,0,1,164,consent_sign,5.0,0,2026-02-21 20:30:00
S003865,BDCF6FD4,Android-MidTier,Aadhaar,Maharashtra,0,0,0,164,consent_sign,3.5,0,2026-01-08 23:52:00
S003866,ABE05B22,iOS-HighEnd,Aadhaar,Delhi,0,0,0,126,consent_sign,3.5,1,2026-02-01 06:13:00
S003867,45F3DC5A,Android-MidTier,Passport,Maharashtra,0,0,0,122,consent_sign,3.5,0,2026-03-01 11:38:00
S003868,2D8D7DB8,Android-MidTier,Aadhaar,West Bengal,0,0,0,143,consent_sign,3.5,0,2026-01-31 09:52:00
S003869,E4872E77,iOS-HighEnd,Driving License,Tamil Nadu,0,0,0,149,consent_sign,3.5,0,2026-01-23 10:37:00
S003870,712AB8EB,Android-Budget,Aadhaar,Tamil Nadu,0,0,0,116,consent_sign,3.5,0,2026-02-02 04:25:00
S003871,A2819FCE,Android-MidTier,Aadhaar,Karnataka,0,0,0,148,consent_sign,3.5,0,2026-02-13 22:05:00
S003872,A99C37B3,Android-Budget,Aadhaar,Maharashtra,1,0,1,100,doc_upload,1.5,1,2026-02-01 08:47:00
S003873,1A50A93C,iOS-HighEnd,PAN,Delhi,1,0,1,154,consent_sign,5.0,0,2026-02-04 01:48:00
S003874,71A91C81,Android-Budget,Driving License,Tamil Nadu,1,0,1,141,consent_sign,5.0,0,2026-01-08 18:12:00
S003875,0C754A17,Android-MidTier,Aadhaar,Gujarat,0,1,1,180,consent_sign,5.5,0,2026-01-09 11:48:00
S003876,33A51AC6,Android-MidTier,PAN,Maharashtra,0,0,0,164,consent_sign,3.5,0,2026-01-18 03:36:00
S003877,E8A44238,iOS-HighEnd,Passport,Delhi,0,0,1,150,consent_sign,3.5,0,2026-01-26 06:37:00
S003878,041B1878,iOS-HighEnd,PAN,Karnataka,2,0,3,197,consent_sign,6.5,0,2026-02-08 13:03:00
S003879,03BA33A0,Android-MidTier,Passport,West Bengal,0,0,0,117,consent_sign,3.5,0,2026-02-07 23:52:00
S003880,AE11D3C2,Android-Budget,Aadhaar,Gujarat,2,1,4,261,consent_sign,8.5,0,2026-01-07 18:47:00
S003881,F5705436,Android-MidTier,Passport,Maharashtra,0,0,1,45,phone_otp,0.0,1,2026-01-26 03:17:00
S003882,D5DBCBEE,iOS-HighEnd,Driving License,Tamil Nadu,0,0,0,121,consent_sign,3.5,0,2026-01-06 10:06:00
S003883,B958D153,Android-Budget,Passport,West Bengal,0,0,0,117,consent_sign,3.5,0,2026-02-17 01:58:00
S003884,833334F6,Android-Budget,Driving License,Delhi,0,1,1,182,consent_sign,5.5,0,2026-01-15 19:11:00
S003885,529B20E0,Android-MidTier,PAN,Maharashtra,0,0,1,175,consent_sign,3.5,0,2026-01-12 03:41:00
S003886,9FEA97CC,Android-Budget,Passport,West Bengal,1,0,2,182,consent_sign,5.0,0,2026-01-17 22:30:00
S003887,6522E8B9,Android-MidTier,Aadhaar,Gujarat,0,0,0,111,consent_sign,3.5,0,2026-02-08 08:40:00
S003888,3B7F1998,Android-Budget,Driving License,Gujarat,0,0,0,42,doc_upload,0.0,1,2026-02-25 05:05:00
S003889,52C83BFC,Android-Budget,PAN,Maharashtra,0,0,0,127,consent_sign,3.5,0,2026-01-21 06:24:00
S003890,A76C11CB,iOS-HighEnd,Aadhaar,Delhi,0,0,0,3,registration,0.0,1,2026-01-02 18:43:00
S003891,3677F5B4,Android-MidTier,Passport,West Bengal,0,0,0,3,registration,0.0,1,2026-02-09 17:08:00
S003892,A8702D97,Android-Budget,Driving License,Maharashtra,1,1,2,212,consent_sign,7.0,0,2026-02-11 07:16:00
S003893,9FB886B2,iOS-HighEnd,Driving License,Delhi,0,0,0,147,consent_sign,3.5,0,2026-01-18 21:24:00
S003894,E2AD828B,iOS-HighEnd,Aadhaar,Tamil Nadu,0,0,0,125,consent_sign,3.5,0,2026-02-13 13:41:00
S003895,C47DD678,iOS-HighEnd,Passport,Delhi,0,0,0,148,consent_sign,3.5,0,2026-01-10 08:51:00
S003896,FD8FB938,Android-MidTier,Driving License,Maharashtra,1,0,1,80,doc_upload,1.5,1,2026-02-10 19:21:00
S003897,CA90001C,iOS-HighEnd,Aadhaar,Gujarat,0,0,0,150,consent_sign,3.5,0,2026-01-28 05:04:00
S003898,91B76C45,iOS-HighEnd,Aadhaar,Karnataka,0,1,1,147,liveness_check,3.5,1,2026-01-03 14:34:00
S003899,18412E07,Android-MidTier,Passport,Gujarat,0,0,0,132,consent_sign,3.5,0,2026-01-23 05:56:00
S003900,A180F402,Android-Budget,Passport,Tamil Nadu,0,1,2,161,consent_sign,5.5,0,2026-01-02 20:22:00
S003901,ECAF8800,Android-MidTier,Passport,Tamil Nadu,2,0,2,209,consent_sign,6.5,0,2026-01-28 08:11:00
S003902,2207CB65,iOS-HighEnd,Aadhaar,Tamil Nadu,0,0,1,166,consent_sign,3.5,0,2026-01-18 11:06:00
S003903,C2FFD690,iOS-HighEnd,Driving License,Tamil Nadu,0,0,1,194,consent_sign,3.5,0,2026-02-06 10:48:00
S003904,FA5F9E72,iOS-HighEnd,Aadhaar,Karnataka,0,0,0,130,consent_sign,3.5,0,2026-02-27 07:09:00
S003905,11489054,Android-Budget,Passport,Tamil Nadu,1,0,1,207,consent_sign,5.0,0,2026-01-08 00:59:00
S003906,E97F995D,Android-MidTier,Aadhaar,Tamil Nadu,2,1,3,222,liveness_check,6.5,1,2026-01-16 05:44:00
S003907,82D29BF8,Android-Budget,PAN,West Bengal,0,0,0,134,consent_sign,3.5,0,2026-01-21 01:02:00
S003908,80E022C8,Android-MidTier,Driving License,Tamil Nadu,0,0,0,131,consent_sign,3.5,0,2026-01-25 23:57:00
S003909,03671560,Android-MidTier,Aadhaar,Tamil Nadu,0,0,0,140,consent_sign,3.5,0,2026-02-20 10:10:00
S003910,C249F59A,iOS-HighEnd,Aadhaar,West Bengal,0,0,0,109,consent_sign,3.5,0,2026-02-03 17:02:00
S003911,3C847821,iOS-HighEnd,Passport,Karnataka,0,0,0,147,consent_sign,3.5,0,2026-02-06 14:33:00
S003912,3E59034B,Android-MidTier,Passport,Gujarat,0,0,0,186,consent_sign,3.5,0,2026-01-26 05:59:00
S003913,2336D60B,iOS-HighEnd,Aadhaar,Gujarat,0,0,0,126,consent_sign,3.5,0,2026-01-18 22:11:00
S003914,33B70B63,iOS-HighEnd,Driving License,Tamil Nadu,0,0,0,47,doc_upload,0.0,1,2026-02-19 10:15:00
S003915,A45CA94A,iOS-HighEnd,Driving License,Gujarat,0,0,0,111,consent_sign,3.5,0,2026-01-30 20:40:00
S003916,B9ADD00A,iOS-HighEnd,Passport,Karnataka,0,0,0,138,consent_sign,3.5,0,2026-01-11 15:28:00
S003917,71980A55,iOS-HighEnd,Driving License,West Bengal,0,0,0,105,consent_sign,3.5,0,2026-02-18 17:23:00
S003918,225F52AB,Android-Budget,PAN,Gujarat,2,0,3,228,consent_sign,6.5,0,2026-02-02 04:26:00
S003919,C976EC61,Android-Budget,Passport,Maharashtra,0,0,0,30,phone_otp,0.0,1,2026-01-19 03:25:00
S003920,CAB21438,iOS-HighEnd,Driving License,West Bengal,0,1,1,147,consent_sign,5.5,0,2026-01-15 19:34:00
S003921,D00DCC4F,Android-MidTier,Driving License,Karnataka,1,0,1,169,consent_sign,5.0,0,2026-02-10 23:43:00
S003922,3AA06694,Android-MidTier,Passport,Gujarat,0,0,1,159,consent_sign,3.5,0,2026-02-23 03:21:00
S003923,57BD0CA8,Android-MidTier,Driving License,Karnataka,0,0,2,164,consent_sign,3.5,0,2026-01-31 19:36:00
S003924,0DD7CAC2,Android-Budget,Passport,Tamil Nadu,1,0,1,166,consent_sign,5.0,0,2026-01-03 21:22:00
S003925,FD063A58,Android-Budget,Passport,Delhi,2,0,2,203,consent_sign,6.5,0,2026-01-25 16:33:00
S003926,B23F4738,Android-MidTier,PAN,Karnataka,0,0,0,1,registration,0.0,1,2026-01-08 14:43:00
S003927,DF69A560,Android-Budget,Aadhaar,Karnataka,1,1,2,159,liveness_check,5.0,1,2026-02-01 09:26:00
S003928,2EFCD60C,Android-MidTier,Driving License,Tamil Nadu,0,0,1,169,consent_sign,3.5,0,2026-02-19 06:01:00
S003929,108ABB5C,iOS-HighEnd,Driving License,Delhi,1,0,1,110,doc_upload,1.5,1,2026-02-09 02:57:00
S003930,F42323D9,Android-Budget,Passport,Delhi,3,0,3,159,doc_upload,4.5,1,2026-01-22 10:42:00
S003931,FDF48930,iOS-HighEnd,PAN,Karnataka,0,0,0,107,consent_sign,3.5,0,2026-02-19 23:43:00
S003932,2024C407,iOS-HighEnd,PAN,West Bengal,0,0,0,140,consent_sign,3.5,0,2026-02-26 11:18:00
S003933,8C813E53,Android-MidTier,PAN,Delhi,0,0,0,134,consent_sign,3.5,0,2026-02-15 16:22:00
S003934,3451CF94,iOS-HighEnd,Driving License,Gujarat,0,0,0,121,consent_sign,3.5,0,2026-02-04 08:43:00
S003935,6D1E0D7D,Android-MidTier,Driving License,Gujarat,1,1,3,233,consent_sign,7.0,0,2026-01-26 19:08:00
S003936,2A064FD2,iOS-HighEnd,Driving License,Delhi,0,0,0,143,consent_sign,3.5,0,2026-01-15 09:45:00
S003937,6C8C5D0E,iOS-HighEnd,Driving License,West Bengal,0,0,0,118,consent_sign,3.5,0,2026-02-09 21:36:00
S003938,4D980202,iOS-HighEnd,Aadhaar,Gujarat,0,0,0,155,consent_sign,3.5,0,2026-02-27 17:47:00
S003939,F7BCE0EF,Android-Budget,Aadhaar,Maharashtra,0,0,0,90,consent_sign,3.5,0,2026-01-17 00:05:00
S003940,DCC7EB51,Android-Budget,PAN,Karnataka,2,0,4,161,doc_upload,3.0,1,2026-02-03 00:07:00
S003941,F37599AA,Android-MidTier,Passport,Gujarat,0,1,1,151,consent_sign,5.5,0,2026-02-12 17:31:00
S003942,60B217F9,Android-MidTier,Aadhaar,Karnataka,0,0,1,47,phone_otp,0.0,1,2026-02-09 10:29:00
S003943,6C35E33C,Android-Budget,Passport,Maharashtra,0,0,0,112,consent_sign,3.5,0,2026-01-29 03:05:00
S003944,6EF54CEE,Android-MidTier,Aadhaar,West Bengal,0,0,0,158,consent_sign,3.5,0,2026-01-26 09:35:00
S003945,F42973F5,Android-MidTier,Passport,Tamil Nadu,2,0,2,202,consent_sign,6.5,1,2026-02-28 04:13:00
S003946,C30DCC74,iOS-HighEnd,PAN,Karnataka,0,0,0,111,consent_sign,3.5,0,2026-01-23 04:50:00
S003947,154EBF91,Android-MidTier,PAN,West Bengal,0,0,0,124,consent_sign,3.5,0,2026-01-14 04:38:00
S003948,4CDBF99E,Android-Budget,Aadhaar,Maharashtra,0,0,0,3,registration,0.0,1,2026-01-05 04:24:00
S003949,8D87B7BE,iOS-HighEnd,Aadhaar,Maharashtra,0,0,0,129,consent_sign,3.5,0,2026-02-24 19:20:00
S003950,61652FD3,Android-MidTier,Aadhaar,Delhi,0,0,0,138,consent_sign,3.5,0,2026-02-22 22:26:00
S003951,48817B98,iOS-HighEnd,Aadhaar,West Bengal,0,0,0,4,registration,0.0,1,2026-02-18 04:24:00
S003952,7B189D5D,iOS-HighEnd,Driving License,Delhi,0,0,0,147,consent_sign,3.5,0,2026-02-04 01:27:00
S003953,B7014925,iOS-HighEnd,Passport,Delhi,0,0,1,148,consent_sign,3.5,0,2026-02-19 06:11:00
S003954,EA879F65,iOS-HighEnd,PAN,Karnataka,0,0,0,118,consent_sign,3.5,0,2026-01-17 10:35:00
S003955,DC956E31,Android-Budget,Aadhaar,Maharashtra,0,0,0,3,registration,0.0,1,2026-02-14 16:12:00
S003956,5FCF5C22,Android-Budget,Driving License,Maharashtra,0,3,3,204,liveness_check,7.5,1,2026-01-18 20:43:00
S003957,6A7330B3,Android-MidTier,Driving License,Gujarat,0,0,1,180,consent_sign,3.5,0,2026-01-11 21:01:00
S003958,BE006CCB,Android-MidTier,Driving License,Delhi,0,1,1,144,consent_sign,5.5,0,2026-01-29 20:13:00
S003959,4ECCB0AB,iOS-HighEnd,Aadhaar,Gujarat,0,0,0,109,consent_sign,3.5,0,2026-02-07 11:25:00
S003960,123C6A29,Android-MidTier,PAN,Karnataka,0,0,0,2,registration,0.0,1,2026-01-26 19:09:00
S003961,FE12ACE5,Android-Budget,Passport,Gujarat,0,0,0,135,consent_sign,3.5,0,2026-02-01 03:05:00
S003962,EEA00AF9,Android-MidTier,Passport,West Bengal,0,0,1,166,consent_sign,3.5,0,2026-01-23 16:32:00
S003963,C350BF4F,Android-MidTier,PAN,Tamil Nadu,0,0,0,121,consent_sign,3.5,0,2026-02-10 10:37:00
S003964,C571F9AB,Android-Budget,Aadhaar,Gujarat,2,1,3,263,consent_sign,8.5,0,2026-02-16 00:30:00
S003965,593C73F2,iOS-HighEnd,Aadhaar,Gujarat,0,0,0,29,phone_otp,0.0,1,2026-02-26 03:52:00
S003966,A28E0841,Android-MidTier,Aadhaar,Maharashtra,0,1,1,149,liveness_check,3.5,1,2026-01-03 21:45:00
S003967,0EC5BAD7,Android-Budget,PAN,Maharashtra,0,1,1,134,liveness_check,3.5,1,2026-01-23 20:05:00
S003968,6C8DE840,iOS-HighEnd,Driving License,Delhi,0,1,1,133,liveness_check,3.5,1,2026-02-11 03:18:00
S003969,7A4C38EF,Android-MidTier,Passport,Gujarat,0,0,0,85,consent_sign,3.5,0,2026-02-06 11:38:00
S003970,5C85A58C,Android-Budget,Aadhaar,Gujarat,1,0,1,179,consent_sign,5.0,0,2026-01-18 04:24:00
S003971,073BCA43,iOS-HighEnd,Driving License,Tamil Nadu,0,0,0,135,consent_sign,3.5,0,2026-02-04 15:33:00
S003972,25DBBE8D,iOS-HighEnd,Driving License,West Bengal,0,0,0,131,consent_sign,3.5,0,2026-02-16 01:25:00
S003973,F1BB5D9B,iOS-HighEnd,Driving License,Tamil Nadu,1,0,1,150,consent_sign,5.0,0,2026-02-24 23:43:00
S003974,3F569381,Android-Budget,PAN,Karnataka,0,0,0,134,consent_sign,3.5,0,2026-02-13 13:33:00
S003975,A9A0758E,Android-MidTier,Driving License,Karnataka,0,1,1,156,consent_sign,5.5,0,2026-01-06 02:01:00
S003976,1DE20F2D,Android-MidTier,Passport,Gujarat,0,0,0,148,consent_sign,3.5,0,2026-01-01 14:37:00
S003977,B62C09BF,Android-Budget,Passport,Delhi,0,0,0,119,consent_sign,3.5,0,2026-02-23 21:25:00
S003978,B4C0FD18,iOS-HighEnd,Aadhaar,West Bengal,0,0,0,25,phone_otp,0.0,1,2026-02-23 07:38:00
S003979,1491B51D,Android-MidTier,Aadhaar,Delhi,0,0,0,127,consent_sign,3.5,0,2026-01-18 11:37:00
S003980,E041F0A3,iOS-HighEnd,Driving License,Tamil Nadu,0,0,0,118,consent_sign,3.5,0,2026-01-27 07:10:00
S003981,6D4772F8,iOS-HighEnd,Passport,Maharashtra,0,0,0,120,consent_sign,3.5,0,2026-01-05 14:42:00
S003982,802A63CC,Android-MidTier,Aadhaar,Maharashtra,0,0,0,123,consent_sign,3.5,0,2026-02-15 03:50:00
S003983,E2FB8D66,Android-MidTier,Driving License,Maharashtra,0,0,0,3,registration,0.0,1,2026-01-12 03:27:00
S003984,BBE30FD2,iOS-HighEnd,PAN,West Bengal,0,0,0,116,consent_sign,3.5,0,2026-02-25 20:49:00
S003985,ECA04629,Android-MidTier,Driving License,Maharashtra,1,0,1,183,consent_sign,5.0,0,2026-02-20 20:58:00
S003986,1BF962A5,Android-Budget,Passport,Delhi,0,3,3,188,liveness_check,7.5,1,2026-02-01 18:38:00
S003987,CC2B2F49,Android-MidTier,Passport,Gujarat,0,0,1,156,consent_sign,3.5,0,2026-02-07 20:10:00
S003988,44DE950F,Android-Budget,Driving License,Maharashtra,0,0,0,149,consent_sign,3.5,0,2026-01-24 23:12:00
S003989,BF8FF33E,iOS-HighEnd,Passport,Delhi,0,0,1,155,consent_sign,3.5,0,2026-01-07 04:54:00
S003990,01A4C2D1,iOS-HighEnd,Aadhaar,Gujarat,0,0,0,127,consent_sign,3.5,0,2026-02-02 07:07:00
S003991,7DE1936B,iOS-HighEnd,Driving License,Maharashtra,0,0,0,3,registration,0.0,1,2026-01-14 12:16:00
S003992,C6141017,iOS-HighEnd,Aadhaar,Karnataka,0,0,0,116,consent_sign,3.5,1,2026-02-26 14:32:00
S003993,6AB62DBF,Android-Budget,PAN,West Bengal,0,0,0,1,registration,0.0,1,2026-02-22 17:59:00
S003994,6E52B671,iOS-HighEnd,Aadhaar,Tamil Nadu,0,0,0,140,consent_sign,3.5,0,2026-02-25 11:07:00
S003995,2FB7E9BD,Android-MidTier,Driving License,Delhi,1,0,1,189,consent_sign,5.0,0,2026-02-20 14:45:00
S003996,7C89617D,iOS-HighEnd,Driving License,Karnataka,0,0,0,129,consent_sign,3.5,0,2026-01-03 18:05:00
S003997,1C3892E8,Android-MidTier,Driving License,Tamil Nadu,1,0,1,228,consent_sign,5.0,0,2026-02-15 06:11:00
S003998,366B3575,iOS-HighEnd,PAN,West Bengal,0,0,0,128,consent_sign,3.5,0,2026-01-12 12:24:00
S003999,BFFA7A4F,iOS-HighEnd,Aadhaar,Delhi,0,1,1,179,consent_sign,5.5,0,2026-02-02 13:25:00
S004000,311F5D4A,Android-Budget,PAN,Delhi,1,0,1,77,doc_upload,1.5,1,2026-02-19 03:15:00
S004001,DF223246,Android-MidTier,Driving License,West Bengal,0,0,0,151,consent_sign,3.5,0,2026-02-17 22:54:00
S004002,E9B87E7A,Android-MidTier,Passport,Karnataka,0,0,0,141,consent_sign,3.5,0,2026-01-13 21:50:00
S004003,A2ED50B9,iOS-HighEnd,Driving License,Gujarat,0,0,0,40,phone_otp,0.0,1,2026-01-13 17:54:00
S004004,15F0E5EA,iOS-HighEnd,Passport,West Bengal,0,0,0,45,doc_upload,0.0,1,2026-02-12 17:06:00
S004005,107380CB,iOS-HighEnd,Passport,West Bengal,0,0,0,123,consent_sign,3.5,0,2026-02-23 16:37:00
S004006,3C1A8CE2,iOS-HighEnd,Passport,West Bengal,0,0,0,50,doc_upload,0.0,1,2026-01-22 10:40:00
S004007,C2B2547D,iOS-HighEnd,Passport,Delhi,1,0,1,124,consent_sign,5.0,0,2026-02-14 06:44:00
S004008,441DDE33,Android-MidTier,Passport,Karnataka,0,0,0,103,consent_sign,3.5,0,2026-01-03 17:24:00
S004009,AA528F85,iOS-HighEnd,Aadhaar,Delhi,0,0,0,135,consent_sign,3.5,0,2026-02-09 10:35:00
S004010,0AB74B5D,Android-Budget,PAN,Maharashtra,3,0,3,207,doc_upload,4.5,1,2026-01-05 14:49:00
S004011,CAB285DC,Android-MidTier,PAN,West Bengal,0,1,1,112,liveness_check,3.5,1,2026-01-14 11:00:00
S004012,852393D7,Android-Budget,Aadhaar,Maharashtra,1,0,1,138,consent_sign,5.0,0,2026-01-09 05:51:00
S004013,440DD09F,Android-MidTier,Passport,Karnataka,0,0,1,119,consent_sign,3.5,0,2026-02-26 01:42:00
S004014,C1C4F618,iOS-HighEnd,Passport,Maharashtra,0,0,0,138,consent_sign,3.5,0,2026-01-10 23:07:00
S004015,56282768,iOS-HighEnd,Passport,Maharashtra,0,1,1,170,consent_sign,5.5,0,2026-01-05 21:11:00
S004016,57D3EC63,Android-Budget,Aadhaar,Delhi,0,1,1,138,consent_sign,5.5,0,2026-02-10 13:38:00
S004017,3D563B0E,Android-Budget,Passport,Gujarat,0,0,0,137,consent_sign,3.5,0,2026-01-14 14:55:00
S004018,660237ED,iOS-HighEnd,Driving License,Maharashtra,0,0,0,123,consent_sign,3.5,0,2026-02-09 03:27:00
S004019,F9AD97AE,Android-MidTier,Passport,Tamil Nadu,2,1,3,255,consent_sign,8.5,0,2026-02-24 11:37:00
S004020,CE67B962,Android-MidTier,PAN,Karnataka,0,0,0,122,consent_sign,3.5,0,2026-02-13 03:10:00
S004021,DEDBCEF9,iOS-HighEnd,Passport,West Bengal,0,0,0,131,consent_sign,3.5,0,2026-01-11 08:46:00
S004022,D5DE293B,Android-MidTier,Passport,Gujarat,0,1,1,96,liveness_check,3.5,1,2026-02-15 20:45:00
S004023,0692FE02,Android-MidTier,Driving License,Tamil Nadu,0,0,0,102,consent_sign,3.5,0,2026-03-01 21:05:00
S004024,87D75309,Android-MidTier,Aadhaar,Maharashtra,0,0,0,4,registration,0.0,1,2026-01-06 14:54:00
S004025,C05E5ADE,Android-MidTier,PAN,Karnataka,0,0,0,99,consent_sign,3.5,0,2026-01-23 21:48:00
S004026,73B0E73D,iOS-HighEnd,Aadhaar,West Bengal,0,0,0,149,consent_sign,3.5,0,2026-03-02 01:47:00
S004027,DEAEB0C0,Android-Budget,PAN,Delhi,0,3,3,195,liveness_check,7.5,1,2026-01-05 01:07:00
S004028,A904BABD,Android-Budget,PAN,Maharashtra,2,0,2,104,doc_upload,3.0,1,2026-01-18 11:08:00
S004029,A358C4D3,Android-MidTier,Aadhaar,West Bengal,0,0,1,27,phone_otp,0.0,1,2026-02-21 15:54:00
S004030,527A9F7B,iOS-HighEnd,Aadhaar,Tamil Nadu,0,0,0,24,phone_otp,0.0,1,2026-02-22 16:35:00
S004031,DF996726,Android-Budget,PAN,Maharashtra,0,1,1,107,liveness_check,3.5,1,2026-02-25 10:19:00
S004032,BC5E3E2F,iOS-HighEnd,Driving License,Tamil Nadu,0,0,0,116,consent_sign,3.5,0,2026-02-03 11:52:00
S004033,3BCA7FF6,Android-MidTier,Aadhaar,Maharashtra,0,0,0,121,consent_sign,3.5,0,2026-02-20 05:47:00
S004034,BD3C83C3,Android-MidTier,PAN,Maharashtra,0,0,0,110,consent_sign,3.5,0,2026-01-04 22:58:00
S004035,592C6A0E,iOS-HighEnd,Aadhaar,Karnataka,1,0,1,173,consent_sign,5.0,0,2026-03-01 05:00:00
S004036,F104AD27,Android-MidTier,Aadhaar,Delhi,0,1,1,122,consent_sign,5.5,0,2026-01-03 02:27:00
S004037,A888E7AF,Android-MidTier,Passport,Maharashtra,0,0,0,47,doc_upload,0.0,1,2026-02-22 01:12:00
S004038,19B7775F,iOS-HighEnd,Aadhaar,West Bengal,0,0,0,150,consent_sign,3.5,0,2026-01-25 10:06:00
S004039,9B6FBE20,Android-MidTier,Driving License,Delhi,0,0,0,143,consent_sign,3.5,0,2026-01-11 07:15:00
S004040,DEAF0FA9,Android-MidTier,Driving License,Tamil Nadu,0,0,0,115,consent_sign,3.5,0,2026-02-11 23:23:00
S004041,C8ECB641,Android-Budget,Driving License,Maharashtra,0,1,3,204,consent_sign,5.5,0,2026-02-14 02:21:00
S004042,08207D4E,Android-MidTier,Aadhaar,Tamil Nadu,0,0,0,98,liveness_check,1.5,1,2026-02-12 03:50:00
S004043,164B85F0,Android-MidTier,Driving License,Karnataka,0,1,1,144,consent_sign,5.5,0,2026-02-27 14:35:00
S004044,FF0DD3C2,Android-MidTier,PAN,Karnataka,1,0,1,158,consent_sign,5.0,0,2026-01-08 19:38:00
S004045,77806788,iOS-HighEnd,Aadhaar,Gujarat,1,0,1,201,consent_sign,5.0,0,2026-02-11 13:57:00
S004046,F47E3CA0,Android-MidTier,Driving License,Delhi,0,0,0,102,consent_sign,3.5,0,2026-02-20 21:36:00
S004047,8A693650,iOS-HighEnd,Driving License,Delhi,0,0,0,118,consent_sign,3.5,0,2026-02-23 18:09:00
S004048,2BA17F78,Android-Budget,Aadhaar,Tamil Nadu,0,0,0,2,registration,0.0,1,2026-02-20 14:02:00
S004049,B32D3C81,Android-MidTier,Passport,Delhi,0,1,1,133,consent_sign,5.5,0,2026-01-08 22:48:00
S004050,FE4CEFED,iOS-HighEnd,Driving License,Gujarat,0,0,0,146,consent_sign,3.5,0,2026-01-08 10:17:00
S004051,EDD32BE9,iOS-HighEnd,PAN,Delhi,1,0,1,144,consent_sign,5.0,0,2026-02-04 15:10:00
S004052,622C636F,iOS-HighEnd,Driving License,Delhi,1,0,1,67,doc_upload,1.5,1,2026-02-01 08:27:00
S004053,B81BDA1D,iOS-HighEnd,PAN,Karnataka,0,0,0,137,consent_sign,3.5,0,2026-01-17 13:25:00
S004054,F395C213,Android-MidTier,Driving License,West Bengal,0,0,0,140,consent_sign,3.5,0,2026-01-09 00:32:00
S004055,AA5CA8CD,iOS-HighEnd,PAN,West Bengal,0,0,0,110,consent_sign,3.5,0,2026-02-22 23:33:00
S004056,A23036D2,Android-Budget,Aadhaar,Maharashtra,0,2,2,194,consent_sign,7.5,0,2026-01-23 16:29:00
S004057,CBA88A28,Android-MidTier,PAN,Gujarat,0,0,0,148,consent_sign,3.5,0,2026-01-03 05:35:00
S004058,394B5D35,Android-MidTier,Aadhaar,Karnataka,0,0,0,117,consent_sign,3.5,0,2026-02-24 23:38:00
S004059,EC814510,Android-MidTier,Passport,Tamil Nadu,0,1,1,88,liveness_check,3.5,1,2026-02-09 23:49:00
S004060,57DDA51E,Android-MidTier,PAN,West Bengal,0,1,1,183,consent_sign,5.5,0,2026-01-07 23:18:00
S004061,BE332380,Android-MidTier,Aadhaar,Gujarat,0,0,0,133,consent_sign,3.5,0,2026-02-19 20:40:00
S004062,A7674726,iOS-HighEnd,Passport,Gujarat,0,0,0,134,consent_sign,3.5,0,2026-02-19 02:37:00
S004063,F75C0751,iOS-HighEnd,PAN,Gujarat,0,1,1,187,consent_sign,5.5,0,2026-02-12 12:27:00
S004064,3BBDF80C,iOS-HighEnd,Aadhaar,Karnataka,0,0,0,143,consent_sign,3.5,0,2026-02-06 10:17:00
S004065,4A7D6FA1,iOS-HighEnd,Driving License,Karnataka,0,1,2,139,liveness_check,3.5,1,2026-01-20 06:22:00
S004066,5719D3E4,iOS-HighEnd,Driving License,Karnataka,0,0,0,114,consent_sign,3.5,0,2026-02-21 05:49:00
S004067,302B0401,iOS-HighEnd,PAN,Gujarat,0,0,0,134,consent_sign,3.5,0,2026-02-20 07:19:00
S004068,92A593C8,Android-MidTier,Passport,Delhi,0,0,0,1,registration,0.0,1,2026-02-28 10:57:00
S004069,50392A8C,Android-MidTier,Aadhaar,Delhi,0,0,0,112,consent_sign,3.5,0,2026-02-05 22:36:00
S004070,BCA6A6B0,iOS-HighEnd,PAN,West Bengal,0,0,0,133,consent_sign,3.5,0,2026-02-06 01:48:00
S004071,970E287A,Android-MidTier,Aadhaar,West Bengal,1,0,1,150,consent_sign,5.0,0,2026-02-02 06:34:00
S004072,635D8150,iOS-HighEnd,PAN,West Bengal,0,0,0,155,consent_sign,3.5,0,2026-01-09 10:59:00
S004073,C572AA5B,iOS-HighEnd,PAN,Maharashtra,0,0,1,161,consent_sign,3.5,0,2026-02-02 21:49:00
S004074,EF15B821,iOS-HighEnd,Driving License,Maharashtra,0,0,0,125,consent_sign,3.5,0,2026-02-07 10:16:00
S004075,A9EB0BF9,Android-Budget,Aadhaar,Gujarat,0,1,1,169,consent_sign,5.5,0,2026-01-03 00:10:00
S004076,1B493710,Android-MidTier,PAN,Maharashtra,0,0,0,130,consent_sign,3.5,0,2026-01-31 14:10:00
S004077,DA3465D9,iOS-HighEnd,Driving License,Delhi,1,0,2,224,consent_sign,5.0,0,2026-01-31 05:05:00
S004078,D0EF1299,Android-MidTier,Aadhaar,Tamil Nadu,0,0,0,147,consent_sign,3.5,0,2026-01-16 03:28:00
S004079,380A1BB7,Android-MidTier,Passport,Delhi,0,0,0,2,registration,0.0,1,2026-02-24 13:31:00
S004080,25BDAB14,iOS-HighEnd,Aadhaar,Tamil Nadu,0,0,0,128,consent_sign,3.5,0,2026-02-05 23:55:00
S004081,BF3F51D5,Android-MidTier,Driving License,Tamil Nadu,0,0,0,156,consent_sign,3.5,0,2026-02-21 05:15:00
S004082,D3E78237,Android-Budget,PAN,Maharashtra,0,0,0,127,consent_sign,3.5,0,2026-01-29 16:47:00
S004083,51F4A724,iOS-HighEnd,Driving License,Maharashtra,1,0,1,216,consent_sign,5.0,0,2026-03-01 17:38:00
S004084,B04816FD,Android-MidTier,Driving License,Gujarat,0,0,0,143,consent_sign,3.5,0,2026-01-01 18:10:00
S004085,D900DA4B,iOS-HighEnd,Aadhaar,West Bengal,0,0,0,168,consent_sign,3.5,0,2026-02-02 00:22:00
S004086,A18E4440,iOS-HighEnd,Passport,Maharashtra,0,0,0,143,consent_sign,3.5,0,2026-01-10 20:11:00
S004087,4A9F6C5C,Android-Budget,PAN,Karnataka,0,0,0,154,consent_sign,3.5,0,2026-02-25 20:17:00
S004088,0F0E5767,Android-MidTier,Driving License,West Bengal,0,0,1,170,consent_sign,3.5,0,2026-02-13 19:31:00
S004089,27177E59,Android-Budget,Driving License,Tamil Nadu,1,1,2,130,liveness_check,5.0,1,2026-02-12 20:45:00
S004090,D91B1CB6,iOS-HighEnd,Aadhaar,Tamil Nadu,0,0,0,145,consent_sign,3.5,0,2026-02-10 16:21:00
S004091,399E4D08,Android-MidTier,Aadhaar,Tamil Nadu,0,0,0,97,consent_sign,3.5,0,2026-01-29 14:45:00
S004092,EC5412B4,iOS-HighEnd,Aadhaar,Maharashtra,0,0,0,138,consent_sign,3.5,0,2026-01-12 11:44:00
S004093,DB55DAF5,iOS-HighEnd,PAN,Maharashtra,1,0,1,151,consent_sign,5.0,0,2026-01-09 12:03:00
S004094,4C91EF0E,Android-Budget,Aadhaar,Karnataka,0,2,2,198,consent_sign,7.5,0,2026-01-18 12:28:00
S004095,E9917F60,Android-MidTier,Driving License,West Bengal,0,0,0,130,consent_sign,3.5,0,2026-01-18 21:46:00
S004096,05855672,Android-Budget,Driving License,Tamil Nadu,0,0,1,114,consent_sign,3.5,0,2026-01-27 22:22:00
S004097,6C24DCAA,Android-MidTier,Driving License,West Bengal,0,0,0,129,consent_sign,3.5,0,2026-01-03 15:37:00
S004098,592AA87B,iOS-HighEnd,Aadhaar,West Bengal,0,0,0,132,consent_sign,3.5,0,2026-03-01 21:01:00
S004099,126301A0,iOS-HighEnd,Driving License,Gujarat,0,0,0,152,consent_sign,3.5,0,2026-01-15 07:37:00
S004100,4849032C,iOS-HighEnd,Driving License,Gujarat,0,0,0,118,consent_sign,3.5,1,2026-01-28 00:46:00
S004101,B37BDB99,iOS-HighEnd,PAN,Karnataka,0,0,1,137,consent_sign,3.5,0,2026-01-03 06:01:00
S004102,18E9EF77,Android-MidTier,PAN,Maharashtra,1,0,1,74,doc_upload,1.5,1,2026-01-29 20:53:00
S004103,CA9128FB,iOS-HighEnd,PAN,Karnataka,0,0,0,116,consent_sign,3.5,0,2026-01-30 11:35:00
S004104,0DDB0654,Android-Budget,Aadhaar,Delhi,0,0,0,132,consent_sign,3.5,0,2026-01-20 20:05:00
S004105,4DD7CB5C,Android-MidTier,Driving License,Tamil Nadu,0,0,1,143,consent_sign,3.5,0,2026-01-28 17:45:00
S004106,93C09687,Android-Budget,PAN,Maharashtra,1,0,1,207,consent_sign,5.0,0,2026-01-30 06:41:00
S004107,7B814CE1,Android-MidTier,Passport,Delhi,1,1,2,159,consent_sign,7.0,0,2026-02-15 03:42:00
S004108,35B33F54,iOS-HighEnd,Aadhaar,Tamil Nadu,0,0,0,137,consent_sign,3.5,0,2026-01-05 22:05:00
S004109,32167340,iOS-HighEnd,Passport,Gujarat,0,0,0,128,consent_sign,3.5,0,2026-02-03 09:55:00
S004110,5CBAD410,Android-MidTier,Driving License,Gujarat,0,0,0,139,consent_sign,3.5,0,2026-01-20 14:50:00
S004111,1A1940E4,iOS-HighEnd,Driving License,Tamil Nadu,0,0,0,148,consent_sign,3.5,0,2026-01-27 16:18:00
S004112,DBC21E42,Android-MidTier,Passport,Gujarat,0,0,0,3,registration,0.0,1,2026-01-15 10:02:00
S004113,FB924354,Android-MidTier,PAN,Delhi,0,1,2,193,consent_sign,5.5,0,2026-01-15 17:45:00
S004114,2B10A823,Android-MidTier,Driving License,Tamil Nadu,0,0,0,126,consent_sign,3.5,0,2026-01-31 15:19:00
S004115,5B078B11,iOS-HighEnd,Aadhaar,West Bengal,0,1,1,159,consent_sign,5.5,0,2026-02-16 13:56:00
S004116,F1EFA963,iOS-HighEnd,PAN,West Bengal,0,0,1,126,consent_sign,3.5,0,2026-01-13 16:06:00
S004117,83F38F4E,iOS-HighEnd,PAN,Maharashtra,0,0,0,166,consent_sign,3.5,0,2026-01-19 04:06:00
S004118,6F0EEBEF,Android-MidTier,PAN,West Bengal,0,0,0,42,phone_otp,0.0,1,2026-01-11 06:50:00
S004119,B8F91075,Android-MidTier,Aadhaar,Gujarat,2,0,2,235,consent_sign,6.5,0,2026-02-20 11:18:00
S004120,1E69D7EF,iOS-HighEnd,Driving License,Karnataka,0,0,0,140,consent_sign,3.5,0,2026-02-22 16:12:00
S004121,4D7D10F3,Android-MidTier,Aadhaar,Tamil Nadu,0,0,0,115,consent_sign,3.5,0,2026-01-21 14:13:00
S004122,2C281BBD,Android-MidTier,Passport,Delhi,1,0,2,175,consent_sign,5.0,0,2026-01-24 16:06:00
S004123,C69E17C9,Android-Budget,Passport,Gujarat,0,0,0,28,phone_otp,0.0,1,2026-01-13 16:09:00
S004124,ABB558E1,Android-Budget,Driving License,Karnataka,0,0,0,140,consent_sign,3.5,0,2026-02-28 15:31:00
S004125,76B35303,iOS-HighEnd,PAN,Maharashtra,0,0,0,113,consent_sign,3.5,0,2026-01-14 17:32:00
S004126,61D15DB2,Android-MidTier,Driving License,Karnataka,1,0,1,219,consent_sign,5.0,0,2026-02-23 09:00:00
S004127,71F34593,Android-MidTier,Driving License,Gujarat,0,0,0,145,consent_sign,3.5,0,2026-01-06 21:05:00
S004128,1DDB4F15,Android-MidTier,PAN,Gujarat,0,0,0,60,doc_upload,0.0,1,2026-01-15 17:47:00
S004129,A43366C9,iOS-HighEnd,Aadhaar,Gujarat,0,0,0,26,phone_otp,0.0,1,2026-02-24 16:14:00
S004130,399557CB,iOS-HighEnd,Driving License,Gujarat,0,0,0,168,consent_sign,3.5,0,2026-02-14 05:14:00
S004131,FCC2ED18,iOS-HighEnd,PAN,Karnataka,0,0,0,155,consent_sign,3.5,0,2026-01-05 16:07:00
S004132,B198047F,Android-MidTier,Passport,West Bengal,1,0,1,190,consent_sign,5.0,0,2026-02-03 22:25:00
S004133,97C6EB3C,Android-MidTier,Aadhaar,Tamil Nadu,0,0,0,174,consent_sign,3.5,0,2026-02-12 04:15:00
S004134,FFFCFF63,Android-Budget,Driving License,Tamil Nadu,0,0,0,141,consent_sign,3.5,0,2026-01-21 05:45:00
S004135,4C618A43,Android-MidTier,Aadhaar,Gujarat,1,0,2,169,consent_sign,5.0,0,2026-01-19 22:18:00
S004136,534234CF,Android-Budget,Driving License,Maharashtra,0,0,0,4,registration,0.0,1,2026-02-09 20:48:00
S004137,DCB9D394,iOS-HighEnd,PAN,West Bengal,0,0,0,123,consent_sign,3.5,0,2026-01-16 22:20:00
S004138,67C3BD9E,Android-MidTier,PAN,Gujarat,1,1,2,205,consent_sign,7.0,0,2026-01-18 00:23:00
S004139,64CFD9B9,Android-MidTier,Driving License,West Bengal,0,0,0,131,consent_sign,3.5,0,2026-02-26 13:36:00
S004140,C891C9C6,iOS-HighEnd,Driving License,Delhi,0,0,0,131,consent_sign,3.5,0,2026-01-20 23:58:00
S004141,105DD35C,iOS-HighEnd,Driving License,Gujarat,0,0,0,99,liveness_check,1.5,1,2026-02-04 23:51:00
S004142,89FAB5CC,iOS-HighEnd,Driving License,Delhi,0,0,0,177,consent_sign,3.5,0,2026-02-26 21:50:00
S004143,A6D5DAC6,Android-MidTier,PAN,West Bengal,1,1,3,230,consent_sign,7.0,0,2026-02-23 07:18:00
S004144,351C586A,iOS-HighEnd,PAN,Karnataka,0,0,1,128,consent_sign,3.5,0,2026-01-12 01:00:00
S004145,1E0914D2,Android-MidTier,Driving License,Tamil Nadu,2,0,2,214,consent_sign,6.5,0,2026-02-09 06:51:00
S004146,B1F9AB31,Android-MidTier,Aadhaar,Tamil Nadu,0,0,0,155,consent_sign,3.5,0,2026-02-25 18:07:00
S004147,727DDA84,Android-MidTier,Passport,Delhi,0,0,0,2,registration,0.0,1,2026-02-02 17:20:00
S004148,0A054950,iOS-HighEnd,Aadhaar,Gujarat,0,0,0,142,consent_sign,3.5,0,2026-02-24 12:00:00
S004149,A71372AB,Android-MidTier,PAN,Delhi,0,0,1,160,consent_sign,3.5,0,2026-02-19 06:43:00
S004150,41BB0E0D,iOS-HighEnd,PAN,Gujarat,0,0,0,123,consent_sign,3.5,0,2026-02-08 03:43:00
S004151,15A905B4,Android-Budget,Passport,Gujarat,3,0,3,187,doc_upload,4.5,1,2026-02-14 15:43:00
S004152,4C6F9A45,Android-Budget,Aadhaar,Karnataka,0,1,1,196,consent_sign,5.5,0,2026-02-06 11:24:00
S004153,2BEE2FFF,Android-MidTier,Driving License,West Bengal,0,0,0,113,consent_sign,3.5,0,2026-01-08 17:38:00
S004154,A87D21FF,iOS-HighEnd,PAN,Karnataka,0,0,0,133,consent_sign,3.5,0,2026-02-13 13:09:00
S004155,0BD18D4A,Android-Budget,Passport,West Bengal,0,0,0,131,consent_sign,3.5,0,2026-02-17 17:57:00
S004156,E79524EB,iOS-HighEnd,Passport,Delhi,0,1,1,180,consent_sign,5.5,0,2026-02-12 18:52:00
S004157,88BAEF4A,Android-Budget,Aadhaar,Gujarat,2,0,2,250,consent_sign,6.5,0,2026-02-27 03:05:00
S004158,7D8DA92B,Android-MidTier,Passport,Gujarat,0,0,0,125,consent_sign,3.5,0,2026-02-06 21:48:00
S004159,E92915A3,iOS-HighEnd,Passport,Gujarat,0,0,0,138,consent_sign,3.5,0,2026-01-09 10:12:00
S004160,9B2E18C0,Android-MidTier,Driving License,Tamil Nadu,1,0,1,74,doc_upload,1.5,1,2026-02-06 04:17:00
S004161,B01C337E,iOS-HighEnd,Aadhaar,Maharashtra,0,0,0,2,registration,0.0,1,2026-02-19 04:56:00
S004162,0B73CA1C,Android-MidTier,Driving License,Tamil Nadu,0,0,0,114,consent_sign,3.5,0,2026-01-16 14:34:00
S004163,24444F64,iOS-HighEnd,Driving License,Karnataka,0,0,0,120,consent_sign,3.5,0,2026-01-07 15:49:00
S004164,371831F3,iOS-HighEnd,PAN,Karnataka,0,0,0,141,consent_sign,3.5,0,2026-01-09 01:51:00
S004165,8D548038,Android-MidTier,Driving License,Tamil Nadu,0,1,1,132,consent_sign,5.5,0,2026-02-24 05:59:00
S004166,470367F7,Android-MidTier,Passport,Delhi,0,0,0,128,consent_sign,3.5,0,2026-02-12 06:59:00
S004167,6C092D0A,iOS-HighEnd,Aadhaar,Karnataka,0,0,0,114,consent_sign,3.5,0,2026-01-19 17:43:00
S004168,42BB8F63,Android-MidTier,PAN,Tamil Nadu,0,0,0,110,consent_sign,3.5,0,2026-01-04 01:08:00
S004169,29CF4C70,Android-MidTier,Driving License,West Bengal,1,0,1,188,consent_sign,5.0,0,2026-02-25 19:33:00
S004170,F1DA833D,iOS-HighEnd,Aadhaar,Maharashtra,0,0,0,115,consent_sign,3.5,0,2026-02-02 17:15:00
S004171,F0B0E729,Android-MidTier,Passport,Karnataka,0,0,0,125,consent_sign,3.5,0,2026-01-31 23:55:00
S004172,3429CE3B,iOS-HighEnd,Aadhaar,Delhi,0,0,0,138,consent_sign,3.5,0,2026-02-03 04:14:00
S004173,44F760A8,iOS-HighEnd,Driving License,Maharashtra,0,0,0,141,consent_sign,3.5,0,2026-02-28 03:32:00
S004174,A54427EC,iOS-HighEnd,Aadhaar,Maharashtra,0,0,0,152,consent_sign,3.5,0,2026-01-14 11:09:00
S004175,904ADA37,Android-MidTier,PAN,Karnataka,1,0,1,73,doc_upload,1.5,1,2026-01-14 06:37:00
S004176,82ECE8AA,Android-MidTier,Driving License,Karnataka,0,0,0,125,consent_sign,3.5,1,2026-02-05 04:08:00
S004177,D2524487,iOS-HighEnd,Driving License,Karnataka,0,0,0,154,consent_sign,3.5,0,2026-01-24 04:43:00
S004178,C9AC376C,iOS-HighEnd,Aadhaar,Tamil Nadu,0,1,1,176,consent_sign,5.5,0,2026-01-31 17:09:00
S004179,F6C9DD38,Android-MidTier,PAN,Gujarat,0,1,1,111,consent_sign,5.5,0,2026-02-01 12:59:00
S004180,4526ED62,Android-MidTier,Driving License,Karnataka,1,0,1,197,consent_sign,5.0,0,2026-01-20 12:44:00
S004181,AF194390,Android-MidTier,Passport,West Bengal,0,2,2,143,liveness_check,5.5,1,2026-02-25 03:35:00
S004182,5450C61F,Android-MidTier,Passport,Maharashtra,0,0,0,141,consent_sign,3.5,0,2026-01-04 14:19:00
S004183,E8C44E4C,iOS-HighEnd,Driving License,Tamil Nadu,0,0,0,167,consent_sign,3.5,0,2026-02-18 11:39:00
S004184,2575DBD1,iOS-HighEnd,Passport,Delhi,0,1,1,115,liveness_check,3.5,1,2026-02-12 21:24:00
S004185,460DB751,Android-Budget,PAN,West Bengal,0,1,1,130,liveness_check,3.5,1,2026-02-03 01:28:00
S004186,FABF8AEF,Android-MidTier,Aadhaar,Delhi,0,0,0,161,consent_sign,3.5,0,2026-02-16 16:22:00
S004187,F3A80AA0,Android-MidTier,Aadhaar,Karnataka,0,0,0,125,consent_sign,3.5,0,2026-01-21 09:29:00
S004188,1F9DECCD,Android-Budget,PAN,Karnataka,0,0,0,126,consent_sign,3.5,0,2026-02-02 07:14:00
S004189,E0218CAF,Android-Budget,Passport,Gujarat,0,0,0,119,consent_sign,3.5,0,2026-02-19 03:35:00
S004190,CE8A5306,Android-MidTier,Driving License,Karnataka,0,0,0,159,consent_sign,3.5,0,2026-02-01 18:19:00
S004191,59518620,iOS-HighEnd,Passport,West Bengal,0,1,1,105,liveness_check,3.5,1,2026-02-28 19:18:00
S004192,4830EFFE,Android-Budget,Aadhaar,Maharashtra,0,0,0,116,consent_sign,3.5,0,2026-02-06 08:42:00
S004193,195C663B,iOS-HighEnd,Driving License,Maharashtra,0,0,0,119,consent_sign,3.5,0,2026-02-06 20:54:00
S004194,51683612,Android-MidTier,Driving License,Gujarat,0,0,0,128,consent_sign,3.5,0,2026-01-18 06:33:00
S004195,2E408D57,iOS-HighEnd,Driving License,Gujarat,0,0,0,135,consent_sign,3.5,0,2026-01-10 02:51:00
S004196,AD851456,Android-MidTier,Passport,West Bengal,0,0,0,34,phone_otp,0.0,1,2026-01-07 10:47:00
S004197,8D3A5B2D,iOS-HighEnd,PAN,Tamil Nadu,0,0,0,125,consent_sign,3.5,0,2026-01-23 20:11:00
S004198,6714272A,iOS-HighEnd,Aadhaar,Karnataka,0,0,0,99,consent_sign,3.5,0,2026-01-23 04:29:00
S004199,4251D2F0,Android-MidTier,PAN,Maharashtra,0,0,0,124,consent_sign,3.5,0,2026-02-10 15:26:00
S004200,B695C2BF,Android-MidTier,Aadhaar,West Bengal,0,0,0,142,consent_sign,3.5,0,2026-02-11 17:43:00
S004201,248607C2,Android-MidTier,PAN,Maharashtra,0,1,1,153,consent_sign,5.5,0,2026-01-11 00:52:00
S004202,44725AB7,iOS-HighEnd,Driving License,Tamil Nadu,0,0,0,157,consent_sign,3.5,0,2026-01-01 21:45:00
S004203,A3A22F35,iOS-HighEnd,Aadhaar,Delhi,0,0,0,118,consent_sign,3.5,0,2026-01-18 13:52:00
S004204,C70C15E3,iOS-HighEnd,Passport,West Bengal,0,0,0,138,consent_sign,3.5,0,2026-02-10 10:35:00
S004205,6B1205AA,Android-Budget,Aadhaar,Gujarat,0,0,0,120,consent_sign,3.5,0,2026-01-13 03:10:00
S004206,705FAECD,iOS-HighEnd,Passport,Maharashtra,1,0,1,171,consent_sign,5.0,0,2026-01-26 00:01:00
S004207,77FA7BBC,Android-MidTier,Aadhaar,Maharashtra,0,0,0,113,consent_sign,3.5,0,2026-02-14 22:19:00
S004208,F3DEA9DC,iOS-HighEnd,Passport,Gujarat,0,0,0,124,consent_sign,3.5,0,2026-01-20 12:23:00
S004209,B7ED70CF,Android-MidTier,PAN,Delhi,0,0,1,115,liveness_check,1.5,1,2026-01-16 10:20:00
S004210,3A9048CC,Android-MidTier,Passport,Tamil Nadu,1,0,2,209,consent_sign,5.0,0,2026-02-17 11:12:00
S004211,1641D960,Android-MidTier,Passport,Maharashtra,1,0,1,168,consent_sign,5.0,0,2026-01-04 09:17:00
S004212,C544A049,Android-MidTier,Passport,Maharashtra,0,0,0,112,consent_sign,3.5,0,2026-01-20 11:10:00
S004213,A27A2BDA,iOS-HighEnd,Driving License,West Bengal,0,0,0,120,consent_sign,3.5,0,2026-02-01 04:10:00
S004214,3D730C3B,Android-Budget,Passport,Delhi,0,2,2,164,liveness_check,5.5,1,2026-01-29 12:17:00
S004215,9347F486,Android-MidTier,Driving License,Karnataka,1,0,2,166,consent_sign,5.0,0,2026-02-08 10:50:00
S004216,492D85A7,Android-Budget,Aadhaar,Maharashtra,1,0,2,231,consent_sign,5.0,0,2026-02-22 13:38:00
S004217,CEEFD2C9,Android-Budget,Driving License,Delhi,0,2,2,131,liveness_check,5.5,1,2026-01-02 22:21:00
S004218,F2CA2002,iOS-HighEnd,PAN,Karnataka,0,0,0,141,consent_sign,3.5,0,2026-02-18 17:56:00
S004219,EEB47B07,iOS-HighEnd,Driving License,Maharashtra,0,0,0,119,consent_sign,3.5,0,2026-02-03 11:14:00
S004220,7F702973,Android-MidTier,PAN,Gujarat,0,0,0,203,consent_sign,3.5,0,2026-02-23 06:11:00
S004221,AD411244,iOS-HighEnd,PAN,Gujarat,0,0,0,2,registration,0.0,1,2026-03-01 16:32:00
S004222,1FEBC9AF,iOS-HighEnd,Aadhaar,West Bengal,0,0,0,115,consent_sign,3.5,0,2026-01-08 23:35:00
S004223,30AFE613,Android-MidTier,PAN,Karnataka,0,0,0,1,registration,0.0,1,2026-02-11 07:54:00
S004224,01DDC628,Android-Budget,Aadhaar,Maharashtra,0,0,0,121,consent_sign,3.5,0,2026-02-18 17:56:00
S004225,88C982EC,iOS-HighEnd,Aadhaar,West Bengal,0,0,0,161,consent_sign,3.5,0,2026-02-12 20:02:00
S004226,FE85544C,Android-Budget,Passport,West Bengal,1,2,3,213,consent_sign,9.0,0,2026-02-23 15:43:00
S004227,EBA332B1,iOS-HighEnd,PAN,West Bengal,0,0,1,144,consent_sign,3.5,0,2026-02-15 23:26:00
S004228,F1E7ADA0,iOS-HighEnd,Passport,Tamil Nadu,0,0,0,1,registration,0.0,1,2026-01-17 15:58:00
S004229,0AD7D77C,Android-MidTier,Passport,Delhi,1,0,1,81,doc_upload,1.5,1,2026-01-15 01:12:00
S004230,2B24EF63,Android-MidTier,Aadhaar,Gujarat,0,0,0,130,consent_sign,3.5,0,2026-01-31 19:42:00
S004231,C3828725,Android-MidTier,PAN,Delhi,0,0,0,136,consent_sign,3.5,0,2026-01-03 00:18:00
S004232,2CC09F87,iOS-HighEnd,Driving License,Tamil Nadu,0,0,0,125,consent_sign,3.5,0,2026-02-18 19:54:00
S004233,22212E52,iOS-HighEnd,PAN,Delhi,1,0,1,105,doc_upload,1.5,1,2026-01-14 20:39:00
S004234,0D08367E,iOS-HighEnd,PAN,Delhi,0,0,0,167,consent_sign,3.5,0,2026-01-14 08:49:00
S004235,2BA4D656,Android-Budget,Driving License,Maharashtra,1,1,2,189,liveness_check,5.0,1,2026-01-30 11:45:00
S004236,56847457,iOS-HighEnd,Passport,Tamil Nadu,0,0,0,159,consent_sign,3.5,0,2026-01-12 01:28:00
S004237,D4EC0595,Android-MidTier,Passport,Gujarat,0,0,0,151,consent_sign,3.5,0,2026-02-16 02:57:00
S004238,DB992F51,iOS-HighEnd,PAN,Maharashtra,0,0,0,160,consent_sign,3.5,0,2026-02-26 03:27:00
S004239,7BAE0F3B,iOS-HighEnd,Aadhaar,West Bengal,0,0,0,141,consent_sign,3.5,0,2026-02-06 11:25:00
S004240,00926D61,iOS-HighEnd,Aadhaar,West Bengal,0,0,0,139,consent_sign,3.5,0,2026-02-11 05:46:00
S004241,64C46086,iOS-HighEnd,Passport,Tamil Nadu,0,0,0,175,consent_sign,3.5,0,2026-01-04 21:52:00
S004242,EDDA1677,Android-MidTier,PAN,Gujarat,0,1,1,109,liveness_check,3.5,1,2026-01-11 15:37:00
S004243,83F9B580,Android-Budget,PAN,Maharashtra,0,1,1,131,liveness_check,3.5,1,2026-02-24 10:38:00
S004244,EF775124,iOS-HighEnd,PAN,West Bengal,0,0,0,151,consent_sign,3.5,0,2026-02-11 01:15:00
S004245,D92D9519,Android-Budget,Aadhaar,Karnataka,0,0,2,94,phone_otp,0.0,1,2026-01-03 12:33:00
S004246,0182144D,iOS-HighEnd,Passport,Gujarat,0,0,0,112,consent_sign,3.5,0,2026-02-13 08:11:00
S004247,4C60B543,iOS-HighEnd,PAN,Tamil Nadu,0,0,0,137,consent_sign,3.5,0,2026-01-23 03:17:00
S004248,59875C7D,iOS-HighEnd,PAN,West Bengal,1,0,1,200,consent_sign,5.0,0,2026-02-11 20:07:00
S004249,66EDEF30,Android-MidTier,Aadhaar,West Bengal,1,0,1,98,doc_upload,1.5,1,2026-02-16 07:27:00
S004250,6E4928AC,Android-MidTier,Aadhaar,West Bengal,0,0,1,179,consent_sign,3.5,0,2026-01-22 19:27:00
S004251,8772DF4A,iOS-HighEnd,Aadhaar,Maharashtra,0,0,0,122,consent_sign,3.5,0,2026-02-17 11:18:00
S004252,6924E248,iOS-HighEnd,Aadhaar,Maharashtra,0,0,1,156,consent_sign,3.5,0,2026-01-22 21:45:00
S004253,01C4E229,iOS-HighEnd,Passport,Gujarat,0,1,1,151,consent_sign,5.5,0,2026-02-15 11:22:00
S004254,4008D4DA,iOS-HighEnd,PAN,West Bengal,0,1,1,164,consent_sign,5.5,0,2026-01-27 22:13:00
S004255,5FD2BEC3,iOS-HighEnd,PAN,Maharashtra,0,0,0,112,consent_sign,3.5,0,2026-02-05 20:03:00
S004256,E466C937,Android-MidTier,Driving License,Maharashtra,0,0,0,117,consent_sign,3.5,0,2026-02-19 11:38:00
S004257,44FCC054,Android-MidTier,Passport,West Bengal,1,0,1,61,doc_upload,1.5,1,2026-02-15 03:41:00
S004258,A801F15E,iOS-HighEnd,Passport,Gujarat,0,0,0,122,consent_sign,3.5,0,2026-01-14 23:46:00
S004259,23CECF1E,Android-MidTier,Aadhaar,Maharashtra,0,1,1,124,consent_sign,5.5,0,2026-02-16 07:13:00
S004260,017CC74E,iOS-HighEnd,Aadhaar,Delhi,0,0,0,154,consent_sign,3.5,0,2026-02-13 13:03:00
S004261,B58F67B6,Android-MidTier,PAN,Karnataka,0,0,0,126,consent_sign,3.5,0,2026-02-05 12:24:00
S004262,48EF30FF,iOS-HighEnd,Aadhaar,Karnataka,0,0,0,26,phone_otp,0.0,1,2026-01-08 01:26:00
S004263,6BCA4F86,Android-Budget,Passport,Gujarat,0,0,1,151,consent_sign,3.5,0,2026-01-20 20:39:00
S004264,08175DD0,iOS-HighEnd,PAN,Karnataka,0,0,0,170,consent_sign,3.5,0,2026-02-18 15:33:00
S004265,F2C8C25E,Android-Budget,PAN,Delhi,1,0,1,83,doc_upload,1.5,1,2026-01-11 13:19:00
S004266,FBA13732,iOS-HighEnd,Aadhaar,Delhi,0,1,1,151,consent_sign,5.5,0,2026-01-22 07:42:00
S004267,7D338CA2,Android-MidTier,PAN,Gujarat,0,0,1,137,consent_sign,3.5,0,2026-02-09 10:56:00
S004268,AE864837,iOS-HighEnd,PAN,West Bengal,0,0,1,146,consent_sign,3.5,0,2026-01-17 08:50:00
S004269,C0476D80,Android-MidTier,Driving License,West Bengal,0,0,0,143,consent_sign,3.5,0,2026-01-28 09:02:00
S004270,665E467F,iOS-HighEnd,Passport,Gujarat,0,0,1,47,phone_otp,0.0,1,2026-01-18 12:35:00
S004271,BDECB67A,Android-Budget,PAN,Delhi,0,0,0,4,registration,0.0,1,2026-02-11 14:31:00
S004272,21A496A8,Android-Budget,Aadhaar,West Bengal,1,3,5,258,liveness_check,9.0,1,2026-02-10 19:43:00
S004273,CAEF3C9E,iOS-HighEnd,Driving License,Maharashtra,0,0,0,136,consent_sign,3.5,0,2026-02-20 01:26:00
S004274,581848C5,iOS-HighEnd,Aadhaar,Gujarat,0,0,0,130,consent_sign,3.5,0,2026-01-31 17:53:00
S004275,AF374E8C,iOS-HighEnd,Driving License,West Bengal,0,0,0,106,consent_sign,3.5,0,2026-03-01 01:10:00
S004276,D4701DD2,Android-Budget,Aadhaar,West Bengal,0,0,0,115,consent_sign,3.5,0,2026-01-17 19:56:00
S004277,98DAAE8C,iOS-HighEnd,PAN,Tamil Nadu,0,0,0,121,consent_sign,3.5,0,2026-03-01 11:52:00
S004278,7AEDEDF4,Android-MidTier,Driving License,Maharashtra,1,0,1,160,consent_sign,5.0,0,2026-02-03 17:21:00
S004279,15263FEF,iOS-HighEnd,Driving License,Gujarat,0,0,1,127,consent_sign,3.5,1,2026-01-14 08:22:00
S004280,9E1BE56D,Android-MidTier,Aadhaar,Karnataka,0,0,1,157,consent_sign,3.5,0,2026-01-11 00:08:00
S004281,2FD6129A,Android-MidTier,PAN,Maharashtra,0,1,1,182,consent_sign,5.5,0,2026-01-27 13:00:00
S004282,1D71F339,Android-MidTier,Driving License,Maharashtra,0,0,0,139,consent_sign,3.5,0,2026-01-10 04:55:00
S004283,B371D64D,iOS-HighEnd,Aadhaar,Delhi,0,0,0,131,consent_sign,3.5,0,2026-02-14 10:31:00
S004284,6DDD5C02,iOS-HighEnd,Driving License,Karnataka,0,0,0,108,consent_sign,3.5,0,2026-02-19 18:11:00
S004285,C86022C4,iOS-HighEnd,Driving License,West Bengal,0,1,1,161,consent_sign,5.5,1,2026-01-14 03:09:00
S004286,BAFF361A,Android-Budget,Passport,West Bengal,0,0,0,33,phone_otp,0.0,1,2026-02-16 05:49:00
S004287,304C9C7B,Android-MidTier,Passport,Karnataka,0,1,1,177,consent_sign,5.5,0,2026-01-09 18:58:00
S004288,A1001BC8,iOS-HighEnd,Aadhaar,West Bengal,1,0,2,190,consent_sign,5.0,0,2026-02-28 17:03:00
S004289,1ED68B71,Android-MidTier,Passport,Delhi,0,0,0,95,consent_sign,3.5,0,2026-01-30 14:34:00
S004290,461BCBC3,iOS-HighEnd,Aadhaar,West Bengal,0,0,0,128,consent_sign,3.5,0,2026-01-11 09:56:00
S004291,256DF639,Android-Budget,Passport,West Bengal,1,2,3,242,consent_sign,9.0,0,2026-02-28 01:30:00
S004292,331BD602,iOS-HighEnd,Driving License,Delhi,1,1,2,202,consent_sign,7.0,0,2026-01-22 07:39:00
S004293,615ECA80,iOS-HighEnd,Driving License,Karnataka,0,0,0,114,consent_sign,3.5,0,2026-02-19 10:07:00
S004294,B33D9C7C,iOS-HighEnd,Driving License,Karnataka,0,0,0,90,consent_sign,3.5,0,2026-02-06 03:31:00
S004295,38C6430F,Android-MidTier,PAN,West Bengal,0,0,0,149,consent_sign,3.5,0,2026-02-26 13:19:00
S004296,0FB49D98,iOS-HighEnd,Driving License,Karnataka,0,1,1,167,consent_sign,5.5,0,2026-01-31 21:55:00
S004297,0D394B57,Android-Budget,Aadhaar,Tamil Nadu,0,0,0,155,consent_sign,3.5,0,2026-01-07 06:40:00
S004298,5D13539C,iOS-HighEnd,Passport,Delhi,0,0,0,26,phone_otp,0.0,1,2026-01-07 10:22:00
S004299,B62A7941,Android-MidTier,PAN,Karnataka,0,1,1,113,liveness_check,3.5,1,2026-02-01 10:18:00
S004300,E525AEAF,iOS-HighEnd,PAN,Gujarat,0,0,0,125,consent_sign,3.5,0,2026-01-26 04:52:00
S004301,00231F70,iOS-HighEnd,Aadhaar,Tamil Nadu,0,0,0,141,consent_sign,3.5,0,2026-02-20 21:38:00
S004302,5256F928,Android-Budget,Driving License,Karnataka,0,1,1,99,liveness_check,3.5,1,2026-01-10 18:05:00
S004303,47B885FA,Android-MidTier,Driving License,Gujarat,0,0,0,136,consent_sign,3.5,0,2026-01-28 15:34:00
S004304,6E4FF4A4,Android-MidTier,Driving License,West Bengal,0,0,0,127,consent_sign,3.5,0,2026-03-01 06:22:00
S004305,7DC4F12B,iOS-HighEnd,Driving License,Karnataka,0,0,0,136,consent_sign,3.5,0,2026-02-06 04:00:00
S004306,1C8D23B4,Android-Budget,Aadhaar,Maharashtra,1,0,1,106,doc_upload,1.5,1,2026-02-07 00:25:00
S004307,AED690CC,Android-Budget,PAN,Gujarat,0,0,0,98,liveness_check,1.5,1,2026-02-16 18:54:00
S004308,215BDEF5,Android-MidTier,Aadhaar,Tamil Nadu,0,0,0,137,consent_sign,3.5,0,2026-02-24 16:41:00
S004309,CF5E7840,Android-MidTier,Driving License,Delhi,0,0,0,2,registration,0.0,1,2026-02-08 00:51:00
S004310,96C2E045,Android-MidTier,Aadhaar,Karnataka,0,0,0,125,consent_sign,3.5,0,2026-02-20 14:26:00
S004311,3CFE18E9,Android-MidTier,Driving License,West Bengal,0,1,1,175,consent_sign,5.5,0,2026-01-09 18:02:00
S004312,959677E9,Android-MidTier,Passport,Maharashtra,0,0,0,155,consent_sign,3.5,0,2026-01-19 07:54:00
S004313,1B3AC54C,Android-MidTier,PAN,Tamil Nadu,0,0,0,125,consent_sign,3.5,0,2026-01-28 07:41:00
S004314,9A11DDF4,Android-MidTier,Driving License,Karnataka,0,0,0,2,registration,0.0,1,2026-01-28 15:17:00
S004315,F7E47C8C,Android-MidTier,Passport,Tamil Nadu,0,1,1,197,consent_sign,5.5,0,2026-02-09 18:38:00
S004316,D141B9E4,Android-MidTier,Aadhaar,Maharashtra,0,1,1,155,consent_sign,5.5,0,2026-01-11 18:07:00
S004317,721DF83C,iOS-HighEnd,PAN,Gujarat,0,0,0,121,consent_sign,3.5,0,2026-01-13 05:36:00
S004318,F11AFC00,iOS-HighEnd,Aadhaar,Karnataka,0,0,0,141,consent_sign,3.5,0,2026-02-27 23:37:00
S004319,4D2D8EFD,iOS-HighEnd,Passport,Delhi,0,0,0,138,consent_sign,3.5,0,2026-02-06 23:45:00
S004320,C2D01C42,Android-Budget,Aadhaar,Gujarat,1,0,1,87,doc_upload,1.5,1,2026-01-30 18:51:00
S004321,27571245,iOS-HighEnd,Aadhaar,Delhi,0,0,0,121,consent_sign,3.5,0,2026-01-18 18:32:00
S004322,6B0FFA79,Android-MidTier,Aadhaar,Tamil Nadu,0,1,1,156,consent_sign,5.5,0,2026-01-04 21:23:00
S004323,E43F05C8,iOS-HighEnd,Passport,Tamil Nadu,0,0,0,111,consent_sign,3.5,1,2026-02-08 18:20:00
S004324,D89939BA,Android-MidTier,Driving License,Tamil Nadu,0,0,1,156,consent_sign,3.5,0,2026-01-14 06:43:00
S004325,58EB3E59,Android-MidTier,Driving License,West Bengal,0,0,0,130,consent_sign,3.5,0,2026-02-22 21:32:00
S004326,A13ECF15,iOS-HighEnd,Passport,West Bengal,0,0,0,113,consent_sign,3.5,0,2026-01-09 13:28:00
S004327,6FA5F03F,Android-MidTier,Passport,Karnataka,0,0,1,162,consent_sign,3.5,0,2026-01-02 01:23:00
S004328,861550F6,iOS-HighEnd,Passport,Karnataka,0,0,0,131,consent_sign,3.5,0,2026-01-22 04:19:00
S004329,CA77736E,iOS-HighEnd,Passport,Maharashtra,0,0,0,164,consent_sign,3.5,0,2026-02-27 12:02:00
S004330,462E9AF3,iOS-HighEnd,Driving License,West Bengal,0,0,1,143,consent_sign,3.5,0,2026-01-24 08:00:00
S004331,4A26EB59,Android-Budget,Driving License,Karnataka,1,0,1,109,liveness_check,3.0,1,2026-01-15 12:53:00
S004332,0F9027D5,Android-MidTier,Aadhaar,Gujarat,0,0,0,133,consent_sign,3.5,0,2026-01-30 10:53:00
S004333,30B05A0B,iOS-HighEnd,Passport,West Bengal,0,0,0,4,registration,0.0,1,2026-01-24 08:46:00
S004334,7EBA0464,iOS-HighEnd,Driving License,Karnataka,0,0,0,123,consent_sign,3.5,0,2026-01-02 19:06:00
S004335,8373EDF3,Android-MidTier,Passport,Delhi,1,0,1,221,consent_sign,5.0,0,2026-01-14 14:42:00
S004336,70100D7E,Android-Budget,Passport,West Bengal,0,0,0,140,consent_sign,3.5,0,2026-02-08 11:45:00
S004337,8FFFE845,Android-MidTier,Aadhaar,Maharashtra,0,0,0,3,registration,0.0,1,2026-01-15 17:00:00
S004338,9B72A9FE,Android-MidTier,Aadhaar,Tamil Nadu,0,1,1,127,liveness_check,3.5,1,2026-01-20 15:13:00
S004339,00EBF725,Android-MidTier,PAN,West Bengal,0,0,0,140,consent_sign,3.5,0,2026-01-13 04:54:00
S004340,9794B389,Android-MidTier,Passport,Delhi,0,0,0,136,consent_sign,3.5,0,2026-01-30 10:01:00
S004341,EDBA84D1,iOS-HighEnd,Driving License,Gujarat,0,0,0,126,consent_sign,3.5,0,2026-01-05 07:53:00
S004342,80FA3363,Android-Budget,Passport,Maharashtra,0,1,1,132,liveness_check,3.5,1,2026-01-29 01:14:00
S004343,4242FC5C,Android-MidTier,Aadhaar,Karnataka,0,1,1,120,liveness_check,3.5,1,2026-02-21 19:44:00
S004344,4BDE7D88,iOS-HighEnd,PAN,Karnataka,0,0,0,108,consent_sign,3.5,0,2026-02-23 02:49:00
S004345,1E7D8F7B,Android-MidTier,Driving License,Gujarat,0,0,0,150,consent_sign,3.5,0,2026-01-14 11:01:00
S004346,8897C497,iOS-HighEnd,Passport,Maharashtra,0,0,0,125,consent_sign,3.5,0,2026-01-02 21:57:00
S004347,A3BDD4D6,iOS-HighEnd,Passport,West Bengal,0,0,0,27,phone_otp,0.0,1,2026-01-26 01:13:00
S004348,471B0CC7,Android-MidTier,Aadhaar,Maharashtra,0,0,0,37,doc_upload,0.0,1,2026-02-07 10:29:00
S004349,DF96048A,iOS-HighEnd,Driving License,Tamil Nadu,0,0,1,184,consent_sign,3.5,0,2026-01-23 19:08:00
S004350,FAE2D4A8,Android-MidTier,PAN,West Bengal,1,0,1,174,consent_sign,5.0,0,2026-01-04 22:46:00
S004351,35C0C003,Android-MidTier,Passport,Karnataka,1,0,2,190,consent_sign,5.0,0,2026-03-02 01:02:00
S004352,A60DA1AA,Android-MidTier,PAN,Tamil Nadu,1,0,2,157,consent_sign,5.0,0,2026-02-15 23:44:00
S004353,F8E351EA,Android-MidTier,Passport,Tamil Nadu,1,0,2,177,consent_sign,5.0,0,2026-01-07 10:53:00
S004354,F2491816,iOS-HighEnd,Aadhaar,Gujarat,0,0,0,128,consent_sign,3.5,0,2026-01-31 17:18:00
S004355,4398018F,Android-MidTier,Driving License,Karnataka,0,0,0,138,consent_sign,3.5,0,2026-02-11 02:14:00
S004356,E5F95507,iOS-HighEnd,Driving License,Maharashtra,0,0,0,143,consent_sign,3.5,0,2026-01-01 19:36:00
S004357,FC3A156A,iOS-HighEnd,Driving License,Gujarat,0,0,0,141,consent_sign,3.5,0,2026-02-03 16:25:00
S004358,02AA1C76,Android-MidTier,PAN,Delhi,0,1,1,126,liveness_check,3.5,1,2026-01-07 18:15:00
S004359,BB0084FA,iOS-HighEnd,Passport,Maharashtra,0,0,0,137,consent_sign,3.5,0,2026-01-14 17:25:00
S004360,418860B9,Android-MidTier,Driving License,Karnataka,0,0,0,52,doc_upload,0.0,1,2026-01-03 19:08:00
S004361,A845F723,Android-MidTier,Aadhaar,Karnataka,0,0,0,134,consent_sign,3.5,0,2026-01-21 04:00:00
S004362,F0636972,Android-Budget,Passport,West Bengal,1,0,1,214,consent_sign,5.0,0,2026-01-18 05:05:00
S004363,B8FC7513,iOS-HighEnd,PAN,Tamil Nadu,0,0,0,145,consent_sign,3.5,0,2026-02-16 06:27:00
S004364,F216880D,Android-Budget,Aadhaar,Gujarat,0,2,2,194,consent_sign,7.5,0,2026-02-16 07:12:00
S004365,A05095FA,iOS-HighEnd,Passport,Gujarat,0,0,0,143,consent_sign,3.5,0,2026-02-06 01:59:00
S004366,34C6D620,Android-Budget,Driving License,Delhi,0,0,0,123,consent_sign,3.5,0,2026-02-19 01:44:00
S004367,5302E6E2,Android-Budget,Aadhaar,Maharashtra,1,0,1,114,doc_upload,1.5,1,2026-02-14 08:08:00
S004368,A13A9DA2,iOS-HighEnd,Driving License,Maharashtra,0,0,0,164,consent_sign,3.5,0,2026-01-12 18:10:00
S004369,653D171F,iOS-HighEnd,PAN,Delhi,0,0,1,187,consent_sign,3.5,0,2026-01-28 03:36:00
S004370,BAD4F3E0,Android-MidTier,Passport,Maharashtra,0,0,0,87,consent_sign,3.5,1,2026-01-05 16:54:00
S004371,25F93AB9,iOS-HighEnd,Passport,Gujarat,0,0,0,123,consent_sign,3.5,0,2026-02-23 00:06:00
S004372,7EF74FDB,Android-Budget,Aadhaar,Karnataka,1,0,1,163,consent_sign,5.0,0,2026-02-14 20:29:00
S004373,D0CB079F,iOS-HighEnd,Driving License,Delhi,0,0,0,104,consent_sign,3.5,0,2026-02-25 11:45:00
S004374,91D51B06,Android-MidTier,PAN,Tamil Nadu,0,0,0,115,consent_sign,3.5,0,2026-01-24 19:57:00
S004375,2E2F2127,iOS-HighEnd,Passport,Tamil Nadu,0,0,0,138,consent_sign,3.5,0,2026-01-19 05:44:00
S004376,4F66A914,Android-MidTier,Aadhaar,Maharashtra,0,0,0,125,consent_sign,3.5,0,2026-02-09 20:37:00
S004377,D147A0BF,Android-Budget,Driving License,Tamil Nadu,0,0,1,184,consent_sign,3.5,0,2026-02-16 21:09:00
S004378,3016CECC,iOS-HighEnd,Aadhaar,Karnataka,0,0,0,127,consent_sign,3.5,0,2026-02-19 14:18:00
S004379,6D283989,Android-Budget,Passport,Tamil Nadu,1,0,1,173,consent_sign,5.0,0,2026-02-23 13:15:00
S004380,A52680B3,iOS-HighEnd,Passport,Delhi,0,0,0,23,phone_otp,0.0,1,2026-02-21 11:47:00
S004381,B96C2DA0,iOS-HighEnd,Passport,Maharashtra,0,0,0,129,consent_sign,3.5,0,2026-02-17 21:26:00
S004382,C01D1C62,Android-MidTier,Passport,West Bengal,0,0,1,151,consent_sign,3.5,0,2026-01-07 07:21:00
S004383,1987E6D0,iOS-HighEnd,PAN,Gujarat,0,0,0,136,consent_sign,3.5,0,2026-02-06 23:43:00
S004384,1C2B498F,Android-MidTier,Passport,Gujarat,1,0,1,149,consent_sign,5.0,0,2026-02-05 05:30:00
S004385,D49CC547,iOS-HighEnd,Driving License,West Bengal,0,0,0,117,consent_sign,3.5,0,2026-02-28 11:30:00
S004386,21D67C73,iOS-HighEnd,Aadhaar,Tamil Nadu,0,0,0,135,consent_sign,3.5,0,2026-01-04 12:06:00
S004387,44852295,iOS-HighEnd,PAN,Karnataka,0,0,0,139,consent_sign,3.5,0,2026-01-23 01:53:00
S004388,9981D28F,iOS-HighEnd,PAN,Maharashtra,0,0,0,4,registration,0.0,1,2026-01-07 19:45:00
S004389,0267C983,iOS-HighEnd,Driving License,Karnataka,0,0,0,128,consent_sign,3.5,1,2026-02-20 23:19:00
S004390,8AD8C568,Android-Budget,PAN,West Bengal,0,3,3,181,liveness_check,7.5,1,2026-02-26 15:28:00
S004391,DA4BDF2D,Android-Budget,Passport,Delhi,0,0,0,162,consent_sign,3.5,0,2026-01-25 00:44:00
S004392,23A49571,Android-MidTier,Driving License,Delhi,0,1,1,121,liveness_check,3.5,1,2026-01-03 00:16:00
S004393,E473B0B0,iOS-HighEnd,PAN,Maharashtra,1,0,1,108,doc_upload,1.5,1,2026-01-27 07:05:00
S004394,4EB0C866,iOS-HighEnd,Driving License,Gujarat,0,0,0,27,phone_otp,0.0,1,2026-02-09 09:17:00
S004395,3E6A41F1,Android-MidTier,Driving License,Karnataka,0,0,0,141,consent_sign,3.5,0,2026-02-14 20:06:00
S004396,447809C0,iOS-HighEnd,Aadhaar,West Bengal,0,0,0,139,consent_sign,3.5,0,2026-02-25 07:10:00
S004397,056DE195,Android-MidTier,PAN,Maharashtra,1,0,1,153,consent_sign,5.0,0,2026-01-16 13:00:00
S004398,8B6DAA25,Android-MidTier,PAN,Delhi,0,0,1,72,doc_upload,0.0,1,2026-02-20 10:53:00
S004399,E2EED64B,Android-MidTier,Passport,Karnataka,0,1,1,99,liveness_check,3.5,1,2026-02-21 21:21:00
S004400,004F5362,iOS-HighEnd,PAN,Karnataka,0,0,0,103,consent_sign,3.5,1,2026-01-21 14:05:00
S004401,3A0761D9,Android-MidTier,Aadhaar,Tamil Nadu,0,1,1,178,consent_sign,5.5,0,2026-01-13 14:04:00
S004402,5A7284A2,iOS-HighEnd,PAN,West Bengal,0,0,1,149,consent_sign,3.5,0,2026-02-19 01:04:00
S004403,EBF3EF99,iOS-HighEnd,Aadhaar,Gujarat,0,0,0,162,consent_sign,3.5,0,2026-01-04 08:19:00
S004404,AFCFEA4D,Android-MidTier,PAN,Delhi,0,1,1,124,consent_sign,5.5,0,2026-01-18 05:38:00
S004405,E6D037C6,Android-MidTier,PAN,Karnataka,0,0,0,143,consent_sign,3.5,0,2026-02-25 08:25:00
S004406,FDA2F9A0,Android-Budget,PAN,West Bengal,1,0,1,195,consent_sign,5.0,0,2026-02-01 18:58:00
S004407,F4DAFCC8,Android-MidTier,Aadhaar,Delhi,0,0,0,117,consent_sign,3.5,0,2026-02-23 20:30:00
S004408,1387BCDA,Android-MidTier,Aadhaar,Gujarat,0,0,0,167,consent_sign,3.5,0,2026-02-18 07:37:00
S004409,5C494D63,Android-MidTier,PAN,Delhi,0,0,0,142,consent_sign,3.5,0,2026-01-19 04:42:00
S004410,15B5BC25,Android-MidTier,Aadhaar,Tamil Nadu,0,0,0,112,consent_sign,3.5,0,2026-02-13 20:35:00
S004411,26AEAF29,Android-MidTier,Aadhaar,Maharashtra,0,1,1,124,liveness_check,3.5,1,2026-02-26 08:11:00
S004412,55B85720,iOS-HighEnd,PAN,Tamil Nadu,2,0,3,102,doc_upload,3.0,1,2026-02-13 13:44:00
S004413,6CDCD3BE,iOS-HighEnd,Aadhaar,Gujarat,0,1,1,190,consent_sign,5.5,0,2026-01-21 22:30:00
S004414,AFE9C3DC,iOS-HighEnd,Aadhaar,Karnataka,0,0,0,129,consent_sign,3.5,0,2026-01-22 09:05:00
S004415,49793220,iOS-HighEnd,PAN,Karnataka,0,0,1,45,phone_otp,0.0,1,2026-01-28 21:08:00
S004416,45665E79,iOS-HighEnd,Driving License,Gujarat,0,0,0,152,consent_sign,3.5,0,2026-02-14 09:36:00
S004417,5E7E2813,iOS-HighEnd,Aadhaar,Karnataka,0,0,0,143,consent_sign,3.5,0,2026-02-23 18:16:00
S004418,E830257D,iOS-HighEnd,Passport,Delhi,0,0,0,134,consent_sign,3.5,0,2026-01-12 09:18:00
S004419,C9F279A8,Android-Budget,Aadhaar,Gujarat,0,1,1,138,liveness_check,3.5,1,2026-01-07 02:51:00
S004420,FA61726A,Android-Budget,Driving License,Delhi,0,0,0,7,phone_otp,0.0,1,2026-02-01 05:45:00
S004421,2586DCD1,iOS-HighEnd,Passport,Delhi,0,0,0,141,consent_sign,3.5,0,2026-01-13 14:19:00
S004422,725AA10D,iOS-HighEnd,PAN,Delhi,0,0,0,111,consent_sign,3.5,0,2026-01-18 14:47:00
S004423,F9F15E65,iOS-HighEnd,Driving License,Delhi,0,0,0,143,consent_sign,3.5,0,2026-02-22 03:19:00
S004424,1CF85164,Android-Budget,Driving License,Delhi,0,0,0,30,phone_otp,0.0,1,2026-01-08 00:04:00
S004425,BA098484,Android-MidTier,Passport,Delhi,0,0,0,140,consent_sign,3.5,0,2026-02-27 21:19:00
S004426,52B3A0D1,Android-MidTier,Aadhaar,Maharashtra,1,0,1,88,doc_upload,1.5,1,2026-02-26 11:22:00
S004427,C47D336F,Android-Budget,Driving License,Maharashtra,0,1,1,149,consent_sign,5.5,0,2026-02-07 13:42:00
S004428,7E8450D7,Android-MidTier,PAN,Karnataka,0,0,0,127,consent_sign,3.5,0,2026-02-21 16:17:00
S004429,F90C9F84,iOS-HighEnd,Aadhaar,West Bengal,0,0,0,126,consent_sign,3.5,0,2026-01-21 22:38:00
S004430,A2F87DEA,Android-MidTier,PAN,West Bengal,0,0,0,101,consent_sign,3.5,0,2026-02-15 12:08:00
S004431,F1ABF7A0,Android-MidTier,Passport,Karnataka,0,0,0,114,consent_sign,3.5,0,2026-02-20 06:48:00
S004432,62186D10,Android-MidTier,Passport,Maharashtra,0,0,0,129,consent_sign,3.5,0,2026-01-16 02:36:00
S004433,89EB56C1,Android-MidTier,Passport,Karnataka,0,0,0,38,doc_upload,0.0,1,2026-02-17 11:03:00
S004434,894539EC,Android-MidTier,Aadhaar,West Bengal,0,0,0,110,consent_sign,3.5,1,2026-01-08 00:26:00
S004435,1567F88E,Android-Budget,Driving License,West Bengal,0,1,1,107,liveness_check,3.5,1,2026-02-02 13:02:00
S004436,86E5EDF4,Android-Budget,PAN,West Bengal,1,0,1,188,consent_sign,5.0,0,2026-01-11 04:00:00
S004437,CFB0D68D,Android-MidTier,Aadhaar,Delhi,0,0,1,167,consent_sign,3.5,0,2026-01-29 14:07:00
S004438,165607C0,Android-MidTier,Driving License,Karnataka,0,0,0,115,consent_sign,3.5,0,2026-02-02 14:41:00
S004439,340A22D7,Android-Budget,Driving License,West Bengal,0,1,1,151,liveness_check,3.5,1,2026-01-09 18:36:00
S004440,5CC624EF,iOS-HighEnd,Driving License,Maharashtra,0,0,0,145,consent_sign,3.5,0,2026-01-15 10:40:00
S004441,2233212A,iOS-HighEnd,PAN,Maharashtra,0,0,0,146,consent_sign,3.5,0,2026-01-23 11:17:00
S004442,E94F03EC,Android-MidTier,Passport,Delhi,0,0,0,107,consent_sign,3.5,1,2026-02-05 10:07:00
S004443,D96DA200,Android-MidTier,Passport,Tamil Nadu,0,0,0,112,consent_sign,3.5,0,2026-01-01 23:03:00
S004444,23AC64E5,Android-MidTier,Aadhaar,Gujarat,2,0,2,222,consent_sign,6.5,0,2026-01-12 18:41:00
S004445,D5D318CF,iOS-HighEnd,Aadhaar,Tamil Nadu,0,0,0,3,registration,0.0,1,2026-02-11 08:18:00
S004446,EE6C69F7,iOS-HighEnd,Driving License,Karnataka,0,0,0,140,consent_sign,3.5,0,2026-01-22 18:53:00
S004447,35F2E254,Android-MidTier,Passport,Tamil Nadu,0,1,1,148,consent_sign,5.5,0,2026-01-15 04:48:00
S004448,BF3B1681,iOS-HighEnd,Passport,Maharashtra,1,0,1,179,consent_sign,5.0,1,2026-01-10 06:25:00
S004449,B21EAFAB,Android-MidTier,Passport,Delhi,0,0,0,142,consent_sign,3.5,0,2026-02-05 12:36:00
S004450,BBAB3B0E,iOS-HighEnd,PAN,Karnataka,0,1,1,160,consent_sign,5.5,0,2026-01-07 09:15:00
S004451,6CB9B655,Android-MidTier,PAN,Maharashtra,0,1,1,107,consent_sign,5.5,0,2026-01-25 22:30:00
S004452,1B2375D0,iOS-HighEnd,Passport,Tamil Nadu,0,1,1,93,liveness_check,3.5,1,2026-03-01 20:50:00
S004453,7A114E56,Android-MidTier,Aadhaar,West Bengal,0,0,0,122,consent_sign,3.5,0,2026-02-15 05:01:00
S004454,287E09F1,Android-MidTier,PAN,Delhi,0,0,0,137,consent_sign,3.5,0,2026-02-03 10:04:00
S004455,242AC30F,iOS-HighEnd,Passport,Karnataka,0,0,1,164,consent_sign,3.5,0,2026-01-06 06:02:00
S004456,0331BD0D,iOS-HighEnd,Aadhaar,Gujarat,0,0,0,143,consent_sign,3.5,0,2026-02-03 08:31:00
S004457,6A9F687A,Android-Budget,Aadhaar,Tamil Nadu,0,0,0,37,doc_upload,0.0,1,2026-02-18 12:00:00
S004458,78428071,iOS-HighEnd,PAN,Gujarat,0,1,1,190,consent_sign,5.5,0,2026-03-01 01:44:00
S004459,8706F724,Android-MidTier,Aadhaar,Gujarat,0,1,1,98,liveness_check,3.5,1,2026-02-02 16:28:00
S004460,785E02EE,iOS-HighEnd,Passport,Maharashtra,1,0,1,91,doc_upload,1.5,1,2026-02-23 23:44:00
S004461,71A84189,Android-Budget,Passport,Delhi,3,1,4,283,consent_sign,8.5,0,2026-01-25 19:15:00
S004462,0361B157,iOS-HighEnd,PAN,West Bengal,0,1,1,121,liveness_check,3.5,1,2026-02-11 06:13:00
S004463,0F5C365A,iOS-HighEnd,Aadhaar,West Bengal,0,0,0,1,registration,0.0,1,2026-01-15 11:45:00
S004464,9AAB1EFB,Android-Budget,Aadhaar,Karnataka,1,0,1,148,consent_sign,5.0,0,2026-01-12 00:46:00
S004465,290C9E51,Android-MidTier,Driving License,Gujarat,0,0,0,15,phone_otp,0.0,1,2026-02-22 08:10:00
S004466,6C726915,Android-MidTier,Driving License,Gujarat,0,0,0,143,consent_sign,3.5,0,2026-02-05 10:17:00
S004467,744CC6AE,Android-MidTier,Driving License,Karnataka,0,0,0,118,consent_sign,3.5,0,2026-01-17 17:03:00
S004468,420FD9A8,iOS-HighEnd,Passport,Tamil Nadu,0,0,0,137,consent_sign,3.5,0,2026-02-17 08:40:00
S004469,4E583DDE,Android-MidTier,PAN,West Bengal,0,0,0,41,doc_upload,0.0,1,2026-01-31 22:33:00
S004470,EE7385D8,Android-MidTier,PAN,Maharashtra,0,1,1,157,consent_sign,5.5,0,2026-01-17 22:39:00
S004471,178926F3,iOS-HighEnd,Aadhaar,Delhi,0,0,0,118,consent_sign,3.5,0,2026-02-02 13:08:00
S004472,F37985DF,Android-Budget,PAN,Delhi,0,1,1,145,liveness_check,3.5,1,2026-02-08 11:58:00
S004473,6680C5E3,iOS-HighEnd,Driving License,Delhi,0,0,0,127,consent_sign,3.5,0,2026-01-17 14:19:00
S004474,646D2E33,Android-MidTier,Driving License,Delhi,0,1,1,163,consent_sign,5.5,0,2026-01-14 23:51:00
S004475,F9DA4F55,iOS-HighEnd,PAN,Delhi,0,0,1,179,consent_sign,3.5,0,2026-01-24 18:10:00
S004476,13C3FC1B,iOS-HighEnd,Driving License,Karnataka,0,0,0,139,consent_sign,3.5,0,2026-02-05 18:02:00
S004477,7A37F3D6,Android-MidTier,Driving License,West Bengal,2,0,2,225,consent_sign,6.5,0,2026-01-09 20:10:00
S004478,67B4A019,iOS-HighEnd,Driving License,Tamil Nadu,0,0,0,150,consent_sign,3.5,0,2026-01-19 18:33:00
S004479,0DFEF633,iOS-HighEnd,PAN,Tamil Nadu,0,0,1,132,consent_sign,3.5,0,2026-02-27 22:26:00
S004480,6C99CE56,Android-Budget,Aadhaar,Gujarat,1,0,1,163,consent_sign,5.0,0,2026-01-19 03:31:00
S004481,1AB9F662,Android-Budget,Passport,Delhi,0,0,0,114,consent_sign,3.5,0,2026-01-22 09:21:00
S004482,C75F41DC,iOS-HighEnd,Aadhaar,Maharashtra,0,0,0,3,registration,0.0,1,2026-01-24 00:49:00
S004483,3D51D528,iOS-HighEnd,PAN,West Bengal,0,1,1,126,consent_sign,5.5,0,2026-01-12 21:40:00
S004484,1B4142AA,Android-MidTier,PAN,Karnataka,0,0,0,134,consent_sign,3.5,0,2026-01-04 08:17:00
S004485,02CF63A8,Android-MidTier,Driving License,Maharashtra,0,0,0,142,consent_sign,3.5,0,2026-02-03 05:55:00
S004486,300FFA68,iOS-HighEnd,Driving License,Karnataka,0,0,0,153,consent_sign,3.5,0,2026-01-06 05:38:00
S004487,EDE02D33,Android-Budget,Aadhaar,Tamil Nadu,0,0,1,149,consent_sign,3.5,0,2026-02-04 09:13:00
S004488,15C52392,Android-Budget,Aadhaar,Tamil Nadu,0,1,1,100,liveness_check,3.5,1,2026-02-21 14:50:00
S004489,0B7CE5C6,Android-MidTier,PAN,Tamil Nadu,0,1,1,183,consent_sign,5.5,0,2026-01-08 07:12:00
S004490,7BDAC670,iOS-HighEnd,Aadhaar,Gujarat,0,2,4,199,consent_sign,7.5,0,2026-01-19 13:51:00
S004491,17DCABF5,iOS-HighEnd,Aadhaar,West Bengal,0,0,1,153,consent_sign,3.5,0,2026-01-11 01:46:00
S004492,FB04C6B1,iOS-HighEnd,Passport,West Bengal,0,0,0,181,consent_sign,3.5,0,2026-02-11 01:55:00
S004493,F56FEBB1,Android-MidTier,Passport,Maharashtra,0,0,0,27,phone_otp,0.0,1,2026-02-15 03:21:00
S004494,50814407,Android-MidTier,Passport,Tamil Nadu,0,0,0,139,consent_sign,3.5,0,2026-01-14 14:50:00
S004495,5B182716,Android-MidTier,Passport,Maharashtra,0,0,0,102,consent_sign,3.5,0,2026-02-23 14:17:00
S004496,ACB83FCE,Android-Budget,Passport,Maharashtra,0,2,2,180,consent_sign,7.5,0,2026-01-06 09:30:00
S004497,E581C1BC,Android-MidTier,Driving License,Gujarat,1,0,1,178,consent_sign,5.0,1,2026-01-18 02:43:00
S004498,808EADF2,iOS-HighEnd,Passport,Delhi,0,0,0,110,consent_sign,3.5,0,2026-02-08 18:48:00
S004499,06103D84,Android-Budget,Aadhaar,Karnataka,1,0,1,194,consent_sign,5.0,0,2026-01-18 13:05:00
S004500,7A199807,Android-MidTier,PAN,Delhi,1,1,2,216,liveness_check,5.0,1,2026-01-15 22:33:00
S004501,099396FF,Android-Budget,Aadhaar,Tamil Nadu,0,0,0,46,doc_upload,0.0,1,2026-01-13 16:40:00
S004502,AEB00FB9,Android-Budget,Aadhaar,Karnataka,0,0,0,150,consent_sign,3.5,0,2026-01-20 19:15:00
S004503,A03E7003,Android-MidTier,Driving License,Gujarat,1,1,2,194,consent_sign,7.0,0,2026-01-01 16:42:00
S004504,3B482D28,Android-Budget,Driving License,West Bengal,0,0,0,30,phone_otp,0.0,1,2026-01-20 15:36:00
S004505,AE742530,iOS-HighEnd,PAN,Maharashtra,0,0,1,129,consent_sign,3.5,0,2026-02-11 01:23:00
S004506,B7F330AD,iOS-HighEnd,PAN,West Bengal,0,0,1,121,consent_sign,3.5,0,2026-01-30 02:19:00
S004507,806A29AD,Android-Budget,Aadhaar,Maharashtra,1,0,1,135,consent_sign,5.0,0,2026-01-25 08:45:00
S004508,9BD65068,iOS-HighEnd,PAN,Delhi,0,0,0,146,consent_sign,3.5,0,2026-01-06 20:28:00
S004509,C4C557D8,Android-MidTier,PAN,Tamil Nadu,0,0,0,133,consent_sign,3.5,0,2026-01-03 14:25:00
S004510,21962A11,Android-MidTier,Driving License,West Bengal,0,1,1,113,liveness_check,3.5,1,2026-01-28 12:52:00
S004511,9F9BC7BD,iOS-HighEnd,Passport,Tamil Nadu,0,0,0,131,consent_sign,3.5,0,2026-02-07 10:20:00
S004512,0A3E4918,Android-Budget,Driving License,Tamil Nadu,0,1,3,142,liveness_check,3.5,1,2026-01-06 04:44:00
S004513,AED0CBCF,iOS-HighEnd,PAN,West Bengal,0,1,1,157,consent_sign,5.5,0,2026-02-06 11:45:00
S004514,FF3C03A6,Android-MidTier,Passport,Maharashtra,0,0,0,113,consent_sign,3.5,0,2026-01-07 15:40:00
S004515,F540838E,iOS-HighEnd,Driving License,Delhi,0,0,0,96,consent_sign,3.5,0,2026-02-18 16:12:00
S004516,FE914B95,iOS-HighEnd,PAN,Maharashtra,0,0,0,136,consent_sign,3.5,0,2026-02-15 02:57:00
S004517,03D33907,iOS-HighEnd,Driving License,Maharashtra,0,0,0,80,consent_sign,3.5,0,2026-02-02 12:59:00
S004518,4F3E2A2C,iOS-HighEnd,Driving License,West Bengal,0,0,0,124,consent_sign,3.5,0,2026-01-03 14:02:00
S004519,CC214B4E,iOS-HighEnd,Passport,Karnataka,1,0,1,185,consent_sign,5.0,0,2026-01-21 12:16:00
S004520,7FB8B6C6,Android-MidTier,Driving License,West Bengal,0,0,0,31,phone_otp,0.0,1,2026-01-10 04:28:00
S004521,2B729D66,Android-Budget,Passport,Maharashtra,1,3,4,204,liveness_check,9.0,1,2026-01-16 04:09:00
S004522,11730DF2,Android-Budget,Passport,Gujarat,0,0,0,112,consent_sign,3.5,0,2026-02-13 18:33:00
S004523,5A765B48,iOS-HighEnd,PAN,Delhi,0,0,0,95,consent_sign,3.5,0,2026-01-09 18:40:00
S004524,B5ED7CE8,Android-Budget,Driving License,West Bengal,0,3,3,172,liveness_check,7.5,1,2026-01-11 09:37:00
S004525,FC73E358,Android-MidTier,Aadhaar,Gujarat,1,0,1,175,consent_sign,5.0,0,2026-02-16 01:05:00
S004526,C35D8F64,iOS-HighEnd,Aadhaar,Delhi,0,0,0,134,consent_sign,3.5,0,2026-01-04 08:27:00
S004527,EC95CCF1,Android-MidTier,Passport,Delhi,1,1,3,214,consent_sign,7.0,0,2026-01-20 14:23:00
S004528,F8C01007,Android-Budget,Passport,Delhi,0,1,1,103,liveness_check,3.5,1,2026-01-10 03:26:00
S004529,5D0C8205,Android-MidTier,Passport,Delhi,0,0,0,104,consent_sign,3.5,0,2026-02-05 23:04:00
S004530,68B666D6,Android-Budget,Passport,Karnataka,0,0,0,132,consent_sign,3.5,0,2026-01-15 02:11:00
S004531,AE3ACDF2,Android-MidTier,Aadhaar,Delhi,1,0,2,107,doc_upload,1.5,1,2026-02-01 02:13:00
S004532,8331D711,Android-Budget,Driving License,Maharashtra,1,0,1,176,consent_sign,5.0,0,2026-01-22 16:22:00
S004533,504B10C8,Android-MidTier,PAN,Maharashtra,0,0,0,143,consent_sign,3.5,0,2026-01-11 02:18:00
S004534,69C718EE,Android-MidTier,Aadhaar,Karnataka,0,1,1,142,liveness_check,3.5,1,2026-01-12 23:55:00
S004535,E09DD9E8,Android-MidTier,Driving License,West Bengal,0,0,0,129,consent_sign,3.5,0,2026-01-27 20:39:00
S004536,0AECC94D,iOS-HighEnd,Aadhaar,Tamil Nadu,0,0,0,113,consent_sign,3.5,0,2026-01-06 22:41:00
S004537,0E9B65BB,Android-Budget,Passport,Maharashtra,1,0,1,169,consent_sign,5.0,0,2026-02-10 15:58:00
S004538,B32281F3,iOS-HighEnd,Aadhaar,Karnataka,0,0,0,77,liveness_check,1.5,1,2026-02-04 12:44:00
S004539,279163F4,Android-MidTier,Aadhaar,Tamil Nadu,0,0,0,119,consent_sign,3.5,0,2026-01-05 03:33:00
S004540,6035D9AF,Android-Budget,Driving License,West Bengal,1,0,1,85,doc_upload,1.5,1,2026-01-20 18:51:00
S004541,DA948CDF,Android-MidTier,PAN,Maharashtra,0,0,0,126,consent_sign,3.5,0,2026-01-08 13:33:00
S004542,DFC8E060,iOS-HighEnd,PAN,Gujarat,0,0,0,112,consent_sign,3.5,0,2026-02-16 21:54:00
S004543,5953FF90,Android-Budget,Passport,Tamil Nadu,0,3,4,220,liveness_check,7.5,1,2026-01-26 23:09:00
S004544,88FD5890,iOS-HighEnd,PAN,Gujarat,0,0,0,119,consent_sign,3.5,0,2026-02-24 05:06:00
S004545,1BEF39F1,Android-MidTier,Aadhaar,Gujarat,0,0,0,139,consent_sign,3.5,0,2026-02-26 18:49:00
S004546,1BBCB748,iOS-HighEnd,PAN,West Bengal,0,0,0,107,consent_sign,3.5,0,2026-01-02 16:27:00
S004547,659E2DEB,iOS-HighEnd,Aadhaar,West Bengal,0,0,0,143,consent_sign,3.5,0,2026-02-17 07:43:00
S004548,66CA0BAF,Android-Budget,Aadhaar,West Bengal,2,0,2,128,doc_upload,3.0,1,2026-02-01 23:23:00
S004549,57A911B3,iOS-HighEnd,Passport,Delhi,0,0,0,1,registration,0.0,1,2026-02-16 01:40:00
S004550,366F4268,Android-MidTier,Driving License,West Bengal,0,0,0,2,registration,0.0,1,2026-01-24 14:45:00
S004551,1D447F41,Android-Budget,Aadhaar,West Bengal,0,0,0,146,consent_sign,3.5,0,2026-01-19 10:52:00
S004552,8B8A7166,Android-Budget,Driving License,Maharashtra,0,0,0,37,phone_otp,0.0,1,2026-01-16 20:42:00
S004553,2540647B,iOS-HighEnd,Aadhaar,Karnataka,0,0,0,122,consent_sign,3.5,0,2026-01-31 00:05:00
S004554,9175FC63,Android-MidTier,Driving License,Delhi,0,0,1,136,consent_sign,3.5,0,2026-01-29 09:31:00
S004555,C632554B,Android-MidTier,PAN,Delhi,0,0,0,2,registration,0.0,1,2026-01-12 12:58:00
S004556,CEFC0E85,Android-Budget,PAN,Maharashtra,1,0,1,166,consent_sign,5.0,0,2026-01-11 10:24:00
S004557,FA82F65D,Android-MidTier,PAN,West Bengal,1,0,1,221,consent_sign,5.0,0,2026-02-09 16:55:00
S004558,362465C1,iOS-HighEnd,Passport,Karnataka,0,0,0,142,consent_sign,3.5,0,2026-01-29 22:44:00
S004559,C234AF07,Android-MidTier,Passport,Karnataka,0,1,2,227,consent_sign,5.5,0,2026-01-29 22:41:00
S004560,4087BE6A,iOS-HighEnd,Driving License,Maharashtra,0,0,0,64,doc_upload,0.0,1,2026-01-22 18:53:00
S004561,2448EF43,Android-Budget,Aadhaar,Gujarat,0,0,0,120,consent_sign,3.5,0,2026-02-10 10:08:00
S004562,14EAE37C,Android-MidTier,Driving License,Karnataka,0,0,0,126,consent_sign,3.5,0,2026-02-06 02:29:00
S004563,73905263,Android-Budget,Aadhaar,Karnataka,1,3,4,235,liveness_check,9.0,1,2026-01-22 21:13:00
S004564,36CF9429,Android-MidTier,Driving License,Tamil Nadu,0,1,1,152,consent_sign,5.5,0,2026-01-18 07:10:00
S004565,2F1FC132,iOS-HighEnd,Aadhaar,Karnataka,0,2,2,231,consent_sign,7.5,0,2026-02-11 09:09:00
S004566,E51BDFFF,Android-MidTier,Aadhaar,West Bengal,0,0,0,122,consent_sign,3.5,0,2026-02-13 08:43:00
S004567,F69F239B,iOS-HighEnd,Aadhaar,Karnataka,0,0,0,171,consent_sign,3.5,0,2026-02-27 15:05:00
S004568,32D7CC22,iOS-HighEnd,Passport,Karnataka,0,0,0,118,consent_sign,3.5,0,2026-01-22 02:53:00
S004569,7B4BCAF8,Android-MidTier,Passport,Delhi,0,1,1,140,consent_sign,5.5,0,2026-01-20 00:03:00
S004570,C8AAE0C8,iOS-HighEnd,Aadhaar,Tamil Nadu,0,1,1,140,liveness_check,3.5,1,2026-01-02 10:26:00
S004571,6FD1134E,Android-MidTier,Aadhaar,West Bengal,0,0,1,156,consent_sign,3.5,0,2026-01-26 09:49:00
S004572,92004957,iOS-HighEnd,Passport,Tamil Nadu,2,0,2,208,consent_sign,6.5,0,2026-01-14 15:53:00
S004573,8F97B21D,Android-MidTier,PAN,Delhi,0,0,0,104,consent_sign,3.5,0,2026-02-04 00:05:00
S004574,32D4D3A5,iOS-HighEnd,Passport,Delhi,0,0,0,123,consent_sign,3.5,0,2026-02-07 14:03:00
S004575,9417E0F5,Android-MidTier,Passport,Gujarat,0,0,0,102,consent_sign,3.5,0,2026-02-09 09:03:00
S004576,AA000756,iOS-HighEnd,Driving License,West Bengal,0,0,0,135,consent_sign,3.5,0,2026-01-01 18:48:00
S004577,BBFECB11,iOS-HighEnd,Driving License,Tamil Nadu,0,0,0,145,consent_sign,3.5,0,2026-01-06 15:28:00
S004578,BBAE2FBD,Android-MidTier,Aadhaar,Gujarat,0,0,1,161,consent_sign,3.5,0,2026-01-08 03:58:00
S004579,E58118D1,Android-MidTier,Aadhaar,Delhi,0,0,0,129,consent_sign,3.5,0,2026-01-11 10:04:00
S004580,7FDBABC1,Android-MidTier,Driving License,Tamil Nadu,0,0,1,50,phone_otp,0.0,1,2026-02-02 02:39:00
S004581,CAC19D2E,iOS-HighEnd,Aadhaar,Gujarat,0,0,0,120,consent_sign,3.5,0,2026-01-09 04:58:00
S004582,43470982,iOS-HighEnd,Driving License,Karnataka,0,0,1,165,consent_sign,3.5,0,2026-01-28 15:27:00
S004583,FCFD348C,Android-MidTier,Driving License,Gujarat,0,1,1,130,consent_sign,5.5,0,2026-01-31 00:00:00
S004584,DB75DADA,Android-MidTier,Aadhaar,Karnataka,0,0,0,139,consent_sign,3.5,0,2026-01-07 21:35:00
S004585,A3900655,Android-Budget,PAN,Karnataka,0,1,1,142,consent_sign,5.5,0,2026-01-30 07:33:00
S004586,09572517,Android-MidTier,PAN,Gujarat,2,0,2,218,consent_sign,6.5,1,2026-01-13 13:29:00
S004587,300A491A,Android-Budget,Driving License,Maharashtra,0,0,0,123,consent_sign,3.5,0,2026-01-30 06:57:00
S004588,C63E0E47,Android-MidTier,Driving License,Tamil Nadu,0,0,0,4,registration,0.0,1,2026-01-26 00:29:00
S004589,3754C5EC,Android-MidTier,PAN,Gujarat,0,1,1,94,liveness_check,3.5,1,2026-01-02 00:33:00
S004590,30EFCBD3,iOS-HighEnd,PAN,Gujarat,0,0,0,115,consent_sign,3.5,0,2026-02-10 00:09:00
S004591,F481B9CB,Android-MidTier,Driving License,Gujarat,0,0,0,147,consent_sign,3.5,0,2026-01-16 19:39:00
S004592,5D21A235,Android-Budget,PAN,Karnataka,3,0,3,177,doc_upload,4.5,1,2026-02-16 10:10:00
S004593,4E954929,iOS-HighEnd,Passport,West Bengal,0,0,0,3,registration,0.0,1,2026-01-24 05:58:00
S004594,1FEF4FB0,Android-MidTier,PAN,Delhi,0,0,0,3,registration,0.0,1,2026-02-08 01:54:00
S004595,FFC19EF6,Android-MidTier,Passport,Maharashtra,0,0,0,131,consent_sign,3.5,0,2026-03-01 09:44:00
S004596,5A0AE917,Android-MidTier,PAN,Tamil Nadu,1,0,1,165,consent_sign,5.0,0,2026-01-21 10:14:00
S004597,6D0473E7,Android-Budget,Aadhaar,West Bengal,0,1,1,168,liveness_check,3.5,1,2026-02-15 21:36:00
S004598,55F8BBB8,Android-MidTier,Aadhaar,Tamil Nadu,0,0,0,136,consent_sign,3.5,0,2026-02-16 11:20:00
S004599,75757602,Android-Budget,Driving License,Tamil Nadu,0,3,3,196,liveness_check,7.5,1,2026-02-04 20:26:00
S004600,8D814215,Android-MidTier,Passport,Maharashtra,0,0,0,150,consent_sign,3.5,0,2026-02-05 17:31:00
S004601,6F959489,iOS-HighEnd,Aadhaar,Gujarat,0,0,0,164,consent_sign,3.5,1,2026-02-14 07:23:00
S004602,A8DBE9A1,Android-Budget,Passport,Gujarat,0,0,1,51,phone_otp,0.0,1,2026-02-10 02:42:00
S004603,A254DA12,iOS-HighEnd,Aadhaar,West Bengal,0,0,0,97,consent_sign,3.5,0,2026-01-31 00:28:00
S004604,F01A5097,iOS-HighEnd,Passport,West Bengal,0,0,0,134,consent_sign,3.5,0,2026-01-14 09:42:00
S004605,1966D047,Android-MidTier,Driving License,West Bengal,0,0,0,36,phone_otp,0.0,1,2026-01-08 15:22:00
S004606,D655005D,Android-Budget,Aadhaar,Maharashtra,0,0,1,166,consent_sign,3.5,0,2026-02-04 17:39:00
S004607,043486C3,Android-Budget,Driving License,Maharashtra,0,0,1,158,consent_sign,3.5,0,2026-02-09 06:40:00
S004608,1A8A76F3,iOS-HighEnd,Aadhaar,Delhi,0,0,0,158,consent_sign,3.5,0,2026-02-01 05:20:00
S004609,9FB30A4D,Android-MidTier,PAN,Maharashtra,0,1,1,119,liveness_check,3.5,1,2026-01-31 04:14:00
S004610,A22EB45B,Android-Budget,PAN,Gujarat,0,3,3,163,liveness_check,7.5,1,2026-01-22 17:09:00
S004611,CE4D89F3,Android-MidTier,Aadhaar,Karnataka,0,0,0,138,consent_sign,3.5,0,2026-01-26 03:14:00
S004612,DA095B0C,Android-MidTier,Passport,Karnataka,0,1,1,145,consent_sign,5.5,0,2026-01-30 09:36:00
S004613,C6E19FD7,Android-MidTier,PAN,Karnataka,0,0,0,142,consent_sign,3.5,0,2026-02-06 00:25:00
S004614,1D4FF1C8,iOS-HighEnd,PAN,Maharashtra,0,0,0,150,consent_sign,3.5,0,2026-02-27 13:16:00
S004615,F35757C5,iOS-HighEnd,PAN,West Bengal,0,0,0,112,consent_sign,3.5,0,2026-02-16 21:40:00
S004616,CB33478A,iOS-HighEnd,PAN,West Bengal,1,0,1,221,consent_sign,5.0,0,2026-01-04 01:27:00
S004617,E8724434,Android-MidTier,Aadhaar,Karnataka,0,0,0,2,registration,0.0,1,2026-02-08 19:32:00
S004618,C8DDD9BB,Android-Budget,Driving License,West Bengal,1,0,1,161,consent_sign,5.0,0,2026-02-21 11:27:00
S004619,F08ABA21,iOS-HighEnd,Aadhaar,Delhi,0,0,0,157,consent_sign,3.5,0,2026-02-03 22:39:00
S004620,81EF8162,Android-MidTier,Passport,Delhi,0,0,0,108,consent_sign,3.5,0,2026-01-17 13:41:00
S004621,A89F5F9D,Android-MidTier,PAN,West Bengal,0,0,1,127,consent_sign,3.5,0,2026-02-23 11:15:00
S004622,E71594FF,iOS-HighEnd,Aadhaar,Delhi,0,0,0,152,consent_sign,3.5,0,2026-01-04 16:46:00
S004623,AC5D7133,iOS-HighEnd,Passport,Gujarat,0,0,0,146,consent_sign,3.5,0,2026-02-05 23:33:00
S004624,E8B81813,iOS-HighEnd,PAN,Tamil Nadu,0,0,0,140,consent_sign,3.5,0,2026-01-30 20:34:00
S004625,06B81C8A,iOS-HighEnd,Aadhaar,Tamil Nadu,0,0,0,132,consent_sign,3.5,0,2026-01-07 17:42:00
S004626,D73CAD84,iOS-HighEnd,Aadhaar,Gujarat,1,0,1,84,doc_upload,1.5,1,2026-02-23 14:37:00
S004627,BDC242A8,Android-MidTier,PAN,Karnataka,1,0,1,176,consent_sign,5.0,0,2026-01-02 14:58:00
S004628,2BA009EC,iOS-HighEnd,Aadhaar,Gujarat,0,0,0,120,consent_sign,3.5,0,2026-02-03 07:17:00
S004629,6E15C527,iOS-HighEnd,Aadhaar,Tamil Nadu,0,0,1,141,consent_sign,3.5,0,2026-01-07 08:52:00
S004630,64305373,iOS-HighEnd,PAN,West Bengal,1,0,2,181,consent_sign,5.0,1,2026-02-13 16:46:00
S004631,64B078A7,Android-MidTier,Passport,Maharashtra,0,0,0,134,consent_sign,3.5,0,2026-02-01 02:17:00
S004632,EE93A4D0,Android-MidTier,PAN,West Bengal,0,0,0,139,consent_sign,3.5,1,2026-02-13 02:34:00
S004633,F07BF9BB,Android-MidTier,Aadhaar,West Bengal,0,0,0,3,registration,0.0,1,2026-02-05 22:38:00
S004634,BA65983D,Android-MidTier,Passport,Karnataka,0,0,0,134,consent_sign,3.5,0,2026-02-17 17:32:00
S004635,5170A2EF,iOS-HighEnd,Passport,Tamil Nadu,1,0,1,194,consent_sign,5.0,0,2026-02-17 03:35:00
S004636,3B20D154,iOS-HighEnd,Aadhaar,Delhi,1,0,1,146,consent_sign,5.0,0,2026-01-08 13:50:00
S004637,20572E73,Android-MidTier,PAN,Maharashtra,0,0,0,123,consent_sign,3.5,0,2026-01-10 17:32:00
S004638,93B1EE1D,iOS-HighEnd,Driving License,West Bengal,0,0,0,158,consent_sign,3.5,0,2026-02-04 02:44:00
S004639,C31DB215,iOS-HighEnd,Driving License,Maharashtra,0,0,0,125,consent_sign,3.5,0,2026-01-31 15:11:00
S004640,D65BC676,iOS-HighEnd,Aadhaar,Tamil Nadu,0,0,0,132,consent_sign,3.5,0,2026-02-24 22:53:00
S004641,52891C31,Android-MidTier,Driving License,Karnataka,0,0,0,127,consent_sign,3.5,0,2026-01-21 07:20:00
S004642,06905BA5,Android-Budget,Aadhaar,Karnataka,0,1,1,151,consent_sign,5.5,0,2026-02-07 23:40:00
S004643,C520D50F,Android-Budget,Passport,Maharashtra,0,0,1,102,liveness_check,1.5,1,2026-02-15 22:26:00
S004644,9E3BC735,Android-MidTier,Driving License,West Bengal,0,0,0,149,consent_sign,3.5,0,2026-02-08 08:33:00
S004645,F8EF32EE,iOS-HighEnd,Aadhaar,West Bengal,0,0,0,131,consent_sign,3.5,0,2026-02-15 06:57:00
S004646,067965AB,iOS-HighEnd,PAN,Gujarat,0,0,1,60,phone_otp,0.0,1,2026-01-22 16:19:00
S004647,FBC1085B,iOS-HighEnd,Passport,West Bengal,0,0,0,132,consent_sign,3.5,0,2026-01-08 18:33:00
S004648,C7101F3D,Android-MidTier,PAN,West Bengal,0,0,0,110,consent_sign,3.5,0,2026-01-17 12:56:00
S004649,A70BBA9C,Android-MidTier,Passport,Gujarat,0,0,1,173,consent_sign,3.5,0,2026-01-02 09:08:00
S004650,319EC58B,Android-MidTier,PAN,West Bengal,0,0,0,130,consent_sign,3.5,0,2026-01-27 05:00:00
S004651,B9EF9FA8,Android-MidTier,Aadhaar,West Bengal,0,0,0,93,consent_sign,3.5,0,2026-01-28 07:12:00
S004652,60CB9E17,iOS-HighEnd,PAN,Maharashtra,0,0,0,127,consent_sign,3.5,0,2026-01-17 08:02:00
S004653,0D3F69ED,Android-MidTier,Driving License,West Bengal,0,0,0,2,registration,0.0,1,2026-01-25 19:48:00
S004654,24CE1460,Android-MidTier,Aadhaar,Karnataka,1,0,1,175,consent_sign,5.0,0,2026-02-28 16:02:00
S004655,FC1BB61A,Android-MidTier,Passport,Delhi,0,0,0,124,consent_sign,3.5,0,2026-02-21 08:08:00
S004656,1C66021E,Android-MidTier,Passport,West Bengal,1,3,4,234,liveness_check,9.0,1,2026-01-28 14:55:00
S004657,1F683D6F,iOS-HighEnd,PAN,Karnataka,0,0,0,125,consent_sign,3.5,0,2026-01-13 18:10:00
S004658,4312153D,iOS-HighEnd,Aadhaar,Karnataka,0,0,0,114,consent_sign,3.5,0,2026-01-15 17:19:00
S004659,13CF44FE,Android-MidTier,Aadhaar,Karnataka,0,0,0,129,consent_sign,3.5,0,2026-01-30 04:22:00
S004660,E9A7F5E0,Android-Budget,PAN,West Bengal,0,0,0,101,consent_sign,3.5,0,2026-02-01 05:33:00
S004661,19C59F2D,Android-MidTier,Passport,West Bengal,0,0,0,119,consent_sign,3.5,0,2026-01-09 09:59:00
S004662,69EB337C,Android-MidTier,Aadhaar,Tamil Nadu,0,0,1,141,consent_sign,3.5,0,2026-02-19 05:48:00
S004663,A02CBED2,iOS-HighEnd,Aadhaar,West Bengal,0,0,0,39,phone_otp,0.0,1,2026-01-06 01:15:00
S004664,6B7F0864,iOS-HighEnd,PAN,Maharashtra,0,0,0,159,consent_sign,3.5,0,2026-02-21 06:58:00
S004665,A2307350,iOS-HighEnd,Passport,Karnataka,0,0,0,126,consent_sign,3.5,0,2026-02-09 18:46:00
S004666,293E16B3,iOS-HighEnd,Passport,Tamil Nadu,0,0,0,142,consent_sign,3.5,0,2026-02-04 19:21:00
S004667,E754D4C3,iOS-HighEnd,Passport,Delhi,0,0,0,20,phone_otp,0.0,1,2026-02-26 10:38:00
S004668,A197339C,Android-Budget,Passport,Karnataka,1,0,1,94,doc_upload,1.5,1,2026-01-13 05:18:00
S004669,1E014975,Android-Budget,Driving License,Gujarat,0,0,0,133,consent_sign,3.5,0,2026-02-06 09:09:00
S004670,58C6D166,Android-MidTier,Passport,Delhi,0,0,0,1,registration,0.0,1,2026-01-14 03:58:00
S004671,999921EC,Android-MidTier,Driving License,Maharashtra,1,0,1,185,consent_sign,5.0,0,2026-01-14 05:09:00
S004672,85915036,Android-MidTier,Aadhaar,Tamil Nadu,0,0,0,3,registration,0.0,1,2026-02-27 00:46:00
S004673,1F20C257,Android-MidTier,PAN,West Bengal,0,0,0,138,consent_sign,3.5,0,2026-03-01 00:46:00
S004674,89344B06,Android-MidTier,Aadhaar,Karnataka,0,0,1,153,consent_sign,3.5,0,2026-01-14 14:01:00
S004675,C2CE56BD,Android-MidTier,PAN,Karnataka,0,0,0,132,consent_sign,3.5,0,2026-02-16 17:51:00
S004676,5D697934,Android-MidTier,Aadhaar,Karnataka,0,0,0,124,consent_sign,3.5,0,2026-02-17 23:48:00
S004677,078D27E5,iOS-HighEnd,Passport,Maharashtra,0,0,0,156,consent_sign,3.5,0,2026-01-23 12:21:00
S004678,155C8139,iOS-HighEnd,Aadhaar,Gujarat,0,1,1,152,consent_sign,5.5,0,2026-01-14 02:04:00
S004679,2067902B,Android-MidTier,Passport,Karnataka,0,0,0,146,consent_sign,3.5,0,2026-01-28 02:04:00
S004680,33013B08,Android-Budget,Driving License,West Bengal,1,0,1,157,consent_sign,5.0,0,2026-02-24 21:58:00
S004681,B544F70C,Android-Budget,PAN,Gujarat,0,1,1,160,liveness_check,3.5,1,2026-02-20 01:28:00
S004682,77902DDF,iOS-HighEnd,Passport,Tamil Nadu,0,0,0,129,consent_sign,3.5,0,2026-02-16 04:53:00
S004683,6FA1C232,Android-Budget,Aadhaar,Maharashtra,0,1,1,119,liveness_check,3.5,1,2026-01-21 14:14:00
S004684,EC1F0155,Android-MidTier,Passport,Delhi,0,0,0,91,consent_sign,3.5,0,2026-02-27 15:18:00
S004685,32A807CC,iOS-HighEnd,PAN,West Bengal,0,0,0,133,consent_sign,3.5,0,2026-02-16 05:57:00
S004686,B7A745E2,Android-MidTier,Passport,Tamil Nadu,0,0,0,39,doc_upload,0.0,1,2026-02-08 20:49:00
S004687,1A574CEE,iOS-HighEnd,Driving License,Delhi,0,0,0,131,consent_sign,3.5,0,2026-01-23 12:11:00
S004688,966B91E7,iOS-HighEnd,Passport,Gujarat,0,0,0,128,consent_sign,3.5,0,2026-01-18 01:14:00
S004689,34B16488,Android-Budget,PAN,Tamil Nadu,1,1,2,150,consent_sign,7.0,0,2026-02-18 06:50:00
S004690,6EF7FFC3,iOS-HighEnd,Passport,Karnataka,0,0,0,157,consent_sign,3.5,0,2026-01-05 10:34:00
S004691,98A91187,Android-MidTier,Passport,Gujarat,0,0,1,57,phone_otp,0.0,1,2026-02-03 07:59:00
S004692,5199839C,Android-MidTier,Driving License,Delhi,0,0,0,111,consent_sign,3.5,0,2026-01-29 17:01:00
S004693,620F4AF4,iOS-HighEnd,Driving License,Karnataka,0,0,0,145,consent_sign,3.5,0,2026-01-19 21:01:00
S004694,5A58ABBA,Android-MidTier,Driving License,Tamil Nadu,2,1,3,277,consent_sign,8.5,0,2026-01-21 16:42:00
S004695,D1C06099,Android-MidTier,Driving License,Tamil Nadu,0,1,1,217,consent_sign,5.5,0,2026-02-12 03:52:00
S004696,E3B2F985,Android-Budget,Passport,Delhi,0,0,0,164,consent_sign,3.5,0,2026-01-24 13:55:00
S004697,40C8C7A3,Android-MidTier,Aadhaar,Maharashtra,1,0,1,185,consent_sign,5.0,1,2026-02-18 03:33:00
S004698,9A980457,Android-MidTier,Passport,Tamil Nadu,0,0,0,24,phone_otp,0.0,1,2026-01-11 21:07:00
S004699,F34BFA59,Android-Budget,Aadhaar,Gujarat,0,1,1,200,consent_sign,5.5,0,2026-01-23 22:44:00
S004700,65F76D06,iOS-HighEnd,Driving License,Delhi,2,0,2,160,doc_upload,3.0,1,2026-01-02 13:23:00
S004701,CF1D46BE,Android-MidTier,Aadhaar,Karnataka,0,0,0,134,consent_sign,3.5,0,2026-02-07 06:24:00
S004702,2F981E44,Android-MidTier,Aadhaar,Gujarat,0,0,1,180,consent_sign,3.5,0,2026-01-27 19:08:00
S004703,37164F31,Android-MidTier,PAN,Gujarat,0,0,0,134,consent_sign,3.5,0,2026-01-28 15:35:00
S004704,252151F9,iOS-HighEnd,Passport,Gujarat,0,1,1,147,consent_sign,5.5,0,2026-01-25 19:03:00
S004705,02774EF3,Android-MidTier,Passport,West Bengal,0,1,1,139,liveness_check,3.5,1,2026-01-26 13:39:00
S004706,B780606A,Android-MidTier,Driving License,Karnataka,0,1,1,146,consent_sign,5.5,0,2026-01-08 23:03:00
S004707,9145AA38,Android-MidTier,Driving License,Maharashtra,0,0,0,139,consent_sign,3.5,0,2026-01-31 16:22:00
S004708,3B8EDE31,Android-MidTier,PAN,Karnataka,0,1,1,120,liveness_check,3.5,1,2026-02-25 19:16:00
S004709,489AF195,Android-MidTier,Driving License,Delhi,0,0,0,51,doc_upload,0.0,1,2026-01-30 16:56:00
S004710,37ABAED7,Android-MidTier,Driving License,Karnataka,0,0,0,115,consent_sign,3.5,0,2026-02-18 15:27:00
S004711,B75D2F0C,Android-Budget,Driving License,Tamil Nadu,0,0,1,61,phone_otp,0.0,1,2026-01-05 21:27:00
S004712,CEB380AC,iOS-HighEnd,Driving License,Tamil Nadu,0,0,0,139,consent_sign,3.5,0,2026-02-22 14:00:00
S004713,92EE4820,Android-MidTier,Passport,West Bengal,0,0,1,43,phone_otp,0.0,1,2026-01-11 14:50:00
S004714,AEA03292,iOS-HighEnd,PAN,West Bengal,0,0,1,119,consent_sign,3.5,0,2026-01-08 12:00:00
S004715,D03A9ED2,Android-Budget,Passport,Maharashtra,0,1,2,152,consent_sign,5.5,0,2026-01-19 07:56:00
S004716,0CB68029,iOS-HighEnd,PAN,Gujarat,0,0,0,94,consent_sign,3.5,0,2026-02-18 03:45:00
S004717,0BFA8CD5,iOS-HighEnd,Driving License,Tamil Nadu,0,1,1,170,liveness_check,3.5,1,2026-01-25 09:33:00
S004718,1E87C27E,Android-MidTier,PAN,Gujarat,0,1,1,166,consent_sign,5.5,0,2026-01-02 15:56:00
S004719,99F75C76,iOS-HighEnd,Passport,Delhi,0,0,0,126,consent_sign,3.5,0,2026-02-01 00:19:00
S004720,3C862582,Android-MidTier,Passport,West Bengal,0,0,0,131,consent_sign,3.5,0,2026-02-02 00:57:00
S004721,0490EB68,iOS-HighEnd,Aadhaar,West Bengal,0,0,0,117,consent_sign,3.5,0,2026-01-05 20:12:00
S004722,9364ECB5,Android-Budget,Aadhaar,Maharashtra,1,0,2,191,consent_sign,5.0,0,2026-02-08 21:32:00
S004723,7636AE1C,Android-Budget,Aadhaar,West Bengal,0,0,1,126,consent_sign,3.5,0,2026-02-17 02:39:00
S004724,F783B6F6,Android-MidTier,Aadhaar,Delhi,1,0,1,87,doc_upload,1.5,1,2026-02-20 18:26:00
S004725,88914B26,Android-MidTier,Aadhaar,Delhi,0,0,0,156,consent_sign,3.5,1,2026-01-25 04:30:00
S004726,565F2EA8,Android-MidTier,Driving License,Gujarat,0,1,1,148,consent_sign,5.5,0,2026-02-05 17:26:00
S004727,784AEE43,iOS-HighEnd,Aadhaar,Delhi,0,1,1,185,consent_sign,5.5,0,2026-01-12 02:35:00
S004728,6A429BD5,Android-MidTier,Passport,Karnataka,0,0,0,131,consent_sign,3.5,0,2026-02-08 01:34:00
S004729,5133577B,Android-MidTier,Passport,Delhi,0,0,0,109,consent_sign,3.5,0,2026-01-16 11:29:00
S004730,146B9FBC,Android-Budget,Aadhaar,Gujarat,2,0,2,222,consent_sign,6.5,1,2026-02-02 00:23:00
S004731,7E6AE55C,iOS-HighEnd,PAN,West Bengal,0,0,1,162,consent_sign,3.5,0,2026-01-19 07:04:00
S004732,4C66D04F,Android-Budget,Aadhaar,Tamil Nadu,0,0,0,130,consent_sign,3.5,0,2026-01-10 05:48:00
S004733,7E4B4F10,Android-MidTier,Driving License,Tamil Nadu,0,0,0,126,consent_sign,3.5,0,2026-02-10 13:00:00
S004734,E914AE70,Android-Budget,Driving License,Maharashtra,0,0,1,165,consent_sign,3.5,0,2026-02-16 21:16:00
S004735,F00D5A65,iOS-HighEnd,PAN,Delhi,0,0,0,151,consent_sign,3.5,0,2026-01-05 11:16:00
S004736,39590149,iOS-HighEnd,Passport,Gujarat,0,0,0,157,consent_sign,3.5,0,2026-02-16 16:05:00
S004737,23841977,iOS-HighEnd,Driving License,Delhi,0,0,0,132,consent_sign,3.5,0,2026-02-09 18:57:00
S004738,DC83F96F,Android-MidTier,PAN,West Bengal,0,1,1,150,consent_sign,5.5,0,2026-01-09 06:20:00
S004739,39F18027,iOS-HighEnd,Aadhaar,Gujarat,0,0,0,124,consent_sign,3.5,0,2026-01-14 14:35:00
S004740,B95F22D5,iOS-HighEnd,Passport,West Bengal,1,0,1,103,doc_upload,1.5,1,2026-01-24 17:51:00
S004741,D0EF0CD4,iOS-HighEnd,Driving License,Maharashtra,0,0,0,1,registration,0.0,1,2026-02-16 19:15:00
S004742,0143D636,iOS-HighEnd,PAN,Delhi,0,0,0,151,consent_sign,3.5,0,2026-02-04 14:50:00
S004743,0D700C8B,Android-Budget,Driving License,Karnataka,0,0,0,125,consent_sign,3.5,0,2026-02-12 07:18:00
S004744,0B070A68,iOS-HighEnd,Driving License,Maharashtra,0,0,1,170,consent_sign,3.5,0,2026-02-08 14:41:00
S004745,4DE5F4AF,iOS-HighEnd,PAN,Delhi,0,1,1,168,consent_sign,5.5,0,2026-02-16 12:57:00
S004746,B01BA134,Android-MidTier,Driving License,Gujarat,3,0,3,203,doc_upload,4.5,1,2026-01-07 00:42:00
S004747,612A9CC6,iOS-HighEnd,Passport,Maharashtra,0,0,0,114,consent_sign,3.5,0,2026-02-17 12:20:00
S004748,ECC38555,Android-MidTier,Passport,Tamil Nadu,0,0,0,148,consent_sign,3.5,0,2026-01-03 00:39:00
S004749,1EB1DC0C,Android-MidTier,Driving License,Maharashtra,0,0,0,157,consent_sign,3.5,0,2026-01-18 23:07:00
S004750,25E36CCD,Android-Budget,Passport,Karnataka,1,0,1,88,doc_upload,1.5,1,2026-02-12 04:38:00
S004751,D9A3AC28,iOS-HighEnd,Driving License,Maharashtra,0,0,1,124,consent_sign,3.5,0,2026-01-26 08:52:00
S004752,A30C1E0E,Android-MidTier,Driving License,Karnataka,0,0,0,138,consent_sign,3.5,0,2026-01-22 14:46:00
S004753,85924E5F,iOS-HighEnd,Driving License,Karnataka,0,0,0,160,consent_sign,3.5,0,2026-02-24 05:33:00
S004754,7A59697D,iOS-HighEnd,PAN,West Bengal,0,0,0,123,consent_sign,3.5,0,2026-02-02 02:43:00
S004755,47D1931C,Android-MidTier,Driving License,Gujarat,0,1,1,158,consent_sign,5.5,0,2026-01-12 16:07:00
S004756,7B92A41D,iOS-HighEnd,PAN,Gujarat,0,0,0,111,consent_sign,3.5,0,2026-01-09 18:27:00
S004757,C425D020,iOS-HighEnd,PAN,Tamil Nadu,0,1,2,212,consent_sign,5.5,0,2026-01-11 14:23:00
S004758,5A5ED7EB,Android-Budget,Driving License,Delhi,3,0,4,136,doc_upload,4.5,1,2026-02-08 15:02:00
S004759,3E0C5EC5,iOS-HighEnd,PAN,Tamil Nadu,0,0,0,118,consent_sign,3.5,0,2026-02-01 18:17:00
S004760,DB19DE67,Android-Budget,PAN,Tamil Nadu,0,0,0,82,consent_sign,3.5,0,2026-03-01 10:14:00
S004761,133CA9CF,Android-Budget,PAN,Gujarat,0,1,2,201,consent_sign,5.5,0,2026-01-05 23:38:00
S004762,3664CAFA,Android-Budget,Driving License,Karnataka,0,0,0,50,doc_upload,0.0,1,2026-01-13 04:32:00
S004763,77D8B428,Android-MidTier,Aadhaar,Delhi,0,0,0,161,consent_sign,3.5,0,2026-01-11 11:58:00
S004764,7CD6572F,Android-MidTier,Aadhaar,Tamil Nadu,0,0,0,142,consent_sign,3.5,1,2026-02-25 09:46:00
S004765,D06200E3,iOS-HighEnd,Aadhaar,Gujarat,0,1,1,174,consent_sign,5.5,0,2026-01-04 22:29:00
S004766,8390BD94,iOS-HighEnd,Driving License,Gujarat,0,0,0,127,consent_sign,3.5,0,2026-01-29 16:25:00
S004767,F1C2FA18,iOS-HighEnd,PAN,West Bengal,0,1,1,90,liveness_check,3.5,1,2026-01-20 20:42:00
S004768,A7C10ADB,Android-Budget,Driving License,Gujarat,0,1,2,167,consent_sign,5.5,0,2026-01-10 21:28:00
S004769,1B0C9092,iOS-HighEnd,Driving License,West Bengal,0,0,0,133,consent_sign,3.5,0,2026-02-13 10:04:00
S004770,EAACABB4,iOS-HighEnd,Driving License,Delhi,0,0,1,115,consent_sign,3.5,1,2026-01-03 07:30:00
S004771,73D2939E,Android-Budget,Driving License,Karnataka,0,0,0,27,phone_otp,0.0,1,2026-02-24 15:32:00
S004772,33F92A87,iOS-HighEnd,PAN,Gujarat,0,0,0,152,consent_sign,3.5,0,2026-01-29 17:36:00
S004773,11925880,Android-Budget,PAN,Delhi,2,0,2,149,doc_upload,3.0,1,2026-01-17 05:25:00
S004774,AFAF20EC,iOS-HighEnd,Aadhaar,Maharashtra,0,0,0,143,consent_sign,3.5,0,2026-01-05 18:13:00
S004775,93C6267D,Android-Budget,Aadhaar,Maharashtra,0,2,2,133,liveness_check,5.5,1,2026-03-02 04:09:00
S004776,760116CF,iOS-HighEnd,Passport,Delhi,0,0,0,182,consent_sign,3.5,0,2026-02-28 11:19:00
S004777,1C36036F,iOS-HighEnd,Aadhaar,Gujarat,0,1,1,114,liveness_check,3.5,1,2026-02-16 05:59:00
S004778,75FA0EBE,Android-Budget,Passport,Maharashtra,0,0,0,96,consent_sign,3.5,0,2026-01-16 01:01:00
S004779,79EAE461,iOS-HighEnd,Aadhaar,Gujarat,0,0,0,154,consent_sign,3.5,0,2026-01-19 02:14:00
S004780,5A19D7AB,Android-MidTier,Passport,Maharashtra,0,0,0,124,consent_sign,3.5,0,2026-01-26 10:37:00
S004781,8CE0BD8F,Android-MidTier,Passport,Gujarat,0,0,0,153,consent_sign,3.5,0,2026-01-22 00:42:00
S004782,3649F585,Android-MidTier,Aadhaar,Delhi,0,0,0,162,consent_sign,3.5,0,2026-02-26 05:32:00
S004783,6E4C1501,Android-MidTier,PAN,Delhi,1,0,1,164,consent_sign,5.0,0,2026-02-14 09:22:00
S004784,70FBB28E,iOS-HighEnd,Passport,Tamil Nadu,0,0,0,46,phone_otp,0.0,1,2026-02-04 02:41:00
S004785,0C941263,iOS-HighEnd,Driving License,Tamil Nadu,0,0,0,112,consent_sign,3.5,1,2026-02-03 04:16:00
S004786,ED92B753,iOS-HighEnd,PAN,Maharashtra,0,0,0,124,consent_sign,3.5,0,2026-01-04 08:05:00
S004787,307FC576,Android-MidTier,Aadhaar,West Bengal,0,1,1,109,liveness_check,3.5,1,2026-01-03 06:13:00
S004788,46A3110A,Android-MidTier,Passport,Delhi,0,0,0,123,consent_sign,3.5,0,2026-02-12 18:45:00
S004789,84C42DE1,Android-MidTier,Driving License,Karnataka,0,0,0,132,consent_sign,3.5,0,2026-02-06 17:33:00
S004790,0CC46000,iOS-HighEnd,Passport,Maharashtra,0,0,0,134,consent_sign,3.5,0,2026-01-26 18:08:00
S004791,1C6FEC01,iOS-HighEnd,Driving License,Maharashtra,0,0,0,162,consent_sign,3.5,0,2026-02-18 21:12:00
S004792,E5228D31,iOS-HighEnd,Driving License,West Bengal,0,0,0,160,consent_sign,3.5,0,2026-01-07 11:27:00
S004793,3D1FD7C0,Android-MidTier,PAN,Delhi,0,0,0,56,doc_upload,0.0,1,2026-02-13 07:00:00
S004794,4684833E,iOS-HighEnd,Passport,Maharashtra,0,1,1,177,consent_sign,5.5,0,2026-01-18 08:27:00
S004795,B3133C8E,iOS-HighEnd,Driving License,Karnataka,0,0,0,16,phone_otp,0.0,1,2026-01-15 13:43:00
S004796,649423AA,Android-Budget,Aadhaar,Gujarat,0,0,0,3,registration,0.0,1,2026-01-25 06:43:00
S004797,D2F629CA,iOS-HighEnd,Driving License,West Bengal,0,0,1,154,consent_sign,3.5,0,2026-01-12 07:34:00
S004798,7EC391EF,iOS-HighEnd,Aadhaar,West Bengal,0,0,0,137,consent_sign,3.5,0,2026-01-06 10:28:00
S004799,341D85CD,Android-Budget,Aadhaar,Karnataka,0,2,2,138,liveness_check,5.5,1,2026-01-19 21:59:00
S004800,B4B2CE14,iOS-HighEnd,Aadhaar,Tamil Nadu,0,1,1,174,consent_sign,5.5,0,2026-01-04 03:45:00
S004801,00CB9CAA,Android-Budget,Driving License,West Bengal,0,1,1,169,consent_sign,5.5,0,2026-01-05 16:52:00
S004802,E8646E0C,iOS-HighEnd,Driving License,Gujarat,0,0,0,147,consent_sign,3.5,0,2026-01-03 19:15:00
S004803,BD350D2A,iOS-HighEnd,Aadhaar,West Bengal,0,1,1,147,consent_sign,5.5,0,2026-01-20 11:56:00
S004804,B01C9191,iOS-HighEnd,Driving License,Tamil Nadu,0,0,0,122,consent_sign,3.5,0,2026-01-19 06:35:00
S004805,AE7303C0,Android-MidTier,Aadhaar,Tamil Nadu,1,3,4,219,liveness_check,9.0,1,2026-02-04 17:05:00
S004806,55082167,Android-MidTier,PAN,Delhi,0,1,1,159,consent_sign,5.5,0,2026-01-29 06:23:00
S004807,F6558F35,iOS-HighEnd,Passport,Tamil Nadu,0,1,1,153,consent_sign,5.5,0,2026-01-23 19:34:00
S004808,6D8C5504,iOS-HighEnd,PAN,Tamil Nadu,0,0,0,1,registration,0.0,1,2026-01-27 17:13:00
S004809,F9705E4B,iOS-HighEnd,Driving License,Gujarat,0,0,0,131,consent_sign,3.5,0,2026-01-13 08:46:00
S004810,2BB4A408,Android-MidTier,Driving License,Tamil Nadu,0,0,0,101,consent_sign,3.5,0,2026-02-19 00:37:00
S004811,027DEB45,Android-MidTier,Driving License,Maharashtra,1,0,1,161,consent_sign,5.0,0,2026-01-29 22:00:00
S004812,794CEEF2,Android-MidTier,Passport,Maharashtra,0,0,0,130,consent_sign,3.5,0,2026-02-03 15:55:00
S004813,DF8B4008,iOS-HighEnd,Driving License,Tamil Nadu,0,0,0,110,consent_sign,3.5,0,2026-02-03 09:15:00
S004814,0B90B03D,Android-MidTier,PAN,Maharashtra,0,0,0,95,consent_sign,3.5,0,2026-02-13 11:53:00
S004815,AE1782F6,iOS-HighEnd,PAN,Gujarat,0,0,0,120,consent_sign,3.5,0,2026-01-05 16:31:00
S004816,3A710F9E,Android-MidTier,Aadhaar,West Bengal,0,1,1,213,consent_sign,5.5,0,2026-02-03 15:25:00
S004817,C1472FF2,Android-Budget,Passport,Tamil Nadu,0,0,0,115,consent_sign,3.5,0,2026-01-27 17:15:00
S004818,19991B39,Android-MidTier,Aadhaar,Delhi,0,0,0,177,consent_sign,3.5,0,2026-02-06 21:53:00
S004819,55EEF366,Android-MidTier,Passport,Karnataka,0,1,1,160,consent_sign,5.5,0,2026-01-26 01:30:00
S004820,59CCC94A,iOS-HighEnd,Driving License,Maharashtra,1,0,1,215,consent_sign,5.0,0,2026-01-26 00:17:00
S004821,A9D52401,iOS-HighEnd,Driving License,West Bengal,0,0,0,124,consent_sign,3.5,0,2026-02-10 04:30:00
S004822,7570B0AC,Android-Budget,Passport,Gujarat,0,0,0,127,consent_sign,3.5,0,2026-01-05 23:56:00
S004823,4D171EBC,iOS-HighEnd,Aadhaar,Gujarat,1,0,1,175,consent_sign,5.0,0,2026-01-11 19:50:00
S004824,84909370,Android-MidTier,PAN,Tamil Nadu,0,1,1,161,consent_sign,5.5,0,2026-02-06 09:46:00
S004825,DD7902FC,iOS-HighEnd,Aadhaar,Maharashtra,1,0,1,204,consent_sign,5.0,0,2026-01-31 01:45:00
S004826,7BFEADD1,iOS-HighEnd,Driving License,Tamil Nadu,0,0,0,3,registration,0.0,1,2026-01-15 02:31:00
S004827,84F16D9D,iOS-HighEnd,PAN,Gujarat,0,0,0,128,consent_sign,3.5,0,2026-01-23 03:42:00
S004828,25DCCCA2,iOS-HighEnd,Driving License,Delhi,0,0,0,129,consent_sign,3.5,0,2026-01-08 15:29:00
S004829,3862ABCF,Android-MidTier,Driving License,Tamil Nadu,0,0,0,2,registration,0.0,1,2026-01-21 16:38:00
S004830,5B7117BD,iOS-HighEnd,Driving License,Tamil Nadu,0,0,0,146,consent_sign,3.5,0,2026-01-30 09:52:00
S004831,93DC8EEA,iOS-HighEnd,PAN,West Bengal,0,0,0,140,consent_sign,3.5,0,2026-02-15 23:36:00
S004832,6E43B319,Android-MidTier,Driving License,Maharashtra,0,1,1,142,liveness_check,3.5,1,2026-01-31 09:35:00
S004833,16DAA8F5,iOS-HighEnd,Aadhaar,West Bengal,0,0,0,152,consent_sign,3.5,0,2026-02-27 01:19:00
S004834,60B61367,iOS-HighEnd,Driving License,Karnataka,0,0,0,175,consent_sign,3.5,0,2026-01-16 20:35:00
S004835,461FE028,Android-Budget,Aadhaar,Maharashtra,2,0,2,175,consent_sign,6.5,0,2026-02-26 13:38:00
S004836,8B7FA47E,Android-Budget,Driving License,Karnataka,0,1,1,162,consent_sign,5.5,0,2026-03-01 03:10:00
S004837,FCC1C48C,Android-MidTier,Driving License,Gujarat,0,0,0,107,consent_sign,3.5,0,2026-01-21 06:09:00
S004838,2CC9ABB6,iOS-HighEnd,Passport,Delhi,0,0,0,77,consent_sign,3.5,0,2026-02-08 13:44:00
S004839,594DE8D7,Android-MidTier,Aadhaar,West Bengal,1,0,1,183,consent_sign,5.0,0,2026-02-26 22:57:00
S004840,96D26487,Android-Budget,PAN,West Bengal,2,0,2,108,doc_upload,3.0,1,2026-01-06 08:13:00
S004841,46B821C7,iOS-HighEnd,PAN,Gujarat,0,0,0,100,consent_sign,3.5,0,2026-02-11 18:09:00
S004842,945B3711,Android-Budget,Driving License,Tamil Nadu,0,0,0,44,phone_otp,0.0,1,2026-02-28 19:51:00
S004843,D58C449E,iOS-HighEnd,Driving License,Karnataka,0,0,0,147,consent_sign,3.5,0,2026-01-27 04:00:00
S004844,CB9AEFFF,Android-MidTier,Aadhaar,Maharashtra,0,0,0,156,consent_sign,3.5,0,2026-01-08 16:42:00
S004845,CAE2F489,Android-MidTier,PAN,Gujarat,0,0,0,150,consent_sign,3.5,0,2026-01-18 15:54:00
S004846,1C35730B,iOS-HighEnd,Driving License,Delhi,0,0,0,137,consent_sign,3.5,0,2026-01-02 12:33:00
S004847,ED5F24C3,Android-Budget,Aadhaar,Maharashtra,0,0,0,151,consent_sign,3.5,0,2026-01-29 11:15:00
S004848,AE50F96E,iOS-HighEnd,Driving License,Delhi,0,0,0,34,doc_upload,0.0,1,2026-02-26 22:24:00
S004849,4A2F2373,iOS-HighEnd,Passport,Tamil Nadu,0,0,0,2,registration,0.0,1,2026-01-01 15:46:00
S004850,29A099DE,Android-Budget,Driving License,Maharashtra,0,0,0,139,consent_sign,3.5,0,2026-01-15 22:05:00
S004851,108AB4DE,iOS-HighEnd,Driving License,Karnataka,0,0,0,22,phone_otp,0.0,1,2026-02-26 17:36:00
S004852,74300CCC,Android-MidTier,PAN,Maharashtra,0,0,0,26,phone_otp,0.0,1,2026-01-20 16:34:00
S004853,D3520A91,iOS-HighEnd,PAN,Karnataka,0,0,0,150,consent_sign,3.5,0,2026-01-16 00:21:00
S004854,7D05955B,Android-Budget,PAN,Maharashtra,0,0,2,155,consent_sign,3.5,1,2026-01-20 03:48:00
S004855,5A2D6AEE,Android-MidTier,Driving License,West Bengal,0,2,2,167,liveness_check,5.5,1,2026-01-04 09:21:00
S004856,0CC66163,iOS-HighEnd,Driving License,Delhi,0,0,0,149,consent_sign,3.5,1,2026-01-20 21:02:00
S004857,E0F3EE66,iOS-HighEnd,PAN,Karnataka,0,0,0,126,consent_sign,3.5,0,2026-01-15 05:03:00
S004858,8082A0EE,iOS-HighEnd,Driving License,West Bengal,0,1,1,176,consent_sign,5.5,0,2026-01-08 21:41:00
S004859,8F8D4107,iOS-HighEnd,Driving License,Karnataka,0,0,0,140,consent_sign,3.5,0,2026-01-04 03:36:00
S004860,B69415C7,Android-MidTier,PAN,Gujarat,0,0,0,18,phone_otp,0.0,1,2026-01-10 15:22:00
S004861,BBA95EC4,Android-Budget,PAN,Karnataka,0,0,0,141,consent_sign,3.5,0,2026-02-10 12:48:00
S004862,EB1313B7,iOS-HighEnd,PAN,Karnataka,0,0,0,160,consent_sign,3.5,0,2026-01-14 05:21:00
S004863,083A1C27,iOS-HighEnd,Driving License,Tamil Nadu,0,0,1,50,phone_otp,0.0,1,2026-02-03 09:35:00
S004864,3FACABCC,Android-Budget,PAN,Delhi,1,1,2,203,liveness_check,5.0,1,2026-02-28 09:25:00
S004865,62E0ADF7,iOS-HighEnd,Driving License,Gujarat,0,0,1,180,consent_sign,3.5,0,2026-01-10 11:03:00
S004866,E7773701,iOS-HighEnd,Driving License,West Bengal,0,0,0,102,consent_sign,3.5,0,2026-02-10 21:00:00
S004867,EB91D7BC,Android-MidTier,Driving License,Tamil Nadu,0,1,1,144,consent_sign,5.5,0,2026-02-23 15:32:00
S004868,2C5D849C,Android-MidTier,PAN,Delhi,0,1,1,104,liveness_check,3.5,1,2026-01-26 14:46:00
S004869,E03D1B30,Android-Budget,Driving License,Gujarat,0,1,1,130,liveness_check,3.5,1,2026-02-14 23:13:00
S004870,23A10FDD,Android-MidTier,Passport,Tamil Nadu,0,0,0,139,consent_sign,3.5,0,2026-01-05 13:00:00
S004871,4001570A,iOS-HighEnd,Driving License,Gujarat,0,0,1,129,consent_sign,3.5,1,2026-02-15 09:16:00
S004872,3313F36C,Android-MidTier,Aadhaar,Karnataka,0,0,1,129,consent_sign,3.5,0,2026-02-28 06:58:00
S004873,4C1E172A,iOS-HighEnd,Aadhaar,Maharashtra,1,0,1,205,consent_sign,5.0,0,2026-02-21 01:08:00
S004874,760E36AA,Android-Budget,Driving License,Delhi,1,0,1,164,consent_sign,5.0,0,2026-01-04 07:59:00
S004875,C84BBDF5,iOS-HighEnd,PAN,Karnataka,0,0,0,84,liveness_check,1.5,1,2026-02-03 09:41:00
S004876,18963A6E,Android-Budget,Passport,Maharashtra,0,0,0,129,consent_sign,3.5,0,2026-01-26 00:12:00
S004877,B1B2B9C6,Android-Budget,PAN,West Bengal,0,0,3,181,consent_sign,3.5,0,2026-01-28 09:01:00
S004878,AF66DC57,iOS-HighEnd,Driving License,West Bengal,0,0,0,148,consent_sign,3.5,0,2026-01-02 19:28:00
S004879,5AAC72B1,Android-Budget,Passport,Delhi,1,1,2,195,liveness_check,5.0,1,2026-01-18 11:02:00
S004880,F62162AB,Android-MidTier,Passport,Delhi,0,0,0,136,consent_sign,3.5,0,2026-01-30 20:42:00
S004881,E99D6B91,Android-MidTier,Driving License,Tamil Nadu,0,0,0,4,registration,0.0,1,2026-01-04 19:25:00
S004882,C44B04E8,Android-MidTier,Passport,Maharashtra,0,0,0,90,consent_sign,3.5,0,2026-01-22 12:51:00
S004883,23FD6ADE,iOS-HighEnd,PAN,Delhi,0,0,0,98,consent_sign,3.5,0,2026-02-04 17:04:00
S004884,C960B851,iOS-HighEnd,Aadhaar,Tamil Nadu,0,0,0,137,consent_sign,3.5,0,2026-02-16 19:38:00
S004885,5F843666,iOS-HighEnd,Passport,Tamil Nadu,0,0,0,25,phone_otp,0.0,1,2026-01-11 06:47:00
S004886,E660A8E0,iOS-HighEnd,Passport,Gujarat,1,0,1,141,consent_sign,5.0,0,2026-02-23 19:40:00
S004887,0DB4897A,iOS-HighEnd,PAN,Karnataka,1,1,2,198,consent_sign,7.0,0,2026-01-15 11:16:00
S004888,203D54C9,iOS-HighEnd,Driving License,Gujarat,1,0,1,205,consent_sign,5.0,0,2026-02-22 03:26:00
S004889,767A92B7,Android-MidTier,Driving License,Karnataka,0,1,1,135,liveness_check,3.5,1,2026-02-10 01:22:00
S004890,849C30C6,iOS-HighEnd,Passport,Karnataka,0,0,0,111,consent_sign,3.5,0,2026-01-11 06:36:00
S004891,15AC37F0,Android-MidTier,Aadhaar,Gujarat,0,0,0,19,phone_otp,0.0,1,2026-02-18 08:28:00
S004892,FC75DE3D,Android-Budget,Driving License,Karnataka,0,0,0,129,consent_sign,3.5,0,2026-01-25 14:20:00
S004893,9826A55F,Android-Budget,Aadhaar,Delhi,1,0,1,152,consent_sign,5.0,0,2026-02-10 23:37:00
S004894,90C0E607,Android-MidTier,Driving License,West Bengal,0,0,0,128,consent_sign,3.5,0,2026-01-16 15:52:00
S004895,DD43B0CF,iOS-HighEnd,Passport,Karnataka,0,0,0,155,consent_sign,3.5,0,2026-02-27 02:53:00
S004896,95A97DD7,iOS-HighEnd,Aadhaar,Maharashtra,0,1,1,99,liveness_check,3.5,1,2026-01-21 19:02:00
S004897,B78A2037,Android-Budget,Aadhaar,Tamil Nadu,1,0,1,90,doc_upload,1.5,1,2026-01-17 03:58:00
S004898,8429E12C,Android-MidTier,Passport,Delhi,0,0,0,126,consent_sign,3.5,0,2026-02-17 03:38:00
S004899,F79F8FA9,Android-MidTier,Driving License,Delhi,0,2,2,204,consent_sign,7.5,0,2026-01-01 15:19:00
S004900,E522266C,iOS-HighEnd,PAN,Karnataka,0,2,2,159,liveness_check,5.5,1,2026-02-28 07:35:00
S004901,279F5DF0,Android-MidTier,Aadhaar,Gujarat,1,0,1,163,consent_sign,5.0,0,2026-01-16 23:15:00
S004902,B819B15D,Android-Budget,Passport,Tamil Nadu,0,0,0,130,consent_sign,3.5,0,2026-01-06 10:07:00
S004903,CE3CE7CE,iOS-HighEnd,Driving License,Tamil Nadu,0,0,0,124,consent_sign,3.5,0,2026-01-13 14:29:00
S004904,33611134,iOS-HighEnd,Driving License,Gujarat,0,0,0,112,consent_sign,3.5,0,2026-01-08 00:42:00
S004905,272C7482,iOS-HighEnd,Passport,West Bengal,0,0,0,130,consent_sign,3.5,0,2026-01-03 14:26:00
S004906,8513176C,Android-MidTier,Aadhaar,Gujarat,0,0,1,24,registration,0.0,1,2026-01-12 16:19:00
S004907,1A85FD69,iOS-HighEnd,PAN,Maharashtra,0,0,0,90,consent_sign,3.5,0,2026-01-03 04:25:00
S004908,817C6779,Android-MidTier,Passport,Tamil Nadu,0,0,0,164,consent_sign,3.5,0,2026-01-31 21:55:00
S004909,ED113FAF,iOS-HighEnd,PAN,West Bengal,1,0,1,128,consent_sign,5.0,0,2026-03-02 07:57:00
S004910,7BD50AEB,Android-Budget,Aadhaar,Gujarat,0,0,0,103,consent_sign,3.5,0,2026-01-05 13:36:00
S004911,3C243B45,iOS-HighEnd,Aadhaar,Maharashtra,1,0,1,61,doc_upload,1.5,1,2026-01-08 22:03:00
S004912,42A1279B,Android-Budget,Passport,West Bengal,0,0,0,158,consent_sign,3.5,0,2026-01-06 14:24:00
S004913,706AD042,iOS-HighEnd,Driving License,Gujarat,0,0,0,165,consent_sign,3.5,0,2026-01-26 10:03:00
S004914,1F89CEC2,Android-MidTier,Passport,Tamil Nadu,0,0,0,144,consent_sign,3.5,0,2026-02-12 17:00:00
S004915,058B5EE1,Android-Budget,PAN,Karnataka,1,0,1,189,consent_sign,5.0,0,2026-02-19 13:29:00
S004916,BE9E01A9,Android-MidTier,PAN,Tamil Nadu,0,0,0,132,consent_sign,3.5,0,2026-01-05 07:56:00
S004917,82F2A59E,Android-MidTier,PAN,Delhi,0,0,0,108,consent_sign,3.5,0,2026-01-07 01:07:00
S004918,334A34A8,Android-MidTier,Driving License,Tamil Nadu,1,1,3,210,consent_sign,7.0,0,2026-01-31 17:06:00
S004919,4A1954EC,iOS-HighEnd,Passport,Karnataka,1,0,1,141,consent_sign,5.0,0,2026-02-23 04:09:00
S004920,96B93974,Android-MidTier,Passport,Maharashtra,1,0,2,176,consent_sign,5.0,0,2026-02-22 01:50:00
S004921,467248F6,iOS-HighEnd,Aadhaar,West Bengal,0,0,0,169,consent_sign,3.5,0,2026-02-11 10:11:00
S004922,CCC34F70,Android-Budget,Driving License,Tamil Nadu,1,0,1,195,consent_sign,5.0,0,2026-02-11 13:35:00
S004923,D0411DEC,Android-MidTier,Aadhaar,West Bengal,0,0,0,129,consent_sign,3.5,0,2026-01-17 07:36:00
S004924,488E5BD8,Android-MidTier,PAN,Gujarat,0,0,0,126,consent_sign,3.5,0,2026-01-27 18:47:00
S004925,63B1A52E,Android-MidTier,PAN,Delhi,0,0,0,123,consent_sign,3.5,0,2026-01-09 02:36:00
S004926,08B9B2E9,iOS-HighEnd,Aadhaar,West Bengal,0,0,0,106,consent_sign,3.5,0,2026-01-16 06:14:00
S004927,A83DB2DF,Android-MidTier,Aadhaar,Gujarat,0,0,0,154,consent_sign,3.5,0,2026-02-09 12:36:00
S004928,E879C9A6,Android-MidTier,Driving License,Gujarat,1,2,3,246,consent_sign,9.0,0,2026-01-11 05:29:00
S004929,23A9654D,iOS-HighEnd,Driving License,Maharashtra,0,0,0,141,consent_sign,3.5,0,2026-01-19 22:38:00
S004930,75566FF1,Android-MidTier,Aadhaar,West Bengal,0,1,1,90,liveness_check,3.5,1,2026-01-16 23:31:00
S004931,28874D02,iOS-HighEnd,PAN,Tamil Nadu,0,0,0,170,consent_sign,3.5,0,2026-02-13 13:19:00
S004932,DC6BF2C8,Android-Budget,Aadhaar,Tamil Nadu,0,0,1,160,consent_sign,3.5,0,2026-02-10 05:32:00
S004933,E70D8D07,Android-MidTier,PAN,Tamil Nadu,0,0,0,138,consent_sign,3.5,1,2026-01-11 10:27:00
S004934,8356ED61,iOS-HighEnd,Driving License,Karnataka,0,0,0,162,consent_sign,3.5,0,2026-01-15 07:46:00
S004935,26C25405,Android-MidTier,Driving License,Gujarat,1,1,3,269,consent_sign,7.0,0,2026-01-09 17:32:00
S004936,902A73AE,iOS-HighEnd,Aadhaar,West Bengal,0,0,0,106,consent_sign,3.5,0,2026-02-14 09:24:00
S004937,DBD165A3,Android-Budget,Passport,Gujarat,0,0,0,140,consent_sign,3.5,0,2026-01-14 13:23:00
S004938,C8F3332A,Android-MidTier,PAN,Maharashtra,0,2,2,216,consent_sign,7.5,0,2026-01-25 12:59:00
S004939,EC68FC07,iOS-HighEnd,PAN,Tamil Nadu,0,0,0,110,consent_sign,3.5,0,2026-02-21 08:19:00
S004940,D6DE0902,Android-Budget,Driving License,Karnataka,0,0,0,3,registration,0.0,1,2026-02-11 07:25:00
S004941,F66A015B,Android-Budget,PAN,Delhi,0,0,0,143,consent_sign,3.5,0,2026-01-13 10:27:00
S004942,2E2D0681,iOS-HighEnd,Driving License,Tamil Nadu,0,0,0,133,consent_sign,3.5,0,2026-02-14 12:04:00
S004943,81C974A0,iOS-HighEnd,Driving License,Tamil Nadu,0,0,0,96,consent_sign,3.5,0,2026-01-03 10:57:00
S004944,425CA2E3,Android-MidTier,Aadhaar,Gujarat,1,0,1,145,consent_sign,5.0,1,2026-02-07 17:05:00
S004945,96BF02DD,iOS-HighEnd,Driving License,Karnataka,0,0,0,96,consent_sign,3.5,0,2026-02-28 17:33:00
S004946,95A15905,iOS-HighEnd,Aadhaar,Karnataka,0,0,0,133,consent_sign,3.5,0,2026-02-08 12:07:00
S004947,114C440D,iOS-HighEnd,Passport,West Bengal,3,0,3,211,consent_sign,6.5,0,2026-01-31 21:41:00
S004948,BB9DDC31,iOS-HighEnd,Passport,West Bengal,0,0,0,4,registration,0.0,1,2026-01-13 06:24:00
S004949,AA4E8B03,iOS-HighEnd,Aadhaar,Delhi,0,0,0,110,consent_sign,3.5,0,2026-01-26 04:50:00
S004950,ADE81084,Android-MidTier,PAN,Maharashtra,0,0,0,131,consent_sign,3.5,0,2026-01-23 20:57:00
S004951,3B45D977,iOS-HighEnd,Aadhaar,Gujarat,0,0,0,144,consent_sign,3.5,0,2026-01-30 18:18:00
S004952,EAD217D1,Android-Budget,Driving License,Gujarat,0,0,0,154,consent_sign,3.5,0,2026-02-08 17:50:00
S004953,1AFD943C,iOS-HighEnd,Passport,Gujarat,0,0,0,156,consent_sign,3.5,0,2026-01-07 06:06:00
S004954,BA68E69F,iOS-HighEnd,Aadhaar,West Bengal,0,1,1,219,consent_sign,5.5,0,2026-03-02 03:09:00
S004955,F92B7B46,Android-MidTier,Passport,Tamil Nadu,0,0,0,130,consent_sign,3.5,0,2026-01-25 15:19:00
S004956,0FDA6CA4,iOS-HighEnd,PAN,Delhi,0,0,0,124,consent_sign,3.5,0,2026-02-17 17:24:00
S004957,09943E76,iOS-HighEnd,PAN,Delhi,0,0,0,100,consent_sign,3.5,0,2026-01-07 03:30:00
S004958,7108022A,Android-Budget,Aadhaar,Tamil Nadu,0,2,2,196,liveness_check,5.5,1,2026-01-17 12:28:00
S004959,A19C7CAF,iOS-HighEnd,Aadhaar,West Bengal,0,0,0,137,consent_sign,3.5,0,2026-01-08 08:31:00
S004960,2C8FABBC,iOS-HighEnd,Aadhaar,West Bengal,0,0,0,111,consent_sign,3.5,0,2026-02-10 22:22:00
S004961,73131038,iOS-HighEnd,Aadhaar,West Bengal,0,0,0,124,consent_sign,3.5,0,2026-02-26 14:40:00
S004962,A32C5E99,Android-Budget,Driving License,Delhi,1,0,1,97,doc_upload,1.5,1,2026-01-28 00:35:00
S004963,321A9240,Android-Budget,Passport,Gujarat,2,0,2,194,consent_sign,6.5,0,2026-01-28 21:47:00
S004964,ADC90CAA,Android-Budget,Driving License,Delhi,0,0,1,42,phone_otp,0.0,1,2026-01-18 02:25:00
S004965,BDFDCC7B,Android-Budget,Passport,Karnataka,0,0,1,171,consent_sign,3.5,0,2026-01-27 16:49:00
S004966,874DB4A6,iOS-HighEnd,Driving License,Maharashtra,0,0,1,169,consent_sign,3.5,0,2026-02-28 08:34:00
S004967,16054B9E,Android-MidTier,Driving License,Maharashtra,0,0,0,4,registration,0.0,1,2026-02-26 07:13:00
S004968,F5B79271,iOS-HighEnd,Passport,Tamil Nadu,0,0,0,155,consent_sign,3.5,0,2026-02-12 19:40:00
S004969,08825D14,iOS-HighEnd,Aadhaar,West Bengal,0,1,1,99,liveness_check,3.5,1,2026-02-26 11:08:00
S004970,01572A56,Android-MidTier,Aadhaar,Gujarat,0,0,0,38,doc_upload,0.0,1,2026-02-20 11:11:00
S004971,917BC866,Android-MidTier,Driving License,Tamil Nadu,1,0,1,124,doc_upload,1.5,1,2026-01-12 23:58:00
S004972,5738DB52,Android-Budget,Aadhaar,Karnataka,0,1,2,136,consent_sign,5.5,0,2026-02-12 22:39:00
S004973,F52EAF63,iOS-HighEnd,Aadhaar,Tamil Nadu,0,0,0,122,consent_sign,3.5,0,2026-01-07 09:01:00
S004974,87352231,iOS-HighEnd,Aadhaar,Karnataka,1,0,1,98,doc_upload,1.5,1,2026-02-11 02:41:00
S004975,351D1137,Android-MidTier,Passport,Tamil Nadu,0,0,0,121,consent_sign,3.5,0,2026-03-01 17:59:00
S004976,8037B969,Android-MidTier,Passport,Tamil Nadu,0,0,0,113,consent_sign,3.5,0,2026-02-14 17:32:00
S004977,E65664AC,Android-Budget,Driving License,Gujarat,1,0,1,112,doc_upload,1.5,1,2026-01-19 23:51:00
S004978,CD35637C,iOS-HighEnd,Passport,Maharashtra,0,1,1,102,liveness_check,3.5,1,2026-02-08 10:20:00
S004979,A01ED90E,Android-MidTier,Driving License,Delhi,1,0,1,215,consent_sign,5.0,1,2026-02-07 02:40:00
S004980,91B3F921,Android-MidTier,Passport,Maharashtra,0,0,0,118,consent_sign,3.5,0,2026-01-15 10:52:00
S004981,846A4A71,iOS-HighEnd,Aadhaar,Delhi,0,0,0,161,consent_sign,3.5,0,2026-01-07 08:09:00
S004982,7FAB9B07,Android-MidTier,Aadhaar,Tamil Nadu,0,0,0,148,consent_sign,3.5,0,2026-02-15 09:58:00
S004983,8A60B332,Android-Budget,PAN,Delhi,2,1,3,307,consent_sign,8.5,0,2026-02-09 10:34:00
S004984,D24289EA,iOS-HighEnd,Aadhaar,Karnataka,0,0,0,120,consent_sign,3.5,0,2026-01-19 09:17:00
S004985,D4018A45,iOS-HighEnd,Passport,Maharashtra,0,0,0,134,consent_sign,3.5,0,2026-02-13 17:40:00
S004986,5B9FACDE,iOS-HighEnd,Passport,Delhi,0,0,0,120,consent_sign,3.5,0,2026-02-13 03:24:00
S004987,2869B5EE,Android-MidTier,Passport,Karnataka,0,0,0,112,consent_sign,3.5,0,2026-01-27 08:06:00
S004988,88CFFFA2,Android-MidTier,PAN,West Bengal,0,0,0,133,consent_sign,3.5,0,2026-01-03 19:49:00
S004989,848BE725,Android-MidTier,Passport,Delhi,1,0,1,67,doc_upload,1.5,1,2026-02-12 18:15:00
S004990,4FEEEA91,Android-MidTier,Driving License,Delhi,0,0,0,89,consent_sign,3.5,1,2026-01-16 04:51:00
S004991,8BC2D46D,iOS-HighEnd,PAN,Delhi,0,0,0,86,consent_sign,3.5,0,2026-02-16 04:15:00
S004992,95309450,Android-MidTier,PAN,Karnataka,0,0,0,117,consent_sign,3.5,0,2026-01-28 06:33:00
S004993,FC24A159,Android-Budget,Driving License,Maharashtra,0,0,0,169,consent_sign,3.5,0,2026-01-13 13:30:00
S004994,0843280A,iOS-HighEnd,Aadhaar,Karnataka,0,0,0,135,consent_sign,3.5,0,2026-02-18 12:30:00
S004995,3354B4BE,Android-MidTier,Aadhaar,Maharashtra,0,1,1,137,liveness_check,3.5,1,2026-01-10 21:11:00
S004996,0F344FE1,Android-MidTier,Driving License,Tamil Nadu,0,1,1,121,liveness_check,3.5,1,2026-03-01 07:38:00
S004997,D11756D5,Android-Budget,PAN,Tamil Nadu,0,0,0,131,consent_sign,3.5,0,2026-01-09 21:49:00
S004998,C1E158AA,iOS-HighEnd,Driving License,Maharashtra,1,1,3,232,consent_sign,7.0,0,2026-03-01 19:30:00
S004999,0FF4C2D6,iOS-HighEnd,PAN,Gujarat,0,0,0,128,consent_sign,3.5,0,2026-01-23 07:50:00
S005000,CE3FDE9A,iOS-HighEnd,Aadhaar,Delhi,0,0,0,136,consent_sign,3.5,0,2026-01-14 09:35:00
S005001,9C291269,iOS-HighEnd,Driving License,Tamil Nadu,0,0,0,131,consent_sign,3.5,0,2026-01-06 12:23:00
S005002,CEB7803E,iOS-HighEnd,Passport,Maharashtra,0,0,1,40,phone_otp,0.0,1,2026-01-13 11:16:00
S005003,121D87AC,Android-MidTier,PAN,Karnataka,0,0,0,109,consent_sign,3.5,0,2026-02-03 14:06:00
S005004,BD4211D1,iOS-HighEnd,PAN,Delhi,0,1,1,124,consent_sign,5.5,0,2026-02-14 08:07:00
S005005,E3346BD8,Android-MidTier,Driving License,Karnataka,0,0,1,180,consent_sign,3.5,0,2026-02-07 04:29:00
S005006,21249735,iOS-HighEnd,Driving License,Gujarat,0,0,0,150,consent_sign,3.5,0,2026-01-31 23:10:00
S005007,1AA3C18E,iOS-HighEnd,Driving License,Karnataka,0,0,0,127,consent_sign,3.5,0,2026-01-15 03:29:00
S005008,39A9A8A9,iOS-HighEnd,Passport,Maharashtra,0,0,0,136,consent_sign,3.5,0,2026-02-21 20:53:00
S005009,7A438217,iOS-HighEnd,PAN,Maharashtra,0,0,0,109,consent_sign,3.5,0,2026-01-18 21:41:00
S005010,E05F039C,iOS-HighEnd,Aadhaar,West Bengal,0,0,0,141,consent_sign,3.5,0,2026-01-22 06:45:00
S005011,EE662C46,Android-MidTier,PAN,West Bengal,1,1,2,249,consent_sign,7.0,0,2026-02-12 18:02:00
S005012,C82585FA,iOS-HighEnd,PAN,West Bengal,0,0,0,112,consent_sign,3.5,0,2026-01-04 22:45:00
S005013,9BAEFD9E,iOS-HighEnd,PAN,Karnataka,0,0,0,137,consent_sign,3.5,0,2026-02-26 17:01:00
S005014,AF001605,Android-MidTier,Driving License,Maharashtra,0,0,0,33,phone_otp,0.0,1,2026-01-28 01:14:00
S005015,7B6FB65B,Android-MidTier,Passport,Maharashtra,0,0,0,180,consent_sign,3.5,1,2026-02-27 05:04:00
S005016,60920068,Android-MidTier,Driving License,West Bengal,0,0,0,161,consent_sign,3.5,0,2026-02-05 22:16:00
S005017,B38ADF82,iOS-HighEnd,Passport,Gujarat,0,0,0,121,consent_sign,3.5,0,2026-02-25 01:36:00
S005018,1D96DC53,Android-MidTier,Driving License,Maharashtra,0,1,1,163,consent_sign,5.5,0,2026-01-14 12:43:00
S005019,9D9B72B9,iOS-HighEnd,Driving License,Karnataka,0,0,0,145,consent_sign,3.5,0,2026-02-06 20:49:00
S005020,5A0ED9B7,Android-Budget,Passport,Maharashtra,0,0,1,137,consent_sign,3.5,0,2026-02-25 23:43:00
S005021,EB068B1E,iOS-HighEnd,PAN,Gujarat,0,0,0,169,consent_sign,3.5,0,2026-01-04 10:29:00
S005022,178CB5A0,Android-Budget,Aadhaar,West Bengal,1,0,1,179,consent_sign,5.0,0,2026-02-15 13:40:00
S005023,69BEA8C9,iOS-HighEnd,PAN,Karnataka,0,0,1,52,phone_otp,0.0,1,2026-01-16 10:27:00
S005024,CEC7B903,Android-Budget,PAN,West Bengal,1,0,1,154,consent_sign,5.0,0,2026-02-26 01:13:00
S005025,0BB8382F,Android-Budget,Aadhaar,Karnataka,1,1,2,194,liveness_check,5.0,1,2026-01-27 01:45:00
S005026,DF8DB157,Android-MidTier,PAN,West Bengal,1,0,1,174,consent_sign,5.0,0,2026-01-14 14:49:00
S005027,0E8FED60,iOS-HighEnd,Driving License,Tamil Nadu,1,0,1,103,doc_upload,1.5,1,2026-01-03 07:02:00
S005028,704532D5,iOS-HighEnd,Aadhaar,Maharashtra,0,0,0,142,consent_sign,3.5,0,2026-01-18 09:04:00
S005029,506A8DD3,iOS-HighEnd,Aadhaar,West Bengal,0,0,0,161,consent_sign,3.5,0,2026-01-01 22:16:00
S005030,E3F2DF80,iOS-HighEnd,Aadhaar,Gujarat,0,0,0,142,consent_sign,3.5,0,2026-02-12 15:12:00
S005031,21351574,Android-MidTier,Driving License,Tamil Nadu,1,1,3,215,liveness_check,5.0,1,2026-01-23 12:40:00
S005032,A8575900,iOS-HighEnd,Passport,Karnataka,0,0,1,37,phone_otp,0.0,1,2026-02-04 09:19:00
S005033,138D8006,iOS-HighEnd,Aadhaar,Tamil Nadu,0,0,0,142,consent_sign,3.5,0,2026-01-02 12:41:00
S005034,34B34DCB,iOS-HighEnd,Driving License,Maharashtra,0,0,0,1,registration,0.0,1,2026-01-13 05:05:00
S005035,D03C9C2C,iOS-HighEnd,Aadhaar,Maharashtra,0,0,1,167,consent_sign,3.5,0,2026-02-09 00:40:00
S005036,DBD7B4B4,Android-Budget,PAN,West Bengal,0,0,0,115,consent_sign,3.5,0,2026-02-09 23:56:00
S005037,4D7EFC8E,Android-MidTier,Aadhaar,Tamil Nadu,0,0,0,117,consent_sign,3.5,0,2026-02-14 17:11:00
S005038,8D28EEF5,iOS-HighEnd,Aadhaar,Gujarat,0,0,0,134,consent_sign,3.5,0,2026-01-22 12:22:00
S005039,3E84455F,Android-MidTier,PAN,Maharashtra,0,0,0,30,phone_otp,0.0,1,2026-01-24 05:27:00
S005040,51A0BD7C,Android-MidTier,PAN,Delhi,0,0,0,3,registration,0.0,1,2026-02-16 23:22:00
S005041,1AB88733,iOS-HighEnd,Aadhaar,Tamil Nadu,0,0,0,153,consent_sign,3.5,0,2026-01-14 13:24:00
S005042,692C6843,Android-MidTier,Aadhaar,Delhi,0,0,0,137,consent_sign,3.5,0,2026-02-13 18:33:00
S005043,7C781B98,iOS-HighEnd,Aadhaar,Karnataka,0,0,0,113,consent_sign,3.5,0,2026-01-22 15:06:00
S005044,E97C0EA5,Android-MidTier,Driving License,Karnataka,0,0,1,165,consent_sign,3.5,0,2026-01-04 17:22:00
S005045,855FECC6,Android-MidTier,Passport,West Bengal,0,0,0,153,consent_sign,3.5,0,2026-02-12 07:40:00
S005046,8D8F2868,iOS-HighEnd,Aadhaar,Gujarat,0,0,0,153,consent_sign,3.5,0,2026-02-15 05:13:00
S005047,B993C041,Android-Budget,Driving License,Gujarat,2,0,2,134,doc_upload,3.0,1,2026-01-22 15:54:00
S005048,092E9FAB,Android-Budget,Driving License,Tamil Nadu,0,1,1,138,consent_sign,5.5,0,2026-01-10 15:33:00
S005049,70B6052F,Android-MidTier,Aadhaar,Tamil Nadu,0,0,0,114,consent_sign,3.5,0,2026-02-15 06:25:00
S005050,F3FAC150,Android-MidTier,Aadhaar,Gujarat,0,0,0,34,doc_upload,0.0,1,2026-02-11 16:19:00
S005051,D61968AA,iOS-HighEnd,PAN,Karnataka,0,0,0,155,consent_sign,3.5,0,2026-02-09 15:10:00
S005052,9696E833,Android-MidTier,Aadhaar,Maharashtra,0,0,0,27,phone_otp,0.0,1,2026-02-07 10:45:00
S005053,F710900B,Android-Budget,Passport,West Bengal,0,0,0,171,consent_sign,3.5,0,2026-02-08 12:08:00
S005054,DAC5609E,iOS-HighEnd,Driving License,Maharashtra,0,0,0,131,consent_sign,3.5,0,2026-01-15 16:52:00
S005055,04D340E8,Android-MidTier,PAN,West Bengal,0,1,1,162,consent_sign,5.5,0,2026-01-13 02:53:00
S005056,71AB4711,Android-MidTier,Passport,Delhi,1,0,1,190,consent_sign,5.0,0,2026-01-20 12:49:00
S005057,611B92AB,Android-MidTier,Driving License,Maharashtra,2,0,2,118,doc_upload,3.0,1,2026-02-18 13:25:00
S005058,88516447,Android-MidTier,Passport,Maharashtra,0,0,0,128,consent_sign,3.5,0,2026-01-10 14:31:00
S005059,0803AD31,Android-MidTier,PAN,Karnataka,0,1,1,157,consent_sign,5.5,0,2026-01-23 13:44:00
S005060,EFEDE7BB,iOS-HighEnd,Aadhaar,Delhi,0,0,0,124,consent_sign,3.5,0,2026-02-01 05:44:00
S005061,C125798E,Android-MidTier,Driving License,Karnataka,0,0,0,132,consent_sign,3.5,0,2026-01-17 23:37:00
S005062,D4022243,Android-MidTier,Aadhaar,Gujarat,0,0,0,101,consent_sign,3.5,0,2026-01-26 00:14:00
S005063,C0D978E7,iOS-HighEnd,Passport,Tamil Nadu,0,0,0,127,consent_sign,3.5,0,2026-01-03 01:22:00
S005064,07001750,iOS-HighEnd,Driving License,Maharashtra,1,0,1,224,consent_sign,5.0,0,2026-02-15 05:16:00
S005065,9F1C9FD4,Android-MidTier,Passport,Delhi,0,0,1,49,phone_otp,0.0,1,2026-01-17 21:43:00
S005066,C8594DFB,Android-MidTier,Aadhaar,Karnataka,0,1,1,123,liveness_check,3.5,1,2026-01-08 01:56:00
S005067,C09D557F,Android-MidTier,Aadhaar,West Bengal,0,0,0,145,consent_sign,3.5,0,2026-01-29 09:56:00
S005068,8DA4AFBE,iOS-HighEnd,PAN,West Bengal,0,0,0,85,consent_sign,3.5,1,2026-02-02 05:19:00
S005069,EEB687C3,iOS-HighEnd,Driving License,Delhi,0,1,1,146,consent_sign,5.5,0,2026-01-28 02:02:00
S005070,FDAB0AFA,Android-MidTier,Driving License,West Bengal,0,0,0,149,consent_sign,3.5,0,2026-01-03 17:38:00
S005071,6C8073B7,Android-MidTier,Aadhaar,Tamil Nadu,0,0,0,110,consent_sign,3.5,0,2026-02-21 18:21:00
S005072,C4DDFE54,iOS-HighEnd,PAN,Tamil Nadu,0,1,1,192,consent_sign,5.5,0,2026-01-16 00:22:00
S005073,F5D68C8F,Android-MidTier,PAN,Delhi,0,1,1,164,consent_sign,5.5,0,2026-02-03 00:04:00
S005074,FE1BE3E9,iOS-HighEnd,Passport,Tamil Nadu,0,0,0,121,consent_sign,3.5,0,2026-02-27 16:42:00
S005075,E85FDA55,Android-Budget,PAN,Karnataka,0,1,2,176,consent_sign,5.5,1,2026-02-01 08:49:00
S005076,AEBECA58,iOS-HighEnd,PAN,Karnataka,0,0,0,126,consent_sign,3.5,0,2026-02-01 22:00:00
S005077,FFB1C192,Android-MidTier,Passport,Maharashtra,0,1,1,176,consent_sign,5.5,0,2026-01-28 06:53:00
S005078,4BBB2E9A,iOS-HighEnd,Passport,Karnataka,0,1,1,144,consent_sign,5.5,1,2026-02-10 15:06:00
S005079,09E218A7,iOS-HighEnd,Passport,Gujarat,0,0,0,124,consent_sign,3.5,1,2026-02-09 23:46:00
S005080,44CCA057,iOS-HighEnd,Driving License,Gujarat,0,0,0,54,doc_upload,0.0,1,2026-02-11 22:28:00
S005081,A72D0BF4,Android-MidTier,Driving License,Gujarat,0,1,1,177,consent_sign,5.5,0,2026-01-14 03:15:00
S005082,0328A80D,iOS-HighEnd,Aadhaar,Delhi,0,0,1,137,consent_sign,3.5,0,2026-02-17 05:18:00
S005083,A928A5B2,Android-MidTier,Driving License,West Bengal,0,2,2,136,liveness_check,5.5,1,2026-02-24 13:17:00
S005084,D8FBD542,iOS-HighEnd,PAN,Maharashtra,0,2,2,137,liveness_check,5.5,1,2026-02-22 12:27:00
S005085,046B96F9,Android-MidTier,Passport,Karnataka,0,0,0,138,consent_sign,3.5,0,2026-02-20 10:33:00
S005086,09791408,iOS-HighEnd,Passport,Karnataka,0,0,0,105,consent_sign,3.5,0,2026-01-14 07:35:00
S005087,A34321BF,iOS-HighEnd,Passport,Delhi,0,0,1,196,consent_sign,3.5,0,2026-02-11 02:00:00
S005088,689AB92D,Android-MidTier,PAN,Karnataka,0,0,1,136,consent_sign,3.5,0,2026-01-24 04:56:00
S005089,145D2F7E,iOS-HighEnd,PAN,Gujarat,0,1,1,106,liveness_check,3.5,1,2026-03-01 13:06:00
S005090,8D2BB00B,iOS-HighEnd,Aadhaar,Maharashtra,0,0,1,130,consent_sign,3.5,0,2026-02-08 21:04:00
S005091,70C0A4F6,Android-MidTier,PAN,West Bengal,0,0,0,141,consent_sign,3.5,0,2026-02-06 02:12:00
S005092,C96782FB,iOS-HighEnd,Aadhaar,West Bengal,0,0,0,101,consent_sign,3.5,0,2026-01-16 17:47:00
S005093,7EB3A98F,Android-Budget,Driving License,Gujarat,1,1,3,168,liveness_check,5.0,1,2026-03-01 09:51:00
S005094,2CABB9AD,iOS-HighEnd,Aadhaar,Karnataka,0,0,0,137,consent_sign,3.5,0,2026-01-11 10:11:00
S005095,A7EE2F23,iOS-HighEnd,PAN,Gujarat,0,0,0,90,consent_sign,3.5,1,2026-01-05 20:00:00
S005096,A793EB81,iOS-HighEnd,Passport,Tamil Nadu,1,0,1,74,doc_upload,1.5,1,2026-02-09 15:19:00
S005097,81B85934,Android-MidTier,Passport,Delhi,0,0,0,148,consent_sign,3.5,0,2026-01-08 21:59:00
S005098,513CD464,Android-Budget,Driving License,Delhi,0,0,0,163,consent_sign,3.5,0,2026-01-10 05:00:00
S005099,3A5B171C,iOS-HighEnd,Driving License,Karnataka,0,0,0,120,consent_sign,3.5,0,2026-01-23 22:43:00
S005100,FDF1D205,Android-MidTier,PAN,Maharashtra,0,0,0,135,consent_sign,3.5,0,2026-02-25 06:02:00
S005101,0420521E,Android-MidTier,Driving License,Karnataka,0,2,2,142,consent_sign,7.5,0,2026-02-02 22:19:00
S005102,D972C236,Android-Budget,Aadhaar,Delhi,1,2,4,245,consent_sign,9.0,1,2026-01-20 11:23:00
S005103,0B73A040,Android-MidTier,Passport,Delhi,0,0,1,150,consent_sign,3.5,0,2026-01-19 01:13:00
S005104,1BF2235C,iOS-HighEnd,Aadhaar,Delhi,0,0,1,161,consent_sign,3.5,0,2026-01-19 16:34:00
S005105,1CF98855,Android-Budget,Passport,Karnataka,0,2,2,143,liveness_check,5.5,1,2026-01-20 03:24:00
S005106,343C1752,iOS-HighEnd,Passport,Delhi,0,0,0,126,consent_sign,3.5,0,2026-01-01 19:25:00
S005107,D44260D2,iOS-HighEnd,PAN,Delhi,0,0,0,117,consent_sign,3.5,0,2026-02-06 08:49:00
S005108,1246D2A5,Android-Budget,PAN,Tamil Nadu,1,1,3,211,consent_sign,7.0,0,2026-02-26 10:31:00
S005109,4878383A,iOS-HighEnd,Driving License,Karnataka,0,0,0,116,consent_sign,3.5,0,2026-01-15 14:38:00
S005110,9B622C0A,iOS-HighEnd,Aadhaar,Delhi,1,0,1,203,consent_sign,5.0,0,2026-01-29 20:37:00
S005111,F9A013BE,Android-MidTier,Passport,Tamil Nadu,0,1,1,124,liveness_check,3.5,1,2026-02-28 18:33:00
S005112,5FED5CB7,Android-Budget,Aadhaar,Maharashtra,0,3,3,171,liveness_check,7.5,1,2026-02-17 14:34:00
S005113,4B47B715,Android-MidTier,PAN,Tamil Nadu,0,1,1,145,consent_sign,5.5,0,2026-02-17 09:10:00
S005114,5E4908C8,Android-MidTier,Driving License,Delhi,0,0,0,110,consent_sign,3.5,1,2026-02-22 22:26:00
S005115,266A8B90,Android-MidTier,Aadhaar,Gujarat,1,0,1,201,consent_sign,5.0,0,2026-01-14 01:08:00
S005116,1B3206F0,Android-MidTier,Aadhaar,Delhi,1,1,2,197,consent_sign,7.0,0,2026-01-06 11:00:00
S005117,5027B309,Android-MidTier,Aadhaar,Maharashtra,0,0,0,2,registration,0.0,1,2026-01-08 01:26:00
S005118,BDF68EB0,iOS-HighEnd,Aadhaar,Delhi,0,0,0,121,consent_sign,3.5,0,2026-01-06 05:11:00
S005119,B67CB2AC,iOS-HighEnd,Driving License,Karnataka,0,0,0,125,consent_sign,3.5,0,2026-02-16 15:30:00
S005120,60FBA34C,iOS-HighEnd,Passport,Tamil Nadu,0,0,0,119,consent_sign,3.5,0,2026-02-10 06:02:00
S005121,A8350A40,iOS-HighEnd,Passport,Karnataka,0,0,0,136,consent_sign,3.5,0,2026-02-19 09:36:00
S005122,C33A8761,iOS-HighEnd,PAN,Tamil Nadu,0,0,0,150,consent_sign,3.5,0,2026-02-19 20:10:00
S005123,F486A251,Android-MidTier,Passport,Tamil Nadu,0,0,0,129,consent_sign,3.5,0,2026-02-24 15:13:00
S005124,FE08A540,iOS-HighEnd,Passport,Gujarat,0,1,1,147,consent_sign,5.5,0,2026-01-21 04:55:00
S005125,FF70ABAA,iOS-HighEnd,Passport,Maharashtra,0,0,0,139,consent_sign,3.5,0,2026-02-04 11:31:00
S005126,BBE43AA7,iOS-HighEnd,PAN,Delhi,0,0,1,135,consent_sign,3.5,1,2026-01-03 06:50:00
S005127,1F09BD6B,iOS-HighEnd,Passport,Maharashtra,0,1,1,186,consent_sign,5.5,0,2026-01-14 13:16:00
S005128,CC5732F2,iOS-HighEnd,PAN,West Bengal,0,0,0,135,consent_sign,3.5,0,2026-02-04 13:59:00
S005129,A8C12F22,Android-Budget,Driving License,Karnataka,0,1,1,153,consent_sign,5.5,0,2026-02-21 13:27:00
S005130,5122F001,Android-Budget,PAN,West Bengal,2,0,2,157,doc_upload,3.0,1,2026-01-21 14:27:00
S005131,93432C76,Android-MidTier,Driving License,Tamil Nadu,0,0,0,98,consent_sign,3.5,0,2026-01-14 00:25:00
S005132,5424AAE4,Android-MidTier,Passport,Karnataka,2,0,2,204,consent_sign,6.5,0,2026-02-11 03:36:00
S005133,FA3BC921,Android-Budget,Aadhaar,Gujarat,0,0,0,122,consent_sign,3.5,0,2026-02-07 15:50:00
S005134,5097CE46,Android-MidTier,PAN,Karnataka,0,0,0,125,consent_sign,3.5,0,2026-02-23 22:05:00
S005135,B16D3DA7,iOS-HighEnd,PAN,Karnataka,0,0,0,109,consent_sign,3.5,0,2026-01-31 23:18:00
S005136,F525D556,iOS-HighEnd,PAN,Tamil Nadu,0,0,0,151,consent_sign,3.5,0,2026-01-13 10:31:00
S005137,14669189,Android-MidTier,Aadhaar,Delhi,0,1,1,169,consent_sign,5.5,1,2026-01-02 05:48:00
S005138,1391D18A,Android-Budget,Aadhaar,Gujarat,0,2,2,207,consent_sign,7.5,0,2026-02-18 09:01:00
S005139,7BF18CF4,Android-MidTier,Driving License,West Bengal,0,1,1,122,consent_sign,5.5,0,2026-01-04 22:11:00
S005140,C94B3A6F,iOS-HighEnd,Driving License,Tamil Nadu,0,0,0,111,consent_sign,3.5,0,2026-02-19 10:25:00
S005141,D3EC1562,Android-MidTier,Passport,West Bengal,0,0,1,42,phone_otp,0.0,1,2026-01-20 06:42:00
S005142,ECFBC936,iOS-HighEnd,PAN,Karnataka,0,0,0,138,consent_sign,3.5,1,2026-02-25 09:51:00
S005143,E8C5A3B0,iOS-HighEnd,Aadhaar,Tamil Nadu,0,0,0,90,consent_sign,3.5,0,2026-02-07 07:18:00
S005144,AA7898AA,Android-MidTier,Aadhaar,Delhi,0,0,0,157,consent_sign,3.5,0,2026-02-19 09:41:00
S005145,CBBD3732,Android-Budget,Aadhaar,Maharashtra,0,0,0,39,doc_upload,0.0,1,2026-01-31 13:54:00
S005146,1E32E3E1,Android-MidTier,Driving License,Delhi,1,0,1,221,consent_sign,5.0,0,2026-01-16 18:29:00
S005147,81496136,Android-MidTier,Passport,Tamil Nadu,0,0,0,126,consent_sign,3.5,0,2026-01-08 11:03:00
S005148,7E83E815,Android-Budget,Passport,Gujarat,0,0,0,151,consent_sign,3.5,0,2026-02-23 05:30:00
S005149,32B6F533,iOS-HighEnd,Driving License,Maharashtra,0,0,0,139,consent_sign,3.5,0,2026-01-11 08:34:00
S005150,743DE03A,Android-MidTier,Aadhaar,West Bengal,1,0,1,83,doc_upload,1.5,1,2026-01-28 21:48:00
S005151,6B2B0C27,Android-MidTier,Aadhaar,West Bengal,0,0,1,152,consent_sign,3.5,0,2026-02-16 00:57:00
S005152,B61D1F43,Android-MidTier,Aadhaar,Delhi,0,0,1,146,consent_sign,3.5,0,2026-02-17 08:40:00
S005153,19DAD534,Android-Budget,Passport,West Bengal,0,0,0,4,registration,0.0,1,2026-02-16 05:45:00
S005154,D577C131,Android-Budget,Driving License,Maharashtra,0,0,0,121,consent_sign,3.5,0,2026-01-07 18:27:00
S005155,2ABC4B2F,iOS-HighEnd,PAN,Tamil Nadu,0,0,0,128,consent_sign,3.5,0,2026-02-09 21:16:00
S005156,83D04BAC,Android-MidTier,Passport,Delhi,0,0,0,137,consent_sign,3.5,0,2026-01-27 11:37:00
S005157,635B729C,Android-MidTier,Driving License,Maharashtra,0,0,0,165,consent_sign,3.5,0,2026-01-08 21:53:00
S005158,20A0C244,Android-Budget,PAN,Maharashtra,2,0,2,133,doc_upload,3.0,1,2026-02-28 17:44:00
S005159,3DCEAD91,Android-Budget,Driving License,Maharashtra,0,0,0,1,registration,0.0,1,2026-02-03 01:24:00
S005160,5639117A,iOS-HighEnd,PAN,Tamil Nadu,0,0,0,147,consent_sign,3.5,0,2026-02-14 14:57:00
S005161,562E121F,iOS-HighEnd,Passport,Maharashtra,0,0,0,132,consent_sign,3.5,0,2026-02-09 00:03:00
S005162,1B96EE81,iOS-HighEnd,Driving License,Karnataka,0,0,0,114,consent_sign,3.5,0,2026-01-16 22:17:00
S005163,12E1725B,Android-Budget,Driving License,Karnataka,2,0,2,231,consent_sign,6.5,0,2026-02-24 16:50:00
S005164,F32DE530,iOS-HighEnd,Passport,Delhi,0,0,0,151,consent_sign,3.5,0,2026-01-21 16:26:00
S005165,A17E34B0,Android-Budget,PAN,Gujarat,0,0,0,121,consent_sign,3.5,0,2026-02-09 16:32:00
S005166,6F8963B3,iOS-HighEnd,PAN,Maharashtra,0,0,0,110,consent_sign,3.5,1,2026-01-07 23:00:00
S005167,B33AA6B9,Android-Budget,Passport,West Bengal,1,0,1,214,consent_sign,5.0,0,2026-02-26 09:44:00
S005168,B944E469,iOS-HighEnd,Aadhaar,Gujarat,0,0,0,147,consent_sign,3.5,0,2026-01-07 11:05:00
S005169,D1F2789B,iOS-HighEnd,Aadhaar,Delhi,0,0,0,163,consent_sign,3.5,0,2026-01-04 01:51:00
S005170,26FA466B,iOS-HighEnd,Passport,Gujarat,0,0,0,178,consent_sign,3.5,0,2026-01-26 04:55:00
S005171,97D20300,iOS-HighEnd,PAN,Tamil Nadu,0,0,1,171,consent_sign,3.5,0,2026-01-10 17:14:00
S005172,741A5B09,Android-Budget,PAN,Maharashtra,0,1,1,150,consent_sign,5.5,0,2026-02-11 17:44:00
S005173,2D3DAB8A,iOS-HighEnd,Passport,Delhi,0,0,0,132,consent_sign,3.5,0,2026-02-25 20:22:00
S005174,47802D60,Android-Budget,Driving License,Karnataka,0,1,2,139,liveness_check,3.5,1,2026-02-08 04:46:00
S005175,3B759FAA,iOS-HighEnd,Driving License,Tamil Nadu,0,0,0,108,consent_sign,3.5,0,2026-02-23 00:07:00
S005176,0C5C9940,iOS-HighEnd,Aadhaar,Maharashtra,0,0,0,154,consent_sign,3.5,0,2026-01-23 14:35:00
S005177,8673173A,iOS-HighEnd,Aadhaar,Tamil Nadu,0,0,0,20,phone_otp,0.0,1,2026-02-18 13:40:00
S005178,ED944378,iOS-HighEnd,Aadhaar,Karnataka,0,0,0,125,consent_sign,3.5,0,2026-01-16 04:47:00
S005179,62524390,iOS-HighEnd,Passport,Karnataka,0,2,2,186,consent_sign,7.5,0,2026-02-28 16:36:00
S005180,F41978CD,iOS-HighEnd,Aadhaar,Tamil Nadu,0,0,0,98,consent_sign,3.5,0,2026-01-20 20:19:00
S005181,F1EEF895,iOS-HighEnd,PAN,Karnataka,0,0,0,111,consent_sign,3.5,0,2026-02-14 07:00:00
S005182,BB21D347,Android-MidTier,Aadhaar,Gujarat,0,0,0,146,consent_sign,3.5,0,2026-01-09 06:19:00
S005183,473BCCD4,Android-MidTier,PAN,Karnataka,0,0,0,148,consent_sign,3.5,0,2026-02-27 20:36:00
S005184,507A61A9,Android-MidTier,Aadhaar,Karnataka,0,0,0,146,consent_sign,3.5,0,2026-02-18 02:45:00
S005185,2A6445D3,iOS-HighEnd,Passport,Tamil Nadu,0,0,0,129,consent_sign,3.5,0,2026-02-06 12:12:00
S005186,7C9428AF,Android-Budget,PAN,Karnataka,0,1,1,145,consent_sign,5.5,0,2026-02-16 18:30:00
S005187,2B589B3F,Android-Budget,Driving License,Maharashtra,1,0,1,141,consent_sign,5.0,0,2026-02-11 08:04:00
S005188,4269F091,iOS-HighEnd,Driving License,Maharashtra,0,0,0,148,consent_sign,3.5,0,2026-01-28 13:36:00
S005189,1B2AA4E4,Android-MidTier,Aadhaar,West Bengal,0,0,0,146,consent_sign,3.5,0,2026-01-18 13:29:00
S005190,47543604,Android-Budget,Aadhaar,Gujarat,0,0,0,36,doc_upload,0.0,1,2026-01-10 18:21:00
S005191,8D5A9549,Android-MidTier,Passport,West Bengal,0,1,1,111,liveness_check,3.5,1,2026-01-09 17:18:00
S005192,2B39E995,Android-MidTier,Passport,West Bengal,0,0,0,27,doc_upload,0.0,1,2026-01-11 13:05:00
S005193,0A2CBB1B,iOS-HighEnd,Passport,Tamil Nadu,0,0,0,126,consent_sign,3.5,0,2026-02-07 15:17:00
S005194,89B4DB80,Android-Budget,Passport,West Bengal,0,0,0,3,registration,0.0,1,2026-02-01 19:58:00
S005195,7D058C07,Android-MidTier,Driving License,Maharashtra,0,0,0,168,consent_sign,3.5,0,2026-01-21 22:16:00
S005196,5E9A35CF,iOS-HighEnd,PAN,West Bengal,0,0,0,158,consent_sign,3.5,0,2026-02-13 08:05:00
S005197,F2A83FAA,Android-MidTier,Aadhaar,West Bengal,0,0,1,121,consent_sign,3.5,1,2026-02-08 06:46:00
S005198,71E007B0,Android-MidTier,Passport,Tamil Nadu,0,0,0,86,consent_sign,3.5,1,2026-01-10 09:25:00
S005199,742F790E,iOS-HighEnd,Passport,Maharashtra,1,0,1,153,consent_sign,5.0,0,2026-01-14 14:24:00
S005200,B75C3825,Android-Budget,Aadhaar,West Bengal,0,0,0,136,consent_sign,3.5,0,2026-02-28 08:08:00
S005201,1EB46D3B,iOS-HighEnd,Aadhaar,West Bengal,0,0,1,141,consent_sign,3.5,0,2026-01-04 14:12:00
S005202,7E45FEE4,iOS-HighEnd,Aadhaar,Gujarat,0,0,0,138,consent_sign,3.5,0,2026-02-15 22:12:00
S005203,230681AA,iOS-HighEnd,Driving License,Karnataka,0,0,0,139,consent_sign,3.5,0,2026-01-12 17:56:00
S005204,AB30F1B1,iOS-HighEnd,Driving License,Karnataka,0,0,0,119,consent_sign,3.5,0,2026-01-16 02:12:00
S005205,CDBB6C1F,iOS-HighEnd,Aadhaar,Karnataka,1,0,1,177,consent_sign,5.0,0,2026-01-22 22:09:00
S005206,38F1F1AB,iOS-HighEnd,Passport,Tamil Nadu,0,0,0,127,consent_sign,3.5,0,2026-01-12 14:12:00
S005207,281F45FF,iOS-HighEnd,PAN,Gujarat,0,0,0,29,phone_otp,0.0,1,2026-01-04 00:29:00
S005208,7416386B,Android-MidTier,Passport,Tamil Nadu,0,0,0,120,consent_sign,3.5,0,2026-01-20 16:10:00
S005209,AC0D8818,Android-MidTier,PAN,Tamil Nadu,0,0,0,148,consent_sign,3.5,0,2026-02-04 09:49:00
S005210,B01CAD4E,iOS-HighEnd,PAN,Gujarat,0,0,0,130,consent_sign,3.5,0,2026-01-22 10:11:00
S005211,09D1C11F,iOS-HighEnd,Aadhaar,Delhi,0,0,0,146,consent_sign,3.5,0,2026-01-04 16:47:00
S005212,B481ACDE,iOS-HighEnd,Aadhaar,Karnataka,0,0,0,134,consent_sign,3.5,0,2026-02-14 18:08:00
S005213,30BDF7BE,iOS-HighEnd,Driving License,Tamil Nadu,0,0,0,36,doc_upload,0.0,1,2026-03-01 00:43:00
S005214,D66F3FFF,Android-MidTier,PAN,Tamil Nadu,0,0,0,123,consent_sign,3.5,0,2026-02-22 07:27:00
S005215,F2FDA085,Android-MidTier,Driving License,West Bengal,0,0,0,87,consent_sign,3.5,0,2026-01-16 21:14:00
S005216,3EF433DF,Android-MidTier,Driving License,Maharashtra,0,0,0,97,consent_sign,3.5,0,2026-01-23 17:29:00
S005217,DF42EABD,Android-Budget,Aadhaar,Tamil Nadu,0,0,0,4,registration,0.0,1,2026-02-18 10:04:00
S005218,3217F93C,iOS-HighEnd,Aadhaar,Karnataka,0,0,0,142,consent_sign,3.5,0,2026-02-06 07:50:00
S005219,7C08A960,iOS-HighEnd,PAN,West Bengal,0,0,0,144,consent_sign,3.5,0,2026-01-28 09:51:00
S005220,7F297630,iOS-HighEnd,PAN,West Bengal,0,0,0,3,registration,0.0,1,2026-03-01 06:53:00
S005221,A2807710,Android-MidTier,PAN,Gujarat,0,0,0,136,consent_sign,3.5,0,2026-02-17 11:30:00
S005222,842CA512,Android-Budget,Aadhaar,Tamil Nadu,0,2,2,212,consent_sign,7.5,0,2026-01-30 14:45:00
S005223,36D5187B,Android-MidTier,Aadhaar,Tamil Nadu,1,0,2,100,doc_upload,1.5,1,2026-01-06 10:02:00
S005224,7D9DEF75,Android-MidTier,Passport,West Bengal,0,0,1,144,consent_sign,3.5,0,2026-02-19 06:18:00
S005225,B5C1F027,Android-Budget,Aadhaar,Gujarat,0,0,1,164,consent_sign,3.5,0,2026-01-11 17:10:00
S005226,B01F90E7,iOS-HighEnd,Aadhaar,Maharashtra,0,0,0,128,consent_sign,3.5,0,2026-02-19 19:26:00
S005227,A18AF1FD,Android-MidTier,Aadhaar,Karnataka,0,0,0,3,registration,0.0,1,2026-02-14 11:04:00
S005228,5944A69C,iOS-HighEnd,Passport,Maharashtra,0,0,0,118,consent_sign,3.5,0,2026-01-31 03:39:00
S005229,F44F5031,iOS-HighEnd,PAN,Karnataka,0,0,0,107,consent_sign,3.5,0,2026-01-25 07:38:00
S005230,D73794D5,Android-MidTier,Passport,Karnataka,0,0,0,137,consent_sign,3.5,0,2026-01-17 02:03:00
S005231,AB00764E,iOS-HighEnd,Driving License,West Bengal,0,0,2,157,consent_sign,3.5,0,2026-02-15 01:19:00
S005232,A1497B65,Android-MidTier,Driving License,Tamil Nadu,0,0,0,109,consent_sign,3.5,0,2026-01-02 13:08:00
S005233,8B1D2284,Android-MidTier,Passport,Karnataka,1,0,1,150,consent_sign,5.0,0,2026-02-16 23:13:00
S005234,380BD4CB,iOS-HighEnd,Driving License,Maharashtra,0,0,0,129,consent_sign,3.5,0,2026-01-03 12:31:00
S005235,E595E3FA,Android-Budget,Passport,Delhi,1,0,1,80,doc_upload,1.5,1,2026-02-13 21:28:00
S005236,6B6A838E,iOS-HighEnd,PAN,Tamil Nadu,0,0,1,156,consent_sign,3.5,0,2026-01-25 16:07:00
S005237,3F555C7D,Android-MidTier,Passport,West Bengal,0,0,0,4,registration,0.0,1,2026-02-25 08:00:00
S005238,2D1B143E,Android-MidTier,Aadhaar,Maharashtra,0,0,0,2,registration,0.0,1,2026-01-31 09:32:00
S005239,A91DECB2,Android-MidTier,PAN,Gujarat,0,0,0,144,consent_sign,3.5,0,2026-02-22 02:01:00
S005240,65E92E49,iOS-HighEnd,Driving License,Delhi,0,0,0,128,consent_sign,3.5,0,2026-02-27 19:49:00
S005241,E1D5FCEA,iOS-HighEnd,PAN,Gujarat,0,0,0,111,consent_sign,3.5,0,2026-02-24 07:51:00
S005242,DD2FB568,iOS-HighEnd,Aadhaar,West Bengal,0,0,0,52,doc_upload,0.0,1,2026-01-04 17:28:00
S005243,AFEDC6C3,iOS-HighEnd,PAN,West Bengal,0,0,0,3,registration,0.0,1,2026-01-13 01:53:00
S005244,4496A883,iOS-HighEnd,Driving License,West Bengal,0,0,0,97,consent_sign,3.5,0,2026-02-16 04:16:00
S005245,D9DA5F47,Android-Budget,Aadhaar,Tamil Nadu,0,0,0,144,consent_sign,3.5,0,2026-02-09 16:21:00
S005246,8FF01845,Android-Budget,Driving License,Karnataka,0,0,0,34,phone_otp,0.0,1,2026-02-02 09:17:00
S005247,ACCC1507,iOS-HighEnd,PAN,West Bengal,0,0,0,163,consent_sign,3.5,0,2026-02-05 02:23:00
S005248,CF1CA021,Android-Budget,Passport,Karnataka,1,2,3,184,liveness_check,7.0,1,2026-01-09 22:41:00
S005249,42BD31C4,Android-MidTier,Driving License,Maharashtra,0,0,0,139,consent_sign,3.5,0,2026-01-19 17:33:00
S005250,7C4A14CF,iOS-HighEnd,Passport,Tamil Nadu,1,0,1,114,doc_upload,1.5,1,2026-02-16 10:21:00
S005251,A2E25753,Android-MidTier,Aadhaar,Tamil Nadu,0,0,0,119,consent_sign,3.5,0,2026-01-27 10:36:00
S005252,72984BB6,Android-Budget,PAN,Karnataka,0,0,0,16,phone_otp,0.0,1,2026-01-04 04:57:00
S005253,E028C315,iOS-HighEnd,Passport,Karnataka,0,0,0,131,consent_sign,3.5,0,2026-01-05 01:17:00
S005254,C790B84C,Android-MidTier,PAN,Delhi,0,0,0,141,consent_sign,3.5,0,2026-01-07 15:40:00
S005255,F7DF9BAF,iOS-HighEnd,Aadhaar,Delhi,0,0,0,152,consent_sign,3.5,0,2026-02-07 19:02:00
S005256,21144198,iOS-HighEnd,Passport,Tamil Nadu,0,0,0,127,consent_sign,3.5,0,2026-02-20 08:19:00
S005257,F34574AE,Android-Budget,Driving License,Maharashtra,0,2,3,215,consent_sign,7.5,0,2026-01-21 22:53:00
S005258,61127927,iOS-HighEnd,Passport,Gujarat,0,0,0,112,consent_sign,3.5,0,2026-02-09 09:03:00
S005259,55525E11,Android-MidTier,Aadhaar,Gujarat,0,0,0,136,consent_sign,3.5,0,2026-01-02 19:01:00
S005260,C4196C8A,Android-MidTier,PAN,Delhi,0,0,0,134,consent_sign,3.5,0,2026-01-07 12:46:00
S005261,0C995E2D,Android-Budget,Driving License,West Bengal,0,0,0,145,consent_sign,3.5,0,2026-01-12 05:46:00
S005262,8914BC96,iOS-HighEnd,Driving License,Tamil Nadu,0,0,0,139,consent_sign,3.5,0,2026-02-23 04:14:00
S005263,D690EFA9,Android-MidTier,Passport,Delhi,0,0,0,126,consent_sign,3.5,0,2026-02-18 12:28:00
S005264,B7C315A2,Android-MidTier,Driving License,Maharashtra,0,0,0,138,consent_sign,3.5,0,2026-01-11 16:30:00
S005265,2951C8A7,Android-MidTier,Driving License,West Bengal,0,0,1,123,consent_sign,3.5,0,2026-01-16 06:27:00
S005266,69D445F3,Android-Budget,Driving License,Delhi,0,0,0,141,consent_sign,3.5,0,2026-01-03 23:05:00
S005267,3FAB0C74,Android-Budget,Aadhaar,West Bengal,3,0,3,210,doc_upload,4.5,1,2026-02-01 14:30:00
S005268,D8718196,Android-MidTier,PAN,Gujarat,0,0,0,115,consent_sign,3.5,0,2026-01-29 04:21:00
S005269,86CC556B,iOS-HighEnd,PAN,Delhi,0,0,0,108,consent_sign,3.5,0,2026-01-06 18:58:00
S005270,CA957C2E,Android-MidTier,PAN,Gujarat,0,0,0,123,consent_sign,3.5,0,2026-01-27 03:02:00
S005271,4878917A,iOS-HighEnd,Driving License,Delhi,1,0,1,195,consent_sign,5.0,0,2026-02-13 21:33:00
S005272,A1AD9F14,Android-Budget,Aadhaar,West Bengal,0,1,1,210,consent_sign,5.5,0,2026-01-15 03:54:00
S005273,08A5AD03,Android-MidTier,Passport,Maharashtra,1,0,1,87,doc_upload,1.5,1,2026-02-19 07:20:00
S005274,D0207EDE,Android-Budget,Driving License,Maharashtra,0,1,1,122,liveness_check,3.5,1,2026-02-25 15:58:00
S005275,66979D0F,iOS-HighEnd,Driving License,Delhi,0,1,1,181,consent_sign,5.5,0,2026-02-20 21:14:00
S005276,E06A46B2,iOS-HighEnd,Driving License,Delhi,0,0,0,112,consent_sign,3.5,0,2026-02-27 20:01:00
S005277,13974770,Android-MidTier,PAN,Delhi,0,0,0,156,consent_sign,3.5,0,2026-02-07 17:30:00
S005278,B417DEE1,iOS-HighEnd,Passport,Delhi,0,2,2,117,liveness_check,5.5,1,2026-01-27 08:35:00
S005279,0528D309,Android-MidTier,PAN,Tamil Nadu,2,0,2,248,consent_sign,6.5,0,2026-01-20 10:08:00
S005280,8AACB783,Android-MidTier,Driving License,West Bengal,0,0,0,20,phone_otp,0.0,1,2026-02-10 09:26:00
S005281,187666EC,iOS-HighEnd,Aadhaar,Maharashtra,1,0,1,205,consent_sign,5.0,0,2026-02-05 23:53:00
S005282,6420B22A,Android-Budget,PAN,Delhi,0,2,3,196,consent_sign,7.5,0,2026-01-23 11:56:00
S005283,DBFB491A,iOS-HighEnd,Aadhaar,Tamil Nadu,0,0,1,28,registration,0.0,1,2026-01-06 03:38:00
S005284,6CD6CEDF,Android-MidTier,Aadhaar,Delhi,0,0,0,3,registration,0.0,1,2026-02-07 00:07:00
S005285,4D59F68E,Android-Budget,Driving License,Gujarat,1,0,2,125,doc_upload,1.5,1,2026-02-17 04:15:00
S005286,198493CE,Android-MidTier,Aadhaar,Maharashtra,0,0,0,170,consent_sign,3.5,0,2026-01-05 12:47:00
S005287,9381EBB3,iOS-HighEnd,Passport,Tamil Nadu,0,0,0,129,consent_sign,3.5,0,2026-02-25 03:23:00
S005288,6DF5FA4A,Android-MidTier,Aadhaar,Gujarat,0,0,0,146,consent_sign,3.5,0,2026-01-11 14:47:00
S005289,68054A24,iOS-HighEnd,Passport,Karnataka,0,0,0,128,consent_sign,3.5,1,2026-01-23 03:37:00
S005290,48CFF1DA,iOS-HighEnd,Driving License,Karnataka,0,0,0,4,registration,0.0,1,2026-02-19 19:32:00
S005291,81B01CA4,iOS-HighEnd,Driving License,Tamil Nadu,0,0,0,155,consent_sign,3.5,0,2026-02-03 02:19:00
S005292,FE3F5662,Android-MidTier,PAN,Gujarat,0,0,1,156,consent_sign,3.5,0,2026-02-16 02:02:00
S005293,F392B60B,Android-Budget,Driving License,Tamil Nadu,0,0,2,159,consent_sign,3.5,0,2026-01-23 09:30:00
S005294,B6EEA1CF,Android-MidTier,Aadhaar,Delhi,0,0,1,144,consent_sign,3.5,0,2026-01-19 22:46:00
S005295,93EFE8F0,Android-MidTier,Aadhaar,West Bengal,0,0,0,149,consent_sign,3.5,0,2026-01-26 09:36:00
S005296,C56DBE29,Android-Budget,Driving License,West Bengal,0,0,0,143,consent_sign,3.5,0,2026-02-03 00:09:00
S005297,7A0FFA86,iOS-HighEnd,PAN,West Bengal,1,0,1,118,liveness_check,3.0,1,2026-02-07 09:09:00
S005298,4F842010,Android-MidTier,Passport,West Bengal,0,0,0,123,consent_sign,3.5,0,2026-02-22 12:30:00
S005299,A1420851,iOS-HighEnd,Passport,Karnataka,0,0,0,138,consent_sign,3.5,0,2026-02-15 12:12:00
S005300,8F962FF2,Android-MidTier,PAN,Maharashtra,1,0,1,107,doc_upload,1.5,1,2026-01-21 13:14:00
S005301,F12D0664,Android-MidTier,PAN,Delhi,0,0,0,135,consent_sign,3.5,0,2026-02-11 22:35:00
S005302,1579BC24,iOS-HighEnd,PAN,Karnataka,0,0,0,113,consent_sign,3.5,0,2026-01-24 22:55:00
S005303,D68BC80F,iOS-HighEnd,PAN,Gujarat,0,0,0,108,consent_sign,3.5,0,2026-02-10 17:22:00
S005304,D6F34D9B,iOS-HighEnd,Aadhaar,Delhi,0,0,0,131,consent_sign,3.5,0,2026-02-04 10:34:00
S005305,0F163AF8,iOS-HighEnd,Driving License,Karnataka,0,0,0,131,consent_sign,3.5,0,2026-01-12 09:45:00
S005306,696F9074,iOS-HighEnd,Aadhaar,Delhi,0,1,2,184,consent_sign,5.5,0,2026-01-05 16:53:00
S005307,D5963842,iOS-HighEnd,Passport,Maharashtra,0,0,0,141,consent_sign,3.5,0,2026-01-27 04:44:00
S005308,B062259E,Android-Budget,Aadhaar,Karnataka,0,3,3,227,consent_sign,7.5,0,2026-01-20 14:39:00
S005309,DF15E667,iOS-HighEnd,Passport,West Bengal,0,0,0,140,consent_sign,3.5,0,2026-02-19 18:25:00
S005310,358FB73F,Android-MidTier,Aadhaar,Karnataka,0,0,1,158,consent_sign,3.5,0,2026-01-07 18:59:00
S005311,7D1D3494,Android-Budget,Driving License,Maharashtra,0,0,1,113,consent_sign,3.5,0,2026-01-03 08:18:00
S005312,F5A02C0A,Android-MidTier,Aadhaar,Tamil Nadu,0,0,1,130,consent_sign,3.5,1,2026-01-04 05:17:00
S005313,761C7A2B,iOS-HighEnd,PAN,Tamil Nadu,0,0,0,134,consent_sign,3.5,0,2026-01-19 11:11:00
S005314,8E07D8FC,iOS-HighEnd,Driving License,Delhi,0,1,1,167,consent_sign,5.5,0,2026-02-26 11:12:00
S005315,BBAA6E4A,Android-Budget,Driving License,Maharashtra,2,0,2,142,doc_upload,3.0,1,2026-02-17 05:54:00
S005316,6CFACECC,iOS-HighEnd,Aadhaar,Gujarat,1,0,1,166,consent_sign,5.0,0,2026-01-25 03:28:00
S005317,209595A4,Android-MidTier,Aadhaar,West Bengal,0,0,0,139,consent_sign,3.5,0,2026-01-11 21:03:00
S005318,851AB93F,Android-MidTier,Passport,Gujarat,0,2,2,170,consent_sign,7.5,0,2026-02-15 08:36:00
S005319,3286AF00,iOS-HighEnd,PAN,Gujarat,0,0,0,160,consent_sign,3.5,0,2026-01-30 13:42:00
S005320,1D191F64,iOS-HighEnd,PAN,Tamil Nadu,0,0,0,101,liveness_check,1.5,1,2026-01-21 16:05:00
S005321,7EC469D8,iOS-HighEnd,PAN,Delhi,0,0,0,157,consent_sign,3.5,0,2026-01-05 06:03:00
S005322,864B789A,Android-MidTier,Passport,West Bengal,0,0,0,28,phone_otp,0.0,1,2026-02-07 09:57:00
S005323,DFCC8EB4,Android-MidTier,Passport,Delhi,1,0,1,208,consent_sign,5.0,0,2026-01-21 05:51:00
S005324,025EC446,iOS-HighEnd,Aadhaar,West Bengal,0,0,1,153,consent_sign,3.5,0,2026-01-29 01:09:00
S005325,FEE91972,Android-MidTier,Driving License,Tamil Nadu,0,1,2,178,consent_sign,5.5,1,2026-02-16 00:10:00
S005326,E15680E9,Android-MidTier,PAN,Maharashtra,0,0,0,105,consent_sign,3.5,0,2026-01-04 22:09:00
S005327,5287E5F4,Android-Budget,Passport,West Bengal,0,0,0,145,consent_sign,3.5,0,2026-01-15 15:41:00
S005328,9055E085,Android-Budget,Passport,Gujarat,0,0,0,112,consent_sign,3.5,0,2026-01-30 03:43:00
S005329,4A4A5612,iOS-HighEnd,Aadhaar,Tamil Nadu,0,0,1,142,consent_sign,3.5,0,2026-02-15 20:32:00
S005330,CD853347,Android-MidTier,PAN,Karnataka,0,0,0,119,consent_sign,3.5,0,2026-01-17 10:23:00
S005331,5F0A74FB,iOS-HighEnd,PAN,Maharashtra,0,0,0,52,doc_upload,0.0,1,2026-01-27 21:09:00
S005332,78DC340B,Android-MidTier,Passport,Maharashtra,1,0,1,87,doc_upload,1.5,1,2026-01-23 12:24:00
S005333,54867DB3,iOS-HighEnd,Aadhaar,Delhi,1,0,1,175,consent_sign,5.0,0,2026-02-05 01:02:00
S005334,FF0614BB,Android-MidTier,Passport,Gujarat,0,0,0,19,phone_otp,0.0,1,2026-02-09 05:45:00
S005335,2A0B83F4,Android-MidTier,Aadhaar,Gujarat,0,0,1,158,consent_sign,3.5,0,2026-02-04 14:42:00
S005336,794F9276,iOS-HighEnd,Aadhaar,Delhi,0,1,1,137,liveness_check,3.5,1,2026-02-04 05:42:00
S005337,2DE1BDA4,iOS-HighEnd,Aadhaar,Gujarat,1,0,1,161,consent_sign,5.0,0,2026-02-27 12:33:00
S005338,FE4995A4,iOS-HighEnd,Passport,Tamil Nadu,0,0,0,133,consent_sign,3.5,0,2026-02-24 02:27:00
S005339,B3932FB8,Android-MidTier,Passport,Maharashtra,0,0,0,118,consent_sign,3.5,0,2026-01-24 20:04:00
S005340,1806699F,Android-MidTier,PAN,Delhi,0,1,1,186,consent_sign,5.5,0,2026-02-18 09:15:00
S005341,183F36DB,Android-Budget,Driving License,Karnataka,0,0,0,150,consent_sign,3.5,0,2026-01-30 04:11:00
S005342,982E2AFD,iOS-HighEnd,Driving License,West Bengal,0,0,0,125,consent_sign,3.5,0,2026-01-25 10:14:00
S005343,A2E768D7,iOS-HighEnd,PAN,Tamil Nadu,0,0,0,116,consent_sign,3.5,1,2026-01-22 23:33:00
S005344,584F218A,Android-Budget,Passport,Maharashtra,0,1,1,210,consent_sign,5.5,0,2026-02-24 20:39:00
S005345,3150E60D,Android-MidTier,Passport,West Bengal,0,1,1,184,consent_sign,5.5,0,2026-01-15 02:27:00
S005346,E958C430,Android-MidTier,Driving License,Delhi,1,0,2,210,consent_sign,5.0,0,2026-01-16 22:15:00
S005347,BAB4EB77,iOS-HighEnd,Aadhaar,Gujarat,0,0,0,119,consent_sign,3.5,0,2026-02-17 17:06:00
S005348,C4596172,Android-MidTier,Passport,Maharashtra,0,0,0,114,consent_sign,3.5,0,2026-02-05 20:28:00
S005349,8FA50E32,iOS-HighEnd,PAN,West Bengal,0,1,1,163,consent_sign,5.5,0,2026-01-27 02:56:00
S005350,33DCD09C,Android-MidTier,Driving License,Karnataka,0,0,0,132,consent_sign,3.5,0,2026-02-15 12:27:00
S005351,1A5CA752,iOS-HighEnd,Aadhaar,Tamil Nadu,1,0,1,156,consent_sign,5.0,0,2026-01-06 10:42:00
S005352,2DA6B974,Android-Budget,Aadhaar,West Bengal,0,0,0,140,consent_sign,3.5,0,2026-01-24 15:39:00
S005353,206FADDB,iOS-HighEnd,Passport,Delhi,0,0,0,134,consent_sign,3.5,0,2026-02-27 19:40:00
S005354,A513964E,Android-MidTier,Passport,Maharashtra,0,0,0,155,consent_sign,3.5,0,2026-01-27 23:52:00
S005355,935E2C27,iOS-HighEnd,Passport,Maharashtra,0,0,0,119,consent_sign,3.5,0,2026-01-30 02:20:00
S005356,9AD28C4A,Android-MidTier,Driving License,Karnataka,0,1,1,166,consent_sign,5.5,0,2026-01-03 12:10:00
S005357,BCBD6EEB,Android-Budget,PAN,Tamil Nadu,0,0,0,165,consent_sign,3.5,0,2026-02-20 19:29:00
S005358,E8C347D0,Android-MidTier,PAN,Delhi,0,0,0,111,consent_sign,3.5,0,2026-01-31 13:03:00
S005359,00AF085D,iOS-HighEnd,Passport,Maharashtra,0,0,0,92,consent_sign,3.5,0,2026-02-27 09:51:00
S005360,3768D6AA,iOS-HighEnd,Driving License,Karnataka,1,0,1,102,doc_upload,1.5,1,2026-01-07 13:49:00
S005361,9D6BA3B5,Android-MidTier,PAN,Tamil Nadu,0,0,0,99,consent_sign,3.5,1,2026-03-01 01:16:00
S005362,79B8023D,Android-Budget,Passport,Karnataka,1,0,1,91,doc_upload,1.5,1,2026-01-22 08:38:00
S005363,13E9E070,iOS-HighEnd,Passport,Tamil Nadu,0,0,0,127,consent_sign,3.5,0,2026-03-01 23:12:00
S005364,2310C9FB,Android-MidTier,Driving License,West Bengal,0,0,0,105,liveness_check,1.5,1,2026-02-25 17:07:00
S005365,6CE763E1,Android-MidTier,PAN,Delhi,0,0,0,145,consent_sign,3.5,0,2026-01-25 19:06:00
S005366,4D747649,Android-Budget,Passport,Karnataka,0,0,0,138,consent_sign,3.5,0,2026-02-20 02:54:00
S005367,3DA34ACA,iOS-HighEnd,Driving License,Karnataka,1,0,1,174,consent_sign,5.0,0,2026-02-26 06:28:00
S005368,C61F98B1,Android-Budget,Aadhaar,Tamil Nadu,2,0,2,184,consent_sign,6.5,0,2026-02-15 14:12:00
S005369,5AE0BB5A,iOS-HighEnd,Aadhaar,Gujarat,0,1,1,156,consent_sign,5.5,0,2026-02-17 10:05:00
S005370,51251262,iOS-HighEnd,Driving License,Karnataka,0,0,0,123,consent_sign,3.5,0,2026-01-29 15:45:00
S005371,9AFA3FB4,iOS-HighEnd,Aadhaar,Tamil Nadu,0,0,0,148,consent_sign,3.5,0,2026-01-05 10:21:00
S005372,2A869922,iOS-HighEnd,Driving License,Karnataka,0,0,0,156,consent_sign,3.5,0,2026-01-22 20:00:00
S005373,4719C1A8,Android-Budget,Passport,Tamil Nadu,0,0,1,197,consent_sign,3.5,0,2026-02-07 11:14:00
S005374,6FEF2C5D,Android-MidTier,Aadhaar,Delhi,0,0,1,154,consent_sign,3.5,0,2026-01-26 08:14:00
S005375,B1F20EBF,Android-Budget,Driving License,Tamil Nadu,2,1,3,247,liveness_check,6.5,1,2026-01-06 17:45:00
S005376,1EC80917,Android-MidTier,Aadhaar,West Bengal,0,0,0,179,consent_sign,3.5,0,2026-01-17 10:54:00
S005377,A6EF8273,Android-MidTier,Driving License,Delhi,1,0,1,112,consent_sign,5.0,1,2026-01-13 10:42:00
S005378,DDBB3FA4,Android-MidTier,PAN,Tamil Nadu,0,0,0,130,consent_sign,3.5,0,2026-02-01 08:07:00
S005379,C54F87AD,Android-MidTier,PAN,Karnataka,0,1,1,152,consent_sign,5.5,0,2026-02-20 11:19:00
S005380,6C905F13,Android-Budget,Driving License,Delhi,1,0,1,190,consent_sign,5.0,0,2026-01-30 21:55:00
S005381,E054DBA1,iOS-HighEnd,Aadhaar,Tamil Nadu,0,0,0,2,registration,0.0,1,2026-01-16 23:34:00
S005382,30E4541B,Android-MidTier,Driving License,Maharashtra,0,1,1,147,consent_sign,5.5,0,2026-02-25 21:04:00
S005383,EEE5B33E,Android-MidTier,Aadhaar,Tamil Nadu,0,0,0,88,consent_sign,3.5,0,2026-01-13 12:21:00
S005384,3222504F,iOS-HighEnd,PAN,Karnataka,0,0,0,137,consent_sign,3.5,0,2026-01-06 20:23:00
S005385,31E43850,iOS-HighEnd,PAN,Delhi,0,0,0,35,phone_otp,0.0,1,2026-01-07 04:55:00
S005386,5415668E,iOS-HighEnd,Passport,Maharashtra,0,0,0,117,consent_sign,3.5,0,2026-02-26 13:53:00
S005387,EA725584,Android-MidTier,Driving License,West Bengal,1,0,1,100,doc_upload,1.5,1,2026-01-05 21:51:00
S005388,03539B9A,iOS-HighEnd,Driving License,Karnataka,0,0,0,123,consent_sign,3.5,0,2026-02-02 03:20:00
S005389,A5B01639,Android-MidTier,Driving License,West Bengal,0,0,0,112,consent_sign,3.5,0,2026-01-13 19:17:00
S005390,65F69897,iOS-HighEnd,PAN,West Bengal,0,0,0,142,consent_sign,3.5,0,2026-02-01 15:38:00
S005391,B44AAD77,Android-Budget,Driving License,Gujarat,0,1,1,164,consent_sign,5.5,0,2026-02-06 09:59:00
S005392,0EA66DBF,Android-MidTier,Driving License,Gujarat,0,0,0,171,consent_sign,3.5,0,2026-01-02 19:19:00
S005393,07CA07D8,iOS-HighEnd,PAN,Gujarat,0,0,0,140,consent_sign,3.5,0,2026-02-24 14:11:00
S005394,7886F504,iOS-HighEnd,Aadhaar,Maharashtra,0,0,0,124,consent_sign,3.5,0,2026-01-28 20:26:00
S005395,7458D92C,iOS-HighEnd,PAN,Gujarat,0,0,0,127,consent_sign,3.5,0,2026-01-08 00:22:00
S005396,BFFBCE28,Android-MidTier,Driving License,West Bengal,0,0,0,143,consent_sign,3.5,0,2026-01-19 05:59:00
S005397,8BAB9C9C,Android-MidTier,PAN,West Bengal,0,0,0,1,registration,0.0,1,2026-01-01 22:00:00
S005398,5E99C568,Android-Budget,Passport,Maharashtra,1,0,2,116,doc_upload,1.5,1,2026-02-07 19:31:00
S005399,B69B8391,iOS-HighEnd,Aadhaar,Maharashtra,0,0,0,126,consent_sign,3.5,0,2026-01-23 14:23:00
S005400,2D49D235,Android-Budget,Passport,Maharashtra,2,0,2,267,consent_sign,6.5,0,2026-02-18 09:44:00
S005401,1533FE82,iOS-HighEnd,Aadhaar,Delhi,0,0,0,116,consent_sign,3.5,0,2026-01-21 13:13:00
S005402,1E92C0AE,iOS-HighEnd,Driving License,Karnataka,0,0,0,110,consent_sign,3.5,0,2026-02-03 17:47:00
S005403,B5E9489C,Android-Budget,Aadhaar,Tamil Nadu,0,1,1,149,consent_sign,5.5,0,2026-01-22 13:57:00
S005404,DB9EB2E6,iOS-HighEnd,Aadhaar,Maharashtra,1,0,1,148,consent_sign,5.0,0,2026-01-27 10:34:00
S005405,DA42698B,Android-Budget,Passport,Maharashtra,3,0,3,188,doc_upload,4.5,1,2026-02-08 18:54:00
S005406,BCC9C2E6,Android-MidTier,Aadhaar,Maharashtra,0,1,1,117,liveness_check,3.5,1,2026-01-19 04:31:00
S005407,AC0798C7,iOS-HighEnd,PAN,Delhi,0,0,0,136,consent_sign,3.5,0,2026-02-16 12:01:00
S005408,E5D20EAE,iOS-HighEnd,Aadhaar,West Bengal,0,0,0,31,phone_otp,0.0,1,2026-02-20 08:09:00
S005409,FC7C356D,iOS-HighEnd,Passport,Delhi,0,1,1,169,consent_sign,5.5,0,2026-02-07 08:11:00
S005410,5DC2FD9B,Android-MidTier,PAN,Gujarat,0,2,2,188,consent_sign,7.5,0,2026-03-02 05:39:00
S005411,AA1C5DCA,iOS-HighEnd,Aadhaar,Maharashtra,0,0,0,116,consent_sign,3.5,0,2026-01-02 06:10:00
S005412,AAEFDBE1,iOS-HighEnd,Driving License,Delhi,0,0,0,135,consent_sign,3.5,0,2026-02-25 18:55:00
S005413,316482FE,Android-Budget,Driving License,Gujarat,0,0,0,154,consent_sign,3.5,0,2026-02-09 16:43:00
S005414,25C37945,Android-Budget,PAN,West Bengal,1,2,3,252,consent_sign,9.0,0,2026-01-12 17:35:00
S005415,2C2E8BA0,Android-MidTier,Driving License,Karnataka,1,0,1,158,consent_sign,5.0,0,2026-02-04 02:57:00
S005416,9BC88EFE,iOS-HighEnd,Driving License,West Bengal,0,0,0,117,consent_sign,3.5,0,2026-02-10 13:10:00
S005417,68C4B51A,Android-MidTier,Passport,Tamil Nadu,0,0,0,151,consent_sign,3.5,0,2026-02-03 20:32:00
S005418,D79570BE,Android-MidTier,PAN,Karnataka,1,0,1,167,consent_sign,5.0,0,2026-02-18 15:39:00
S005419,4FA87A65,Android-Budget,Passport,Delhi,3,0,3,186,doc_upload,4.5,1,2026-02-17 09:07:00
S005420,1E228ADE,iOS-HighEnd,Driving License,Tamil Nadu,0,0,1,56,phone_otp,0.0,1,2026-01-25 18:53:00
S005421,D60B04A9,iOS-HighEnd,Aadhaar,Maharashtra,0,0,1,118,consent_sign,3.5,0,2026-02-10 14:33:00
S005422,EE265C95,Android-MidTier,Passport,West Bengal,0,1,1,173,consent_sign,5.5,0,2026-01-11 09:03:00
S005423,EB02C661,iOS-HighEnd,Aadhaar,Gujarat,0,0,0,112,consent_sign,3.5,0,2026-01-13 23:17:00
S005424,161F77A1,Android-MidTier,PAN,Maharashtra,0,0,0,147,consent_sign,3.5,1,2026-01-02 01:04:00
S005425,A06A7DE4,Android-MidTier,Aadhaar,Maharashtra,0,0,0,36,doc_upload,0.0,1,2026-02-08 00:12:00
S005426,2B5997F2,Android-Budget,Passport,Gujarat,0,3,3,161,liveness_check,7.5,1,2026-01-14 06:30:00
S005427,A3506764,Android-MidTier,PAN,Karnataka,0,0,0,100,consent_sign,3.5,0,2026-01-13 16:34:00
S005428,E09012D7,Android-MidTier,Driving License,Maharashtra,1,0,1,169,consent_sign,5.0,0,2026-01-31 19:45:00
S005429,4ECAD266,Android-Budget,Driving License,Karnataka,0,0,0,145,consent_sign,3.5,0,2026-01-21 23:37:00
S005430,F151FF15,Android-Budget,PAN,Gujarat,0,0,2,62,registration,0.0,1,2026-02-12 01:53:00
S005431,BF5628B9,Android-MidTier,Aadhaar,Tamil Nadu,0,0,0,151,consent_sign,3.5,0,2026-01-06 18:32:00
S005432,4F7C1491,Android-Budget,PAN,Maharashtra,0,1,1,158,consent_sign,5.5,0,2026-01-19 15:24:00
S005433,497DD968,iOS-HighEnd,Aadhaar,West Bengal,0,0,0,130,consent_sign,3.5,0,2026-01-02 15:48:00
S005434,90A67567,Android-MidTier,Passport,Tamil Nadu,0,0,0,103,consent_sign,3.5,0,2026-01-18 04:05:00
S005435,D5D4999B,Android-MidTier,Driving License,Gujarat,0,0,0,2,registration,0.0,1,2026-02-22 21:20:00
S005436,330062F1,Android-MidTier,Driving License,Gujarat,0,1,1,141,consent_sign,5.5,0,2026-02-08 16:24:00
S005437,42650798,iOS-HighEnd,Aadhaar,Gujarat,0,0,0,150,consent_sign,3.5,0,2026-02-19 11:55:00
S005438,17A85108,Android-MidTier,PAN,Gujarat,0,0,0,143,consent_sign,3.5,0,2026-02-10 06:53:00
S005439,5D15C129,Android-MidTier,Passport,Maharashtra,0,0,0,132,consent_sign,3.5,0,2026-02-07 16:35:00
S005440,85E620FE,Android-MidTier,Driving License,Maharashtra,0,0,0,117,consent_sign,3.5,0,2026-01-01 16:49:00
S005441,AFE1D845,iOS-HighEnd,Driving License,Tamil Nadu,0,0,0,168,consent_sign,3.5,0,2026-01-05 06:37:00
S005442,F31D40E2,Android-MidTier,Passport,Maharashtra,0,0,1,148,consent_sign,3.5,0,2026-02-05 14:48:00
S005443,27DC3B65,Android-Budget,PAN,West Bengal,0,0,0,122,consent_sign,3.5,0,2026-02-07 08:22:00
S005444,FE66C4FA,Android-MidTier,Driving License,Delhi,0,0,0,99,consent_sign,3.5,0,2026-01-02 19:53:00
S005445,A560C775,Android-Budget,Passport,Maharashtra,0,0,0,132,consent_sign,3.5,0,2026-01-26 11:34:00
S005446,49E785C7,iOS-HighEnd,Driving License,Delhi,0,1,1,162,consent_sign,5.5,0,2026-01-10 17:59:00
S005447,F7EEFD84,Android-MidTier,PAN,Maharashtra,0,0,0,18,phone_otp,0.0,1,2026-01-30 17:30:00
S005448,BE3DE265,iOS-HighEnd,PAN,Delhi,0,0,0,4,registration,0.0,1,2026-02-04 12:37:00
S005449,8365D2CF,Android-Budget,Aadhaar,Gujarat,1,0,1,182,consent_sign,5.0,0,2026-01-22 12:09:00
S005450,37DF8DFB,Android-MidTier,PAN,Karnataka,0,0,0,144,consent_sign,3.5,0,2026-03-01 21:27:00
S005451,EC02E881,Android-Budget,Passport,Karnataka,0,0,0,14,phone_otp,0.0,1,2026-01-27 18:00:00
S005452,A190AA44,Android-Budget,Driving License,West Bengal,0,1,1,193,consent_sign,5.5,0,2026-01-25 12:35:00
S005453,779D7DB4,Android-MidTier,PAN,Tamil Nadu,0,1,1,148,consent_sign,5.5,0,2026-02-04 15:12:00
S005454,9053317B,iOS-HighEnd,Aadhaar,West Bengal,0,1,1,121,liveness_check,3.5,1,2026-02-15 13:16:00
S005455,E6B9F3A3,Android-Budget,Driving License,Maharashtra,0,2,2,196,consent_sign,7.5,0,2026-01-21 09:59:00
S005456,1AC7EA5B,Android-MidTier,Passport,West Bengal,0,0,0,146,consent_sign,3.5,0,2026-01-28 21:19:00
S005457,E6A98352,iOS-HighEnd,PAN,Delhi,0,0,0,136,consent_sign,3.5,0,2026-02-06 11:06:00
S005458,79BA19DB,Android-MidTier,PAN,West Bengal,3,0,3,214,doc_upload,4.5,1,2026-02-08 08:25:00
S005459,E729B06F,iOS-HighEnd,Driving License,Tamil Nadu,0,0,0,110,consent_sign,3.5,0,2026-02-23 13:43:00
S005460,5BA62F73,Android-MidTier,Driving License,Gujarat,0,0,0,134,consent_sign,3.5,0,2026-02-03 05:13:00
S005461,8BF9A66D,iOS-HighEnd,PAN,Delhi,0,0,0,112,consent_sign,3.5,0,2026-02-02 22:36:00
S005462,7062DFF6,Android-MidTier,Driving License,Delhi,0,0,0,127,consent_sign,3.5,0,2026-01-19 14:56:00
S005463,97F483D6,Android-Budget,PAN,Maharashtra,0,0,0,144,consent_sign,3.5,0,2026-02-04 20:36:00
S005464,BB1FDB98,Android-Budget,Passport,Delhi,0,0,0,100,consent_sign,3.5,0,2026-02-10 17:52:00
S005465,3E5BD4AF,Android-MidTier,Driving License,Gujarat,0,0,3,119,phone_otp,0.0,1,2026-01-05 19:02:00
S005466,99D75477,iOS-HighEnd,Aadhaar,Delhi,0,0,0,133,consent_sign,3.5,0,2026-02-07 14:12:00
S005467,66B1F859,iOS-HighEnd,Driving License,West Bengal,0,0,0,143,consent_sign,3.5,0,2026-02-20 22:21:00
S005468,EDD24200,Android-MidTier,Aadhaar,Gujarat,0,0,0,128,consent_sign,3.5,0,2026-03-01 22:21:00
S005469,EF4C113D,Android-MidTier,Driving License,Maharashtra,1,0,1,196,consent_sign,5.0,0,2026-02-21 18:29:00
S005470,1B9C67E0,Android-MidTier,Aadhaar,Maharashtra,0,0,0,121,consent_sign,3.5,0,2026-01-10 23:38:00
S005471,44F4D74F,Android-MidTier,Aadhaar,Maharashtra,0,1,1,160,consent_sign,5.5,0,2026-01-21 13:11:00
S005472,97D3D50E,iOS-HighEnd,Passport,Karnataka,0,0,0,148,consent_sign,3.5,0,2026-02-25 18:34:00
S005473,2A983090,Android-MidTier,PAN,West Bengal,0,0,1,126,consent_sign,3.5,0,2026-01-11 01:21:00
S005474,98CB3CB4,Android-MidTier,PAN,Maharashtra,0,0,0,159,consent_sign,3.5,0,2026-01-24 18:45:00
S005475,862A76F2,Android-MidTier,Driving License,Delhi,0,0,0,38,phone_otp,0.0,1,2026-01-19 01:53:00
S005476,9167ADEA,iOS-HighEnd,Passport,Gujarat,0,0,1,154,consent_sign,3.5,0,2026-02-19 07:53:00
S005477,A9D500DD,iOS-HighEnd,Passport,Delhi,0,0,0,137,consent_sign,3.5,0,2026-03-02 02:27:00
S005478,0DC5D7D9,Android-MidTier,PAN,Delhi,0,0,0,143,consent_sign,3.5,0,2026-02-10 00:44:00
S005479,CAF91924,iOS-HighEnd,Driving License,Karnataka,0,0,0,2,registration,0.0,1,2026-02-12 00:44:00
S005480,589A2B88,iOS-HighEnd,Passport,Gujarat,0,0,1,49,phone_otp,0.0,1,2026-03-01 05:24:00
S005481,75E913D8,iOS-HighEnd,Driving License,Tamil Nadu,0,0,0,156,consent_sign,3.5,0,2026-02-24 15:40:00
S005482,334DD7AA,Android-MidTier,Passport,Delhi,0,0,0,106,consent_sign,3.5,1,2026-01-12 06:00:00
S005483,4EBA12DA,Android-MidTier,PAN,Tamil Nadu,0,0,2,110,liveness_check,1.5,1,2026-01-06 10:27:00
S005484,DB964DB1,Android-MidTier,Aadhaar,Tamil Nadu,0,1,1,126,liveness_check,3.5,1,2026-02-25 00:22:00
S005485,B960DF1F,iOS-HighEnd,Passport,Maharashtra,0,0,0,140,consent_sign,3.5,0,2026-01-24 23:34:00
S005486,8E2B4D2C,Android-MidTier,PAN,Gujarat,0,0,0,122,consent_sign,3.5,1,2026-01-27 04:59:00
S005487,01440FA3,Android-Budget,Passport,Delhi,0,0,0,181,consent_sign,3.5,0,2026-01-10 19:49:00
S005488,1993EDFE,iOS-HighEnd,PAN,Karnataka,0,1,1,150,consent_sign,5.5,0,2026-02-28 06:29:00
S005489,64E04880,Android-MidTier,PAN,Delhi,0,0,0,129,consent_sign,3.5,0,2026-01-14 23:09:00
S005490,78E90AE9,iOS-HighEnd,Aadhaar,Delhi,0,0,0,110,consent_sign,3.5,0,2026-02-24 22:00:00
S005491,76A6E2E6,Android-Budget,Driving License,Maharashtra,2,3,5,231,liveness_check,10.5,1,2026-02-13 07:16:00
S005492,EABD37DA,Android-Budget,PAN,Tamil Nadu,0,2,2,201,consent_sign,7.5,0,2026-01-09 03:31:00
S005493,517FD316,Android-MidTier,Aadhaar,West Bengal,0,0,0,111,consent_sign,3.5,0,2026-01-30 18:41:00
S005494,665EC4DD,iOS-HighEnd,PAN,Delhi,1,0,1,107,doc_upload,1.5,1,2026-01-22 00:29:00
S005495,487F70F0,iOS-HighEnd,Aadhaar,Maharashtra,1,0,2,191,consent_sign,5.0,0,2026-03-01 15:58:00
S005496,DF683491,Android-MidTier,Driving License,Tamil Nadu,1,0,1,147,consent_sign,5.0,0,2026-01-03 07:20:00
S005497,88BBC5BB,iOS-HighEnd,Aadhaar,West Bengal,0,0,0,124,consent_sign,3.5,0,2026-02-01 22:56:00
S005498,AB7D09B2,Android-MidTier,PAN,Maharashtra,0,0,0,143,consent_sign,3.5,0,2026-02-22 06:09:00
S005499,06E2AC94,Android-MidTier,Passport,West Bengal,0,0,0,2,registration,0.0,1,2026-01-24 07:51:00
S005500,2D9BE542,iOS-HighEnd,PAN,Gujarat,0,3,3,214,liveness_check,7.5,1,2026-01-27 07:34:00
S005501,5CBE693E,iOS-HighEnd,Aadhaar,Gujarat,0,0,0,141,consent_sign,3.5,0,2026-01-26 13:12:00
S005502,00684D9C,iOS-HighEnd,Passport,West Bengal,0,0,0,165,consent_sign,3.5,0,2026-01-18 18:02:00
S005503,65EF2C84,Android-Budget,Driving License,Gujarat,0,1,1,144,consent_sign,5.5,0,2026-02-03 04:50:00
S005504,3AE61863,iOS-HighEnd,Driving License,West Bengal,0,0,0,185,consent_sign,3.5,0,2026-02-26 14:14:00
S005505,0B53D4E6,iOS-HighEnd,PAN,Delhi,0,0,0,3,registration,0.0,1,2026-02-17 05:16:00
S005506,17C50A7C,Android-MidTier,Passport,West Bengal,0,0,0,141,consent_sign,3.5,0,2026-01-20 16:59:00
S005507,2E0C5488,Android-MidTier,Passport,Delhi,0,1,1,168,consent_sign,5.5,0,2026-01-09 22:26:00
S005508,4FA3BAF6,Android-MidTier,PAN,West Bengal,0,0,0,141,consent_sign,3.5,0,2026-01-18 20:03:00
S005509,7B0C036B,Android-MidTier,Passport,West Bengal,0,0,0,131,consent_sign,3.5,0,2026-01-04 00:52:00
S005510,F47BFFBA,Android-MidTier,Aadhaar,West Bengal,0,2,3,216,consent_sign,7.5,0,2026-02-04 05:05:00
S005511,65F17E33,iOS-HighEnd,Aadhaar,Maharashtra,1,0,1,93,doc_upload,1.5,1,2026-02-14 19:34:00
S005512,1B3F0866,Android-MidTier,Driving License,Maharashtra,1,1,2,189,consent_sign,7.0,0,2026-01-04 13:23:00
S005513,58A64190,Android-MidTier,Driving License,Gujarat,0,0,0,125,consent_sign,3.5,0,2026-01-19 16:13:00
S005514,A7E70139,Android-Budget,PAN,Karnataka,0,0,0,110,consent_sign,3.5,0,2026-01-02 04:46:00
S005515,CE9205AE,Android-Budget,PAN,Delhi,1,1,3,218,consent_sign,7.0,0,2026-01-25 14:04:00
S005516,20F5128D,Android-MidTier,Passport,Tamil Nadu,0,0,1,169,consent_sign,3.5,0,2026-01-21 22:54:00
S005517,AFB144B5,iOS-HighEnd,Driving License,West Bengal,0,0,0,32,phone_otp,0.0,1,2026-01-09 07:30:00
S005518,A76090E7,Android-MidTier,Passport,Karnataka,0,0,1,145,consent_sign,3.5,0,2026-01-24 05:24:00
S005519,6C262577,Android-Budget,Passport,West Bengal,0,1,3,223,consent_sign,5.5,0,2026-02-08 09:19:00
S005520,6CCB9163,Android-Budget,Aadhaar,Gujarat,0,1,1,115,liveness_check,3.5,1,2026-02-01 17:14:00
S005521,1DAF7374,Android-MidTier,PAN,Tamil Nadu,0,0,2,198,consent_sign,3.5,0,2026-01-11 19:30:00
S005522,E88081F9,iOS-HighEnd,Driving License,Delhi,0,0,0,160,consent_sign,3.5,0,2026-01-07 04:32:00
S005523,C7EFD8E2,iOS-HighEnd,Driving License,West Bengal,0,0,0,137,consent_sign,3.5,0,2026-02-26 22:18:00
S005524,D81B6BB7,Android-MidTier,PAN,Gujarat,0,0,0,54,doc_upload,0.0,1,2026-01-04 07:05:00
S005525,1C968B9B,Android-MidTier,Aadhaar,Gujarat,0,0,0,114,consent_sign,3.5,0,2026-01-07 04:31:00
S005526,6C8F8833,Android-MidTier,Driving License,Tamil Nadu,0,0,0,106,consent_sign,3.5,0,2026-01-06 03:54:00
S005527,DECCEAEA,Android-MidTier,Driving License,Gujarat,0,0,0,139,consent_sign,3.5,0,2026-02-27 17:56:00
S005528,01C7EA8B,Android-MidTier,Passport,Gujarat,0,0,0,31,phone_otp,0.0,1,2026-02-13 15:05:00
S005529,B522F610,Android-Budget,PAN,Gujarat,0,0,0,106,liveness_check,1.5,1,2026-01-16 08:10:00
S005530,83D03E33,Android-MidTier,Driving License,Gujarat,0,0,0,135,consent_sign,3.5,0,2026-02-13 20:29:00
S005531,DF48D6FA,Android-MidTier,Driving License,Gujarat,0,1,1,168,consent_sign,5.5,0,2026-02-27 03:35:00
S005532,76FAB828,Android-Budget,Passport,Delhi,0,1,1,185,consent_sign,5.5,0,2026-02-25 11:11:00
S005533,DE2E7ABC,Android-MidTier,Aadhaar,Delhi,0,0,0,114,consent_sign,3.5,0,2026-01-31 22:10:00
S005534,0CD19E0C,Android-MidTier,PAN,Maharashtra,0,0,0,121,consent_sign,3.5,0,2026-02-19 15:06:00
S005535,5E8A35CB,Android-MidTier,Aadhaar,Tamil Nadu,0,0,0,128,consent_sign,3.5,0,2026-01-22 08:56:00
S005536,ACCC8E70,iOS-HighEnd,Driving License,Maharashtra,0,0,0,113,consent_sign,3.5,0,2026-02-04 17:54:00
S005537,060615BF,iOS-HighEnd,PAN,West Bengal,0,0,0,153,consent_sign,3.5,0,2026-01-11 04:03:00
S005538,4B11C181,iOS-HighEnd,Aadhaar,Gujarat,0,0,0,32,phone_otp,0.0,1,2026-01-29 04:05:00
S005539,725F875A,iOS-HighEnd,PAN,Maharashtra,0,0,0,146,consent_sign,3.5,0,2026-01-04 15:18:00
S005540,091E11DF,iOS-HighEnd,Passport,Gujarat,0,0,0,115,consent_sign,3.5,0,2026-02-09 07:54:00
S005541,BB5E14D6,iOS-HighEnd,Aadhaar,Karnataka,0,0,0,131,consent_sign,3.5,0,2026-01-25 10:02:00
S005542,656E5170,Android-MidTier,PAN,Tamil Nadu,0,0,0,176,consent_sign,3.5,0,2026-02-16 10:08:00
S005543,88F4CA54,Android-MidTier,Driving License,Tamil Nadu,0,0,0,3,registration,0.0,1,2026-02-28 22:25:00
S005544,250768F2,Android-Budget,Passport,Karnataka,0,0,0,1,registration,0.0,1,2026-02-15 14:38:00
S005545,E489149F,Android-MidTier,Aadhaar,Gujarat,0,0,0,1,registration,0.0,1,2026-03-01 06:07:00
S005546,754182E8,Android-MidTier,Aadhaar,Gujarat,0,0,0,33,phone_otp,0.0,1,2026-01-04 15:28:00
S005547,EB34D8DE,iOS-HighEnd,Aadhaar,Maharashtra,0,0,0,120,consent_sign,3.5,0,2026-01-18 04:19:00
S005548,EEA90156,Android-MidTier,PAN,Karnataka,0,0,1,98,consent_sign,3.5,0,2026-01-16 04:35:00
S005549,91AE757C,Android-MidTier,Passport,Gujarat,0,0,1,178,consent_sign,3.5,0,2026-01-14 17:49:00
S005550,539B4D73,iOS-HighEnd,PAN,Delhi,0,0,0,112,consent_sign,3.5,0,2026-01-21 00:16:00
S005551,9BFE970A,Android-MidTier,Passport,Delhi,0,0,0,106,consent_sign,3.5,0,2026-02-14 01:28:00
S005552,CFFE7547,iOS-HighEnd,Passport,Tamil Nadu,0,0,0,151,consent_sign,3.5,0,2026-02-27 08:16:00
S005553,833BDE78,Android-MidTier,Driving License,Gujarat,0,1,1,133,consent_sign,5.5,1,2026-02-28 06:33:00
S005554,56784633,Android-Budget,Driving License,Karnataka,0,1,1,122,consent_sign,5.5,0,2026-01-09 21:07:00
S005555,4D4EF3FA,iOS-HighEnd,Aadhaar,Maharashtra,0,0,0,134,consent_sign,3.5,0,2026-02-11 01:23:00
S005556,2F160F3D,Android-Budget,PAN,Delhi,0,1,2,135,liveness_check,3.5,1,2026-01-30 21:45:00
S005557,B8BA61B8,Android-MidTier,Passport,Gujarat,0,0,0,137,consent_sign,3.5,0,2026-01-02 10:16:00
S005558,144BE8BC,iOS-HighEnd,PAN,Maharashtra,0,0,0,147,consent_sign,3.5,0,2026-02-09 02:43:00
S005559,F714BAB7,iOS-HighEnd,Passport,Karnataka,0,0,1,147,consent_sign,3.5,0,2026-02-27 21:00:00
S005560,92262ECF,Android-MidTier,Passport,Delhi,0,1,1,154,consent_sign,5.5,0,2026-02-11 01:27:00
S005561,9D96BF5E,Android-Budget,Passport,Karnataka,2,0,2,193,consent_sign,6.5,0,2026-02-14 12:04:00
S005562,CB317618,iOS-HighEnd,Driving License,Gujarat,0,0,0,143,consent_sign,3.5,0,2026-01-29 06:12:00
S005563,0C8033F0,Android-MidTier,PAN,West Bengal,0,1,1,175,consent_sign,5.5,0,2026-02-05 08:12:00
S005564,3717F44B,iOS-HighEnd,Driving License,Gujarat,0,0,0,158,consent_sign,3.5,0,2026-02-18 17:34:00
S005565,46586CB2,iOS-HighEnd,Aadhaar,West Bengal,0,0,0,2,registration,0.0,1,2026-01-09 01:23:00
S005566,2F8AEB01,Android-MidTier,Aadhaar,Karnataka,0,0,0,123,consent_sign,3.5,0,2026-01-01 10:30:00
S005567,0BB5C276,Android-MidTier,Driving License,West Bengal,0,1,1,190,consent_sign,5.5,0,2026-02-20 10:57:00
S005568,2E671517,Android-MidTier,Aadhaar,Delhi,0,0,0,120,consent_sign,3.5,0,2026-01-18 01:09:00
S005569,014B069C,Android-MidTier,PAN,Maharashtra,0,0,0,114,consent_sign,3.5,0,2026-02-15 08:43:00
S005570,C8347776,Android-MidTier,Driving License,Gujarat,1,0,1,177,consent_sign,5.0,0,2026-01-24 04:48:00
S005571,46573D38,Android-MidTier,Passport,Tamil Nadu,0,0,0,129,consent_sign,3.5,0,2026-01-31 21:43:00
S005572,CA4E5CC5,Android-MidTier,Aadhaar,Delhi,0,0,0,3,registration,0.0,1,2026-01-13 18:57:00
S005573,18DEABFE,Android-MidTier,Aadhaar,Delhi,0,0,0,2,registration,0.0,1,2026-01-06 08:56:00
S005574,B58194E0,iOS-HighEnd,Passport,Maharashtra,0,0,0,138,consent_sign,3.5,0,2026-01-27 06:54:00
S005575,9C83CFAE,Android-MidTier,PAN,Tamil Nadu,0,0,0,147,consent_sign,3.5,0,2026-03-01 04:03:00
S005576,9BFC24BD,Android-MidTier,Aadhaar,Karnataka,0,1,1,184,consent_sign,5.5,0,2026-01-04 05:54:00
S005577,6BB73DAC,iOS-HighEnd,Passport,Delhi,0,0,0,195,consent_sign,3.5,0,2026-02-28 23:41:00
S005578,8A9CFC8D,Android-MidTier,Driving License,West Bengal,1,0,1,125,doc_upload,1.5,1,2026-01-02 00:22:00
S005579,8EC29E07,iOS-HighEnd,Passport,West Bengal,0,0,0,129,consent_sign,3.5,0,2026-03-01 02:36:00
S005580,51D41C6A,Android-MidTier,Passport,Delhi,1,0,1,173,consent_sign,5.0,0,2026-01-01 14:00:00
S005581,26DAF6D1,Android-Budget,Driving License,West Bengal,0,0,1,155,consent_sign,3.5,0,2026-01-29 03:18:00
S005582,7FBCCD75,Android-MidTier,Aadhaar,Delhi,0,0,0,150,consent_sign,3.5,0,2026-01-07 01:26:00
S005583,2B85FFB7,iOS-HighEnd,PAN,Delhi,0,0,0,154,consent_sign,3.5,0,2026-02-04 02:19:00
S005584,6726F5B4,iOS-HighEnd,Passport,Gujarat,0,0,0,3,registration,0.0,1,2026-02-14 00:25:00
S005585,92419671,Android-MidTier,Driving License,West Bengal,0,2,2,169,consent_sign,7.5,0,2026-02-11 20:18:00
S005586,7C8DC9D0,iOS-HighEnd,PAN,Gujarat,0,0,0,108,consent_sign,3.5,0,2026-01-04 20:38:00
S005587,15458478,Android-MidTier,Passport,Tamil Nadu,0,0,0,131,consent_sign,3.5,0,2026-02-20 09:42:00
S005588,87935334,iOS-HighEnd,Passport,Maharashtra,0,0,0,2,registration,0.0,1,2026-01-12 07:42:00
S005589,C03832D0,iOS-HighEnd,Driving License,Tamil Nadu,0,0,0,127,consent_sign,3.5,0,2026-01-24 07:19:00
S005590,77A63918,iOS-HighEnd,Passport,Tamil Nadu,0,0,0,1,registration,0.0,1,2026-02-15 04:18:00
S005591,95BE6C8A,iOS-HighEnd,Aadhaar,Delhi,0,0,0,113,consent_sign,3.5,0,2026-01-12 10:16:00
S005592,909CCA67,iOS-HighEnd,Passport,Tamil Nadu,0,0,0,148,consent_sign,3.5,0,2026-02-04 00:50:00
S005593,C3D31E5C,Android-MidTier,Passport,Tamil Nadu,0,1,1,171,consent_sign,5.5,0,2026-01-10 19:15:00
S005594,48ACDCF8,iOS-HighEnd,Driving License,West Bengal,0,0,1,188,consent_sign,3.5,0,2026-01-10 15:40:00
S005595,FD5BAF20,iOS-HighEnd,Aadhaar,Tamil Nadu,0,0,0,137,consent_sign,3.5,0,2026-02-07 17:15:00
S005596,899FAD03,Android-MidTier,Aadhaar,Maharashtra,0,0,0,128,consent_sign,3.5,0,2026-01-27 15:12:00
S005597,F2E5CECF,iOS-HighEnd,PAN,Tamil Nadu,0,0,0,135,consent_sign,3.5,0,2026-01-04 03:47:00
S005598,654FDA31,iOS-HighEnd,Aadhaar,Delhi,1,0,1,152,consent_sign,5.0,0,2026-01-02 22:03:00
S005599,1C526DD1,Android-MidTier,Aadhaar,Delhi,0,0,0,159,consent_sign,3.5,0,2026-02-27 14:57:00
S005600,DD69A596,iOS-HighEnd,Aadhaar,Delhi,0,0,0,16,phone_otp,0.0,1,2026-01-06 10:19:00
S005601,FC00814B,iOS-HighEnd,Driving License,Gujarat,0,0,0,143,consent_sign,3.5,0,2026-02-18 21:19:00
S005602,8CD1692D,iOS-HighEnd,Driving License,Delhi,0,0,0,94,consent_sign,3.5,0,2026-02-07 01:49:00
S005603,37BEA260,iOS-HighEnd,Aadhaar,Delhi,0,0,0,94,consent_sign,3.5,0,2026-02-28 20:03:00
S005604,4764A956,Android-MidTier,PAN,Tamil Nadu,0,0,0,150,consent_sign,3.5,0,2026-02-19 16:08:00
S005605,A159BEF3,iOS-HighEnd,Aadhaar,Delhi,0,0,0,39,phone_otp,0.0,1,2026-01-30 11:29:00
S005606,AFD50018,Android-MidTier,Driving License,Maharashtra,0,0,0,135,consent_sign,3.5,0,2026-02-06 05:54:00
S005607,A2DED1DE,iOS-HighEnd,Aadhaar,West Bengal,0,0,0,124,consent_sign,3.5,1,2026-01-06 02:28:00
S005608,8852787C,Android-Budget,Driving License,Karnataka,0,1,1,158,consent_sign,5.5,0,2026-02-06 18:17:00
S005609,676A504C,Android-MidTier,Aadhaar,Karnataka,0,0,0,152,consent_sign,3.5,0,2026-02-05 03:39:00
S005610,4949DED7,iOS-HighEnd,Driving License,Gujarat,1,0,1,54,doc_upload,1.5,1,2026-01-20 05:23:00
S005611,282F0AA6,iOS-HighEnd,Passport,Tamil Nadu,0,0,0,139,consent_sign,3.5,0,2026-02-27 14:07:00
S005612,6669F679,Android-Budget,PAN,West Bengal,1,0,1,58,doc_upload,1.5,1,2026-01-30 05:10:00
S005613,D4721E33,iOS-HighEnd,Aadhaar,Delhi,0,0,0,135,consent_sign,3.5,0,2026-01-13 03:25:00
S005614,A7FC1BAD,iOS-HighEnd,PAN,Gujarat,2,0,2,246,consent_sign,6.5,0,2026-01-18 03:43:00
S005615,192BB3BC,Android-MidTier,Passport,Tamil Nadu,0,0,0,99,consent_sign,3.5,0,2026-02-20 07:59:00
S005616,6B08984B,Android-Budget,PAN,West Bengal,0,0,0,4,registration,0.0,1,2026-03-01 18:58:00
S005617,305A1BEF,Android-MidTier,Aadhaar,Karnataka,0,0,0,151,consent_sign,3.5,0,2026-02-08 15:22:00
S005618,3964AFE6,Android-MidTier,Aadhaar,Karnataka,0,0,0,140,consent_sign,3.5,0,2026-02-22 21:12:00
S005619,80DC4873,iOS-HighEnd,PAN,Delhi,0,0,0,2,registration,0.0,1,2026-02-14 12:42:00
S005620,9211D6CC,iOS-HighEnd,Aadhaar,West Bengal,0,1,1,137,consent_sign,5.5,0,2026-01-13 04:43:00
S005621,05D86C95,iOS-HighEnd,PAN,West Bengal,0,0,1,117,consent_sign,3.5,0,2026-02-20 03:29:00
S005622,2A9D0C6A,iOS-HighEnd,Aadhaar,Gujarat,0,0,0,104,consent_sign,3.5,0,2026-01-17 02:14:00
S005623,AF326AF5,Android-MidTier,Driving License,Karnataka,0,0,0,167,consent_sign,3.5,0,2026-02-24 07:53:00
S005624,05D0F23A,Android-MidTier,PAN,Delhi,0,0,0,178,consent_sign,3.5,0,2026-01-16 04:35:00
S005625,CA359116,iOS-HighEnd,Passport,Maharashtra,0,0,0,119,consent_sign,3.5,0,2026-02-06 18:55:00
S005626,82E6E14D,Android-Budget,Passport,Tamil Nadu,0,0,0,81,liveness_check,1.5,1,2026-02-08 10:37:00
S005627,E9C7EB29,Android-MidTier,Aadhaar,Delhi,0,0,0,131,consent_sign,3.5,0,2026-02-02 22:24:00
S005628,B91A7793,Android-MidTier,Aadhaar,Karnataka,0,0,0,3,registration,0.0,1,2026-02-06 02:27:00
S005629,78E00F78,iOS-HighEnd,Passport,Tamil Nadu,0,0,0,123,consent_sign,3.5,0,2026-02-15 22:45:00
S005630,33252134,iOS-HighEnd,Aadhaar,Gujarat,0,0,0,149,consent_sign,3.5,0,2026-02-23 20:48:00
S005631,109792A4,Android-Budget,PAN,Karnataka,0,0,0,130,consent_sign,3.5,0,2026-01-07 15:33:00
S005632,93DDBDA1,Android-MidTier,Driving License,Gujarat,1,0,1,211,consent_sign,5.0,0,2026-01-12 04:35:00
S005633,AF051197,Android-MidTier,Driving License,Tamil Nadu,1,0,1,182,consent_sign,5.0,0,2026-02-01 08:09:00
S005634,3DEC163C,iOS-HighEnd,Driving License,West Bengal,0,0,0,144,consent_sign,3.5,0,2026-01-12 02:52:00
S005635,761EB7E3,Android-Budget,Driving License,Delhi,1,0,1,175,consent_sign,5.0,0,2026-01-21 12:08:00
S005636,CDBE6DE6,iOS-HighEnd,PAN,Delhi,0,0,0,145,consent_sign,3.5,0,2026-01-06 18:07:00
S005637,DF40FE04,iOS-HighEnd,Aadhaar,Maharashtra,0,0,0,144,consent_sign,3.5,0,2026-01-07 14:55:00
S005638,3EAF5F08,Android-MidTier,PAN,Tamil Nadu,0,0,0,4,registration,0.0,1,2026-02-25 23:48:00
S005639,11E12EE9,iOS-HighEnd,Driving License,Karnataka,0,0,0,112,consent_sign,3.5,0,2026-01-17 04:19:00
S005640,AE991937,Android-MidTier,Aadhaar,Karnataka,0,0,0,107,consent_sign,3.5,1,2026-01-16 04:06:00
S005641,850F7BDC,iOS-HighEnd,PAN,Delhi,0,0,0,33,phone_otp,0.0,1,2026-02-24 05:19:00
S005642,62A40AFE,Android-Budget,Aadhaar,West Bengal,0,1,1,124,liveness_check,3.5,1,2026-02-24 05:02:00
S005643,F5239F95,Android-Budget,PAN,Tamil Nadu,0,0,0,121,consent_sign,3.5,0,2026-02-28 05:40:00
S005644,898F3586,iOS-HighEnd,Driving License,Delhi,0,0,0,164,consent_sign,3.5,0,2026-01-18 13:25:00
S005645,9B62D6D2,Android-Budget,Passport,Karnataka,2,0,3,255,consent_sign,6.5,0,2026-02-08 05:40:00
S005646,B6FAC9B9,Android-Budget,PAN,Delhi,3,0,3,168,doc_upload,4.5,1,2026-02-11 09:44:00
S005647,D3E7ACD9,Android-MidTier,Aadhaar,Gujarat,0,0,0,148,consent_sign,3.5,0,2026-02-20 14:02:00
S005648,CFC91B52,iOS-HighEnd,PAN,West Bengal,0,1,1,168,consent_sign,5.5,0,2026-01-26 20:11:00
S005649,B9A3773D,Android-MidTier,Driving License,West Bengal,2,0,2,206,consent_sign,6.5,0,2026-02-20 05:43:00
S005650,664101FA,iOS-HighEnd,Aadhaar,Karnataka,0,0,0,26,phone_otp,0.0,1,2026-02-03 01:59:00
S005651,A117B864,iOS-HighEnd,Aadhaar,West Bengal,0,0,0,20,phone_otp,0.0,1,2026-02-14 20:19:00
S005652,C99496AB,Android-MidTier,PAN,Maharashtra,0,0,1,44,phone_otp,0.0,1,2026-02-17 14:43:00
S005653,D8D99AD8,Android-MidTier,Aadhaar,Maharashtra,0,0,0,103,consent_sign,3.5,0,2026-02-21 05:26:00
S005654,946E8EC2,Android-MidTier,Aadhaar,Delhi,0,0,0,113,consent_sign,3.5,0,2026-02-16 21:48:00
S005655,B8D49CF2,Android-MidTier,Passport,Karnataka,0,0,0,124,consent_sign,3.5,0,2026-01-17 08:52:00
S005656,A812CF1B,Android-Budget,PAN,West Bengal,0,0,0,134,consent_sign,3.5,0,2026-01-15 19:10:00
S005657,3E39BF9B,iOS-HighEnd,Passport,Delhi,0,1,1,136,liveness_check,3.5,1,2026-01-31 07:30:00
S005658,43B6C6EF,Android-Budget,Passport,Karnataka,0,0,1,33,registration,0.0,1,2026-01-24 15:56:00
S005659,B197603C,iOS-HighEnd,PAN,Maharashtra,2,0,2,203,consent_sign,6.5,0,2026-01-27 21:40:00
S005660,B58674B5,Android-MidTier,Aadhaar,Gujarat,1,0,2,219,consent_sign,5.0,0,2026-02-02 01:00:00
S005661,C1C97AB6,iOS-HighEnd,Aadhaar,Delhi,0,0,0,150,consent_sign,3.5,0,2026-02-19 16:27:00
S005662,B06F0681,iOS-HighEnd,Aadhaar,West Bengal,0,0,0,111,consent_sign,3.5,0,2026-02-23 00:11:00
S005663,734BDA19,Android-MidTier,PAN,Tamil Nadu,0,1,1,153,consent_sign,5.5,0,2026-01-12 22:20:00
S005664,4679FE6E,iOS-HighEnd,Passport,Delhi,0,2,2,187,consent_sign,7.5,0,2026-02-03 03:28:00
S005665,23D86A4F,iOS-HighEnd,Driving License,Maharashtra,0,0,0,172,consent_sign,3.5,0,2026-02-09 09:46:00
S005666,06A4093B,iOS-HighEnd,Driving License,West Bengal,0,0,0,137,consent_sign,3.5,0,2026-02-23 11:27:00
S005667,90441EC6,Android-MidTier,Passport,Karnataka,0,0,0,133,consent_sign,3.5,0,2026-02-17 17:26:00
S005668,4E8172DA,iOS-HighEnd,PAN,West Bengal,0,0,0,122,consent_sign,3.5,0,2026-01-04 00:05:00
S005669,9150D9B2,Android-Budget,Passport,West Bengal,1,0,1,159,consent_sign,5.0,0,2026-02-16 10:04:00
S005670,B68C55B2,Android-MidTier,Aadhaar,Delhi,0,0,0,116,consent_sign,3.5,0,2026-01-23 17:46:00
S005671,278976C9,iOS-HighEnd,Driving License,West Bengal,0,0,0,116,consent_sign,3.5,0,2026-01-25 07:30:00
S005672,20E8DAE1,iOS-HighEnd,Aadhaar,West Bengal,0,1,1,163,consent_sign,5.5,0,2026-02-07 03:10:00
S005673,DBF11941,Android-MidTier,Driving License,Maharashtra,0,0,0,104,consent_sign,3.5,0,2026-01-28 05:42:00
S005674,3A58D606,Android-MidTier,PAN,West Bengal,0,0,0,111,liveness_check,1.5,1,2026-01-29 10:50:00
S005675,954E95FB,Android-Budget,Driving License,Gujarat,1,0,1,82,doc_upload,1.5,1,2026-01-15 03:54:00
S005676,0316CDE5,iOS-HighEnd,Passport,Delhi,0,0,0,106,consent_sign,3.5,0,2026-02-22 09:46:00
S005677,82330E6E,Android-Budget,Driving License,West Bengal,1,0,2,196,consent_sign,5.0,0,2026-01-10 14:14:00
S005678,844E2E8B,Android-Budget,Aadhaar,Gujarat,0,0,0,28,phone_otp,0.0,1,2026-01-16 20:27:00
S005679,E666A9B4,Android-MidTier,PAN,Maharashtra,0,0,0,118,consent_sign,3.5,0,2026-02-17 00:22:00
S005680,A4D37418,Android-Budget,Aadhaar,Gujarat,3,0,3,178,doc_upload,4.5,1,2026-01-15 00:31:00
S005681,8047C7E1,Android-MidTier,Aadhaar,Karnataka,1,1,2,182,consent_sign,7.0,1,2026-01-20 14:24:00
S005682,60C336EB,Android-Budget,Passport,West Bengal,1,0,1,154,consent_sign,5.0,0,2026-01-18 07:26:00
S005683,A5FC00B5,Android-MidTier,Aadhaar,Gujarat,0,0,0,46,doc_upload,0.0,1,2026-01-18 07:51:00
S005684,7B67CABA,Android-MidTier,PAN,Tamil Nadu,0,0,0,104,consent_sign,3.5,0,2026-01-26 18:53:00
S005685,613F50DB,iOS-HighEnd,PAN,Maharashtra,0,0,0,141,consent_sign,3.5,0,2026-02-06 10:12:00
S005686,1093A05B,iOS-HighEnd,PAN,Delhi,0,0,0,130,consent_sign,3.5,0,2026-01-08 15:20:00
S005687,34D88C51,Android-MidTier,Aadhaar,Delhi,0,0,0,104,consent_sign,3.5,0,2026-01-13 10:54:00
S005688,9BCFE969,Android-MidTier,Aadhaar,Karnataka,0,1,1,192,consent_sign,5.5,0,2026-01-09 10:16:00
S005689,1E9D8B00,Android-MidTier,Aadhaar,Karnataka,0,0,0,42,doc_upload,0.0,1,2026-02-03 18:43:00
S005690,7FB0B7B6,Android-MidTier,Aadhaar,Gujarat,0,1,1,195,consent_sign,5.5,0,2026-02-02 20:50:00
S005691,A37DAFCA,Android-MidTier,Aadhaar,Gujarat,1,2,3,164,liveness_check,7.0,1,2026-01-17 04:10:00
S005692,BF0AABDF,iOS-HighEnd,Aadhaar,Tamil Nadu,0,0,1,167,consent_sign,3.5,0,2026-02-25 16:00:00
S005693,C9A5C042,iOS-HighEnd,Passport,West Bengal,0,1,1,170,consent_sign,5.5,0,2026-02-15 17:05:00
S005694,BDCAF089,Android-MidTier,Passport,West Bengal,0,0,0,139,consent_sign,3.5,0,2026-02-15 10:09:00
S005695,08683CBF,iOS-HighEnd,Aadhaar,Delhi,0,0,0,150,consent_sign,3.5,0,2026-02-23 19:31:00
S005696,F3B81FE4,iOS-HighEnd,Driving License,West Bengal,0,0,0,115,consent_sign,3.5,0,2026-01-03 00:35:00
S005697,457F4A84,iOS-HighEnd,Passport,Karnataka,0,0,0,126,consent_sign,3.5,0,2026-01-25 04:50:00
S005698,D8BB254C,iOS-HighEnd,Driving License,Maharashtra,0,0,0,115,consent_sign,3.5,0,2026-01-05 21:40:00
S005699,1456A858,Android-MidTier,Aadhaar,Gujarat,0,0,0,152,consent_sign,3.5,0,2026-02-23 02:18:00
S005700,725687C2,Android-MidTier,PAN,Tamil Nadu,0,1,1,137,consent_sign,5.5,0,2026-02-05 05:57:00
S005701,3EA426B8,iOS-HighEnd,Passport,Maharashtra,0,0,0,94,consent_sign,3.5,0,2026-02-24 03:32:00
S005702,2EC46BFE,Android-MidTier,Passport,Delhi,0,0,0,78,consent_sign,3.5,1,2026-02-14 15:25:00
S005703,DB869A02,iOS-HighEnd,Aadhaar,West Bengal,0,0,0,106,consent_sign,3.5,0,2026-02-15 12:08:00
S005704,B7A63CA5,iOS-HighEnd,PAN,Gujarat,0,0,0,132,consent_sign,3.5,0,2026-01-09 13:31:00
S005705,FAB87BB6,Android-MidTier,Driving License,West Bengal,1,0,1,184,consent_sign,5.0,0,2026-02-13 11:49:00
S005706,4708B42E,Android-MidTier,Aadhaar,West Bengal,0,0,0,125,consent_sign,3.5,0,2026-02-27 19:18:00
S005707,BBBBFD67,Android-MidTier,Driving License,Delhi,0,0,0,143,consent_sign,3.5,0,2026-02-08 10:13:00
S005708,E7F8DAA8,iOS-HighEnd,PAN,Gujarat,0,0,1,137,consent_sign,3.5,0,2026-01-05 10:19:00
S005709,4D81BC5E,Android-MidTier,Aadhaar,Delhi,0,0,0,139,consent_sign,3.5,1,2026-01-13 02:57:00
S005710,3E72E402,Android-Budget,Driving License,Karnataka,0,0,2,52,phone_otp,0.0,1,2026-02-27 23:32:00
S005711,7A2F2C57,Android-Budget,PAN,West Bengal,0,1,1,133,consent_sign,5.5,0,2026-02-06 04:54:00
S005712,E1B33498,Android-MidTier,PAN,Tamil Nadu,0,0,0,136,consent_sign,3.5,0,2026-02-17 07:21:00
S005713,CA3E7F3A,iOS-HighEnd,Driving License,Delhi,0,0,0,177,consent_sign,3.5,0,2026-02-16 11:10:00
S005714,7A71CE7B,Android-MidTier,PAN,Delhi,0,0,0,112,consent_sign,3.5,0,2026-02-24 01:55:00
S005715,79DD7B95,iOS-HighEnd,Aadhaar,Gujarat,0,0,0,119,consent_sign,3.5,0,2026-02-08 11:07:00
S005716,96E15645,iOS-HighEnd,Driving License,Karnataka,1,0,1,145,consent_sign,5.0,0,2026-01-28 14:28:00
S005717,4CCA3DDA,Android-Budget,Aadhaar,Tamil Nadu,1,0,1,94,doc_upload,1.5,1,2026-01-14 13:59:00
S005718,6E047758,Android-MidTier,Aadhaar,Gujarat,0,0,0,112,consent_sign,3.5,1,2026-02-11 18:17:00
S005719,B850B440,Android-Budget,Aadhaar,Tamil Nadu,0,0,0,139,consent_sign,3.5,0,2026-01-20 02:28:00
S005720,A48339F7,iOS-HighEnd,Driving License,Karnataka,0,1,1,132,consent_sign,5.5,0,2026-01-08 14:24:00
S005721,A28AF08D,Android-Budget,Aadhaar,Karnataka,1,0,1,72,doc_upload,1.5,1,2026-01-03 14:15:00
S005722,FE034A0E,iOS-HighEnd,Passport,Maharashtra,0,0,0,140,consent_sign,3.5,0,2026-02-02 15:23:00
S005723,683C3806,iOS-HighEnd,Driving License,Delhi,1,0,1,59,doc_upload,1.5,1,2026-02-04 01:01:00
S005724,A1919E12,Android-MidTier,Aadhaar,West Bengal,0,1,1,178,consent_sign,5.5,0,2026-02-10 01:32:00
S005725,7BB8373C,Android-MidTier,Aadhaar,Maharashtra,0,0,0,127,consent_sign,3.5,0,2026-01-28 07:21:00
S005726,A5310BE0,iOS-HighEnd,Aadhaar,Maharashtra,0,0,0,142,consent_sign,3.5,0,2026-02-08 23:55:00
S005727,883D9B03,Android-MidTier,Driving License,Gujarat,0,0,0,148,consent_sign,3.5,0,2026-02-17 09:33:00
S005728,AD8716E1,Android-MidTier,Passport,Karnataka,1,0,1,71,doc_upload,1.5,1,2026-01-29 07:22:00
S005729,A03C67FF,Android-MidTier,PAN,Gujarat,2,0,3,268,consent_sign,6.5,0,2026-02-06 23:43:00
S005730,C1B156BD,iOS-HighEnd,Passport,West Bengal,0,0,0,25,phone_otp,0.0,1,2026-01-20 07:41:00
S005731,01AB1DF1,iOS-HighEnd,Driving License,Karnataka,0,1,1,162,consent_sign,5.5,0,2026-02-17 07:29:00
S005732,8271BBBA,Android-MidTier,Driving License,Delhi,0,2,3,199,consent_sign,7.5,0,2026-02-22 21:13:00
S005733,2DC58521,iOS-HighEnd,Driving License,Karnataka,0,0,0,174,consent_sign,3.5,0,2026-02-10 05:37:00
S005734,AC482AF2,Android-MidTier,Passport,Gujarat,0,0,0,78,liveness_check,1.5,1,2026-02-21 10:10:00
S005735,DCADFDA8,Android-Budget,Driving License,Karnataka,2,0,2,131,doc_upload,3.0,1,2026-02-11 02:27:00
S005736,AFDC8A51,Android-MidTier,Passport,Delhi,0,0,0,164,consent_sign,3.5,0,2026-02-18 21:02:00
S005737,318F7980,Android-Budget,Passport,Tamil Nadu,2,1,3,210,liveness_check,6.5,1,2026-01-20 03:13:00
S005738,3B576DA7,Android-MidTier,PAN,Maharashtra,2,0,2,154,doc_upload,3.0,1,2026-01-27 03:41:00
S005739,4E2DA257,Android-MidTier,Aadhaar,Karnataka,0,0,1,135,consent_sign,3.5,0,2026-02-09 05:30:00
S005740,78CCD788,iOS-HighEnd,Driving License,Delhi,0,0,0,148,consent_sign,3.5,1,2026-02-17 23:49:00
S005741,ED7403C6,iOS-HighEnd,Passport,Maharashtra,0,0,0,147,consent_sign,3.5,0,2026-01-16 12:40:00
S005742,AC00CD5E,iOS-HighEnd,Passport,Maharashtra,2,0,2,219,consent_sign,6.5,0,2026-01-10 23:36:00
S005743,31209FF4,iOS-HighEnd,Driving License,West Bengal,0,1,1,183,consent_sign,5.5,0,2026-02-14 13:21:00
S005744,2BF998AD,Android-MidTier,Passport,West Bengal,0,0,0,84,consent_sign,3.5,0,2026-02-25 05:35:00
S005745,A99F8C03,Android-Budget,Passport,Delhi,0,0,0,3,registration,0.0,1,2026-01-12 18:17:00
S005746,84372286,Android-MidTier,Passport,Maharashtra,0,1,1,153,consent_sign,5.5,0,2026-01-14 17:08:00
S005747,9860F848,Android-MidTier,PAN,Delhi,0,0,0,129,consent_sign,3.5,0,2026-01-28 03:30:00
S005748,B9F9D376,Android-MidTier,Aadhaar,Karnataka,0,0,0,132,consent_sign,3.5,0,2026-01-02 01:18:00
S005749,434A7E17,Android-MidTier,Driving License,Maharashtra,0,0,0,120,consent_sign,3.5,0,2026-02-06 10:18:00
S005750,D59DCBFA,iOS-HighEnd,Aadhaar,Maharashtra,0,0,0,43,doc_upload,0.0,1,2026-01-27 01:06:00
S005751,4E653EEE,iOS-HighEnd,Aadhaar,Maharashtra,0,0,0,138,consent_sign,3.5,0,2026-01-05 23:23:00
S005752,D4488069,Android-Budget,Aadhaar,Delhi,0,1,3,180,consent_sign,5.5,0,2026-01-26 10:33:00
S005753,4EDA31CC,Android-Budget,Passport,Delhi,2,0,2,117,doc_upload,3.0,1,2026-01-28 22:11:00
S005754,C33FFEF7,Android-MidTier,Aadhaar,Delhi,0,1,1,136,liveness_check,3.5,1,2026-02-25 21:31:00
S005755,F0A30219,Android-MidTier,Aadhaar,West Bengal,0,0,0,148,consent_sign,3.5,0,2026-01-24 17:59:00
S005756,68A650CE,Android-MidTier,Aadhaar,Maharashtra,0,0,0,145,consent_sign,3.5,0,2026-01-29 10:15:00
S005757,23D2789D,Android-MidTier,PAN,Delhi,1,0,1,170,consent_sign,5.0,0,2026-02-28 18:32:00
S005758,46327360,Android-MidTier,PAN,Maharashtra,0,0,0,28,phone_otp,0.0,1,2026-02-21 19:48:00
S005759,33C43CD1,Android-MidTier,Aadhaar,West Bengal,0,0,0,140,consent_sign,3.5,0,2026-01-30 23:48:00
S005760,418495A4,Android-Budget,Aadhaar,Karnataka,0,0,0,102,consent_sign,3.5,0,2026-02-26 05:22:00
S005761,060FD3B6,Android-Budget,Aadhaar,West Bengal,2,0,2,110,doc_upload,3.0,1,2026-01-20 21:25:00
S005762,61E561BB,iOS-HighEnd,Aadhaar,Karnataka,0,0,1,158,consent_sign,3.5,0,2026-01-11 17:10:00
S005763,BD303739,Android-Budget,Driving License,Gujarat,0,1,1,154,liveness_check,3.5,1,2026-02-12 23:52:00
S005764,9E1823A2,Android-Budget,Driving License,Gujarat,1,2,3,274,consent_sign,9.0,0,2026-01-15 17:21:00
S005765,462270CB,Android-MidTier,Driving License,Gujarat,0,0,2,166,consent_sign,3.5,0,2026-02-14 10:34:00
S005766,2911268F,Android-MidTier,Driving License,West Bengal,0,0,0,98,consent_sign,3.5,0,2026-02-08 23:16:00
S005767,F105C2D8,iOS-HighEnd,Aadhaar,Tamil Nadu,1,0,3,209,consent_sign,5.0,0,2026-01-17 05:41:00
S005768,F3B93EBE,Android-MidTier,Driving License,West Bengal,0,0,1,112,consent_sign,3.5,1,2026-02-02 18:31:00
S005769,C7FE8DEE,iOS-HighEnd,PAN,Maharashtra,0,0,0,110,consent_sign,3.5,0,2026-01-22 08:45:00
S005770,F5B0FA1C,Android-MidTier,Passport,Tamil Nadu,0,0,0,125,consent_sign,3.5,0,2026-01-23 18:40:00
S005771,3FF5EA79,Android-MidTier,Passport,West Bengal,0,0,0,89,consent_sign,3.5,0,2026-02-05 19:56:00
S005772,960B9746,Android-MidTier,Driving License,West Bengal,0,0,0,155,consent_sign,3.5,0,2026-01-06 23:17:00
S005773,0E5D8626,Android-MidTier,Passport,Gujarat,1,0,1,147,consent_sign,5.0,0,2026-01-31 02:17:00
S005774,89B3889D,iOS-HighEnd,PAN,West Bengal,0,1,1,147,consent_sign,5.5,0,2026-02-09 20:22:00
S005775,48C3A59D,Android-MidTier,PAN,Gujarat,0,0,0,139,consent_sign,3.5,0,2026-01-22 13:48:00
S005776,E17F5E53,iOS-HighEnd,Passport,Maharashtra,0,0,0,131,consent_sign,3.5,0,2026-02-05 06:42:00
S005777,FA286316,iOS-HighEnd,Passport,West Bengal,0,0,1,129,consent_sign,3.5,0,2026-01-22 05:13:00
S005778,D30606AE,iOS-HighEnd,Aadhaar,West Bengal,0,0,0,117,consent_sign,3.5,0,2026-02-25 01:43:00
S005779,96FDAD96,Android-MidTier,PAN,Gujarat,0,0,0,136,consent_sign,3.5,0,2026-01-08 08:48:00
S005780,8FD48278,iOS-HighEnd,Driving License,Maharashtra,0,0,0,15,phone_otp,0.0,1,2026-01-02 01:37:00
S005781,53ED75F6,iOS-HighEnd,Driving License,Delhi,0,0,0,140,consent_sign,3.5,0,2026-01-20 21:23:00
S005782,A9230810,Android-MidTier,Passport,Tamil Nadu,0,0,0,119,consent_sign,3.5,0,2026-01-31 13:12:00
S005783,D13B3A4D,Android-MidTier,Passport,Karnataka,0,0,0,3,registration,0.0,1,2026-01-10 14:59:00
S005784,23F5AEA6,Android-MidTier,Driving License,Tamil Nadu,1,0,1,91,doc_upload,1.5,1,2026-01-17 14:17:00
S005785,DEE7DAD7,Android-MidTier,PAN,Maharashtra,0,0,1,164,consent_sign,3.5,0,2026-01-25 06:21:00
S005786,BD32EBDA,iOS-HighEnd,Passport,Gujarat,0,0,0,105,consent_sign,3.5,0,2026-01-21 08:21:00
S005787,5C798B20,iOS-HighEnd,Driving License,Maharashtra,0,0,0,146,consent_sign,3.5,0,2026-01-14 10:22:00
S005788,BF4D4BD8,Android-Budget,Aadhaar,Tamil Nadu,0,1,1,136,liveness_check,3.5,1,2026-01-20 13:13:00
S005789,523E901F,Android-MidTier,PAN,Tamil Nadu,1,0,1,154,consent_sign,5.0,0,2026-01-15 08:14:00
S005790,5CB9635C,Android-Budget,Passport,Gujarat,0,0,1,135,consent_sign,3.5,0,2026-01-17 21:06:00
S005791,F8B03457,Android-Budget,Aadhaar,West Bengal,0,0,1,65,doc_upload,0.0,1,2026-01-24 11:01:00
S005792,9A86A2F5,Android-Budget,Aadhaar,Delhi,1,2,4,194,liveness_check,7.0,1,2026-01-02 06:21:00
S005793,23E8BB05,iOS-HighEnd,Passport,Gujarat,0,0,0,109,consent_sign,3.5,0,2026-01-19 03:41:00
S005794,6D658F44,iOS-HighEnd,Passport,Karnataka,0,0,0,146,consent_sign,3.5,0,2026-01-05 08:33:00
S005795,CC5015CF,Android-MidTier,Aadhaar,Maharashtra,0,0,2,157,consent_sign,3.5,0,2026-01-16 02:58:00
S005796,0F6EED31,Android-MidTier,Driving License,Delhi,0,0,0,106,consent_sign,3.5,0,2026-01-08 23:31:00
S005797,5F9C041D,iOS-HighEnd,PAN,Tamil Nadu,0,0,0,124,consent_sign,3.5,0,2026-02-11 16:59:00
S005798,FEE33607,Android-MidTier,Driving License,Maharashtra,1,0,2,191,consent_sign,5.0,0,2026-01-27 19:14:00
S005799,DF823A94,Android-MidTier,PAN,Delhi,0,0,0,102,consent_sign,3.5,0,2026-02-17 19:04:00
S005800,89EF698A,Android-Budget,Driving License,Tamil Nadu,0,0,0,161,consent_sign,3.5,0,2026-01-14 18:13:00
S005801,5570CEFC,Android-MidTier,PAN,Maharashtra,0,0,1,174,consent_sign,3.5,0,2026-02-10 20:59:00
S005802,135769CB,iOS-HighEnd,PAN,Tamil Nadu,0,0,0,137,consent_sign,3.5,0,2026-01-18 04:07:00
S005803,8EEC22A4,Android-MidTier,Aadhaar,Delhi,0,0,0,100,consent_sign,3.5,0,2026-01-16 13:37:00
S005804,28815CD9,Android-Budget,Passport,Gujarat,0,1,1,165,consent_sign,5.5,0,2026-01-31 23:02:00
S005805,D9FAFBB9,iOS-HighEnd,Passport,Maharashtra,0,0,0,22,phone_otp,0.0,1,2026-02-22 22:35:00
S005806,77EC2100,Android-MidTier,Aadhaar,Tamil Nadu,0,0,0,74,consent_sign,3.5,0,2026-01-09 19:45:00
S005807,30DE0010,Android-MidTier,Driving License,West Bengal,0,0,0,96,consent_sign,3.5,1,2026-01-26 12:10:00
S005808,AF178DBB,iOS-HighEnd,Driving License,West Bengal,1,0,1,85,doc_upload,1.5,1,2026-02-15 07:17:00
S005809,77391BEE,Android-Budget,Driving License,West Bengal,0,0,0,137,consent_sign,3.5,0,2026-01-14 03:32:00
S005810,FE8DB353,Android-MidTier,PAN,Tamil Nadu,0,0,0,114,consent_sign,3.5,0,2026-01-28 11:32:00
S005811,5497062B,iOS-HighEnd,Driving License,Delhi,0,0,0,154,consent_sign,3.5,0,2026-02-16 23:00:00
S005812,9341DD73,iOS-HighEnd,Driving License,Tamil Nadu,0,0,0,126,consent_sign,3.5,0,2026-02-24 17:29:00
S005813,C7F7040B,Android-MidTier,Aadhaar,Delhi,0,2,3,185,consent_sign,7.5,0,2026-02-08 17:55:00
S005814,F2D1235D,Android-Budget,PAN,Tamil Nadu,2,0,2,139,doc_upload,3.0,1,2026-01-29 13:38:00
S005815,66C67AFA,Android-Budget,Passport,Gujarat,0,0,1,137,consent_sign,3.5,1,2026-02-28 08:14:00
S005816,9FAA2180,iOS-HighEnd,Aadhaar,Delhi,0,0,0,139,consent_sign,3.5,0,2026-02-07 04:24:00
S005817,022F8A47,Android-MidTier,Passport,Tamil Nadu,0,0,0,118,consent_sign,3.5,0,2026-02-16 10:28:00
S005818,2686D5C6,Android-MidTier,Driving License,Delhi,1,0,1,167,consent_sign,5.0,0,2026-02-03 10:08:00
S005819,9599B267,Android-MidTier,Driving License,West Bengal,0,1,1,120,liveness_check,3.5,1,2026-01-24 04:57:00
S005820,8849066E,iOS-HighEnd,PAN,West Bengal,0,0,0,150,consent_sign,3.5,0,2026-02-05 09:57:00
S005821,3348EDA0,Android-MidTier,Passport,Gujarat,0,0,0,148,consent_sign,3.5,0,2026-02-16 03:11:00
S005822,ECE42AA5,iOS-HighEnd,PAN,West Bengal,0,0,0,114,consent_sign,3.5,0,2026-01-07 09:32:00
S005823,B703FA9F,Android-MidTier,Aadhaar,West Bengal,1,0,1,182,consent_sign,5.0,0,2026-01-11 10:04:00
S005824,30584D20,iOS-HighEnd,Aadhaar,Delhi,0,0,0,156,consent_sign,3.5,0,2026-02-07 17:48:00
S005825,4EF8A787,Android-Budget,PAN,Tamil Nadu,0,1,1,169,consent_sign,5.5,0,2026-01-31 22:03:00
S005826,888E58E7,iOS-HighEnd,Aadhaar,Karnataka,0,0,0,36,doc_upload,0.0,1,2026-01-24 04:56:00
S005827,0A199083,Android-MidTier,Aadhaar,Gujarat,0,0,0,138,consent_sign,3.5,0,2026-01-02 08:12:00
S005828,5938949E,iOS-HighEnd,PAN,Delhi,0,0,0,144,consent_sign,3.5,0,2026-01-11 13:02:00
S005829,DEDCC2FF,iOS-HighEnd,Aadhaar,Maharashtra,0,0,0,134,consent_sign,3.5,0,2026-02-23 03:10:00
S005830,A87DA2AF,Android-MidTier,PAN,Gujarat,0,0,0,127,consent_sign,3.5,0,2026-01-08 15:53:00
S005831,29CD4D5C,Android-Budget,Aadhaar,Tamil Nadu,2,0,2,234,consent_sign,6.5,0,2026-01-30 08:11:00
S005832,3BA4807E,Android-Budget,Aadhaar,Delhi,0,1,1,154,liveness_check,3.5,1,2026-01-19 11:23:00
S005833,C5B86C82,Android-MidTier,Passport,Delhi,0,0,0,140,consent_sign,3.5,0,2026-01-31 00:14:00
S005834,E0ACDB75,iOS-HighEnd,PAN,Maharashtra,0,0,0,122,consent_sign,3.5,0,2026-01-31 13:09:00
S005835,1F8424BD,Android-Budget,Driving License,Tamil Nadu,2,0,2,121,doc_upload,3.0,1,2026-02-04 20:46:00
S005836,06822E13,iOS-HighEnd,PAN,Maharashtra,0,0,0,162,consent_sign,3.5,0,2026-01-10 00:30:00
S005837,DAAC1277,Android-Budget,Aadhaar,Tamil Nadu,0,0,2,184,consent_sign,3.5,0,2026-01-08 08:40:00
S005838,0C994EC1,Android-Budget,Aadhaar,Karnataka,2,0,2,100,doc_upload,3.0,1,2026-02-15 18:59:00
S005839,32D9EC3E,iOS-HighEnd,Driving License,West Bengal,0,1,1,172,consent_sign,5.5,0,2026-02-12 08:51:00
S005840,97187943,iOS-HighEnd,Aadhaar,Karnataka,1,0,1,165,consent_sign,5.0,0,2026-01-14 18:42:00
S005841,F8205C5F,Android-MidTier,PAN,Karnataka,0,0,0,126,consent_sign,3.5,0,2026-02-25 11:34:00
S005842,940BB34D,Android-MidTier,Passport,Delhi,0,0,0,185,consent_sign,3.5,0,2026-02-02 03:03:00
S005843,29B2B32C,Android-Budget,PAN,Delhi,0,0,0,120,consent_sign,3.5,0,2026-02-09 18:01:00
S005844,F0D1701B,iOS-HighEnd,Passport,Maharashtra,0,0,0,139,consent_sign,3.5,0,2026-02-12 10:22:00
S005845,5BBF785B,iOS-HighEnd,PAN,Delhi,1,0,2,211,consent_sign,5.0,0,2026-01-24 21:55:00
S005846,6A45D1E9,iOS-HighEnd,Driving License,Gujarat,0,0,1,37,phone_otp,0.0,1,2026-01-15 08:47:00
S005847,173E13D9,iOS-HighEnd,PAN,Delhi,0,0,0,119,consent_sign,3.5,0,2026-01-16 21:49:00
S005848,7A5CD426,Android-MidTier,PAN,Gujarat,0,0,1,165,consent_sign,3.5,0,2026-01-14 17:15:00
S005849,F1E4C27A,iOS-HighEnd,Aadhaar,Delhi,0,1,2,147,consent_sign,5.5,1,2026-01-08 13:35:00
S005850,614996D1,Android-MidTier,Aadhaar,Maharashtra,0,0,0,148,consent_sign,3.5,1,2026-01-05 18:06:00
S005851,F6295EB4,Android-MidTier,PAN,Karnataka,0,0,0,101,liveness_check,1.5,1,2026-01-03 23:32:00
S005852,5C42ADCF,iOS-HighEnd,Aadhaar,Tamil Nadu,0,0,0,92,liveness_check,1.5,1,2026-02-16 01:20:00
S005853,10B7DE33,iOS-HighEnd,PAN,Karnataka,0,0,0,120,consent_sign,3.5,0,2026-01-05 16:39:00
S005854,A6E997AE,iOS-HighEnd,Aadhaar,Tamil Nadu,0,0,0,139,consent_sign,3.5,0,2026-01-01 12:32:00
S005855,B382C1AE,Android-MidTier,Aadhaar,Delhi,0,0,0,110,consent_sign,3.5,0,2026-01-20 11:41:00
S005856,CF674365,Android-MidTier,Aadhaar,Maharashtra,0,0,0,28,phone_otp,0.0,1,2026-01-10 06:54:00
S005857,040EBF47,Android-MidTier,PAN,West Bengal,0,0,0,110,consent_sign,3.5,0,2026-01-10 21:41:00
S005858,BAC8F92F,iOS-HighEnd,Driving License,Delhi,0,0,0,132,consent_sign,3.5,0,2026-01-20 11:36:00
S005859,0B9D55CD,Android-MidTier,Driving License,Maharashtra,0,0,0,145,consent_sign,3.5,0,2026-01-31 17:57:00
S005860,2D675BE3,iOS-HighEnd,PAN,West Bengal,0,0,0,4,registration,0.0,1,2026-02-22 00:42:00
S005861,84C469B1,iOS-HighEnd,PAN,Tamil Nadu,2,0,2,223,consent_sign,6.5,0,2026-01-12 03:45:00
S005862,7845A524,Android-MidTier,Aadhaar,Maharashtra,0,2,2,195,consent_sign,7.5,0,2026-02-14 14:52:00
S005863,98A0DB61,iOS-HighEnd,Driving License,Tamil Nadu,0,0,0,131,consent_sign,3.5,0,2026-02-10 15:21:00
S005864,BD66C203,Android-MidTier,PAN,Delhi,0,0,2,187,consent_sign,3.5,0,2026-01-21 19:44:00
S005865,9E181620,Android-Budget,PAN,Delhi,0,1,1,185,consent_sign,5.5,0,2026-01-19 18:06:00
S005866,6B5341C0,iOS-HighEnd,Driving License,Tamil Nadu,0,0,0,114,consent_sign,3.5,0,2026-02-25 09:36:00
S005867,84C2F2C4,iOS-HighEnd,Driving License,Delhi,0,0,0,144,consent_sign,3.5,0,2026-01-09 06:34:00
S005868,CF35FDB9,Android-MidTier,Driving License,Delhi,0,0,0,138,consent_sign,3.5,0,2026-01-06 18:04:00
S005869,5D7518D4,Android-Budget,PAN,Maharashtra,0,0,0,140,consent_sign,3.5,0,2026-01-30 06:46:00
S005870,C95BC917,Android-MidTier,PAN,Maharashtra,0,0,0,152,consent_sign,3.5,0,2026-01-10 17:44:00
S005871,343E623F,Android-Budget,Passport,West Bengal,0,1,1,177,consent_sign,5.5,0,2026-02-13 22:32:00
S005872,5F88FE99,Android-MidTier,Driving License,Gujarat,0,1,1,160,consent_sign,5.5,0,2026-02-04 07:41:00
S005873,9F35BA40,Android-MidTier,PAN,Delhi,0,0,0,146,consent_sign,3.5,0,2026-01-30 23:33:00
S005874,069CCC0A,Android-MidTier,Passport,Gujarat,0,0,1,150,consent_sign,3.5,0,2026-01-16 06:28:00
S005875,7872D73F,iOS-HighEnd,Aadhaar,Maharashtra,0,0,0,125,consent_sign,3.5,0,2026-01-15 04:28:00
S005876,24F384EF,Android-MidTier,Passport,Gujarat,2,0,2,205,consent_sign,6.5,0,2026-02-16 01:43:00
S005877,8A1B0744,iOS-HighEnd,Driving License,Delhi,0,0,0,122,consent_sign,3.5,0,2026-01-30 22:30:00
S005878,B8F73FAD,iOS-HighEnd,Driving License,Delhi,0,0,0,86,liveness_check,1.5,1,2026-01-26 21:47:00
S005879,19A12723,Android-MidTier,Aadhaar,Delhi,0,1,1,123,consent_sign,5.5,0,2026-01-01 18:05:00
S005880,3902D8A7,iOS-HighEnd,Aadhaar,Karnataka,0,0,1,15,registration,0.0,1,2026-02-14 11:49:00
S005881,10FAB909,Android-MidTier,Aadhaar,West Bengal,0,1,1,186,consent_sign,5.5,0,2026-01-25 17:00:00
S005882,76E51A12,iOS-HighEnd,Aadhaar,Karnataka,1,0,1,190,consent_sign,5.0,0,2026-03-01 22:36:00
S005883,E5ECB9DC,Android-MidTier,Driving License,Maharashtra,0,0,0,127,consent_sign,3.5,0,2026-02-23 14:55:00
S005884,DB5ED35A,iOS-HighEnd,PAN,Karnataka,0,0,0,143,consent_sign,3.5,0,2026-02-23 13:22:00
S005885,002F4AEE,Android-Budget,Driving License,Delhi,0,1,1,140,liveness_check,3.5,1,2026-01-17 19:02:00
S005886,E648D7AE,Android-MidTier,Aadhaar,Gujarat,0,0,0,117,consent_sign,3.5,0,2026-02-12 05:45:00
S005887,52A80809,Android-Budget,Passport,West Bengal,0,1,2,166,consent_sign,5.5,0,2026-01-29 13:51:00
S005888,F4F7BFDC,Android-Budget,Aadhaar,Maharashtra,2,1,3,249,consent_sign,8.5,0,2026-01-24 13:34:00
S005889,18AD8EEB,Android-Budget,Aadhaar,West Bengal,0,0,0,145,consent_sign,3.5,0,2026-02-04 08:57:00
S005890,D4C2459B,Android-Budget,Passport,Gujarat,0,0,1,41,registration,0.0,1,2026-01-31 07:19:00
S005891,2036971A,iOS-HighEnd,Driving License,Tamil Nadu,0,1,1,121,liveness_check,3.5,1,2026-02-21 19:02:00
S005892,CE31CE5C,Android-MidTier,Passport,Maharashtra,0,1,1,180,consent_sign,5.5,0,2026-01-09 13:17:00
S005893,A8C1FB64,Android-MidTier,PAN,Tamil Nadu,0,0,0,124,consent_sign,3.5,0,2026-02-11 11:18:00
S005894,B79EE140,Android-MidTier,Driving License,West Bengal,0,0,0,2,registration,0.0,1,2026-01-08 18:23:00
S005895,9D719800,Android-MidTier,PAN,Tamil Nadu,0,1,1,108,liveness_check,3.5,1,2026-01-02 21:58:00
S005896,402BF495,iOS-HighEnd,Passport,West Bengal,0,0,1,142,consent_sign,3.5,0,2026-01-04 20:59:00
S005897,4D156C62,Android-MidTier,Passport,Karnataka,0,0,0,106,consent_sign,3.5,0,2026-02-08 06:02:00
S005898,764F6842,iOS-HighEnd,Driving License,Maharashtra,0,0,0,144,consent_sign,3.5,0,2026-02-03 04:08:00
S005899,8453D803,Android-MidTier,Aadhaar,West Bengal,0,1,1,170,consent_sign,5.5,0,2026-02-25 06:51:00
S005900,44482593,iOS-HighEnd,Passport,Karnataka,0,0,0,3,registration,0.0,1,2026-02-23 18:17:00
S005901,53F42383,Android-MidTier,Driving License,Tamil Nadu,0,0,1,142,consent_sign,3.5,0,2026-01-23 19:20:00
S005902,252D3404,Android-MidTier,Driving License,Gujarat,1,1,2,206,consent_sign,7.0,1,2026-01-05 13:04:00
S005903,D9CAA609,iOS-HighEnd,Passport,Karnataka,0,0,0,137,consent_sign,3.5,0,2026-02-21 16:06:00
S005904,CCBDD15E,Android-MidTier,Driving License,Karnataka,0,1,1,163,consent_sign,5.5,0,2026-01-12 05:57:00
S005905,CB505AA3,Android-MidTier,Driving License,Delhi,0,0,1,171,consent_sign,3.5,0,2026-01-01 17:17:00
S005906,03AA96D2,Android-Budget,Passport,Tamil Nadu,0,0,0,38,phone_otp,0.0,1,2026-02-25 07:35:00
S005907,D5DB677F,Android-Budget,Passport,West Bengal,2,0,3,163,doc_upload,3.0,1,2026-02-16 17:33:00
S005908,65924C9F,Android-MidTier,Aadhaar,Gujarat,2,0,2,111,doc_upload,3.0,1,2026-01-19 22:35:00
S005909,7B142917,iOS-HighEnd,Driving License,Gujarat,0,0,0,118,consent_sign,3.5,0,2026-02-15 20:53:00
S005910,30104525,iOS-HighEnd,PAN,Karnataka,0,0,0,153,consent_sign,3.5,0,2026-02-23 17:20:00
S005911,F88505F9,iOS-HighEnd,PAN,Maharashtra,0,0,0,32,doc_upload,0.0,1,2026-02-08 17:46:00
S005912,FE2181FD,Android-MidTier,Passport,Maharashtra,2,0,3,274,consent_sign,6.5,0,2026-01-10 04:53:00
S005913,43472A28,Android-Budget,PAN,Maharashtra,0,0,0,93,consent_sign,3.5,1,2026-02-15 03:56:00
S005914,BEB5BA0F,iOS-HighEnd,PAN,Karnataka,0,0,0,110,consent_sign,3.5,0,2026-02-02 05:20:00
S005915,83B5AD03,Android-MidTier,Driving License,Tamil Nadu,0,1,1,127,consent_sign,5.5,0,2026-01-09 13:42:00
S005916,FF26CB58,iOS-HighEnd,Driving License,Maharashtra,0,0,0,154,consent_sign,3.5,0,2026-01-27 19:11:00
S005917,574AA942,Android-MidTier,Driving License,West Bengal,0,0,0,137,consent_sign,3.5,0,2026-02-12 18:20:00
S005918,C5A24D77,Android-MidTier,Passport,West Bengal,1,0,1,163,consent_sign,5.0,0,2026-01-22 00:58:00
S005919,18B47298,Android-MidTier,Aadhaar,Maharashtra,0,0,0,4,registration,0.0,1,2026-02-09 12:09:00
S005920,C3659E51,Android-MidTier,Passport,Gujarat,0,0,0,122,consent_sign,3.5,0,2026-01-20 00:17:00
S005921,C82E27A3,Android-Budget,PAN,West Bengal,2,0,2,253,consent_sign,6.5,0,2026-02-08 04:09:00
S005922,068187E9,Android-MidTier,Aadhaar,Delhi,0,0,0,81,liveness_check,1.5,1,2026-02-09 08:26:00
S005923,1836A027,iOS-HighEnd,PAN,Tamil Nadu,0,0,0,164,consent_sign,3.5,0,2026-02-12 10:00:00
S005924,D47FFD35,iOS-HighEnd,PAN,Delhi,0,0,0,125,consent_sign,3.5,0,2026-02-18 12:41:00
S005925,B67333E0,iOS-HighEnd,PAN,Gujarat,0,0,1,144,consent_sign,3.5,0,2026-02-23 14:17:00
S005926,58FDE70B,Android-MidTier,Passport,West Bengal,3,0,3,175,doc_upload,4.5,1,2026-02-21 17:05:00
S005927,8DA4F916,iOS-HighEnd,Passport,Gujarat,0,0,0,129,consent_sign,3.5,0,2026-02-03 21:03:00
S005928,F75EF2CF,Android-MidTier,PAN,Gujarat,0,0,0,127,consent_sign,3.5,0,2026-02-08 00:04:00
S005929,2EBFAF4C,iOS-HighEnd,PAN,Delhi,0,0,0,107,consent_sign,3.5,0,2026-01-01 23:22:00
S005930,E2B845B7,Android-Budget,Passport,Tamil Nadu,1,0,1,62,doc_upload,1.5,1,2026-02-27 07:35:00
S005931,244700CA,Android-MidTier,Driving License,Tamil Nadu,0,1,3,137,liveness_check,3.5,1,2026-02-03 19:34:00
S005932,C6A22085,Android-Budget,PAN,Karnataka,0,0,0,138,consent_sign,3.5,0,2026-01-13 17:24:00
S005933,BE9DD48C,iOS-HighEnd,PAN,Tamil Nadu,0,0,0,129,consent_sign,3.5,0,2026-01-21 03:57:00
S005934,C7A9FF30,iOS-HighEnd,Driving License,Maharashtra,0,0,0,1,registration,0.0,1,2026-02-19 11:05:00
S005935,87D2E18F,iOS-HighEnd,Aadhaar,Karnataka,0,0,0,108,consent_sign,3.5,0,2026-02-27 01:03:00
S005936,887CEDB9,Android-MidTier,PAN,Karnataka,0,0,0,137,consent_sign,3.5,0,2026-01-24 15:06:00
S005937,B195FA9F,Android-MidTier,PAN,Maharashtra,0,1,1,179,consent_sign,5.5,0,2026-01-02 12:35:00
S005938,2AB05AF8,iOS-HighEnd,Passport,Tamil Nadu,0,0,0,127,consent_sign,3.5,0,2026-02-08 23:20:00
S005939,AE2E7DD2,iOS-HighEnd,Passport,West Bengal,0,0,0,134,consent_sign,3.5,0,2026-02-08 22:55:00
S005940,DBE38B89,Android-MidTier,Passport,Maharashtra,0,0,0,131,consent_sign,3.5,0,2026-01-13 21:57:00
S005941,EE3F0127,Android-MidTier,PAN,Gujarat,0,0,0,103,consent_sign,3.5,0,2026-02-27 20:59:00
S005942,8A73483E,Android-Budget,Passport,Maharashtra,0,0,0,139,consent_sign,3.5,0,2026-01-09 05:08:00
S005943,6C8C4BAC,Android-MidTier,Driving License,Gujarat,1,0,1,204,consent_sign,5.0,0,2026-01-02 16:26:00
S005944,0C858238,iOS-HighEnd,Aadhaar,Delhi,0,0,0,157,consent_sign,3.5,0,2026-01-28 23:50:00
S005945,669F9A4A,iOS-HighEnd,PAN,West Bengal,0,1,1,177,consent_sign,5.5,0,2026-02-18 22:10:00
S005946,85915047,Android-MidTier,PAN,Delhi,1,0,1,189,consent_sign,5.0,0,2026-01-22 22:08:00
S005947,79FEE842,iOS-HighEnd,Passport,Gujarat,2,0,2,112,doc_upload,3.0,1,2026-02-17 06:59:00
S005948,B8B758B8,iOS-HighEnd,Aadhaar,Maharashtra,0,0,0,139,consent_sign,3.5,0,2026-03-01 03:55:00
S005949,132AB649,iOS-HighEnd,Passport,Delhi,1,0,1,170,consent_sign,5.0,0,2026-02-05 01:30:00
S005950,AB09EC62,Android-MidTier,Passport,Gujarat,0,0,0,137,consent_sign,3.5,0,2026-01-04 21:36:00
S005951,BBC41107,iOS-HighEnd,Driving License,West Bengal,0,0,0,158,consent_sign,3.5,0,2026-02-09 16:13:00
S005952,111AC671,Android-MidTier,Driving License,Maharashtra,0,2,2,169,liveness_check,5.5,1,2026-02-04 16:24:00
S005953,23EAEA4F,Android-Budget,Aadhaar,West Bengal,0,0,0,119,consent_sign,3.5,0,2026-01-08 15:15:00
S005954,2906567D,Android-Budget,Passport,Gujarat,2,0,2,94,doc_upload,3.0,1,2026-01-13 19:55:00
S005955,F9F8F5F4,Android-Budget,Driving License,Delhi,0,0,0,143,consent_sign,3.5,0,2026-01-19 02:24:00
S005956,642830F3,iOS-HighEnd,Aadhaar,Delhi,0,0,0,119,consent_sign,3.5,0,2026-02-22 20:09:00
S005957,6B44312A,iOS-HighEnd,Driving License,Karnataka,0,0,0,149,consent_sign,3.5,0,2026-01-15 03:25:00
S005958,3FA27FFD,Android-MidTier,Driving License,Gujarat,0,0,0,131,consent_sign,3.5,0,2026-02-11 09:12:00
S005959,39EF20EA,Android-MidTier,PAN,Tamil Nadu,1,1,3,190,liveness_check,5.0,1,2026-02-09 15:34:00
S005960,23F3E5C5,Android-MidTier,Aadhaar,Karnataka,0,1,1,123,liveness_check,3.5,1,2026-02-01 04:47:00
S005961,B9D9C1DC,Android-Budget,PAN,Gujarat,1,0,1,83,doc_upload,1.5,1,2026-01-24 15:19:00
S005962,AC1CFCFC,Android-MidTier,PAN,Maharashtra,0,0,0,142,consent_sign,3.5,0,2026-01-14 12:54:00
S005963,2474E10F,Android-MidTier,Passport,Delhi,0,0,0,113,consent_sign,3.5,0,2026-01-26 05:58:00
S005964,53D509AF,Android-Budget,Aadhaar,Maharashtra,0,0,0,115,consent_sign,3.5,0,2026-02-18 10:41:00
S005965,85475EE1,iOS-HighEnd,PAN,Karnataka,0,0,0,146,consent_sign,3.5,0,2026-02-22 04:20:00
S005966,C58B6161,Android-MidTier,PAN,Maharashtra,1,0,1,203,consent_sign,5.0,0,2026-01-23 11:45:00
S005967,3B7039B0,Android-Budget,Aadhaar,Maharashtra,1,0,1,106,doc_upload,1.5,1,2026-03-01 14:32:00
S005968,D27E5846,iOS-HighEnd,Driving License,Delhi,0,0,0,137,consent_sign,3.5,0,2026-01-16 14:07:00
S005969,9C2B4CA9,iOS-HighEnd,Passport,Karnataka,0,0,0,129,consent_sign,3.5,0,2026-02-03 21:56:00
S005970,E1568C60,Android-MidTier,Passport,Tamil Nadu,0,1,2,204,consent_sign,5.5,0,2026-02-19 02:07:00
S005971,B8525DE3,iOS-HighEnd,PAN,West Bengal,0,0,0,124,consent_sign,3.5,0,2026-01-13 18:26:00
S005972,F311A3A1,Android-MidTier,PAN,Gujarat,0,0,0,134,consent_sign,3.5,0,2026-01-17 11:50:00
S005973,D685B08B,iOS-HighEnd,Passport,Maharashtra,0,1,1,134,liveness_check,3.5,1,2026-01-22 02:55:00
S005974,A07C68C2,Android-Budget,Driving License,West Bengal,0,0,0,153,consent_sign,3.5,0,2026-01-20 19:18:00
S005975,2B1FEECD,iOS-HighEnd,Aadhaar,Maharashtra,0,0,0,120,consent_sign,3.5,0,2026-01-08 00:53:00
S005976,DD91CF6B,iOS-HighEnd,Passport,Tamil Nadu,0,2,2,202,consent_sign,7.5,1,2026-01-17 17:58:00
S005977,4A85FBD1,iOS-HighEnd,Driving License,Tamil Nadu,0,0,0,129,consent_sign,3.5,0,2026-01-22 18:20:00
S005978,16ACB78E,iOS-HighEnd,PAN,Maharashtra,0,0,0,113,consent_sign,3.5,0,2026-02-28 13:20:00
S005979,F5B127E1,Android-Budget,PAN,West Bengal,0,0,0,164,consent_sign,3.5,0,2026-02-13 05:11:00
S005980,3DC559FC,iOS-HighEnd,PAN,Gujarat,0,0,0,164,consent_sign,3.5,0,2026-01-24 09:25:00
S005981,7E99A2C2,iOS-HighEnd,PAN,Maharashtra,0,1,1,121,consent_sign,5.5,0,2026-02-08 09:51:00
S005982,6EB6D54B,Android-MidTier,Aadhaar,Gujarat,0,0,0,101,consent_sign,3.5,1,2026-01-15 04:53:00
S005983,1AEDBCFD,Android-MidTier,Aadhaar,Maharashtra,0,1,1,158,consent_sign,5.5,0,2026-02-18 01:30:00
S005984,D7A29C6C,Android-Budget,PAN,Tamil Nadu,0,0,1,135,consent_sign,3.5,0,2026-02-23 17:01:00
S005985,E79C797D,Android-MidTier,Passport,Maharashtra,0,0,0,113,consent_sign,3.5,0,2026-02-18 17:24:00
S005986,542E2E6A,Android-MidTier,PAN,West Bengal,0,0,0,1,registration,0.0,1,2026-02-22 04:36:00
S005987,4051DBDA,iOS-HighEnd,PAN,West Bengal,0,0,0,142,consent_sign,3.5,0,2026-01-18 13:52:00
S005988,034F2029,iOS-HighEnd,PAN,Delhi,0,0,0,172,consent_sign,3.5,0,2026-01-21 18:38:00
S005989,7C4CEC7D,Android-Budget,Passport,Tamil Nadu,1,0,1,109,doc_upload,1.5,1,2026-02-03 02:10:00
S005990,38ACE486,Android-MidTier,Driving License,Delhi,1,0,1,76,doc_upload,1.5,1,2026-02-01 10:22:00
S005991,44087701,iOS-HighEnd,Driving License,Maharashtra,0,0,0,126,consent_sign,3.5,1,2026-02-23 11:35:00
S005992,D385D453,iOS-HighEnd,Driving License,Delhi,0,0,0,3,registration,0.0,1,2026-02-13 11:05:00
S005993,9B4CCCB0,Android-MidTier,PAN,Tamil Nadu,1,3,4,230,liveness_check,9.0,1,2026-01-19 13:18:00
S005994,9B4BF636,Android-Budget,Driving License,Delhi,2,0,2,144,doc_upload,3.0,1,2026-01-21 21:29:00
S005995,AAE50490,Android-Budget,Driving License,Gujarat,0,0,0,144,consent_sign,3.5,0,2026-02-01 05:38:00
S005996,1B98A0E3,iOS-HighEnd,PAN,West Bengal,0,0,0,112,consent_sign,3.5,0,2026-02-05 04:25:00
S005997,A48687D4,Android-MidTier,PAN,Karnataka,0,0,0,136,consent_sign,3.5,0,2026-01-06 18:18:00
S005998,184C4178,Android-Budget,Passport,Tamil Nadu,0,0,0,128,consent_sign,3.5,0,2026-01-16 03:35:00
S005999,3D15D3EE,iOS-HighEnd,PAN,Gujarat,0,0,0,48,doc_upload,0.0,1,2026-02-03 19:48:00
S006000,B5950807,iOS-HighEnd,Driving License,Delhi,0,0,0,75,liveness_check,1.5,1,2026-02-28 11:10:00
S006001,D0B66C10,iOS-HighEnd,Passport,West Bengal,0,0,0,150,consent_sign,3.5,0,2026-01-30 14:16:00
S006002,0A349670,Android-Budget,Driving License,West Bengal,0,0,0,130,consent_sign,3.5,0,2026-01-02 10:54:00
S006003,70B3E6DF,iOS-HighEnd,Driving License,Gujarat,0,0,1,159,consent_sign,3.5,0,2026-01-10 06:37:00
S006004,DD088545,Android-MidTier,Driving License,Karnataka,0,0,0,164,consent_sign,3.5,0,2026-01-09 09:24:00
S006005,6610BA20,Android-MidTier,Driving License,Tamil Nadu,0,0,0,137,consent_sign,3.5,0,2026-02-11 19:07:00
S006006,BE901A64,Android-Budget,Aadhaar,Delhi,0,0,0,114,consent_sign,3.5,1,2026-01-03 07:52:00
S006007,E8780458,Android-MidTier,Driving License,Karnataka,1,0,1,194,consent_sign,5.0,0,2026-01-22 02:02:00
S006008,2E44D349,Android-MidTier,PAN,Karnataka,0,0,1,184,consent_sign,3.5,0,2026-02-21 10:34:00
S006009,5436DEB3,Android-MidTier,Aadhaar,Tamil Nadu,1,0,2,207,consent_sign,5.0,0,2026-01-01 11:01:00
S006010,69824369,Android-MidTier,Aadhaar,Delhi,0,0,0,149,consent_sign,3.5,0,2026-02-28 18:21:00
S006011,74E5418D,Android-MidTier,PAN,Tamil Nadu,2,2,4,218,liveness_check,8.5,1,2026-01-06 13:09:00
S006012,5BCC7BFB,Android-Budget,Passport,West Bengal,1,0,1,202,consent_sign,5.0,0,2026-02-12 16:43:00
S006013,5A357945,iOS-HighEnd,Aadhaar,Gujarat,0,0,1,150,consent_sign,3.5,0,2026-02-18 14:36:00
S006014,46D162D6,Android-MidTier,Driving License,Karnataka,0,0,0,103,consent_sign,3.5,0,2026-02-19 09:53:00
S006015,53133EA1,Android-MidTier,Aadhaar,Gujarat,0,0,0,136,consent_sign,3.5,0,2026-02-27 21:25:00
S006016,A282BBAB,iOS-HighEnd,Passport,Tamil Nadu,0,0,0,1,registration,0.0,1,2026-02-24 15:34:00
S006017,291C9094,Android-Budget,Passport,Karnataka,0,0,0,145,consent_sign,3.5,0,2026-01-10 22:22:00
S006018,DD0D3739,Android-Budget,Driving License,West Bengal,0,1,1,169,consent_sign,5.5,0,2026-01-29 04:43:00
S006019,BD9ED3FC,Android-MidTier,Passport,Tamil Nadu,0,0,0,85,consent_sign,3.5,0,2026-01-04 13:17:00
S006020,C7ED8888,Android-Budget,Driving License,Delhi,1,0,1,112,doc_upload,1.5,1,2026-01-22 21:40:00
S006021,7FF5475C,Android-MidTier,Aadhaar,Gujarat,0,0,0,138,consent_sign,3.5,0,2026-01-31 03:55:00
S006022,5A0FDF61,Android-MidTier,Aadhaar,Maharashtra,0,0,0,94,consent_sign,3.5,0,2026-03-02 02:09:00
S006023,CE1EAEB5,Android-Budget,PAN,Delhi,0,0,0,2,registration,0.0,1,2026-02-23 20:58:00
S006024,510861BB,iOS-HighEnd,Passport,Gujarat,0,0,0,132,consent_sign,3.5,0,2026-02-17 09:26:00
S006025,EA072198,Android-MidTier,PAN,Karnataka,0,0,0,114,consent_sign,3.5,0,2026-02-02 23:42:00
S006026,67F3E4BF,Android-Budget,PAN,Delhi,0,2,2,186,consent_sign,7.5,0,2026-02-28 22:06:00
S006027,A3B4A240,Android-MidTier,Aadhaar,Karnataka,0,0,0,1,registration,0.0,1,2026-01-10 00:57:00
S006028,33C00B7D,Android-MidTier,Aadhaar,Tamil Nadu,1,0,2,192,consent_sign,5.0,0,2026-01-07 10:10:00
S006029,7C45D65D,iOS-HighEnd,Aadhaar,West Bengal,0,1,1,157,consent_sign,5.5,0,2026-02-11 19:03:00
S006030,7011A2BE,Android-MidTier,Driving License,West Bengal,0,0,0,128,consent_sign,3.5,0,2026-02-21 13:45:00
S006031,28C2783D,Android-MidTier,Passport,Tamil Nadu,1,0,1,181,consent_sign,5.0,1,2026-01-27 16:46:00
S006032,0413D049,Android-Budget,Aadhaar,Maharashtra,2,0,2,100,doc_upload,3.0,1,2026-02-13 21:37:00
S006033,4F7EBC54,Android-MidTier,Driving License,Maharashtra,0,0,0,102,consent_sign,3.5,0,2026-01-22 06:52:00
S006034,A46E47A2,Android-MidTier,Driving License,Maharashtra,0,0,0,89,liveness_check,1.5,1,2026-01-17 20:01:00
S006035,8F56FFFC,Android-MidTier,Passport,Tamil Nadu,0,1,1,131,liveness_check,3.5,1,2026-01-22 19:59:00
S006036,9E541D3E,Android-MidTier,Aadhaar,Tamil Nadu,0,0,2,124,consent_sign,3.5,1,2026-02-24 17:28:00
S006037,17E6AE99,Android-Budget,Aadhaar,Delhi,0,0,0,34,phone_otp,0.0,1,2026-02-13 00:27:00
S006038,EA299A22,Android-MidTier,Aadhaar,Tamil Nadu,0,0,0,2,registration,0.0,1,2026-02-04 12:25:00
S006039,DA2A5B5F,Android-Budget,Aadhaar,Karnataka,0,0,0,124,consent_sign,3.5,0,2026-02-07 14:53:00
S006040,5714FC0B,Android-MidTier,PAN,Tamil Nadu,0,0,1,117,consent_sign,3.5,0,2026-02-16 09:25:00
S006041,220E674E,iOS-HighEnd,PAN,Maharashtra,0,0,0,91,liveness_check,1.5,1,2026-02-08 13:39:00
S006042,D8528ABB,iOS-HighEnd,PAN,Karnataka,0,0,0,131,consent_sign,3.5,0,2026-02-01 00:41:00
S006043,E05FF96E,Android-Budget,Driving License,West Bengal,0,0,0,112,consent_sign,3.5,0,2026-02-14 00:54:00
S006044,9D091856,iOS-HighEnd,Aadhaar,Karnataka,0,0,0,159,consent_sign,3.5,0,2026-01-23 10:12:00
S006045,52E6EF74,iOS-HighEnd,PAN,Karnataka,0,0,0,120,consent_sign,3.5,0,2026-02-01 23:21:00
S006046,D37D8533,Android-MidTier,Driving License,Maharashtra,1,0,1,104,doc_upload,1.5,1,2026-01-27 06:30:00
S006047,27AEDAAE,Android-MidTier,PAN,Delhi,0,0,0,94,consent_sign,3.5,0,2026-02-14 21:24:00
S006048,06BF79CF,Android-MidTier,Passport,Karnataka,0,1,1,181,consent_sign,5.5,0,2026-01-10 07:55:00
S006049,B1F0B429,iOS-HighEnd,PAN,Delhi,0,0,0,23,phone_otp,0.0,1,2026-01-19 22:19:00
S006050,E008E8ED,Android-MidTier,Aadhaar,West Bengal,0,0,0,159,consent_sign,3.5,0,2026-01-16 13:01:00
S006051,CFC01FBC,iOS-HighEnd,Passport,Maharashtra,0,0,0,173,consent_sign,3.5,0,2026-02-03 16:48:00
S006052,4BFAA29E,Android-Budget,Passport,West Bengal,0,0,0,121,consent_sign,3.5,0,2026-02-19 11:20:00
S006053,DB872C8F,iOS-HighEnd,Passport,Tamil Nadu,0,0,0,151,consent_sign,3.5,0,2026-01-06 13:40:00
S006054,705F052B,Android-MidTier,Driving License,Karnataka,0,0,1,201,consent_sign,3.5,0,2026-01-30 10:50:00
S006055,FF9558A3,Android-Budget,Driving License,West Bengal,0,3,3,177,liveness_check,7.5,1,2026-01-24 12:14:00
S006056,2FA17FE6,iOS-HighEnd,Driving License,West Bengal,1,0,1,208,consent_sign,5.0,0,2026-01-04 20:36:00
S006057,664D49FA,iOS-HighEnd,Passport,Gujarat,0,0,0,128,consent_sign,3.5,0,2026-02-03 00:00:00
S006058,E6FFEE2A,Android-MidTier,PAN,Maharashtra,0,0,1,177,consent_sign,3.5,0,2026-01-05 04:12:00
S006059,42F1287B,iOS-HighEnd,Driving License,Delhi,0,0,0,134,consent_sign,3.5,0,2026-02-06 23:57:00
S006060,5D2D113B,Android-MidTier,Passport,Tamil Nadu,0,0,0,167,consent_sign,3.5,0,2026-01-28 21:56:00
S006061,6E6AA3EC,Android-MidTier,Passport,Gujarat,0,0,0,161,consent_sign,3.5,0,2026-02-20 11:58:00
S006062,ECEDF328,iOS-HighEnd,Driving License,Maharashtra,0,0,0,127,consent_sign,3.5,1,2026-02-05 00:26:00
S006063,8A55A14B,iOS-HighEnd,PAN,Gujarat,0,0,0,89,liveness_check,1.5,1,2026-02-17 13:30:00
S006064,B1757E7D,Android-MidTier,Passport,Karnataka,0,0,0,98,consent_sign,3.5,1,2026-01-30 06:27:00
S006065,D3D39FF9,Android-MidTier,Driving License,Delhi,1,0,1,173,consent_sign,5.0,0,2026-02-16 00:28:00
S006066,CBA9A0F0,iOS-HighEnd,Passport,Tamil Nadu,1,0,1,144,consent_sign,5.0,0,2026-02-28 21:07:00
S006067,18BC2E3B,iOS-HighEnd,Passport,Gujarat,0,0,0,107,consent_sign,3.5,0,2026-02-04 14:32:00
S006068,FC4A013F,iOS-HighEnd,Passport,Gujarat,0,0,0,140,consent_sign,3.5,0,2026-02-25 13:56:00
S006069,890D58E5,Android-Budget,Passport,Tamil Nadu,0,1,1,119,liveness_check,3.5,1,2026-01-23 17:36:00
S006070,D387FCD8,Android-MidTier,Driving License,Tamil Nadu,0,0,0,115,consent_sign,3.5,0,2026-02-02 00:12:00
S006071,592CFE25,Android-Budget,Passport,Delhi,0,0,0,52,doc_upload,0.0,1,2026-02-19 15:01:00
S006072,F9FB722D,Android-MidTier,Driving License,Gujarat,0,0,0,4,registration,0.0,1,2026-02-20 13:35:00
S006073,3955B110,Android-MidTier,Passport,Tamil Nadu,0,0,0,116,consent_sign,3.5,0,2026-02-14 00:30:00
S006074,D62C4BE4,iOS-HighEnd,PAN,Delhi,0,0,0,128,consent_sign,3.5,0,2026-02-04 00:33:00
S006075,70184F95,Android-MidTier,Passport,Delhi,0,0,1,114,consent_sign,3.5,0,2026-02-04 22:29:00
S006076,108D692F,iOS-HighEnd,Passport,Tamil Nadu,0,0,0,29,phone_otp,0.0,1,2026-01-12 16:09:00
S006077,05A95733,Android-MidTier,PAN,Delhi,0,1,1,107,liveness_check,3.5,1,2026-02-03 13:44:00
S006078,A6789753,Android-Budget,Aadhaar,Karnataka,0,1,1,171,consent_sign,5.5,0,2026-01-20 05:56:00
S006079,7A0430C4,iOS-HighEnd,PAN,West Bengal,0,0,0,152,consent_sign,3.5,0,2026-01-05 16:24:00
S006080,1053ADBA,Android-Budget,Passport,Tamil Nadu,0,1,1,121,liveness_check,3.5,1,2026-01-27 06:18:00
S006081,F46976AF,Android-Budget,Driving License,Karnataka,0,0,0,147,consent_sign,3.5,0,2026-01-17 05:06:00
S006082,4083DCF3,iOS-HighEnd,Aadhaar,Maharashtra,0,0,0,165,consent_sign,3.5,0,2026-02-12 11:23:00
S006083,070F48C2,Android-MidTier,Driving License,Gujarat,0,0,0,127,consent_sign,3.5,1,2026-01-14 02:34:00
S006084,6E4AE071,Android-MidTier,Aadhaar,Delhi,0,0,0,103,consent_sign,3.5,0,2026-01-04 02:35:00
S006085,2223AB94,Android-MidTier,Aadhaar,Karnataka,1,0,1,196,consent_sign,5.0,0,2026-02-05 16:18:00
S006086,A96BC761,Android-MidTier,Aadhaar,Karnataka,0,0,0,13,phone_otp,0.0,1,2026-02-03 18:25:00
S006087,B27C1721,iOS-HighEnd,PAN,Delhi,0,0,0,144,consent_sign,3.5,0,2026-02-15 21:34:00
S006088,3B895644,Android-MidTier,Driving License,West Bengal,1,0,1,204,consent_sign,5.0,0,2026-02-24 06:54:00
S006089,82095583,Android-MidTier,Aadhaar,West Bengal,0,0,0,171,consent_sign,3.5,0,2026-02-05 11:47:00
S006090,C42C40CE,iOS-HighEnd,Passport,Tamil Nadu,0,0,0,124,consent_sign,3.5,0,2026-01-12 15:22:00
S006091,963D4606,iOS-HighEnd,Passport,Tamil Nadu,1,0,1,101,doc_upload,1.5,1,2026-01-16 00:07:00
S006092,F88C2664,Android-MidTier,Driving License,Karnataka,0,0,0,147,consent_sign,3.5,0,2026-02-14 11:11:00
S006093,C124B471,iOS-HighEnd,PAN,Gujarat,0,0,0,116,consent_sign,3.5,0,2026-01-09 22:19:00
S006094,C64D8E70,Android-MidTier,Passport,West Bengal,1,0,2,134,consent_sign,5.0,0,2026-02-20 00:28:00
S006095,1049F904,Android-MidTier,PAN,Delhi,0,0,0,172,consent_sign,3.5,0,2026-02-18 08:03:00
S006096,2944E059,Android-MidTier,Aadhaar,Karnataka,0,0,0,119,consent_sign,3.5,0,2026-02-20 06:38:00
S006097,FAD2FD69,Android-MidTier,Driving License,Karnataka,0,0,0,133,consent_sign,3.5,0,2026-01-19 05:09:00
S006098,FD55C844,iOS-HighEnd,Driving License,Maharashtra,0,0,0,4,registration,0.0,1,2026-01-23 08:13:00
S006099,078C7F1D,iOS-HighEnd,PAN,Delhi,0,0,0,144,consent_sign,3.5,0,2026-01-18 16:49:00
S006100,BA89EDA3,iOS-HighEnd,PAN,Maharashtra,0,0,0,133,consent_sign,3.5,0,2026-02-02 05:38:00
S006101,181AF69A,Android-MidTier,Driving License,Gujarat,1,0,1,146,consent_sign,5.0,0,2026-03-01 04:08:00
S006102,B3700E92,Android-Budget,Driving License,Gujarat,0,0,0,150,consent_sign,3.5,0,2026-01-16 14:39:00
S006103,CE0ED735,Android-MidTier,PAN,Gujarat,0,0,0,119,consent_sign,3.5,0,2026-01-05 15:56:00
S006104,7972C629,iOS-HighEnd,Driving License,West Bengal,0,0,0,102,consent_sign,3.5,0,2026-02-14 12:43:00
S006105,2ED86804,iOS-HighEnd,Aadhaar,Karnataka,0,0,0,4,registration,0.0,1,2026-01-24 00:19:00
S006106,2D6ACDD4,iOS-HighEnd,Driving License,Maharashtra,0,0,0,118,consent_sign,3.5,0,2026-02-08 15:53:00
S006107,4083FF8F,Android-MidTier,Passport,West Bengal,0,0,0,130,consent_sign,3.5,0,2026-01-25 04:26:00
S006108,42B07E31,iOS-HighEnd,Driving License,West Bengal,0,0,0,151,consent_sign,3.5,0,2026-02-21 14:27:00
S006109,59E849B6,iOS-HighEnd,Passport,Gujarat,0,0,0,135,consent_sign,3.5,0,2026-01-29 16:00:00
S006110,14E1AABD,iOS-HighEnd,Passport,Gujarat,2,0,2,201,consent_sign,6.5,0,2026-01-14 18:46:00
S006111,1812362F,Android-MidTier,Driving License,Karnataka,0,0,0,132,consent_sign,3.5,0,2026-01-05 15:02:00
S006112,E119E331,iOS-HighEnd,Passport,Gujarat,0,0,0,116,consent_sign,3.5,0,2026-01-23 05:10:00
S006113,8E9FF74A,Android-Budget,PAN,Tamil Nadu,0,1,1,134,consent_sign,5.5,0,2026-02-12 08:16:00
S006114,18720DC7,Android-MidTier,Passport,Gujarat,1,1,2,164,liveness_check,5.0,1,2026-01-12 07:35:00
S006115,FC31654D,iOS-HighEnd,Driving License,West Bengal,0,0,1,54,phone_otp,0.0,1,2026-02-22 00:47:00
S006116,53AD132C,Android-MidTier,Aadhaar,Gujarat,0,0,0,171,consent_sign,3.5,0,2026-01-09 23:54:00
S006117,CCCF4D37,Android-MidTier,Aadhaar,Karnataka,0,0,0,121,consent_sign,3.5,0,2026-01-13 03:08:00
S006118,5FF540CA,iOS-HighEnd,Driving License,Tamil Nadu,0,0,0,131,consent_sign,3.5,0,2026-02-14 12:22:00
S006119,2C21F1ED,iOS-HighEnd,Aadhaar,Maharashtra,0,0,0,4,registration,0.0,1,2026-01-06 12:42:00
S006120,7F8A1FCA,Android-Budget,PAN,Delhi,0,0,0,113,consent_sign,3.5,0,2026-02-17 07:21:00
S006121,F9CC596E,iOS-HighEnd,PAN,Delhi,0,0,0,112,consent_sign,3.5,0,2026-01-20 16:02:00
S006122,AEE4F488,Android-Budget,Passport,Karnataka,1,0,1,76,doc_upload,1.5,1,2026-01-10 06:33:00
S006123,5FC97E64,Android-MidTier,Driving License,West Bengal,0,0,0,140,consent_sign,3.5,0,2026-02-24 11:10:00
S006124,70D18E9E,iOS-HighEnd,Passport,Tamil Nadu,0,0,0,117,consent_sign,3.5,0,2026-01-13 20:11:00
S006125,C5A0B7C3,iOS-HighEnd,PAN,Tamil Nadu,0,0,0,3,registration,0.0,1,2026-01-12 22:31:00
S006126,D079FE4E,Android-MidTier,Driving License,Tamil Nadu,0,0,0,166,consent_sign,3.5,0,2026-01-21 19:18:00
S006127,9F40CE6A,Android-Budget,Aadhaar,Karnataka,0,1,1,106,liveness_check,3.5,1,2026-01-25 11:36:00
S006128,E36345FC,iOS-HighEnd,Passport,Maharashtra,0,0,0,112,consent_sign,3.5,0,2026-01-12 21:53:00
S006129,1ECADF24,Android-MidTier,Aadhaar,Delhi,2,0,3,279,consent_sign,6.5,0,2026-01-08 10:00:00
S006130,EF5E4A66,Android-Budget,Driving License,Maharashtra,0,0,0,152,consent_sign,3.5,0,2026-01-24 09:55:00
S006131,AEDB3046,Android-Budget,Aadhaar,West Bengal,1,0,2,130,doc_upload,1.5,1,2026-02-24 02:52:00
S006132,2AD9C360,iOS-HighEnd,Aadhaar,Maharashtra,0,0,0,120,consent_sign,3.5,1,2026-01-21 02:41:00
S006133,3172E9F8,iOS-HighEnd,PAN,Karnataka,0,0,0,127,consent_sign,3.5,0,2026-02-07 02:05:00
S006134,9CFA2010,iOS-HighEnd,Driving License,Delhi,0,0,0,151,consent_sign,3.5,0,2026-01-28 09:10:00
S006135,74650FF9,Android-Budget,Driving License,Tamil Nadu,0,2,2,169,consent_sign,7.5,0,2026-01-07 03:37:00
S006136,D4EEE313,iOS-HighEnd,Driving License,West Bengal,0,0,0,110,consent_sign,3.5,0,2026-02-20 20:39:00
S006137,F1AAB637,Android-Budget,Driving License,Delhi,1,0,1,206,consent_sign,5.0,0,2026-01-03 16:22:00
S006138,10C238BA,Android-MidTier,Aadhaar,West Bengal,0,0,1,180,consent_sign,3.5,0,2026-02-02 00:02:00
S006139,243191EB,iOS-HighEnd,Aadhaar,Tamil Nadu,0,0,0,151,consent_sign,3.5,0,2026-02-20 13:35:00
S006140,7DA2FB48,iOS-HighEnd,PAN,Tamil Nadu,1,0,1,88,doc_upload,1.5,1,2026-01-15 00:00:00
S006141,0AA5AAF2,iOS-HighEnd,Driving License,Karnataka,0,0,0,131,consent_sign,3.5,0,2026-01-25 02:24:00
S006142,FB7B00C7,iOS-HighEnd,PAN,Gujarat,0,0,0,143,consent_sign,3.5,0,2026-02-02 20:57:00
S006143,D7F64255,Android-Budget,Aadhaar,Delhi,0,1,1,88,liveness_check,3.5,1,2026-02-20 00:50:00
S006144,C12E3882,Android-MidTier,PAN,Delhi,0,0,0,124,consent_sign,3.5,1,2026-01-04 17:16:00
S006145,D907BA3F,iOS-HighEnd,PAN,West Bengal,0,0,0,131,consent_sign,3.5,0,2026-02-10 22:54:00
S006146,A7A13E62,iOS-HighEnd,Passport,Delhi,0,0,0,124,consent_sign,3.5,0,2026-01-07 00:02:00
S006147,90208D23,iOS-HighEnd,Aadhaar,West Bengal,0,0,0,136,consent_sign,3.5,0,2026-01-09 15:07:00
S006148,858C5992,Android-MidTier,Passport,Gujarat,1,0,1,168,consent_sign,5.0,0,2026-01-19 13:41:00
S006149,A4A8A844,iOS-HighEnd,PAN,Karnataka,0,0,0,127,consent_sign,3.5,0,2026-01-13 17:09:00
S006150,22AE8888,Android-Budget,Driving License,Maharashtra,1,0,1,55,doc_upload,1.5,1,2026-02-01 17:19:00
S006151,4AFF5EEE,iOS-HighEnd,Passport,Delhi,1,0,1,227,consent_sign,5.0,0,2026-01-13 12:01:00
S006152,677C25B0,Android-MidTier,PAN,Karnataka,0,0,0,93,consent_sign,3.5,0,2026-02-15 08:49:00
S006153,7D8F2305,iOS-HighEnd,Driving License,West Bengal,0,0,0,175,consent_sign,3.5,0,2026-01-09 18:28:00
S006154,524EC63C,Android-Budget,Driving License,West Bengal,0,0,0,153,consent_sign,3.5,0,2026-02-09 15:14:00
S006155,6388F6DC,Android-Budget,Passport,Karnataka,0,0,0,140,consent_sign,3.5,0,2026-01-29 23:39:00
S006156,C94EE2F0,iOS-HighEnd,Passport,Tamil Nadu,0,0,0,122,consent_sign,3.5,0,2026-01-24 11:04:00
S006157,AF1E0ECD,iOS-HighEnd,Aadhaar,Tamil Nadu,0,0,0,138,consent_sign,3.5,0,2026-01-17 20:31:00
S006158,D4CD45A9,iOS-HighEnd,Driving License,Gujarat,0,1,1,203,consent_sign,5.5,0,2026-01-16 23:05:00
S006159,16D4FDFF,Android-Budget,PAN,Gujarat,0,0,0,137,consent_sign,3.5,0,2026-01-16 19:07:00
S006160,BF733026,Android-MidTier,PAN,Tamil Nadu,0,0,0,160,consent_sign,3.5,0,2026-02-23 18:43:00
S006161,2C613D5C,iOS-HighEnd,Passport,Delhi,0,0,0,172,consent_sign,3.5,0,2026-01-27 07:53:00
S006162,0C46D8BE,iOS-HighEnd,PAN,West Bengal,0,0,1,167,consent_sign,3.5,0,2026-02-12 18:27:00
S006163,F77E1EE6,iOS-HighEnd,Passport,Maharashtra,0,0,0,135,consent_sign,3.5,0,2026-02-15 01:22:00
S006164,5A0D4F8C,Android-MidTier,Aadhaar,Maharashtra,0,0,0,131,consent_sign,3.5,0,2026-01-26 20:12:00
S006165,D2E106A4,Android-Budget,Driving License,West Bengal,2,0,2,213,consent_sign,6.5,0,2026-01-29 06:59:00
S006166,6F0DC87B,iOS-HighEnd,Driving License,West Bengal,1,0,1,122,liveness_check,3.0,1,2026-02-25 17:59:00
S006167,D96688C9,Android-MidTier,Passport,West Bengal,0,0,0,95,consent_sign,3.5,0,2026-02-11 17:56:00
S006168,AE5EC1FC,iOS-HighEnd,Aadhaar,West Bengal,0,0,0,142,consent_sign,3.5,0,2026-02-14 21:33:00
S006169,36E90637,Android-MidTier,Passport,Gujarat,1,0,1,125,consent_sign,5.0,0,2026-02-01 20:26:00
S006170,2F8A637D,Android-MidTier,Aadhaar,Maharashtra,1,0,1,191,consent_sign,5.0,0,2026-01-30 13:07:00
S006171,51FFDEF6,Android-MidTier,PAN,Karnataka,1,0,1,65,doc_upload,1.5,1,2026-02-04 23:01:00
S006172,7ECA5B2D,Android-MidTier,Aadhaar,West Bengal,0,0,0,114,consent_sign,3.5,0,2026-01-10 08:50:00
S006173,9CEEAF74,Android-MidTier,Driving License,West Bengal,0,1,1,191,consent_sign,5.5,0,2026-02-17 02:09:00
S006174,61A93ECF,Android-Budget,Driving License,Maharashtra,0,1,2,190,consent_sign,5.5,0,2026-01-14 23:42:00
S006175,1DC7DEAB,Android-MidTier,PAN,West Bengal,1,0,1,83,doc_upload,1.5,1,2026-01-23 00:31:00
S006176,E7867BBF,Android-MidTier,Aadhaar,Maharashtra,0,0,0,121,consent_sign,3.5,0,2026-01-03 07:11:00
S006177,EA4D7ED8,Android-MidTier,Driving License,West Bengal,0,0,0,109,consent_sign,3.5,0,2026-02-04 19:53:00
S006178,2D53A810,Android-MidTier,Aadhaar,Maharashtra,0,0,0,137,consent_sign,3.5,0,2026-02-26 11:08:00
S006179,3A769378,Android-Budget,PAN,Tamil Nadu,1,1,2,177,liveness_check,5.0,1,2026-01-15 00:25:00
S006180,66E6C48A,Android-Budget,Driving License,Tamil Nadu,0,0,1,132,consent_sign,3.5,0,2026-02-27 16:15:00
S006181,9947C98A,Android-MidTier,PAN,West Bengal,1,0,1,166,consent_sign,5.0,0,2026-02-28 21:43:00
S006182,42186E6D,Android-Budget,Aadhaar,Delhi,0,0,0,125,consent_sign,3.5,0,2026-02-19 10:39:00
S006183,AE2E69E2,Android-Budget,Passport,Delhi,0,0,0,4,registration,0.0,1,2026-02-27 06:02:00
S006184,E6EF3A0B,Android-Budget,Aadhaar,Karnataka,1,0,2,180,consent_sign,5.0,0,2026-02-23 21:38:00
S006185,F0B5B7B3,Android-MidTier,PAN,West Bengal,0,1,2,139,liveness_check,3.5,1,2026-02-07 19:08:00
S006186,E9EA9D49,Android-MidTier,Aadhaar,Delhi,0,2,2,212,consent_sign,7.5,0,2026-01-16 22:10:00
S006187,029E435D,Android-Budget,Aadhaar,Tamil Nadu,0,1,1,132,consent_sign,5.5,0,2026-01-06 13:56:00
S006188,608BB508,Android-MidTier,Passport,Karnataka,0,1,1,164,consent_sign,5.5,0,2026-01-31 21:49:00
S006189,3082D7E6,iOS-HighEnd,Aadhaar,West Bengal,0,0,0,31,phone_otp,0.0,1,2026-02-01 06:07:00
S006190,40E07E0F,iOS-HighEnd,PAN,Maharashtra,0,0,1,154,consent_sign,3.5,0,2026-03-01 02:49:00
S006191,B149324B,Android-MidTier,PAN,Maharashtra,0,0,0,138,consent_sign,3.5,0,2026-02-01 22:12:00
S006192,C46268D6,iOS-HighEnd,Aadhaar,Gujarat,0,1,1,127,consent_sign,5.5,0,2026-03-01 22:47:00
S006193,B08307E1,iOS-HighEnd,Driving License,Maharashtra,0,0,1,29,registration,0.0,1,2026-02-23 16:02:00
S006194,1D480843,Android-Budget,PAN,Delhi,0,1,1,110,liveness_check,3.5,1,2026-01-15 10:39:00
S006195,CA8B6E4C,iOS-HighEnd,Aadhaar,Karnataka,0,0,0,141,consent_sign,3.5,0,2026-02-22 20:57:00
S006196,8974E16A,iOS-HighEnd,PAN,West Bengal,0,0,0,111,consent_sign,3.5,0,2026-02-18 00:03:00
S006197,BD76BB2F,Android-MidTier,Aadhaar,Maharashtra,0,1,1,184,consent_sign,5.5,0,2026-01-17 14:55:00
S006198,B70BC594,iOS-HighEnd,Aadhaar,Tamil Nadu,0,0,0,159,consent_sign,3.5,0,2026-02-17 01:49:00
S006199,48E918F9,Android-MidTier,Aadhaar,Karnataka,0,0,0,182,consent_sign,3.5,0,2026-02-01 05:38:00
S006200,DB029414,iOS-HighEnd,PAN,Tamil Nadu,0,0,0,111,consent_sign,3.5,0,2026-01-24 12:24:00
S006201,C2D031AD,Android-MidTier,Aadhaar,West Bengal,0,0,0,120,consent_sign,3.5,0,2026-01-25 06:15:00
S006202,E2B6A842,iOS-HighEnd,Aadhaar,Maharashtra,0,0,0,115,consent_sign,3.5,0,2026-01-06 11:38:00
S006203,16251089,Android-MidTier,Driving License,Karnataka,0,0,1,28,registration,0.0,1,2026-02-24 16:57:00
S006204,3366DA87,iOS-HighEnd,Passport,Delhi,0,0,0,136,consent_sign,3.5,0,2026-01-13 03:09:00
S006205,092351D9,Android-MidTier,Passport,Karnataka,0,1,1,115,liveness_check,3.5,1,2026-01-08 10:19:00
S006206,1C852510,Android-Budget,Passport,Gujarat,0,1,1,95,liveness_check,3.5,1,2026-02-21 21:18:00
S006207,63582706,iOS-HighEnd,Passport,West Bengal,0,0,0,2,registration,0.0,1,2026-01-17 17:27:00
S006208,B190DEA4,Android-MidTier,Driving License,Tamil Nadu,0,0,0,126,consent_sign,3.5,0,2026-01-27 15:53:00
S006209,6F9A544A,iOS-HighEnd,Passport,Maharashtra,0,0,0,137,consent_sign,3.5,0,2026-01-08 13:39:00
S006210,BD0443F0,Android-MidTier,Passport,Karnataka,0,0,0,150,consent_sign,3.5,0,2026-02-17 14:44:00
S006211,C4E57A92,Android-MidTier,Aadhaar,Gujarat,0,0,0,120,consent_sign,3.5,0,2026-02-21 05:11:00
S006212,80ED319C,iOS-HighEnd,PAN,Maharashtra,0,0,0,151,consent_sign,3.5,0,2026-02-06 17:01:00
S006213,C4BFA424,Android-MidTier,Aadhaar,West Bengal,0,0,0,144,consent_sign,3.5,0,2026-02-09 05:50:00
S006214,0B33B7A0,iOS-HighEnd,Driving License,Delhi,0,0,0,2,registration,0.0,1,2026-01-09 18:42:00
S006215,27180985,iOS-HighEnd,Aadhaar,Tamil Nadu,1,0,1,164,consent_sign,5.0,0,2026-01-23 13:03:00
S006216,40349202,iOS-HighEnd,Passport,Karnataka,0,0,0,125,consent_sign,3.5,0,2026-01-17 21:53:00
S006217,7647F43F,iOS-HighEnd,PAN,West Bengal,0,0,0,149,consent_sign,3.5,0,2026-01-31 04:53:00
S006218,0E721365,Android-MidTier,Passport,Gujarat,1,0,1,64,doc_upload,1.5,1,2026-02-20 02:42:00
S006219,F262E145,Android-MidTier,Aadhaar,Tamil Nadu,0,0,0,141,consent_sign,3.5,0,2026-01-31 14:05:00
S006220,39A90A45,Android-Budget,Driving License,Maharashtra,0,0,0,51,doc_upload,0.0,1,2026-02-13 18:44:00
S006221,55FCCC14,Android-MidTier,Driving License,Delhi,0,1,1,166,consent_sign,5.5,0,2026-01-15 10:32:00
S006222,067AB1D7,iOS-HighEnd,Passport,Karnataka,0,0,0,82,consent_sign,3.5,0,2026-01-27 21:10:00
S006223,D7EA8625,iOS-HighEnd,PAN,Delhi,0,1,1,137,consent_sign,5.5,0,2026-02-14 16:08:00
S006224,49ADB07B,Android-MidTier,Driving License,Gujarat,1,0,1,230,consent_sign,5.0,0,2026-02-01 12:25:00
S006225,8C1046BF,Android-MidTier,Passport,Delhi,1,0,1,73,doc_upload,1.5,1,2026-01-13 20:23:00
S006226,1C82780F,iOS-HighEnd,PAN,West Bengal,0,0,0,95,liveness_check,1.5,1,2026-01-06 09:17:00
S006227,849EBFA5,Android-MidTier,Driving License,Maharashtra,1,0,1,185,consent_sign,5.0,0,2026-02-14 06:02:00
S006228,B87189E1,Android-MidTier,Passport,Karnataka,0,0,0,156,consent_sign,3.5,0,2026-01-31 12:04:00
S006229,52581086,Android-Budget,PAN,Gujarat,1,0,2,104,doc_upload,1.5,1,2026-01-09 16:31:00
S006230,E6C9FD54,iOS-HighEnd,Passport,Tamil Nadu,0,1,1,108,consent_sign,5.5,0,2026-01-18 23:08:00
S006231,0182C481,Android-MidTier,Driving License,Karnataka,0,1,1,154,consent_sign,5.5,0,2026-01-28 14:26:00
S006232,0EF473A2,iOS-HighEnd,PAN,West Bengal,1,0,1,152,consent_sign,5.0,0,2026-02-18 23:13:00
S006233,9123F2C5,iOS-HighEnd,Driving License,Maharashtra,1,0,1,152,consent_sign,5.0,0,2026-01-15 02:13:00
S006234,C31DFB91,Android-MidTier,Aadhaar,Gujarat,0,0,0,139,consent_sign,3.5,0,2026-01-12 02:44:00
S006235,8BAB4C1B,iOS-HighEnd,Driving License,Maharashtra,0,0,1,99,doc_upload,0.0,1,2026-01-11 23:34:00
S006236,D2F18F28,iOS-HighEnd,Passport,Tamil Nadu,0,0,1,125,consent_sign,3.5,0,2026-01-11 11:12:00
S006237,924D4A86,Android-Budget,Driving License,Tamil Nadu,1,0,1,136,consent_sign,5.0,0,2026-02-14 22:50:00
S006238,AF8422CC,Android-MidTier,Passport,Delhi,0,0,0,27,phone_otp,0.0,1,2026-01-07 01:28:00
S006239,E9058F29,Android-MidTier,Aadhaar,West Bengal,1,1,2,223,consent_sign,7.0,0,2026-02-23 22:01:00
S006240,7D957E47,Android-MidTier,Aadhaar,West Bengal,0,0,0,105,consent_sign,3.5,0,2026-01-20 07:15:00
S006241,FAE9DF3F,Android-MidTier,Aadhaar,Karnataka,0,0,0,135,consent_sign,3.5,0,2026-02-11 03:59:00
S006242,7AA83419,Android-MidTier,Aadhaar,Maharashtra,0,0,0,145,consent_sign,3.5,0,2026-02-24 06:20:00
S006243,7447F8A1,iOS-HighEnd,Passport,Maharashtra,0,0,1,152,consent_sign,3.5,1,2026-01-16 01:26:00
S006244,394D9156,Android-MidTier,Passport,Karnataka,0,0,0,172,consent_sign,3.5,0,2026-02-24 02:58:00
S006245,BB2168C4,iOS-HighEnd,PAN,West Bengal,0,0,0,146,consent_sign,3.5,0,2026-02-02 19:59:00
S006246,63719357,Android-MidTier,PAN,Gujarat,0,1,1,166,consent_sign,5.5,0,2026-02-25 07:42:00
S006247,290A8303,iOS-HighEnd,Aadhaar,Gujarat,0,0,0,128,consent_sign,3.5,0,2026-02-04 11:43:00
S006248,6E8649F1,Android-MidTier,Driving License,Delhi,0,0,0,130,consent_sign,3.5,0,2026-01-06 22:51:00
S006249,0AE4E096,Android-MidTier,Aadhaar,Delhi,0,0,1,179,consent_sign,3.5,0,2026-02-22 04:34:00
S006250,E13AE6F4,Android-MidTier,PAN,Tamil Nadu,0,0,0,115,consent_sign,3.5,0,2026-02-03 05:24:00
S006251,FCCC1A7D,iOS-HighEnd,PAN,Delhi,0,0,0,130,consent_sign,3.5,0,2026-02-27 17:15:00
S006252,A0624C48,Android-Budget,Driving License,West Bengal,0,1,1,123,liveness_check,3.5,1,2026-02-24 10:22:00
S006253,67E2020E,iOS-HighEnd,PAN,West Bengal,0,0,0,118,consent_sign,3.5,0,2026-02-26 12:55:00
S006254,75E8ABFE,iOS-HighEnd,Driving License,Gujarat,0,0,0,104,consent_sign,3.5,0,2026-01-02 21:08:00
S006255,F3CECAAF,iOS-HighEnd,PAN,West Bengal,0,0,0,99,consent_sign,3.5,0,2026-01-15 06:44:00
S006256,567A25F8,Android-Budget,Driving License,Delhi,0,0,0,100,consent_sign,3.5,0,2026-02-20 12:52:00
S006257,2213CDAD,iOS-HighEnd,Aadhaar,Karnataka,0,0,0,151,consent_sign,3.5,0,2026-02-16 10:16:00
S006258,3EFA528C,iOS-HighEnd,Driving License,Gujarat,0,1,1,161,consent_sign,5.5,0,2026-01-29 09:21:00
S006259,9181C8A2,Android-Budget,PAN,Maharashtra,0,1,1,228,consent_sign,5.5,0,2026-01-11 19:50:00
S006260,BAB3D9A3,Android-Budget,Passport,Tamil Nadu,0,1,2,151,liveness_check,3.5,1,2026-01-09 05:20:00
S006261,5D08C254,Android-MidTier,Passport,Karnataka,0,1,1,201,consent_sign,5.5,0,2026-02-15 09:25:00
S006262,DCC8C801,iOS-HighEnd,Aadhaar,Tamil Nadu,0,1,1,163,consent_sign,5.5,0,2026-02-02 02:57:00
S006263,5FF3FBBF,Android-Budget,Passport,West Bengal,0,1,1,207,consent_sign,5.5,0,2026-01-06 00:44:00
S006264,64907A63,iOS-HighEnd,PAN,Karnataka,0,0,0,89,consent_sign,3.5,0,2026-02-04 21:11:00
S006265,8AF6D268,Android-MidTier,Aadhaar,Tamil Nadu,0,0,0,156,consent_sign,3.5,0,2026-01-19 15:03:00
S006266,E798D9BF,Android-MidTier,Passport,Delhi,0,0,0,115,consent_sign,3.5,0,2026-01-13 18:48:00
S006267,DEBF96D3,iOS-HighEnd,Aadhaar,Maharashtra,0,1,1,153,consent_sign,5.5,0,2026-02-14 15:16:00
S006268,330C8461,iOS-HighEnd,Aadhaar,Delhi,0,0,0,144,consent_sign,3.5,0,2026-01-27 05:39:00
S006269,E3D21A33,Android-MidTier,Driving License,Karnataka,0,0,0,146,consent_sign,3.5,0,2026-01-12 14:35:00
S006270,EFE739DD,Android-Budget,Aadhaar,Karnataka,0,0,0,114,consent_sign,3.5,0,2026-02-25 05:51:00
S006271,F1758208,iOS-HighEnd,Aadhaar,Karnataka,0,1,1,140,consent_sign,5.5,0,2026-01-05 12:12:00
S006272,34DA1F50,iOS-HighEnd,Driving License,Gujarat,0,1,1,150,liveness_check,3.5,1,2026-01-22 11:11:00
S006273,2C1E86BB,iOS-HighEnd,Driving License,Delhi,0,0,0,63,doc_upload,0.0,1,2026-01-13 03:05:00
S006274,AE3DC742,iOS-HighEnd,Aadhaar,Karnataka,0,0,0,135,consent_sign,3.5,0,2026-01-07 02:28:00
S006275,A4282EC4,iOS-HighEnd,PAN,Delhi,0,0,0,170,consent_sign,3.5,0,2026-01-29 21:55:00
S006276,CD03A402,Android-Budget,Driving License,Karnataka,0,0,0,132,consent_sign,3.5,0,2026-02-23 06:57:00
S006277,510588A9,iOS-HighEnd,Passport,Maharashtra,0,0,0,112,consent_sign,3.5,0,2026-01-26 21:05:00
S006278,BD0C1656,Android-MidTier,Passport,Karnataka,0,0,0,190,consent_sign,3.5,0,2026-02-12 19:04:00
S006279,7C976337,Android-MidTier,Aadhaar,Karnataka,1,0,1,174,consent_sign,5.0,0,2026-02-24 05:42:00
S006280,C36DB2EC,Android-Budget,Passport,Delhi,1,1,2,214,consent_sign,7.0,0,2026-01-24 22:32:00
S006281,A0CA381C,Android-Budget,Driving License,Maharashtra,0,0,0,143,consent_sign,3.5,0,2026-01-09 06:22:00
S006282,18D939EB,Android-MidTier,PAN,Gujarat,0,0,0,90,consent_sign,3.5,1,2026-02-11 18:09:00
S006283,057ECCFA,iOS-HighEnd,PAN,Maharashtra,0,0,0,149,consent_sign,3.5,0,2026-01-25 12:40:00
S006284,DE952D1D,Android-MidTier,Driving License,Tamil Nadu,0,0,2,176,consent_sign,3.5,1,2026-03-02 05:24:00
S006285,1706C3CD,iOS-HighEnd,Passport,Gujarat,0,0,0,123,consent_sign,3.5,0,2026-02-13 05:54:00
S006286,5B5073C7,iOS-HighEnd,Driving License,Gujarat,0,0,0,118,consent_sign,3.5,0,2026-01-14 11:28:00
S006287,F53CA48B,iOS-HighEnd,Aadhaar,West Bengal,0,0,0,129,consent_sign,3.5,0,2026-02-07 11:30:00
S006288,10E6E383,Android-MidTier,Passport,Delhi,0,0,0,127,consent_sign,3.5,0,2026-01-18 03:23:00
S006289,50C49C2B,Android-MidTier,Driving License,Karnataka,0,0,1,119,consent_sign,3.5,0,2026-01-14 22:02:00
S006290,72557E4E,Android-MidTier,Aadhaar,Maharashtra,0,0,0,133,consent_sign,3.5,0,2026-01-06 21:31:00
S006291,2CDB1625,Android-MidTier,Driving License,Tamil Nadu,0,0,1,135,consent_sign,3.5,0,2026-01-08 08:59:00
S006292,CD65E328,Android-Budget,PAN,Maharashtra,0,1,1,137,liveness_check,3.5,1,2026-02-13 12:10:00
S006293,E16C77AC,iOS-HighEnd,Driving License,Maharashtra,0,0,0,127,consent_sign,3.5,0,2026-01-28 07:00:00
S006294,1E521D48,iOS-HighEnd,Driving License,West Bengal,0,0,0,125,consent_sign,3.5,0,2026-02-02 15:03:00
S006295,68E0C800,iOS-HighEnd,Aadhaar,West Bengal,0,0,0,147,consent_sign,3.5,0,2026-02-06 09:43:00
S006296,A0F155FB,iOS-HighEnd,PAN,Gujarat,0,0,0,17,phone_otp,0.0,1,2026-01-10 10:36:00
S006297,47FEFDDB,Android-Budget,Aadhaar,Gujarat,0,1,1,84,liveness_check,3.5,1,2026-01-27 10:54:00
S006298,3FD8027F,Android-Budget,Aadhaar,Maharashtra,0,1,1,111,liveness_check,3.5,1,2026-02-25 14:38:00
S006299,F205DA82,Android-Budget,Aadhaar,Tamil Nadu,1,0,1,101,doc_upload,1.5,1,2026-01-26 22:08:00
S006300,18D98279,iOS-HighEnd,Driving License,Maharashtra,0,0,0,135,consent_sign,3.5,0,2026-01-27 19:14:00
S006301,E156DF17,Android-MidTier,Driving License,Karnataka,0,0,0,130,consent_sign,3.5,0,2026-01-24 04:17:00
S006302,7A14CF98,Android-MidTier,Driving License,Maharashtra,0,0,0,140,consent_sign,3.5,0,2026-01-18 16:04:00
S006303,960F96D9,iOS-HighEnd,PAN,Tamil Nadu,0,0,0,143,consent_sign,3.5,0,2026-01-17 21:12:00
S006304,5CC53673,Android-MidTier,PAN,Delhi,0,1,2,161,consent_sign,5.5,0,2026-02-27 10:20:00
S006305,9268B5DF,iOS-HighEnd,PAN,West Bengal,0,0,0,177,consent_sign,3.5,0,2026-02-02 15:24:00
S006306,05155381,iOS-HighEnd,Driving License,Karnataka,1,0,1,187,consent_sign,5.0,0,2026-01-17 23:07:00
S006307,ABF89388,iOS-HighEnd,Aadhaar,Tamil Nadu,1,0,1,160,consent_sign,5.0,0,2026-02-13 10:36:00
S006308,56FB9A22,iOS-HighEnd,PAN,Maharashtra,0,0,0,154,consent_sign,3.5,0,2026-01-01 09:55:00
S006309,5EB63BC5,Android-MidTier,Passport,Tamil Nadu,0,0,1,39,phone_otp,0.0,1,2026-02-07 13:34:00
S006310,9FC08086,iOS-HighEnd,PAN,Gujarat,0,0,1,141,consent_sign,3.5,0,2026-02-26 20:31:00
S006311,EAB10BCF,iOS-HighEnd,Aadhaar,Tamil Nadu,0,0,0,160,consent_sign,3.5,0,2026-01-20 09:23:00
S006312,EF5E0D74,iOS-HighEnd,Aadhaar,Gujarat,0,0,0,83,consent_sign,3.5,0,2026-02-18 19:22:00
S006313,32773B28,Android-MidTier,PAN,Maharashtra,0,0,0,132,consent_sign,3.5,0,2026-02-05 20:13:00
S006314,4AD76A0D,Android-MidTier,Driving License,Maharashtra,0,0,0,133,consent_sign,3.5,0,2026-02-17 00:14:00
S006315,C95D2093,iOS-HighEnd,Driving License,Tamil Nadu,0,0,0,117,consent_sign,3.5,0,2026-01-02 22:23:00
S006316,FBCB4DB6,Android-Budget,Aadhaar,Delhi,0,1,1,108,liveness_check,3.5,1,2026-01-10 13:49:00
S006317,9F325C4C,iOS-HighEnd,Driving License,Gujarat,0,0,0,163,consent_sign,3.5,0,2026-02-18 13:27:00
S006318,FDE02B7A,Android-Budget,Aadhaar,Gujarat,1,0,1,56,doc_upload,1.5,1,2026-01-11 08:09:00
S006319,40B1FB20,Android-Budget,Driving License,Gujarat,1,0,1,103,doc_upload,1.5,1,2026-01-10 05:53:00
S006320,FB66BCAF,iOS-HighEnd,Driving License,Delhi,0,0,0,119,consent_sign,3.5,0,2026-01-12 05:57:00
S006321,060072C3,Android-MidTier,Aadhaar,Tamil Nadu,0,0,0,173,consent_sign,3.5,0,2026-01-29 06:04:00
S006322,2AB8C610,iOS-HighEnd,Aadhaar,Gujarat,0,0,0,115,consent_sign,3.5,0,2026-01-25 04:09:00
S006323,B354F19D,Android-MidTier,Passport,Maharashtra,0,0,1,156,consent_sign,3.5,0,2026-01-10 15:54:00
S006324,FF03F1A9,Android-MidTier,Passport,Maharashtra,0,0,1,134,consent_sign,3.5,0,2026-02-14 18:00:00
S006325,45D89DA6,iOS-HighEnd,Aadhaar,Maharashtra,0,0,0,146,consent_sign,3.5,0,2026-02-28 12:50:00
S006326,A81D0ECF,iOS-HighEnd,Passport,Maharashtra,0,0,0,137,consent_sign,3.5,0,2026-01-10 06:58:00
S006327,553A2BAD,iOS-HighEnd,Passport,Tamil Nadu,0,1,1,167,consent_sign,5.5,0,2026-02-11 22:22:00
S006328,DF3E03C2,Android-Budget,PAN,Karnataka,0,3,3,131,liveness_check,7.5,1,2026-02-11 00:42:00
S006329,02BBC915,Android-Budget,PAN,Gujarat,0,0,0,129,consent_sign,3.5,0,2026-01-24 09:56:00
S006330,4D7E6EEB,iOS-HighEnd,Aadhaar,Tamil Nadu,0,0,0,81,consent_sign,3.5,0,2026-01-22 10:47:00
S006331,7859D906,iOS-HighEnd,Driving License,Delhi,1,1,2,206,consent_sign,7.0,0,2026-01-12 15:34:00
S006332,B1FE69B8,iOS-HighEnd,Aadhaar,Tamil Nadu,0,0,0,145,consent_sign,3.5,0,2026-01-30 10:28:00
S006333,60094DB3,Android-MidTier,PAN,Maharashtra,0,0,0,33,phone_otp,0.0,1,2026-02-04 19:33:00
S006334,8338B815,Android-MidTier,Passport,West Bengal,0,0,1,167,consent_sign,3.5,0,2026-01-25 03:40:00
S006335,6CACF6D9,Android-MidTier,Aadhaar,Gujarat,0,0,0,4,registration,0.0,1,2026-01-31 17:22:00
S006336,21E10AE8,Android-MidTier,Aadhaar,Gujarat,0,0,0,8,phone_otp,0.0,1,2026-02-10 19:52:00
S006337,42F76D43,Android-Budget,Driving License,Karnataka,2,0,2,200,consent_sign,6.5,0,2026-02-27 10:54:00
S006338,4819A23A,Android-MidTier,Passport,Maharashtra,0,0,0,27,phone_otp,0.0,1,2026-01-30 13:07:00
S006339,732AF4E8,Android-Budget,Passport,Gujarat,0,0,0,143,consent_sign,3.5,0,2026-02-06 15:01:00
S006340,CE339EE0,Android-Budget,PAN,Delhi,2,0,2,203,consent_sign,6.5,0,2026-02-02 14:08:00
S006341,DC89E59A,Android-Budget,Driving License,Gujarat,0,0,1,133,consent_sign,3.5,1,2026-02-03 03:01:00
S006342,05E3D107,Android-MidTier,PAN,Gujarat,0,0,0,121,consent_sign,3.5,0,2026-02-16 08:18:00
S006343,C316959C,iOS-HighEnd,Aadhaar,West Bengal,0,0,0,157,consent_sign,3.5,0,2026-02-15 13:05:00
S006344,2D56E616,Android-Budget,Aadhaar,West Bengal,1,0,1,34,doc_upload,1.5,1,2026-02-08 23:25:00
S006345,92689D81,iOS-HighEnd,Aadhaar,Karnataka,0,0,0,105,consent_sign,3.5,0,2026-01-26 07:54:00
S006346,165EFFD1,Android-MidTier,Driving License,Tamil Nadu,0,0,0,161,consent_sign,3.5,0,2026-01-24 17:39:00
S006347,B91D8C4C,iOS-HighEnd,PAN,Maharashtra,0,0,0,150,consent_sign,3.5,0,2026-01-19 00:10:00
S006348,57549C43,iOS-HighEnd,Passport,Tamil Nadu,0,1,1,125,liveness_check,3.5,1,2026-02-05 00:12:00
S006349,12049B0A,Android-MidTier,Passport,Tamil Nadu,0,1,1,185,consent_sign,5.5,0,2026-02-12 05:52:00
S006350,F7347784,iOS-HighEnd,Driving License,Gujarat,0,0,0,114,consent_sign,3.5,0,2026-01-18 23:28:00
S006351,A189682B,iOS-HighEnd,Passport,West Bengal,0,0,0,137,consent_sign,3.5,0,2026-01-12 00:59:00
S006352,AA3961BE,iOS-HighEnd,Aadhaar,Karnataka,0,0,0,144,consent_sign,3.5,0,2026-01-16 10:00:00
S006353,0E60EC16,iOS-HighEnd,Driving License,Tamil Nadu,0,0,0,111,consent_sign,3.5,0,2026-01-17 21:00:00
S006354,EB0230A0,Android-MidTier,PAN,Gujarat,0,0,0,117,consent_sign,3.5,0,2026-03-02 00:54:00
S006355,2F81D4B2,Android-MidTier,Driving License,Tamil Nadu,0,0,0,135,consent_sign,3.5,0,2026-01-10 06:10:00
S006356,17722CF0,iOS-HighEnd,Passport,Tamil Nadu,0,0,0,114,consent_sign,3.5,0,2026-01-25 08:36:00
S006357,AF838C06,Android-MidTier,Driving License,Gujarat,1,0,1,202,consent_sign,5.0,0,2026-02-03 13:42:00
S006358,B78BF29D,iOS-HighEnd,Aadhaar,Maharashtra,0,0,0,139,consent_sign,3.5,0,2026-01-14 03:38:00
S006359,A01D9AEB,Android-MidTier,Aadhaar,Karnataka,0,3,3,179,liveness_check,7.5,1,2026-02-04 19:04:00
S006360,D14B049B,Android-MidTier,PAN,Delhi,0,0,0,100,consent_sign,3.5,0,2026-02-17 17:30:00
S006361,7ECC0177,Android-MidTier,Driving License,Delhi,0,0,1,160,consent_sign,3.5,0,2026-01-02 02:21:00
S006362,781E2D35,iOS-HighEnd,Passport,Delhi,0,0,0,109,consent_sign,3.5,0,2026-01-07 13:02:00
S006363,9780FE9B,Android-MidTier,Passport,West Bengal,1,0,1,98,doc_upload,1.5,1,2026-02-12 09:28:00
S006364,7148C007,iOS-HighEnd,Passport,Tamil Nadu,0,0,0,120,consent_sign,3.5,0,2026-01-02 11:18:00
S006365,145DEEC7,Android-MidTier,Passport,Maharashtra,0,0,0,141,consent_sign,3.5,0,2026-02-17 23:07:00
S006366,43651CB8,iOS-HighEnd,PAN,Tamil Nadu,0,0,0,133,consent_sign,3.5,0,2026-01-09 01:46:00
S006367,934FA5C8,Android-Budget,PAN,Karnataka,0,0,0,134,consent_sign,3.5,0,2026-02-25 09:18:00
S006368,1FBF23BB,Android-Budget,Driving License,Gujarat,1,0,2,118,consent_sign,5.0,1,2026-01-07 03:47:00
S006369,302DC72B,iOS-HighEnd,Passport,Tamil Nadu,0,1,2,188,consent_sign,5.5,0,2026-02-19 20:36:00
S006370,C19BF990,Android-MidTier,Driving License,Gujarat,0,0,0,50,doc_upload,0.0,1,2026-02-20 07:10:00
S006371,6508F5C4,Android-MidTier,Driving License,Maharashtra,0,1,1,176,consent_sign,5.5,0,2026-02-02 04:24:00
S006372,4BF5CF0E,Android-Budget,Aadhaar,Delhi,0,0,1,133,consent_sign,3.5,0,2026-01-30 03:36:00
S006373,A3FE085B,iOS-HighEnd,Passport,Delhi,0,1,1,128,consent_sign,5.5,0,2026-01-19 09:10:00
S006374,403E3EE2,iOS-HighEnd,Passport,West Bengal,0,0,0,130,consent_sign,3.5,0,2026-02-11 17:49:00
S006375,3DA325E2,iOS-HighEnd,Aadhaar,West Bengal,0,0,0,144,consent_sign,3.5,0,2026-02-16 16:36:00
S006376,E3FB7B87,Android-Budget,PAN,West Bengal,2,0,2,236,consent_sign,6.5,0,2026-02-11 18:31:00
S006377,480D0CF3,iOS-HighEnd,PAN,Maharashtra,0,0,0,161,consent_sign,3.5,0,2026-02-27 13:44:00
S006378,0FC64CF0,Android-MidTier,Passport,Maharashtra,0,0,0,98,consent_sign,3.5,0,2026-02-22 18:56:00
S006379,E716EB38,Android-MidTier,Driving License,Gujarat,1,0,2,170,consent_sign,5.0,0,2026-02-12 23:01:00
S006380,C172494F,iOS-HighEnd,Driving License,Gujarat,0,0,0,117,consent_sign,3.5,0,2026-02-22 02:16:00
S006381,AC8D8F32,iOS-HighEnd,Passport,Gujarat,0,0,0,109,consent_sign,3.5,0,2026-02-09 03:24:00
S006382,722899A2,iOS-HighEnd,Driving License,West Bengal,0,0,0,112,consent_sign,3.5,0,2026-01-30 04:07:00
S006383,ACAC1B18,iOS-HighEnd,PAN,Gujarat,0,0,0,166,consent_sign,3.5,0,2026-02-17 16:34:00
S006384,C5798F5D,iOS-HighEnd,Driving License,Tamil Nadu,0,0,1,140,consent_sign,3.5,0,2026-01-29 16:57:00
S006385,B2B51B60,Android-MidTier,PAN,Gujarat,0,0,0,1,registration,0.0,1,2026-03-01 10:27:00
S006386,F5946DE4,Android-Budget,Aadhaar,Karnataka,0,0,0,126,consent_sign,3.5,0,2026-02-22 00:01:00
S006387,BA266E87,Android-Budget,Driving License,Tamil Nadu,1,0,1,201,consent_sign,5.0,0,2026-01-28 19:15:00
S006388,5BAD4331,Android-MidTier,Passport,Delhi,1,0,1,166,consent_sign,5.0,0,2026-01-02 05:17:00
S006389,5ED560C3,iOS-HighEnd,Aadhaar,West Bengal,0,0,0,96,consent_sign,3.5,0,2026-01-23 19:03:00
S006390,7D34D5EC,Android-Budget,Passport,Delhi,0,1,1,153,consent_sign,5.5,0,2026-02-21 17:15:00
S006391,BEB64FD8,Android-MidTier,Driving License,Tamil Nadu,0,0,0,2,registration,0.0,1,2026-02-06 02:43:00
S006392,2BA95B90,Android-MidTier,Passport,Maharashtra,1,0,1,134,liveness_check,3.0,1,2026-01-27 02:58:00
S006393,68E438E0,Android-Budget,PAN,Maharashtra,0,1,1,176,consent_sign,5.5,0,2026-02-13 18:14:00
S006394,5309C42A,Android-MidTier,Driving License,Delhi,0,0,0,109,consent_sign,3.5,0,2026-01-06 01:16:00
S006395,F1F97CE9,iOS-HighEnd,Driving License,West Bengal,0,0,1,149,consent_sign,3.5,0,2026-01-29 11:52:00
S006396,DE61F70D,iOS-HighEnd,Passport,Gujarat,1,0,1,186,consent_sign,5.0,0,2026-01-17 00:53:00
S006397,27165AB6,Android-MidTier,Driving License,Karnataka,2,0,2,205,consent_sign,6.5,0,2026-02-06 18:51:00
S006398,62B45550,Android-MidTier,Passport,West Bengal,0,0,0,52,doc_upload,0.0,1,2026-02-28 18:24:00
S006399,DF94A2F8,iOS-HighEnd,Aadhaar,Tamil Nadu,0,0,0,21,phone_otp,0.0,1,2026-03-01 21:44:00
S006400,61A73056,Android-Budget,Driving License,Delhi,1,0,1,84,doc_upload,1.5,1,2026-01-16 06:45:00
S006401,263E0670,iOS-HighEnd,Aadhaar,West Bengal,0,0,0,151,consent_sign,3.5,0,2026-02-02 11:21:00
S006402,6F339C5E,Android-MidTier,Passport,Tamil Nadu,1,0,1,160,consent_sign,5.0,0,2026-01-24 16:45:00
S006403,E7C5D314,Android-Budget,Aadhaar,Maharashtra,2,0,2,229,consent_sign,6.5,0,2026-01-11 19:36:00
S006404,F22FDEB8,Android-MidTier,PAN,West Bengal,0,0,0,115,consent_sign,3.5,0,2026-01-08 02:22:00
S006405,043217E4,Android-Budget,Passport,Tamil Nadu,0,0,0,4,registration,0.0,1,2026-01-08 15:16:00
S006406,45590D60,iOS-HighEnd,Passport,Gujarat,0,1,1,125,liveness_check,3.5,1,2026-01-11 19:20:00
S006407,7F5085E7,iOS-HighEnd,PAN,West Bengal,1,0,1,201,consent_sign,5.0,0,2026-02-13 00:01:00
S006408,D46C5776,Android-Budget,Aadhaar,Delhi,0,0,1,135,consent_sign,3.5,0,2026-01-28 13:46:00
S006409,47155AD3,Android-MidTier,Aadhaar,Gujarat,0,0,0,98,consent_sign,3.5,0,2026-01-02 03:55:00
S006410,9B58E20A,Android-Budget,Passport,Karnataka,0,1,2,200,consent_sign,5.5,0,2026-01-31 22:10:00
S006411,6F6335BF,Android-MidTier,Driving License,Delhi,0,0,0,153,consent_sign,3.5,0,2026-01-15 22:57:00
S006412,7CC27448,Android-Budget,PAN,Tamil Nadu,2,1,3,244,consent_sign,8.5,0,2026-02-02 02:29:00
S006413,5A766AC4,iOS-HighEnd,Aadhaar,Karnataka,0,0,0,141,consent_sign,3.5,0,2026-02-25 11:52:00
S006414,F3F48D53,Android-MidTier,Passport,Delhi,0,0,0,137,consent_sign,3.5,0,2026-02-07 01:24:00
S006415,9B99F012,Android-MidTier,PAN,Karnataka,0,1,1,153,consent_sign,5.5,0,2026-02-24 13:54:00
S006416,84CDA1D2,Android-Budget,Aadhaar,Karnataka,0,1,1,196,consent_sign,5.5,0,2026-02-22 23:05:00
S006417,37663E35,iOS-HighEnd,Passport,Maharashtra,0,0,1,155,consent_sign,3.5,0,2026-01-06 20:48:00
S006418,F4F48FDC,Android-MidTier,Passport,Maharashtra,0,1,1,163,consent_sign,5.5,0,2026-01-04 06:04:00
S006419,56AD3649,iOS-HighEnd,Passport,Tamil Nadu,0,1,1,85,liveness_check,3.5,1,2026-02-19 02:58:00
S006420,9E54B7BF,Android-Budget,Passport,Gujarat,0,0,0,1,registration,0.0,1,2026-02-04 21:51:00
S006421,995FA798,Android-MidTier,Passport,Gujarat,0,0,0,102,consent_sign,3.5,0,2026-02-28 18:12:00
S006422,57522610,Android-MidTier,Aadhaar,Tamil Nadu,1,0,1,183,consent_sign,5.0,0,2026-01-11 20:58:00
S006423,B0427C62,Android-MidTier,PAN,Gujarat,0,0,0,140,consent_sign,3.5,0,2026-02-26 13:12:00
S006424,90B950BB,iOS-HighEnd,Aadhaar,Tamil Nadu,0,0,0,124,consent_sign,3.5,0,2026-01-22 23:38:00
S006425,0488A0E8,Android-MidTier,Driving License,Karnataka,0,0,0,140,consent_sign,3.5,0,2026-02-18 12:19:00
S006426,3F010E25,Android-MidTier,PAN,Delhi,0,1,1,171,consent_sign,5.5,0,2026-01-10 23:38:00
S006427,B0333C0D,iOS-HighEnd,Driving License,Karnataka,0,0,0,112,consent_sign,3.5,0,2026-01-10 22:44:00
S006428,E70DC8B8,Android-MidTier,Passport,Karnataka,0,1,1,158,consent_sign,5.5,0,2026-02-13 12:27:00
S006429,E6DEFC16,Android-MidTier,Aadhaar,Gujarat,0,0,0,3,registration,0.0,1,2026-01-22 22:57:00
S006430,47D0E6EE,iOS-HighEnd,Passport,Karnataka,0,0,0,125,consent_sign,3.5,0,2026-01-05 17:59:00
S006431,CB37A85D,Android-Budget,Aadhaar,Delhi,0,1,2,202,consent_sign,5.5,0,2026-01-12 22:40:00
S006432,E6E005DD,Android-MidTier,Aadhaar,West Bengal,0,0,0,142,consent_sign,3.5,0,2026-02-05 13:01:00
S006433,C8169E32,Android-MidTier,PAN,West Bengal,1,1,2,210,consent_sign,7.0,0,2026-02-23 22:53:00
S006434,E950419D,iOS-HighEnd,Driving License,Tamil Nadu,1,0,1,218,consent_sign,5.0,0,2026-01-27 08:26:00
S006435,9C00CB52,iOS-HighEnd,Passport,Delhi,0,0,0,128,consent_sign,3.5,0,2026-01-16 02:52:00
S006436,3FC4F4D0,Android-Budget,PAN,Karnataka,1,0,1,184,consent_sign,5.0,0,2026-01-29 04:20:00
S006437,E3FB8C1D,Android-Budget,PAN,Delhi,0,0,0,150,consent_sign,3.5,0,2026-01-04 02:14:00
S006438,E17766B1,iOS-HighEnd,Driving License,Tamil Nadu,0,0,0,140,consent_sign,3.5,0,2026-02-05 20:17:00
S006439,25FA9F8D,Android-MidTier,Passport,Maharashtra,0,0,0,1,registration,0.0,1,2026-02-22 14:53:00
S006440,877BFB50,iOS-HighEnd,Aadhaar,Gujarat,0,1,1,144,consent_sign,5.5,0,2026-02-28 03:37:00
S006441,E6829D8F,Android-MidTier,Passport,Karnataka,0,0,0,154,consent_sign,3.5,0,2026-02-03 16:31:00
S006442,BA52DBF2,iOS-HighEnd,Driving License,Tamil Nadu,0,0,1,48,phone_otp,0.0,1,2026-02-10 18:46:00
S006443,63BB48B6,iOS-HighEnd,PAN,West Bengal,0,0,0,127,consent_sign,3.5,0,2026-01-20 08:53:00
S006444,C51B2922,Android-Budget,Driving License,Maharashtra,0,1,1,146,consent_sign,5.5,1,2026-01-30 11:02:00
S006445,5D20D8DE,iOS-HighEnd,Aadhaar,Tamil Nadu,0,1,2,183,consent_sign,5.5,0,2026-01-13 07:02:00
S006446,79477AA8,iOS-HighEnd,Passport,Delhi,0,1,1,102,consent_sign,5.5,0,2026-02-15 14:57:00
S006447,00C818BA,iOS-HighEnd,Aadhaar,Maharashtra,0,0,0,133,consent_sign,3.5,0,2026-02-24 15:20:00
S006448,9EE31563,Android-Budget,Driving License,Delhi,1,2,3,199,liveness_check,7.0,1,2026-01-13 05:20:00
S006449,C89F884F,iOS-HighEnd,Driving License,Tamil Nadu,0,0,0,99,consent_sign,3.5,1,2026-01-17 15:45:00
S006450,7C152622,iOS-HighEnd,Passport,West Bengal,0,0,0,175,consent_sign,3.5,0,2026-01-13 19:19:00
S006451,E21A47B9,Android-MidTier,Aadhaar,Delhi,0,0,0,125,consent_sign,3.5,0,2026-02-23 10:53:00
S006452,CF8BE8BD,Android-MidTier,Passport,Tamil Nadu,1,0,1,186,consent_sign,5.0,1,2026-02-16 08:10:00
S006453,EC78342E,Android-Budget,Aadhaar,Delhi,0,1,2,190,consent_sign,5.5,0,2026-01-03 19:50:00
S006454,4BADB973,iOS-HighEnd,Driving License,Gujarat,1,1,2,174,liveness_check,5.0,1,2026-02-23 20:31:00
S006455,E28065D7,Android-MidTier,Passport,West Bengal,0,0,0,129,consent_sign,3.5,0,2026-01-15 14:43:00
S006456,810E9D40,Android-MidTier,PAN,West Bengal,0,0,1,154,consent_sign,3.5,0,2026-02-11 05:01:00
S006457,60421EB5,iOS-HighEnd,PAN,West Bengal,0,0,0,118,consent_sign,3.5,0,2026-01-07 03:10:00
S006458,DA4A9D0B,iOS-HighEnd,Aadhaar,Karnataka,0,0,0,108,consent_sign,3.5,0,2026-02-03 18:21:00
S006459,34491318,Android-MidTier,Driving License,West Bengal,0,0,0,117,consent_sign,3.5,0,2026-02-04 22:10:00
S006460,0760D408,iOS-HighEnd,PAN,Karnataka,0,1,1,171,consent_sign,5.5,0,2026-01-30 22:22:00
S006461,6BE26493,iOS-HighEnd,Passport,Maharashtra,0,0,0,182,consent_sign,3.5,0,2026-02-01 04:22:00
S006462,C69AA024,iOS-HighEnd,PAN,Delhi,0,0,0,118,consent_sign,3.5,0,2026-01-08 05:07:00
S006463,7259F45B,Android-Budget,Driving License,Delhi,0,1,1,126,consent_sign,5.5,0,2026-02-27 15:33:00
S006464,282FBCCE,iOS-HighEnd,PAN,West Bengal,1,0,1,193,consent_sign,5.0,0,2026-02-21 05:03:00
S006465,506801B9,iOS-HighEnd,Driving License,Karnataka,0,0,0,183,consent_sign,3.5,0,2026-01-31 23:08:00
S006466,74B8B222,iOS-HighEnd,Driving License,West Bengal,0,0,0,114,consent_sign,3.5,0,2026-01-22 06:33:00
S006467,9B465E04,Android-MidTier,Driving License,Maharashtra,0,1,1,121,liveness_check,3.5,1,2026-02-12 22:50:00
S006468,96239346,Android-MidTier,PAN,West Bengal,0,0,0,132,consent_sign,3.5,0,2026-01-08 17:43:00
S006469,04573E35,iOS-HighEnd,Passport,Maharashtra,0,0,0,143,consent_sign,3.5,0,2026-01-14 05:45:00
S006470,5397FF39,iOS-HighEnd,PAN,Karnataka,0,0,0,112,consent_sign,3.5,0,2026-01-19 14:02:00
S006471,2449EA0F,Android-MidTier,Aadhaar,Delhi,0,0,0,152,consent_sign,3.5,0,2026-02-07 10:37:00
S006472,6001E75D,Android-MidTier,PAN,Tamil Nadu,0,1,1,154,consent_sign,5.5,0,2026-01-04 16:46:00
S006473,6F2BA37E,Android-MidTier,PAN,West Bengal,0,0,0,155,consent_sign,3.5,0,2026-02-19 15:33:00
S006474,2D914E29,Android-MidTier,PAN,West Bengal,0,0,0,183,consent_sign,3.5,0,2026-02-10 23:12:00
S006475,C2B2315D,iOS-HighEnd,PAN,Maharashtra,0,0,0,117,consent_sign,3.5,0,2026-01-11 02:00:00
S006476,52F2978F,Android-MidTier,PAN,Karnataka,0,1,1,137,consent_sign,5.5,0,2026-01-13 21:06:00
S006477,0A14E77E,Android-MidTier,Driving License,Karnataka,0,0,1,152,consent_sign,3.5,0,2026-02-22 02:33:00
S006478,B907E44B,iOS-HighEnd,Driving License,Maharashtra,0,0,0,125,consent_sign,3.5,0,2026-01-29 16:06:00
S006479,7F2632DF,Android-MidTier,Aadhaar,Gujarat,2,0,2,130,doc_upload,3.0,1,2026-01-24 02:03:00
S006480,23D13C7F,Android-Budget,Driving License,West Bengal,1,0,1,142,consent_sign,5.0,0,2026-02-02 14:45:00
S006481,29D36291,Android-MidTier,PAN,Gujarat,2,0,2,233,consent_sign,6.5,0,2026-02-28 13:05:00
S006482,17841919,iOS-HighEnd,Aadhaar,Delhi,0,1,1,160,consent_sign,5.5,0,2026-01-21 08:06:00
S006483,5B69A9A8,Android-MidTier,Driving License,Karnataka,0,0,0,116,consent_sign,3.5,0,2026-01-30 00:33:00
S006484,57F46801,iOS-HighEnd,PAN,Gujarat,0,0,0,144,consent_sign,3.5,0,2026-02-05 17:32:00
S006485,668B179F,Android-MidTier,Aadhaar,West Bengal,1,0,1,202,consent_sign,5.0,0,2026-01-06 06:26:00
S006486,6A961AC0,iOS-HighEnd,Driving License,Tamil Nadu,0,0,0,144,consent_sign,3.5,0,2026-01-04 07:11:00
S006487,B1D06D8A,Android-Budget,Driving License,Maharashtra,1,1,2,214,consent_sign,7.0,0,2026-02-20 00:45:00
S006488,16E7BFF3,Android-MidTier,PAN,Maharashtra,0,1,1,215,consent_sign,5.5,0,2026-01-28 13:39:00
S006489,28B82FA1,iOS-HighEnd,Aadhaar,Delhi,0,0,0,111,consent_sign,3.5,0,2026-02-15 02:41:00
S006490,DE60D544,Android-MidTier,PAN,Gujarat,0,0,1,112,consent_sign,3.5,0,2026-02-08 11:38:00
S006491,0E77B689,iOS-HighEnd,Driving License,Delhi,0,0,0,177,consent_sign,3.5,0,2026-02-08 09:21:00
S006492,06339F7F,Android-Budget,PAN,Tamil Nadu,0,1,1,187,consent_sign,5.5,0,2026-02-11 01:06:00
S006493,B281738E,Android-Budget,Aadhaar,Tamil Nadu,0,0,1,154,consent_sign,3.5,0,2026-01-11 09:47:00
S006494,0ACC09DA,iOS-HighEnd,Aadhaar,Karnataka,0,0,0,141,consent_sign,3.5,0,2026-01-17 23:23:00
S006495,F330F931,Android-Budget,Passport,Karnataka,0,2,2,168,consent_sign,7.5,0,2026-01-12 02:25:00
S006496,233E8B97,iOS-HighEnd,Driving License,Tamil Nadu,0,0,0,147,consent_sign,3.5,0,2026-02-20 04:25:00
S006497,6334DB06,iOS-HighEnd,PAN,West Bengal,0,0,0,3,registration,0.0,1,2026-02-17 00:06:00
S006498,6553B96B,Android-MidTier,Driving License,Karnataka,1,0,1,179,consent_sign,5.0,0,2026-01-28 04:16:00
S006499,4A25CEC8,iOS-HighEnd,Driving License,Delhi,0,0,0,149,consent_sign,3.5,0,2026-01-14 18:36:00
S006500,B6F957DC,Android-Budget,Passport,Delhi,1,0,1,173,consent_sign,5.0,0,2026-02-17 00:02:00
S006501,1165ED7F,Android-MidTier,PAN,Tamil Nadu,0,0,0,116,consent_sign,3.5,0,2026-02-13 10:43:00
S006502,0937A982,Android-MidTier,PAN,West Bengal,0,0,0,102,consent_sign,3.5,0,2026-02-11 02:33:00
S006503,7DD0A74B,iOS-HighEnd,Passport,Karnataka,0,0,0,130,consent_sign,3.5,0,2026-02-07 01:26:00
S006504,14A3FFE6,Android-MidTier,PAN,Delhi,0,0,0,116,consent_sign,3.5,0,2026-01-05 14:27:00
S006505,8257909D,iOS-HighEnd,Passport,Tamil Nadu,0,0,0,131,consent_sign,3.5,0,2026-01-09 11:06:00
S006506,65ADAFAB,iOS-HighEnd,Passport,Delhi,0,0,0,141,consent_sign,3.5,0,2026-01-02 19:32:00
S006507,01E1AF8F,Android-MidTier,Passport,Delhi,0,0,0,93,liveness_check,1.5,1,2026-02-26 16:34:00
S006508,9F6F4967,iOS-HighEnd,Aadhaar,Karnataka,0,0,0,132,consent_sign,3.5,0,2026-02-07 01:44:00
S006509,5FD229BC,iOS-HighEnd,Passport,Tamil Nadu,0,0,0,140,consent_sign,3.5,0,2026-01-16 04:29:00
S006510,D5B6EAC1,Android-MidTier,Aadhaar,Gujarat,0,0,0,1,registration,0.0,1,2026-01-20 16:42:00
S006511,419B7333,Android-Budget,PAN,West Bengal,2,0,2,114,doc_upload,3.0,1,2026-01-04 16:22:00
S006512,E5DE9E28,iOS-HighEnd,Aadhaar,Karnataka,0,0,0,166,consent_sign,3.5,0,2026-01-21 16:07:00
S006513,A684B83B,iOS-HighEnd,PAN,Karnataka,1,0,2,178,consent_sign,5.0,0,2026-02-05 02:53:00
S006514,720F2288,Android-MidTier,Aadhaar,West Bengal,0,0,0,128,consent_sign,3.5,0,2026-02-08 04:32:00
S006515,ABFE1FB5,iOS-HighEnd,Aadhaar,Tamil Nadu,0,0,0,144,consent_sign,3.5,0,2026-01-11 06:50:00
S006516,346003A3,Android-Budget,Aadhaar,Delhi,1,0,1,181,consent_sign,5.0,0,2026-01-23 22:56:00
S006517,63300EE1,Android-Budget,PAN,Gujarat,1,0,1,69,doc_upload,1.5,1,2026-02-25 12:45:00
S006518,EEDE901C,Android-MidTier,Aadhaar,Maharashtra,0,0,0,115,consent_sign,3.5,0,2026-01-25 19:39:00
S006519,C27F9590,Android-MidTier,Passport,Karnataka,1,1,2,274,consent_sign,7.0,0,2026-03-01 09:28:00
S006520,4C71B0D5,Android-MidTier,Aadhaar,West Bengal,2,0,2,212,consent_sign,6.5,0,2026-02-08 05:58:00
S006521,36DF253C,iOS-HighEnd,PAN,West Bengal,0,0,0,130,consent_sign,3.5,0,2026-01-26 00:13:00
S006522,4DA9B236,Android-MidTier,Aadhaar,Delhi,1,0,2,202,consent_sign,5.0,0,2026-02-21 20:12:00
S006523,A5D83148,iOS-HighEnd,Passport,Karnataka,0,0,0,105,consent_sign,3.5,1,2026-01-14 11:03:00
S006524,E3E492F3,iOS-HighEnd,Passport,Gujarat,0,0,0,103,consent_sign,3.5,0,2026-02-28 06:46:00
S006525,37809A0A,iOS-HighEnd,PAN,Delhi,0,0,0,138,consent_sign,3.5,0,2026-01-13 14:08:00
S006526,032A0C06,Android-MidTier,Passport,Gujarat,0,2,2,196,consent_sign,7.5,0,2026-01-27 02:38:00
S006527,DC406C3B,Android-MidTier,Aadhaar,West Bengal,0,1,2,130,liveness_check,3.5,1,2026-01-03 02:41:00
S006528,F2612977,Android-MidTier,Aadhaar,West Bengal,0,0,0,3,registration,0.0,1,2026-02-03 14:28:00
S006529,53CDC93F,Android-MidTier,Driving License,Tamil Nadu,1,0,1,199,consent_sign,5.0,0,2026-01-11 09:09:00
S006530,9A106A52,Android-MidTier,Aadhaar,Gujarat,0,0,0,111,consent_sign,3.5,0,2026-02-26 02:12:00
S006531,7DDEE37D,Android-MidTier,Driving License,Maharashtra,0,0,0,150,consent_sign,3.5,0,2026-01-04 16:29:00
S006532,490C3442,iOS-HighEnd,Aadhaar,Karnataka,0,0,0,130,consent_sign,3.5,0,2026-02-18 07:43:00
S006533,DB7BE180,iOS-HighEnd,Aadhaar,Delhi,1,1,3,222,consent_sign,7.0,0,2026-02-15 06:09:00
S006534,9DCA71EF,iOS-HighEnd,Aadhaar,Karnataka,0,0,0,120,consent_sign,3.5,0,2026-01-22 11:36:00
S006535,DA495408,iOS-HighEnd,Aadhaar,Maharashtra,0,0,0,114,consent_sign,3.5,0,2026-02-23 11:20:00
S006536,DB6F3AD4,Android-MidTier,PAN,West Bengal,0,0,0,139,consent_sign,3.5,0,2026-01-21 08:16:00
S006537,EE1EEDBF,Android-MidTier,Passport,Maharashtra,0,0,0,136,consent_sign,3.5,0,2026-01-17 09:38:00
S006538,61A4CD19,Android-MidTier,PAN,West Bengal,0,0,1,106,consent_sign,3.5,0,2026-01-10 09:09:00
S006539,28D42725,iOS-HighEnd,Passport,Karnataka,0,1,1,117,liveness_check,3.5,1,2026-02-16 13:36:00
S006540,371E7782,Android-MidTier,Driving License,Gujarat,0,0,0,113,consent_sign,3.5,0,2026-01-25 20:37:00
S006541,6C5495BF,Android-MidTier,Driving License,West Bengal,0,0,0,176,consent_sign,3.5,0,2026-02-09 17:19:00
S006542,137B41C2,iOS-HighEnd,Driving License,Tamil Nadu,0,0,0,145,consent_sign,3.5,0,2026-01-23 19:23:00
S006543,05BBA5E4,iOS-HighEnd,PAN,Gujarat,0,0,0,133,consent_sign,3.5,0,2026-02-02 04:02:00
S006544,E60584A2,iOS-HighEnd,Passport,Gujarat,0,0,0,122,consent_sign,3.5,0,2026-01-09 08:13:00
S006545,4341FD0E,iOS-HighEnd,PAN,Delhi,0,0,0,119,consent_sign,3.5,0,2026-01-07 04:35:00
S006546,E32A2749,iOS-HighEnd,PAN,Gujarat,0,0,0,166,consent_sign,3.5,0,2026-01-01 09:46:00
S006547,3464FD00,iOS-HighEnd,Aadhaar,Maharashtra,0,0,0,109,consent_sign,3.5,0,2026-02-22 01:43:00
S006548,BE87DBAC,Android-MidTier,PAN,Delhi,0,0,0,37,doc_upload,0.0,1,2026-01-31 09:52:00
S006549,07C62BD3,Android-MidTier,Aadhaar,Maharashtra,0,0,0,141,consent_sign,3.5,0,2026-01-13 03:21:00
S006550,79FC3831,Android-Budget,Driving License,Maharashtra,2,0,2,205,consent_sign,6.5,0,2026-02-02 11:05:00
S006551,160A56E1,Android-MidTier,Driving License,Maharashtra,0,0,0,157,consent_sign,3.5,0,2026-02-15 04:38:00
S006552,DEAAACAA,Android-MidTier,Aadhaar,Gujarat,0,0,1,20,registration,0.0,1,2026-01-01 23:59:00
S006553,8EB4B40E,Android-Budget,PAN,Tamil Nadu,0,2,2,202,consent_sign,7.5,0,2026-01-07 12:00:00
S006554,B3EFBAA9,Android-MidTier,Driving License,Maharashtra,0,0,0,1,registration,0.0,1,2026-01-04 03:49:00
S006555,BB3F4297,Android-MidTier,Passport,Gujarat,0,0,0,112,consent_sign,3.5,0,2026-02-18 16:19:00
S006556,10AE2DFC,Android-MidTier,PAN,West Bengal,0,0,1,42,phone_otp,0.0,1,2026-01-12 22:19:00
S006557,07A76739,Android-MidTier,Aadhaar,West Bengal,1,0,1,174,consent_sign,5.0,0,2026-02-28 02:11:00
S006558,D498736F,Android-MidTier,PAN,Maharashtra,0,0,0,3,registration,0.0,1,2026-01-07 23:59:00
S006559,F91070E0,iOS-HighEnd,Passport,Gujarat,0,0,0,120,consent_sign,3.5,0,2026-01-12 14:39:00
S006560,0B45CB04,Android-MidTier,Passport,Delhi,0,0,2,156,consent_sign,3.5,1,2026-02-27 13:14:00
S006561,C5001E3E,iOS-HighEnd,PAN,Delhi,0,1,1,126,liveness_check,3.5,1,2026-02-16 13:45:00
S006562,4814E14E,Android-MidTier,Aadhaar,Tamil Nadu,0,0,0,115,consent_sign,3.5,0,2026-02-09 07:14:00
S006563,CD4C01B3,iOS-HighEnd,Passport,Tamil Nadu,0,0,0,112,consent_sign,3.5,0,2026-02-10 11:00:00
S006564,459F5497,Android-MidTier,Driving License,Gujarat,0,0,0,137,consent_sign,3.5,0,2026-02-08 07:19:00
S006565,3C1D10BE,Android-Budget,Aadhaar,Delhi,0,3,3,159,liveness_check,7.5,1,2026-01-28 06:52:00
S006566,007FB3CB,Android-MidTier,PAN,West Bengal,1,0,2,221,consent_sign,5.0,0,2026-02-14 06:46:00
S006567,DF9F1099,Android-MidTier,PAN,Tamil Nadu,0,0,1,173,consent_sign,3.5,0,2026-01-05 23:34:00
S006568,6F72BCA4,Android-MidTier,Passport,West Bengal,0,0,0,2,registration,0.0,1,2026-01-12 22:52:00
S006569,7D10257C,Android-MidTier,Aadhaar,Karnataka,0,0,0,131,consent_sign,3.5,0,2026-02-09 04:38:00
S006570,D9347309,Android-MidTier,PAN,Gujarat,0,0,0,145,consent_sign,3.5,0,2026-02-02 15:12:00
S006571,5D316263,Android-Budget,PAN,Maharashtra,0,2,2,192,consent_sign,7.5,0,2026-01-18 06:42:00
S006572,74CD4A41,Android-MidTier,Aadhaar,Maharashtra,0,0,1,135,consent_sign,3.5,0,2026-01-05 18:48:00
S006573,29F5010C,iOS-HighEnd,Aadhaar,Tamil Nadu,0,1,1,137,liveness_check,3.5,1,2026-02-05 13:54:00
S006574,5F0BB32F,Android-MidTier,PAN,Delhi,0,3,3,187,liveness_check,7.5,1,2026-01-04 14:30:00
S006575,254C5028,Android-Budget,Passport,Maharashtra,0,0,0,110,consent_sign,3.5,0,2026-03-01 14:52:00
S006576,58C714F2,Android-Budget,PAN,Karnataka,0,1,1,129,liveness_check,3.5,1,2026-02-03 01:17:00
S006577,66DB005E,Android-MidTier,PAN,Gujarat,0,0,0,128,consent_sign,3.5,0,2026-02-23 00:44:00
S006578,58F1A399,Android-MidTier,Aadhaar,Karnataka,0,1,1,135,liveness_check,3.5,1,2026-02-10 20:34:00
S006579,D0713654,Android-MidTier,PAN,West Bengal,0,1,1,171,consent_sign,5.5,0,2026-02-20 07:19:00
S006580,7E984064,Android-MidTier,Aadhaar,West Bengal,0,0,0,139,consent_sign,3.5,0,2026-01-26 23:07:00
S006581,5C3E82E9,iOS-HighEnd,PAN,Karnataka,0,0,0,100,consent_sign,3.5,0,2026-02-04 03:24:00
S006582,9A26A065,Android-Budget,PAN,Gujarat,0,0,0,115,consent_sign,3.5,0,2026-02-27 16:09:00
S006583,5532A5C2,Android-MidTier,PAN,Tamil Nadu,0,0,0,125,consent_sign,3.5,0,2026-02-22 03:46:00
S006584,777028E6,Android-MidTier,Driving License,Delhi,0,0,2,130,consent_sign,3.5,1,2026-02-27 07:22:00
S006585,DC9EEC0B,Android-MidTier,Driving License,West Bengal,0,0,0,122,consent_sign,3.5,0,2026-02-10 01:53:00
S006586,0AF20A23,Android-MidTier,Driving License,Karnataka,0,0,0,140,consent_sign,3.5,0,2026-01-07 01:53:00
S006587,DC160E3D,Android-MidTier,PAN,Gujarat,0,0,0,2,registration,0.0,1,2026-02-27 11:47:00
S006588,994A77F9,Android-Budget,Driving License,Delhi,0,0,0,2,registration,0.0,1,2026-01-25 19:55:00
S006589,D4FECF58,Android-MidTier,Passport,West Bengal,0,0,0,2,registration,0.0,1,2026-01-15 03:26:00
S006590,CC79EECA,Android-MidTier,Driving License,Maharashtra,0,0,0,152,consent_sign,3.5,0,2026-01-03 16:23:00
S006591,D0F64C6D,iOS-HighEnd,PAN,Tamil Nadu,0,0,0,96,consent_sign,3.5,0,2026-02-17 11:06:00
S006592,B1768686,iOS-HighEnd,Driving License,Delhi,1,0,1,189,consent_sign,5.0,0,2026-01-18 10:52:00
S006593,6B4203F7,Android-MidTier,PAN,Delhi,0,0,1,56,doc_upload,0.0,1,2026-02-08 19:09:00
S006594,805AADB5,iOS-HighEnd,Passport,Maharashtra,0,0,1,118,consent_sign,3.5,0,2026-02-28 03:20:00
S006595,1A93A3F1,iOS-HighEnd,Aadhaar,Karnataka,0,0,0,139,consent_sign,3.5,0,2026-02-02 23:04:00
S006596,EF3BBCB5,Android-MidTier,PAN,Delhi,1,0,1,157,consent_sign,5.0,0,2026-01-09 20:17:00
S006597,2A29E752,Android-MidTier,Driving License,Gujarat,0,0,0,158,consent_sign,3.5,0,2026-02-20 03:58:00
S006598,B5B25ED1,iOS-HighEnd,Driving License,West Bengal,0,0,0,118,consent_sign,3.5,0,2026-02-20 01:08:00
S006599,1DEE8EBF,Android-Budget,Passport,Gujarat,1,0,1,179,consent_sign,5.0,0,2026-02-18 08:32:00
S006600,CC027D43,Android-MidTier,Aadhaar,Delhi,0,0,1,29,registration,0.0,1,2026-01-19 05:41:00
S006601,651C21FD,Android-MidTier,Aadhaar,West Bengal,0,1,1,127,liveness_check,3.5,1,2026-02-14 03:49:00
S006602,648E85EB,Android-MidTier,Aadhaar,Karnataka,0,0,0,110,consent_sign,3.5,0,2026-01-22 01:45:00
S006603,BFF49E06,Android-Budget,Aadhaar,Maharashtra,2,3,5,260,liveness_check,10.5,1,2026-01-24 16:45:00
S006604,FCEA545A,Android-MidTier,Passport,Karnataka,2,0,3,142,doc_upload,3.0,1,2026-01-25 00:06:00
S006605,A4D6C76C,Android-MidTier,PAN,Tamil Nadu,0,0,0,3,registration,0.0,1,2026-02-02 19:33:00
S006606,B1A63CCF,iOS-HighEnd,Aadhaar,Gujarat,1,1,2,200,consent_sign,7.0,0,2026-01-24 14:32:00
S006607,B75901D0,Android-Budget,PAN,Tamil Nadu,0,3,3,192,liveness_check,7.5,1,2026-01-30 03:04:00
S006608,F822C3B6,Android-MidTier,Passport,Gujarat,0,0,0,29,phone_otp,0.0,1,2026-01-07 07:53:00
S006609,7EC59E55,Android-MidTier,PAN,Tamil Nadu,0,0,0,117,consent_sign,3.5,1,2026-01-05 22:40:00
S006610,B1E76AB9,iOS-HighEnd,Driving License,Gujarat,0,0,0,3,registration,0.0,1,2026-01-05 05:05:00
S006611,C17C2577,Android-MidTier,PAN,Gujarat,0,0,0,152,consent_sign,3.5,0,2026-02-10 21:32:00
S006612,35910434,iOS-HighEnd,Driving License,Maharashtra,1,0,2,206,consent_sign,5.0,0,2026-01-09 13:48:00
S006613,F398D16E,iOS-HighEnd,Driving License,Tamil Nadu,0,0,0,161,consent_sign,3.5,0,2026-01-09 18:59:00
S006614,0426FE7B,Android-Budget,Aadhaar,Gujarat,0,0,0,120,consent_sign,3.5,0,2026-01-08 09:54:00
S006615,3503AE05,iOS-HighEnd,PAN,Tamil Nadu,0,0,0,143,consent_sign,3.5,0,2026-02-21 06:24:00
S006616,AE34097A,Android-Budget,Aadhaar,Karnataka,1,1,2,160,consent_sign,7.0,0,2026-01-09 03:38:00
S006617,73DD8D31,Android-MidTier,PAN,Gujarat,0,0,0,127,consent_sign,3.5,0,2026-02-18 02:24:00
S006618,F1E34D6C,iOS-HighEnd,Aadhaar,Gujarat,0,0,0,120,consent_sign,3.5,0,2026-01-24 04:44:00
S006619,02B49D26,iOS-HighEnd,Aadhaar,Gujarat,0,0,1,160,consent_sign,3.5,1,2026-03-01 08:13:00
S006620,57D9F647,Android-MidTier,Driving License,Gujarat,0,0,0,140,consent_sign,3.5,0,2026-02-07 19:38:00
S006621,4DC4F59C,Android-Budget,Passport,Karnataka,3,0,3,191,doc_upload,4.5,1,2026-01-06 02:17:00
S006622,EB680076,iOS-HighEnd,Driving License,Gujarat,0,0,0,139,consent_sign,3.5,0,2026-01-08 05:56:00
S006623,97E4E173,Android-MidTier,Aadhaar,Karnataka,1,0,1,150,consent_sign,5.0,0,2026-01-19 15:22:00
S006624,FA1D8DED,iOS-HighEnd,Aadhaar,Delhi,0,0,0,150,consent_sign,3.5,0,2026-02-12 11:52:00
S006625,59FBB46D,iOS-HighEnd,Passport,Tamil Nadu,0,0,0,121,consent_sign,3.5,0,2026-01-05 21:32:00
S006626,793DAF5A,iOS-HighEnd,Passport,Karnataka,0,0,0,139,consent_sign,3.5,0,2026-02-12 09:26:00
S006627,C0BF3B37,Android-MidTier,Passport,Karnataka,0,0,0,115,consent_sign,3.5,1,2026-01-27 00:40:00
S006628,6C362D23,Android-MidTier,PAN,Tamil Nadu,0,0,0,108,consent_sign,3.5,0,2026-02-26 00:59:00
S006629,E171582B,Android-MidTier,Aadhaar,Tamil Nadu,0,0,0,99,consent_sign,3.5,0,2026-02-26 13:52:00
S006630,AF5235BC,Android-MidTier,Driving License,West Bengal,0,2,2,172,liveness_check,5.5,1,2026-02-25 16:55:00
S006631,61458972,Android-MidTier,Aadhaar,Maharashtra,2,0,2,217,consent_sign,6.5,0,2026-02-20 09:00:00
S006632,C25110F8,Android-MidTier,Passport,Tamil Nadu,0,0,0,1,registration,0.0,1,2026-02-26 02:22:00
S006633,408D5212,iOS-HighEnd,Driving License,Karnataka,0,0,0,85,consent_sign,3.5,0,2026-02-28 20:20:00
S006634,3ED1D8F8,iOS-HighEnd,Passport,Tamil Nadu,0,0,0,155,consent_sign,3.5,0,2026-02-09 23:25:00
S006635,A19CCC9A,Android-MidTier,PAN,West Bengal,0,0,0,106,consent_sign,3.5,0,2026-01-21 10:18:00
S006636,613DEC3A,iOS-HighEnd,PAN,Gujarat,0,0,0,129,consent_sign,3.5,0,2026-02-11 00:04:00
S006637,9A861A16,iOS-HighEnd,PAN,Gujarat,0,2,3,169,liveness_check,5.5,1,2026-02-04 17:17:00
S006638,52A7C5D6,Android-MidTier,Driving License,Tamil Nadu,0,0,0,138,consent_sign,3.5,0,2026-01-19 11:50:00
S006639,B43BF88C,Android-MidTier,Aadhaar,Tamil Nadu,1,0,1,168,consent_sign,5.0,0,2026-01-17 23:18:00
S006640,9D1C92F0,Android-MidTier,PAN,Gujarat,0,0,0,132,consent_sign,3.5,0,2026-02-04 04:08:00
S006641,AF0F134E,Android-MidTier,PAN,Delhi,0,0,0,142,consent_sign,3.5,0,2026-02-19 10:28:00
S006642,ACDCB47B,iOS-HighEnd,Aadhaar,Karnataka,0,0,0,137,consent_sign,3.5,0,2026-01-20 07:51:00
S006643,819C84C4,iOS-HighEnd,PAN,West Bengal,0,0,0,146,consent_sign,3.5,0,2026-01-03 22:23:00
S006644,2E654DCC,iOS-HighEnd,PAN,West Bengal,1,0,1,159,consent_sign,5.0,0,2026-01-23 17:42:00
S006645,90A71D24,Android-MidTier,Driving License,Delhi,0,0,1,148,consent_sign,3.5,0,2026-01-28 12:20:00
S006646,8921349F,iOS-HighEnd,Driving License,West Bengal,1,0,1,93,doc_upload,1.5,1,2026-01-24 16:10:00
S006647,40D1FF56,iOS-HighEnd,Driving License,West Bengal,0,0,0,158,consent_sign,3.5,0,2026-02-03 13:51:00
S006648,8448D4ED,iOS-HighEnd,PAN,Karnataka,0,0,0,134,consent_sign,3.5,0,2026-02-21 17:22:00
S006649,73A44F97,Android-MidTier,Aadhaar,Delhi,0,1,1,142,consent_sign,5.5,0,2026-03-02 07:31:00
S006650,0A3169F7,Android-MidTier,Aadhaar,Tamil Nadu,0,0,0,119,consent_sign,3.5,0,2026-02-26 07:35:00
S006651,6D3E4848,Android-MidTier,Passport,Tamil Nadu,0,0,0,3,registration,0.0,1,2026-01-19 11:59:00
S006652,F7F3DC54,Android-MidTier,Aadhaar,Delhi,0,0,0,116,consent_sign,3.5,1,2026-01-08 03:38:00
S006653,7B6DEECA,Android-MidTier,PAN,Maharashtra,0,0,0,126,consent_sign,3.5,1,2026-02-26 00:21:00
S006654,63265564,Android-Budget,Aadhaar,Delhi,1,0,1,162,consent_sign,5.0,0,2026-01-11 00:21:00
S006655,A7641FF1,Android-Budget,PAN,Maharashtra,0,0,0,154,consent_sign,3.5,0,2026-02-19 15:14:00
S006656,6070B244,iOS-HighEnd,Passport,Karnataka,0,0,0,131,consent_sign,3.5,0,2026-02-03 08:32:00
S006657,39323A07,iOS-HighEnd,Driving License,Gujarat,0,0,0,116,consent_sign,3.5,0,2026-02-03 15:52:00
S006658,9564D4C1,Android-MidTier,Aadhaar,Gujarat,0,0,0,151,consent_sign,3.5,0,2026-02-25 20:59:00
S006659,B6BD6DBE,Android-MidTier,Passport,Karnataka,0,0,0,86,consent_sign,3.5,0,2026-01-19 00:25:00
S006660,F2B2D2F2,iOS-HighEnd,Aadhaar,Tamil Nadu,0,0,0,144,consent_sign,3.5,0,2026-01-25 18:59:00
S006661,2A184CBC,Android-Budget,Aadhaar,Delhi,0,0,0,122,consent_sign,3.5,1,2026-02-03 04:13:00
S006662,FA926F97,Android-MidTier,Passport,Delhi,0,0,0,147,consent_sign,3.5,0,2026-02-18 07:49:00
S006663,060FC65E,iOS-HighEnd,Driving License,West Bengal,0,0,0,4,registration,0.0,1,2026-03-02 02:18:00
S006664,CB59B151,Android-MidTier,PAN,Maharashtra,0,0,0,72,consent_sign,3.5,0,2026-02-24 15:05:00
S006665,B55A478E,iOS-HighEnd,Aadhaar,Delhi,0,1,1,182,consent_sign,5.5,1,2026-02-24 04:03:00
S006666,5E48245A,Android-MidTier,PAN,Karnataka,0,1,1,164,consent_sign,5.5,0,2026-01-25 16:42:00
S006667,6B2AFB3A,Android-MidTier,Aadhaar,Delhi,0,0,0,147,consent_sign,3.5,0,2026-02-10 09:14:00
S006668,6FB0C665,iOS-HighEnd,Aadhaar,Tamil Nadu,0,0,0,126,consent_sign,3.5,0,2026-02-04 18:57:00
S006669,1122E28F,Android-MidTier,Aadhaar,West Bengal,0,0,0,151,consent_sign,3.5,0,2026-01-22 10:55:00
S006670,E0B641D0,iOS-HighEnd,PAN,West Bengal,0,1,1,146,consent_sign,5.5,0,2026-01-14 05:50:00
S006671,79810EDF,iOS-HighEnd,Aadhaar,Karnataka,0,0,0,134,consent_sign,3.5,0,2026-02-23 07:23:00
S006672,3E447305,iOS-HighEnd,Driving License,Tamil Nadu,0,2,2,148,liveness_check,5.5,1,2026-01-10 17:34:00
S006673,2334FCC4,iOS-HighEnd,Aadhaar,Maharashtra,0,0,0,140,consent_sign,3.5,0,2026-01-26 11:15:00
S006674,161CD674,iOS-HighEnd,Driving License,Maharashtra,0,0,0,144,consent_sign,3.5,0,2026-01-30 18:35:00
S006675,324EF0F7,iOS-HighEnd,Passport,Gujarat,0,0,0,3,registration,0.0,1,2026-02-04 05:17:00
S006676,8BC15738,Android-MidTier,Aadhaar,West Bengal,0,0,0,110,consent_sign,3.5,0,2026-01-02 08:54:00
S006677,7A5653B3,iOS-HighEnd,Driving License,Karnataka,0,0,0,118,consent_sign,3.5,0,2026-01-03 08:48:00
S006678,A800D519,Android-MidTier,Aadhaar,Tamil Nadu,1,0,1,176,consent_sign,5.0,0,2026-02-18 02:07:00
S006679,1DA85583,Android-MidTier,Driving License,Maharashtra,0,0,1,131,consent_sign,3.5,1,2026-01-13 14:34:00
S006680,33D3958A,Android-MidTier,Aadhaar,Delhi,0,0,0,136,consent_sign,3.5,0,2026-01-27 22:02:00
S006681,BF23F095,Android-MidTier,Driving License,West Bengal,0,0,0,4,registration,0.0,1,2026-02-19 23:47:00
S006682,5F321F6D,Android-MidTier,Driving License,Delhi,0,0,1,169,consent_sign,3.5,0,2026-01-28 22:46:00
S006683,031D45FC,iOS-HighEnd,Aadhaar,Delhi,0,0,1,159,consent_sign,3.5,0,2026-02-21 03:56:00
S006684,44113459,Android-Budget,PAN,Tamil Nadu,1,0,1,88,doc_upload,1.5,1,2026-01-23 11:22:00
S006685,4DA7F632,iOS-HighEnd,PAN,Delhi,0,0,0,115,consent_sign,3.5,0,2026-02-14 18:43:00
S006686,51CCAA40,Android-Budget,Aadhaar,West Bengal,2,2,4,348,consent_sign,10.5,0,2026-01-17 23:59:00
S006687,7AFAC8CE,Android-MidTier,Passport,Tamil Nadu,0,0,0,114,consent_sign,3.5,0,2026-01-13 04:31:00
S006688,A9FE494E,iOS-HighEnd,Aadhaar,Maharashtra,0,0,0,89,consent_sign,3.5,1,2026-01-14 03:34:00
S006689,36D0BB41,Android-MidTier,Passport,West Bengal,0,0,1,134,consent_sign,3.5,0,2026-02-21 22:06:00
S006690,8D938A78,Android-MidTier,Driving License,West Bengal,0,0,0,137,consent_sign,3.5,0,2026-02-12 09:56:00
S006691,DBD34A94,Android-MidTier,Passport,West Bengal,0,0,0,119,consent_sign,3.5,0,2026-01-24 15:54:00
S006692,AAC5E8A3,iOS-HighEnd,Passport,West Bengal,0,0,0,123,consent_sign,3.5,0,2026-02-11 08:43:00
S006693,25391B09,Android-MidTier,Passport,Karnataka,0,0,0,176,consent_sign,3.5,0,2026-01-31 07:37:00
S006694,7A49C96A,Android-MidTier,Passport,Delhi,0,0,0,110,consent_sign,3.5,0,2026-01-27 16:23:00
S006695,129543A4,iOS-HighEnd,Passport,Delhi,0,0,0,124,consent_sign,3.5,0,2026-01-19 10:05:00
S006696,A07F3385,Android-Budget,Aadhaar,Karnataka,3,0,3,150,doc_upload,4.5,1,2026-01-22 16:45:00
S006697,A028DC87,Android-MidTier,Driving License,Delhi,0,0,1,158,consent_sign,3.5,0,2026-02-22 01:31:00
S006698,D3F63623,iOS-HighEnd,Passport,Karnataka,0,0,0,126,consent_sign,3.5,0,2026-02-09 18:35:00
S006699,C09B61E4,Android-MidTier,Passport,Maharashtra,0,1,1,214,consent_sign,5.5,0,2026-02-20 22:29:00
S006700,520B7950,Android-MidTier,Aadhaar,Karnataka,0,0,0,135,consent_sign,3.5,0,2026-01-07 14:19:00
S006701,314E9B45,Android-Budget,Aadhaar,Maharashtra,0,1,1,162,consent_sign,5.5,0,2026-02-06 14:40:00
S006702,5FA9A39E,Android-MidTier,PAN,Tamil Nadu,0,0,0,114,consent_sign,3.5,0,2026-01-05 12:10:00
S006703,D61C8113,Android-MidTier,Driving License,West Bengal,0,1,1,177,consent_sign,5.5,0,2026-01-07 05:07:00
S006704,E8527018,Android-MidTier,PAN,Gujarat,0,0,0,142,consent_sign,3.5,0,2026-02-23 11:45:00
S006705,F30B15EB,Android-MidTier,Aadhaar,West Bengal,0,1,1,146,consent_sign,5.5,0,2026-02-01 22:22:00
S006706,68127855,iOS-HighEnd,Passport,Tamil Nadu,0,0,0,141,consent_sign,3.5,0,2026-01-22 04:09:00
S006707,A2A5EF39,Android-Budget,Aadhaar,Karnataka,1,0,2,141,doc_upload,1.5,1,2026-01-17 22:25:00
S006708,85713253,iOS-HighEnd,Aadhaar,Gujarat,0,0,0,3,registration,0.0,1,2026-01-27 14:40:00
S006709,1336D4DE,Android-MidTier,Passport,Karnataka,0,1,1,135,consent_sign,5.5,0,2026-02-11 19:49:00
S006710,6AD5401E,Android-Budget,PAN,Karnataka,0,0,0,3,registration,0.0,1,2026-02-18 18:49:00
S006711,B4586EA4,Android-Budget,PAN,Delhi,0,0,0,132,consent_sign,3.5,0,2026-01-02 09:34:00
S006712,C5DDF574,Android-MidTier,PAN,Tamil Nadu,0,0,1,155,consent_sign,3.5,0,2026-01-31 19:09:00
S006713,4702FE75,iOS-HighEnd,Driving License,Delhi,0,0,0,130,consent_sign,3.5,0,2026-02-09 15:36:00
S006714,A67155CD,Android-MidTier,Aadhaar,Maharashtra,0,0,0,126,consent_sign,3.5,0,2026-02-14 12:04:00
S006715,576B67E3,iOS-HighEnd,Passport,West Bengal,0,0,0,2,registration,0.0,1,2026-01-18 07:59:00
S006716,9AF4AB8A,Android-Budget,Driving License,West Bengal,0,2,2,157,liveness_check,5.5,1,2026-01-15 16:25:00
S006717,DAFA1C94,Android-MidTier,Aadhaar,Gujarat,0,1,2,182,consent_sign,5.5,0,2026-02-18 11:53:00
S006718,7CDFA469,iOS-HighEnd,PAN,Maharashtra,1,0,1,173,consent_sign,5.0,0,2026-02-03 13:35:00
S006719,D6E9FA04,iOS-HighEnd,Passport,Tamil Nadu,0,0,0,87,consent_sign,3.5,0,2026-01-05 20:17:00
S006720,8F6875A3,iOS-HighEnd,Driving License,Gujarat,0,0,1,148,consent_sign,3.5,0,2026-02-06 11:18:00
S006721,996E782F,iOS-HighEnd,PAN,Gujarat,0,0,0,125,consent_sign,3.5,0,2026-01-31 21:13:00
S006722,2323F3DE,iOS-HighEnd,PAN,Maharashtra,0,0,0,133,consent_sign,3.5,0,2026-01-22 13:06:00
S006723,B1012B0F,Android-MidTier,Driving License,West Bengal,0,0,0,146,consent_sign,3.5,0,2026-02-13 01:02:00
S006724,8861972E,Android-Budget,PAN,Delhi,1,0,2,217,consent_sign,5.0,0,2026-02-26 18:33:00
S006725,101C778C,iOS-HighEnd,PAN,Maharashtra,0,0,0,147,consent_sign,3.5,0,2026-02-09 00:51:00
S006726,EF252AA8,iOS-HighEnd,Aadhaar,Delhi,0,0,0,1,registration,0.0,1,2026-02-05 11:38:00
S006727,982CD08D,iOS-HighEnd,Passport,Maharashtra,0,1,1,182,consent_sign,5.5,0,2026-01-23 19:36:00
S006728,ED441085,iOS-HighEnd,PAN,Gujarat,0,0,0,27,phone_otp,0.0,1,2026-01-23 10:23:00
S006729,3D4A49AE,Android-MidTier,Driving License,Delhi,2,0,2,241,consent_sign,6.5,0,2026-02-02 06:13:00
S006730,F8EB51B8,Android-Budget,PAN,Tamil Nadu,1,0,2,127,doc_upload,1.5,1,2026-01-22 22:09:00
S006731,55C275E2,Android-Budget,Passport,West Bengal,2,2,4,276,consent_sign,10.5,0,2026-01-30 17:55:00
S006732,474D3A1A,iOS-HighEnd,Driving License,Karnataka,0,0,0,121,consent_sign,3.5,0,2026-01-29 15:12:00
S006733,AB707385,iOS-HighEnd,Aadhaar,Delhi,0,0,0,137,consent_sign,3.5,0,2026-01-14 05:47:00
S006734,9CF116DC,Android-Budget,Aadhaar,Maharashtra,0,1,1,180,consent_sign,5.5,0,2026-01-04 04:02:00
S006735,CD5FE3F4,Android-Budget,PAN,Gujarat,0,0,0,122,consent_sign,3.5,0,2026-01-21 00:49:00
S006736,30A19D7D,Android-MidTier,Aadhaar,Karnataka,0,1,1,195,consent_sign,5.5,0,2026-02-02 08:00:00
S006737,B66E550B,Android-MidTier,PAN,Maharashtra,0,0,0,107,consent_sign,3.5,0,2026-02-23 20:02:00
S006738,3457C8D7,Android-MidTier,Aadhaar,Tamil Nadu,0,0,1,45,phone_otp,0.0,1,2026-01-26 01:51:00
S006739,85261AD4,iOS-HighEnd,Driving License,Gujarat,0,0,0,133,consent_sign,3.5,1,2026-01-18 07:28:00
S006740,B905A7B6,iOS-HighEnd,Aadhaar,Maharashtra,0,0,1,141,consent_sign,3.5,0,2026-02-08 23:43:00
S006741,3F3D2B89,iOS-HighEnd,Driving License,West Bengal,0,0,0,118,consent_sign,3.5,0,2026-02-14 01:10:00
S006742,A22966C4,Android-Budget,Aadhaar,Delhi,0,0,0,148,consent_sign,3.5,0,2026-02-06 20:36:00
S006743,E3245730,Android-MidTier,Passport,Tamil Nadu,1,0,2,84,doc_upload,1.5,1,2026-01-07 13:50:00
S006744,5FFFE8E6,iOS-HighEnd,Passport,Gujarat,0,0,0,114,consent_sign,3.5,0,2026-02-09 14:51:00
S006745,B7900752,iOS-HighEnd,Driving License,West Bengal,0,0,0,35,phone_otp,0.0,1,2026-01-27 20:02:00
S006746,75863743,Android-MidTier,Passport,West Bengal,0,0,0,20,phone_otp,0.0,1,2026-01-29 16:38:00
S006747,4135B443,iOS-HighEnd,PAN,Gujarat,0,0,0,137,consent_sign,3.5,0,2026-02-03 15:09:00
S006748,1FDA98C9,Android-MidTier,Passport,Tamil Nadu,1,0,2,109,doc_upload,1.5,1,2026-02-24 07:02:00
S006749,8CF996A3,iOS-HighEnd,Passport,Karnataka,0,0,0,134,consent_sign,3.5,0,2026-01-27 12:25:00
S006750,11092F7A,iOS-HighEnd,Driving License,West Bengal,0,0,0,129,consent_sign,3.5,0,2026-02-10 07:40:00
S006751,413B48C4,Android-Budget,PAN,Maharashtra,0,0,0,117,consent_sign,3.5,0,2026-01-16 09:45:00
S006752,EF4BD7A8,Android-Budget,PAN,Maharashtra,1,0,1,200,consent_sign,5.0,0,2026-02-13 15:52:00
S006753,D2376D22,Android-Budget,Driving License,Tamil Nadu,0,0,0,95,consent_sign,3.5,0,2026-01-17 12:24:00
S006754,6BA57136,iOS-HighEnd,Driving License,Gujarat,0,0,0,148,consent_sign,3.5,0,2026-01-13 15:21:00
S006755,FB48AC14,iOS-HighEnd,PAN,Karnataka,0,0,0,171,consent_sign,3.5,0,2026-02-25 12:31:00
S006756,7D53C706,Android-MidTier,PAN,Tamil Nadu,1,0,1,203,consent_sign,5.0,0,2026-02-24 18:13:00
S006757,6FEA84F5,Android-MidTier,Aadhaar,Tamil Nadu,1,0,1,140,consent_sign,5.0,0,2026-03-01 03:08:00
S006758,23C52C31,Android-MidTier,PAN,Maharashtra,0,0,1,174,consent_sign,3.5,0,2026-02-17 03:02:00
S006759,C2978392,iOS-HighEnd,Passport,West Bengal,0,0,0,158,consent_sign,3.5,0,2026-02-24 04:48:00
S006760,0A813E88,Android-Budget,Aadhaar,Maharashtra,1,0,1,169,consent_sign,5.0,0,2026-01-13 06:34:00
S006761,1B829AE1,iOS-HighEnd,Aadhaar,Maharashtra,0,0,1,136,consent_sign,3.5,0,2026-02-01 17:04:00
S006762,209EBC46,Android-MidTier,Passport,West Bengal,1,0,1,110,doc_upload,1.5,1,2026-02-25 08:02:00
S006763,BE36C36D,Android-MidTier,PAN,Tamil Nadu,0,0,0,127,consent_sign,3.5,0,2026-02-11 10:18:00
S006764,0A39561F,iOS-HighEnd,Driving License,Tamil Nadu,0,0,0,118,consent_sign,3.5,0,2026-02-26 10:12:00
S006765,0F5449D1,Android-MidTier,Aadhaar,Tamil Nadu,0,0,1,57,phone_otp,0.0,1,2026-01-27 14:52:00
S006766,FA11F0E7,Android-Budget,PAN,Gujarat,1,0,1,207,consent_sign,5.0,0,2026-01-30 11:31:00
S006767,48C08D33,iOS-HighEnd,Passport,Delhi,0,0,0,154,consent_sign,3.5,0,2026-01-03 08:58:00
S006768,386E995D,iOS-HighEnd,Driving License,West Bengal,0,1,1,125,liveness_check,3.5,1,2026-02-16 20:18:00
S006769,C07126F3,iOS-HighEnd,PAN,Delhi,0,0,0,114,consent_sign,3.5,0,2026-01-13 00:37:00
S006770,5A8258CB,Android-Budget,Aadhaar,Maharashtra,0,2,2,208,consent_sign,7.5,0,2026-01-25 17:02:00
S006771,05E05148,iOS-HighEnd,Aadhaar,Karnataka,0,0,0,157,consent_sign,3.5,0,2026-01-31 01:56:00
S006772,C329732B,iOS-HighEnd,Driving License,West Bengal,0,0,0,154,consent_sign,3.5,0,2026-01-13 12:14:00
S006773,F765F8A0,iOS-HighEnd,Passport,Gujarat,0,1,1,184,consent_sign,5.5,0,2026-02-21 06:51:00
S006774,8AAD970F,Android-Budget,Driving License,West Bengal,0,1,1,136,consent_sign,5.5,0,2026-01-19 20:09:00
S006775,290FB2BD,Android-MidTier,Aadhaar,Maharashtra,1,1,2,174,consent_sign,7.0,0,2026-01-08 08:44:00
S006776,9D37C5A6,Android-MidTier,Passport,Gujarat,0,0,0,120,consent_sign,3.5,0,2026-02-09 13:12:00
S006777,CF3EB0D7,Android-MidTier,Driving License,Tamil Nadu,1,2,3,198,consent_sign,9.0,0,2026-01-10 23:59:00
S006778,3F068051,Android-Budget,Aadhaar,Maharashtra,0,0,0,93,consent_sign,3.5,0,2026-02-03 02:05:00
S006779,3DF5516B,iOS-HighEnd,PAN,Tamil Nadu,2,0,2,187,consent_sign,6.5,1,2026-01-12 03:51:00
S006780,E4529643,iOS-HighEnd,Aadhaar,Karnataka,0,0,0,155,consent_sign,3.5,0,2026-02-10 19:08:00
S006781,478B640B,Android-MidTier,Aadhaar,Karnataka,0,0,0,145,consent_sign,3.5,0,2026-02-03 02:49:00
S006782,ABD13F1A,Android-MidTier,PAN,Maharashtra,0,1,1,156,consent_sign,5.5,0,2026-01-07 11:20:00
S006783,DC63A196,iOS-HighEnd,Driving License,Maharashtra,0,2,3,134,liveness_check,5.5,1,2026-01-24 17:44:00
S006784,7237E20D,Android-Budget,Driving License,Delhi,2,1,3,223,consent_sign,8.5,0,2026-02-24 05:26:00
S006785,D8E77CA2,iOS-HighEnd,Driving License,West Bengal,2,0,2,172,doc_upload,3.0,1,2026-01-26 08:21:00
S006786,71B2B47A,Android-MidTier,Driving License,Gujarat,0,0,1,35,phone_otp,0.0,1,2026-01-16 14:49:00
S006787,E35BBA6D,iOS-HighEnd,Driving License,Karnataka,0,0,0,122,consent_sign,3.5,0,2026-01-10 19:05:00
S006788,C02D7E7F,Android-MidTier,Driving License,Maharashtra,1,0,1,65,doc_upload,1.5,1,2026-01-26 07:02:00
S006789,C3DAB31B,Android-MidTier,Passport,Delhi,0,0,0,127,consent_sign,3.5,0,2026-02-22 23:59:00
S006790,AC5E1EC3,Android-Budget,PAN,Delhi,0,0,0,4,registration,0.0,1,2026-02-22 10:06:00
S006791,E0099D7A,Android-MidTier,Aadhaar,Maharashtra,1,0,1,144,consent_sign,5.0,1,2026-01-16 08:29:00
S006792,054DA197,iOS-HighEnd,PAN,Maharashtra,0,0,0,117,consent_sign,3.5,0,2026-02-27 12:30:00
S006793,634D7549,Android-MidTier,Aadhaar,West Bengal,0,1,1,138,liveness_check,3.5,1,2026-02-07 20:29:00
S006794,3499A783,iOS-HighEnd,Passport,Gujarat,0,0,0,3,registration,0.0,1,2026-01-18 17:51:00
S006795,13CDAA4C,Android-MidTier,Passport,Maharashtra,0,0,0,135,consent_sign,3.5,0,2026-02-14 02:02:00
S006796,AEEB5608,Android-Budget,Passport,Maharashtra,0,0,0,138,consent_sign,3.5,0,2026-02-01 18:35:00
S006797,676CF539,Android-Budget,Passport,Delhi,0,0,1,53,phone_otp,0.0,1,2026-02-21 21:35:00
S006798,5A6F9B6B,Android-MidTier,Driving License,Karnataka,0,1,1,178,consent_sign,5.5,0,2026-02-17 14:12:00
S006799,B705E692,iOS-HighEnd,Passport,Karnataka,1,0,2,171,consent_sign,5.0,0,2026-01-13 10:56:00
S006800,61233EEA,iOS-HighEnd,Aadhaar,Tamil Nadu,0,0,1,119,consent_sign,3.5,0,2026-01-12 00:30:00
S006801,F5ED7DDF,Android-Budget,Driving License,Karnataka,0,0,0,145,consent_sign,3.5,0,2026-01-04 09:27:00
S006802,903506BB,iOS-HighEnd,Passport,Tamil Nadu,0,0,0,142,consent_sign,3.5,0,2026-01-10 07:08:00
S006803,108FD94B,iOS-HighEnd,Driving License,Gujarat,1,0,1,159,consent_sign,5.0,0,2026-01-19 08:58:00
S006804,0599E1F2,iOS-HighEnd,Passport,Maharashtra,0,0,0,148,consent_sign,3.5,0,2026-01-31 08:20:00
S006805,5C098A5C,Android-MidTier,PAN,Karnataka,0,0,0,145,consent_sign,3.5,0,2026-02-20 19:15:00
S006806,6FB0D297,iOS-HighEnd,Aadhaar,West Bengal,0,0,0,123,consent_sign,3.5,0,2026-01-05 12:30:00
S006807,6C944BCA,iOS-HighEnd,Passport,Maharashtra,0,0,0,149,consent_sign,3.5,0,2026-01-26 17:39:00
S006808,59259ACD,iOS-HighEnd,PAN,West Bengal,0,1,1,124,consent_sign,5.5,0,2026-01-31 14:18:00
S006809,E95E8740,iOS-HighEnd,Aadhaar,Karnataka,0,0,0,121,consent_sign,3.5,0,2026-01-15 10:21:00
S006810,28791FA4,Android-MidTier,PAN,West Bengal,0,0,0,139,consent_sign,3.5,0,2026-02-28 15:59:00
S006811,95E2F91B,Android-MidTier,Driving License,Karnataka,1,0,1,164,consent_sign,5.0,0,2026-02-23 19:34:00
S006812,87EB754A,Android-MidTier,PAN,Gujarat,0,0,0,4,registration,0.0,1,2026-01-19 05:39:00
S006813,094A8492,Android-MidTier,PAN,Tamil Nadu,0,0,0,132,consent_sign,3.5,0,2026-01-11 16:05:00
S006814,0C485217,Android-Budget,Passport,Gujarat,3,0,3,172,doc_upload,4.5,1,2026-02-21 04:37:00
S006815,B504CDAF,Android-MidTier,Driving License,Delhi,0,0,0,158,consent_sign,3.5,0,2026-02-13 20:02:00
S006816,9D8E20D6,iOS-HighEnd,Driving License,West Bengal,0,0,0,150,consent_sign,3.5,0,2026-02-16 19:31:00
S006817,4019A1F6,Android-MidTier,Passport,West Bengal,0,0,0,174,consent_sign,3.5,0,2026-01-05 18:42:00
S006818,4151344E,iOS-HighEnd,PAN,West Bengal,0,0,0,130,consent_sign,3.5,0,2026-02-01 00:32:00
S006819,244220C6,Android-MidTier,Aadhaar,Tamil Nadu,0,0,1,148,consent_sign,3.5,0,2026-02-25 14:20:00
S006820,DEFA6D4A,iOS-HighEnd,Driving License,Delhi,0,1,1,80,liveness_check,3.5,1,2026-01-06 01:32:00
S006821,68D2A842,Android-MidTier,Driving License,Karnataka,0,0,0,4,registration,0.0,1,2026-02-15 02:36:00
S006822,11186C1A,iOS-HighEnd,Aadhaar,West Bengal,0,0,0,113,consent_sign,3.5,0,2026-02-26 17:27:00
S006823,9EF63A80,Android-MidTier,Driving License,Maharashtra,0,0,0,116,consent_sign,3.5,0,2026-01-07 19:37:00
S006824,C8794A56,iOS-HighEnd,Aadhaar,West Bengal,0,0,0,2,registration,0.0,1,2026-02-10 10:40:00
S006825,DDE7110F,iOS-HighEnd,Aadhaar,Maharashtra,0,0,0,148,consent_sign,3.5,0,2026-01-06 08:29:00
S006826,49CA4AE6,iOS-HighEnd,Driving License,Karnataka,0,0,0,156,consent_sign,3.5,0,2026-01-23 09:06:00
S006827,6C5B07B6,iOS-HighEnd,PAN,Tamil Nadu,0,0,0,142,consent_sign,3.5,0,2026-01-24 13:34:00
S006828,046606F6,Android-MidTier,Driving License,Delhi,0,0,0,137,consent_sign,3.5,0,2026-01-04 17:24:00
S006829,9A463E70,Android-MidTier,Driving License,Maharashtra,0,1,1,122,liveness_check,3.5,1,2026-03-01 23:16:00
S006830,C5D899DF,Android-Budget,Driving License,Karnataka,0,0,0,91,consent_sign,3.5,0,2026-01-06 11:09:00
S006831,C87C1935,iOS-HighEnd,Driving License,Tamil Nadu,0,0,0,3,registration,0.0,1,2026-01-17 07:20:00
S006832,C7706E6D,Android-MidTier,Driving License,Tamil Nadu,0,0,0,118,consent_sign,3.5,0,2026-02-09 21:47:00
S006833,5E723C24,iOS-HighEnd,Aadhaar,Gujarat,0,0,0,93,consent_sign,3.5,0,2026-01-18 20:07:00
S006834,889DC47E,Android-MidTier,Passport,Tamil Nadu,2,0,2,145,doc_upload,3.0,1,2026-01-19 17:43:00
S006835,C972D38D,Android-Budget,Driving License,West Bengal,0,3,3,131,liveness_check,7.5,1,2026-02-21 11:45:00
S006836,2BFABA2D,Android-Budget,PAN,Gujarat,0,1,2,138,liveness_check,3.5,1,2026-02-06 13:54:00
S006837,D034CE89,Android-MidTier,PAN,Maharashtra,0,0,1,202,consent_sign,3.5,0,2026-02-21 22:28:00
S006838,E5141D91,iOS-HighEnd,Aadhaar,Karnataka,0,0,0,106,consent_sign,3.5,0,2026-01-25 15:20:00
S006839,2AC09858,Android-MidTier,Passport,Maharashtra,0,0,0,134,consent_sign,3.5,0,2026-02-18 09:59:00
S006840,D8B6A802,iOS-HighEnd,Passport,Delhi,0,0,0,99,consent_sign,3.5,0,2026-02-05 16:28:00
S006841,9BE5662A,Android-Budget,Aadhaar,Tamil Nadu,0,2,2,109,liveness_check,5.5,1,2026-02-10 06:08:00
S006842,C87D01C2,iOS-HighEnd,Aadhaar,Gujarat,0,0,0,100,consent_sign,3.5,0,2026-01-31 11:52:00
S006843,74773879,iOS-HighEnd,Passport,Tamil Nadu,0,0,0,1,registration,0.0,1,2026-01-01 11:21:00
S006844,B6A35409,Android-MidTier,Driving License,Tamil Nadu,0,0,0,147,consent_sign,3.5,0,2026-02-13 14:23:00
S006845,9B23854F,iOS-HighEnd,PAN,Tamil Nadu,0,0,0,128,consent_sign,3.5,0,2026-02-14 15:32:00
S006846,FB9C7872,Android-MidTier,Driving License,West Bengal,0,0,0,113,consent_sign,3.5,0,2026-01-04 00:53:00
S006847,49861A4A,Android-MidTier,Aadhaar,Karnataka,0,1,1,156,consent_sign,5.5,0,2026-01-31 13:35:00
S006848,7D6DCA57,iOS-HighEnd,Aadhaar,Gujarat,0,0,0,3,registration,0.0,1,2026-02-13 16:27:00
S006849,8CE17E35,Android-Budget,PAN,West Bengal,0,1,1,129,liveness_check,3.5,1,2026-02-02 01:11:00
S006850,E387EB15,Android-MidTier,Driving License,Gujarat,0,0,0,103,consent_sign,3.5,0,2026-02-13 14:47:00
S006851,A5B8F158,iOS-HighEnd,Driving License,Gujarat,0,0,0,112,consent_sign,3.5,0,2026-01-15 08:14:00
S006852,C950824D,Android-Budget,Aadhaar,Karnataka,0,1,1,123,liveness_check,3.5,1,2026-01-06 07:36:00
S006853,D66EC576,Android-MidTier,Passport,Delhi,0,1,1,171,consent_sign,5.5,0,2026-02-11 02:36:00
S006854,405DB449,Android-MidTier,PAN,Delhi,0,1,2,188,consent_sign,5.5,0,2026-01-25 15:57:00
S006855,2AB9AA52,iOS-HighEnd,Aadhaar,Maharashtra,0,0,0,134,consent_sign,3.5,0,2026-02-17 05:45:00
S006856,20514111,iOS-HighEnd,Driving License,Karnataka,0,0,0,130,consent_sign,3.5,0,2026-02-19 12:12:00
S006857,12CB7604,Android-MidTier,PAN,Gujarat,0,2,2,203,consent_sign,7.5,0,2026-03-01 11:28:00
S006858,D789C624,iOS-HighEnd,PAN,Delhi,0,0,0,76,consent_sign,3.5,0,2026-01-06 01:11:00
S006859,E7775EF5,iOS-HighEnd,Aadhaar,Delhi,0,0,0,112,consent_sign,3.5,1,2026-02-13 00:39:00
S006860,4CAD3598,iOS-HighEnd,Passport,Tamil Nadu,0,0,0,136,consent_sign,3.5,0,2026-01-30 03:50:00
S006861,7CBA8DEA,Android-Budget,PAN,West Bengal,0,0,0,23,phone_otp,0.0,1,2026-01-03 02:05:00
S006862,372F9FB6,iOS-HighEnd,Aadhaar,Gujarat,0,0,0,146,consent_sign,3.5,0,2026-02-16 16:15:00
S006863,C016C62B,iOS-HighEnd,Driving License,Tamil Nadu,0,0,0,178,consent_sign,3.5,0,2026-02-06 21:19:00
S006864,97266A28,Android-Budget,PAN,Delhi,0,0,0,160,consent_sign,3.5,0,2026-02-15 06:05:00
S006865,23CCE3BB,iOS-HighEnd,Aadhaar,West Bengal,0,0,0,127,consent_sign,3.5,0,2026-01-13 21:08:00
S006866,6577E64D,iOS-HighEnd,Passport,West Bengal,0,0,0,135,consent_sign,3.5,0,2026-02-20 22:35:00
S006867,E6876705,iOS-HighEnd,Passport,Tamil Nadu,1,1,3,169,liveness_check,5.0,1,2026-02-01 14:44:00
S006868,40BF5CA2,iOS-HighEnd,Aadhaar,Delhi,0,0,0,2,registration,0.0,1,2026-01-08 15:29:00
S006869,B67FFA23,iOS-HighEnd,Passport,Gujarat,0,0,0,53,doc_upload,0.0,1,2026-02-22 00:12:00
S006870,3466B8F9,iOS-HighEnd,Passport,West Bengal,0,0,0,117,consent_sign,3.5,0,2026-01-03 15:01:00
S006871,F5A98C9A,iOS-HighEnd,Driving License,Maharashtra,0,0,0,117,consent_sign,3.5,0,2026-01-04 23:50:00
S006872,2541F181,Android-MidTier,Aadhaar,Karnataka,2,0,2,233,consent_sign,6.5,0,2026-02-19 17:18:00
S006873,19EDCDBC,iOS-HighEnd,Aadhaar,Karnataka,0,0,0,107,consent_sign,3.5,0,2026-02-24 20:08:00
S006874,59BDFAC9,Android-Budget,Aadhaar,Tamil Nadu,0,1,1,167,consent_sign,5.5,0,2026-01-29 12:58:00
S006875,E3157B34,iOS-HighEnd,PAN,Maharashtra,0,0,0,118,consent_sign,3.5,0,2026-01-23 21:46:00
S006876,13FFE66E,iOS-HighEnd,Driving License,Maharashtra,0,0,0,178,consent_sign,3.5,0,2026-01-25 17:35:00
S006877,D2333B12,iOS-HighEnd,Aadhaar,Maharashtra,0,1,1,128,liveness_check,3.5,1,2026-01-21 02:11:00
S006878,0A5FCEDE,Android-MidTier,PAN,Gujarat,0,0,1,146,consent_sign,3.5,1,2026-01-26 10:10:00
S006879,D8E06EA2,Android-Budget,Driving License,Karnataka,0,0,0,3,registration,0.0,1,2026-02-28 08:12:00
S006880,54DA1012,Android-MidTier,Driving License,Tamil Nadu,0,1,1,112,liveness_check,3.5,1,2026-02-01 08:40:00
S006881,81B83DE2,Android-MidTier,Aadhaar,Karnataka,0,0,0,125,consent_sign,3.5,0,2026-02-25 17:17:00
S006882,19EEF9D6,Android-MidTier,Driving License,Gujarat,0,0,0,128,consent_sign,3.5,1,2026-02-08 09:28:00
S006883,8FC45E9E,Android-Budget,Driving License,Karnataka,0,1,1,183,consent_sign,5.5,0,2026-01-29 12:49:00
S006884,826F081A,Android-MidTier,Passport,West Bengal,0,0,0,4,registration,0.0,1,2026-02-09 04:10:00
S006885,5F0B5135,Android-MidTier,Passport,Maharashtra,0,1,1,141,consent_sign,5.5,0,2026-02-19 13:22:00
S006886,5583B4DB,Android-Budget,Driving License,Karnataka,0,1,1,92,liveness_check,3.5,1,2026-01-15 01:17:00
S006887,58D0202B,iOS-HighEnd,PAN,Delhi,0,0,0,134,consent_sign,3.5,0,2026-01-26 13:09:00
S006888,5E331ED8,iOS-HighEnd,Aadhaar,Tamil Nadu,0,0,0,136,consent_sign,3.5,0,2026-02-17 21:13:00
S006889,95EB44D9,Android-MidTier,Passport,Karnataka,0,0,0,123,consent_sign,3.5,0,2026-01-11 20:42:00
S006890,C22C9037,iOS-HighEnd,PAN,Maharashtra,0,0,0,151,consent_sign,3.5,1,2026-01-13 19:31:00
S006891,8393A544,Android-Budget,Passport,Maharashtra,0,0,0,120,consent_sign,3.5,0,2026-03-01 10:23:00
S006892,8C490E4C,Android-MidTier,Passport,West Bengal,0,0,0,151,consent_sign,3.5,0,2026-02-13 14:24:00
S006893,8185CA84,iOS-HighEnd,Passport,Gujarat,1,0,1,65,doc_upload,1.5,1,2026-01-22 18:48:00
S006894,2740A29D,Android-Budget,Passport,Tamil Nadu,0,0,1,143,consent_sign,3.5,0,2026-01-30 20:05:00
S006895,5484D865,iOS-HighEnd,Driving License,West Bengal,1,1,2,209,consent_sign,7.0,0,2026-03-02 01:55:00
S006896,BB404BC8,Android-MidTier,Driving License,Tamil Nadu,0,0,1,171,consent_sign,3.5,0,2026-01-05 09:57:00
S006897,24DA0109,Android-MidTier,PAN,Gujarat,0,0,1,150,consent_sign,3.5,1,2026-01-27 23:32:00
S006898,3242F61C,iOS-HighEnd,Aadhaar,West Bengal,0,0,0,152,consent_sign,3.5,0,2026-01-22 05:02:00
S006899,46983234,Android-MidTier,Passport,Karnataka,0,0,0,146,consent_sign,3.5,0,2026-01-09 02:35:00
S006900,0B4476B2,iOS-HighEnd,Aadhaar,Delhi,0,0,0,35,doc_upload,0.0,1,2026-02-15 20:52:00
S006901,22087D01,Android-MidTier,PAN,Maharashtra,0,0,0,127,consent_sign,3.5,0,2026-02-09 07:11:00
S006902,3193FB1C,Android-Budget,Passport,West Bengal,0,0,0,140,consent_sign,3.5,0,2026-02-28 22:09:00
S006903,E21734C6,iOS-HighEnd,PAN,West Bengal,0,1,1,141,consent_sign,5.5,0,2026-01-06 13:49:00
S006904,9174B136,Android-MidTier,Aadhaar,West Bengal,0,0,0,135,consent_sign,3.5,0,2026-02-03 17:08:00
S006905,35EAEDE0,iOS-HighEnd,Driving License,Karnataka,0,0,0,133,consent_sign,3.5,0,2026-01-20 17:24:00
S006906,29D4056E,Android-Budget,Passport,Karnataka,1,1,2,208,consent_sign,7.0,0,2026-02-07 13:08:00
S006907,BA2C43EC,Android-Budget,PAN,Tamil Nadu,1,0,1,78,doc_upload,1.5,1,2026-02-28 19:48:00
S006908,381692F5,Android-MidTier,PAN,Tamil Nadu,0,0,0,98,consent_sign,3.5,0,2026-02-09 07:12:00
S006909,2A6504E1,iOS-HighEnd,PAN,Tamil Nadu,0,1,1,128,consent_sign,5.5,1,2026-01-07 10:58:00
S006910,1D3EA32C,Android-Budget,PAN,West Bengal,1,2,3,225,consent_sign,9.0,0,2026-02-16 07:24:00
S006911,CFCAE6B9,iOS-HighEnd,Driving License,Gujarat,1,0,1,138,consent_sign,5.0,0,2026-01-19 14:58:00
S006912,BA5916C5,Android-MidTier,Aadhaar,West Bengal,0,0,0,147,consent_sign,3.5,0,2026-01-19 09:02:00
S006913,780B8DC0,Android-MidTier,Passport,West Bengal,0,0,0,95,consent_sign,3.5,0,2026-01-30 07:38:00
S006914,93B91EA1,iOS-HighEnd,Passport,Karnataka,0,0,0,153,consent_sign,3.5,1,2026-02-09 22:09:00
S006915,E6BD4BBC,Android-MidTier,Driving License,Tamil Nadu,1,0,1,149,consent_sign,5.0,0,2026-02-10 20:39:00
S006916,A1AB975E,iOS-HighEnd,Driving License,Gujarat,0,0,0,97,consent_sign,3.5,0,2026-01-25 13:39:00
S006917,27D54AB0,Android-MidTier,Aadhaar,Karnataka,0,1,1,77,liveness_check,3.5,1,2026-02-17 09:22:00
S006918,B770BEAF,Android-MidTier,Driving License,West Bengal,0,0,0,117,consent_sign,3.5,0,2026-01-16 18:31:00
S006919,476A3991,iOS-HighEnd,Passport,Gujarat,0,0,0,136,consent_sign,3.5,0,2026-02-27 04:42:00
S006920,E586EE20,Android-Budget,Driving License,West Bengal,0,0,0,128,consent_sign,3.5,0,2026-01-04 03:48:00
S006921,05B08CE0,Android-Budget,Driving License,Gujarat,1,0,1,198,consent_sign,5.0,0,2026-01-16 22:05:00
S006922,5401E034,iOS-HighEnd,Passport,West Bengal,0,0,0,106,consent_sign,3.5,0,2026-02-11 21:24:00
S006923,7FB63B12,iOS-HighEnd,Driving License,Gujarat,0,0,1,150,consent_sign,3.5,0,2026-01-02 23:53:00
S006924,679B03D4,Android-Budget,Driving License,Karnataka,0,1,1,170,consent_sign,5.5,0,2026-02-24 12:38:00
S006925,4CE33ED4,iOS-HighEnd,Passport,Karnataka,0,0,1,121,consent_sign,3.5,0,2026-02-27 12:35:00
S006926,1B435FDC,iOS-HighEnd,Passport,Delhi,0,0,0,163,consent_sign,3.5,0,2026-01-11 15:25:00
S006927,393F8079,Android-Budget,Driving License,West Bengal,2,0,2,125,doc_upload,3.0,1,2026-01-19 23:21:00
S006928,E1789474,Android-MidTier,Driving License,Delhi,0,0,1,146,consent_sign,3.5,0,2026-01-31 19:38:00
S006929,E7B986CB,iOS-HighEnd,Driving License,Delhi,0,0,0,111,consent_sign,3.5,1,2026-02-23 02:12:00
S006930,B2879BDD,Android-MidTier,Aadhaar,Gujarat,0,0,0,148,consent_sign,3.5,0,2026-01-13 00:49:00
S006931,69A31AB6,Android-Budget,PAN,Tamil Nadu,0,0,1,58,phone_otp,0.0,1,2026-02-10 06:06:00
S006932,910AEB6F,Android-Budget,Aadhaar,Gujarat,0,1,1,160,consent_sign,5.5,0,2026-02-15 11:56:00
S006933,3E141965,Android-MidTier,Passport,Karnataka,1,0,1,205,consent_sign,5.0,0,2026-02-16 13:23:00
S006934,F2D058CA,iOS-HighEnd,PAN,West Bengal,0,0,0,4,registration,0.0,1,2026-01-11 12:08:00
S006935,C6642CA9,Android-MidTier,Passport,Gujarat,0,0,0,166,consent_sign,3.5,0,2026-02-22 13:32:00
S006936,0E913294,Android-Budget,Aadhaar,Maharashtra,0,0,0,137,consent_sign,3.5,0,2026-02-26 22:44:00
S006937,6EA28B15,Android-MidTier,Aadhaar,Delhi,0,0,0,34,phone_otp,0.0,1,2026-03-01 22:14:00
S006938,FA75B5FC,Android-Budget,PAN,Karnataka,1,3,4,248,liveness_check,9.0,1,2026-01-13 02:07:00
S006939,5ED13AFE,Android-Budget,Driving License,Maharashtra,1,0,1,141,consent_sign,5.0,0,2026-01-24 12:19:00
S006940,7C8C9267,Android-MidTier,PAN,Gujarat,0,0,0,140,consent_sign,3.5,0,2026-01-31 03:00:00
S006941,ED86A0C9,Android-MidTier,Passport,Maharashtra,0,0,0,169,consent_sign,3.5,0,2026-01-15 11:53:00
S006942,36CA9390,iOS-HighEnd,Passport,Maharashtra,0,0,0,145,consent_sign,3.5,0,2026-02-11 12:26:00
S006943,3C304193,iOS-HighEnd,Driving License,Karnataka,0,0,0,90,consent_sign,3.5,0,2026-02-02 15:00:00
S006944,CDF5A57F,Android-MidTier,Passport,Maharashtra,1,0,1,95,doc_upload,1.5,1,2026-02-23 06:09:00
S006945,99155BEF,Android-MidTier,Passport,Maharashtra,1,0,1,57,doc_upload,1.5,1,2026-02-09 16:17:00
S006946,DA6B391D,Android-Budget,PAN,Maharashtra,0,0,0,151,consent_sign,3.5,0,2026-01-29 07:36:00
S006947,151248E1,iOS-HighEnd,Driving License,Delhi,0,0,0,48,doc_upload,0.0,1,2026-01-20 03:37:00
S006948,26696E53,Android-MidTier,Passport,Karnataka,0,0,0,173,consent_sign,3.5,0,2026-02-04 00:31:00
S006949,E5865A54,Android-Budget,Aadhaar,West Bengal,1,0,2,66,doc_upload,1.5,1,2026-02-05 23:04:00
S006950,CB28AC77,Android-MidTier,Aadhaar,West Bengal,0,0,0,29,phone_otp,0.0,1,2026-02-20 04:25:00
S006951,26E21C56,Android-Budget,Aadhaar,Gujarat,1,0,1,202,consent_sign,5.0,0,2026-01-11 23:26:00
S006952,78A118DF,Android-MidTier,Aadhaar,Karnataka,0,1,1,181,consent_sign,5.5,0,2026-02-11 02:20:00
S006953,4A9AB305,iOS-HighEnd,PAN,Delhi,0,1,1,100,liveness_check,3.5,1,2026-02-04 13:25:00
S006954,ADC1E2F7,iOS-HighEnd,Driving License,Karnataka,0,0,0,129,consent_sign,3.5,0,2026-03-01 23:01:00
S006955,B3322D31,iOS-HighEnd,Driving License,West Bengal,0,0,0,111,consent_sign,3.5,0,2026-02-03 23:27:00
S006956,1667B920,Android-Budget,Passport,Tamil Nadu,0,1,1,184,consent_sign,5.5,0,2026-02-11 19:20:00
S006957,4F4CEA72,Android-MidTier,PAN,Maharashtra,0,0,0,153,consent_sign,3.5,0,2026-02-17 12:13:00
S006958,FF0E88EA,iOS-HighEnd,Driving License,Delhi,1,0,1,191,consent_sign,5.0,0,2026-01-11 23:11:00
S006959,0A1D9238,Android-MidTier,PAN,Maharashtra,2,0,2,218,consent_sign,6.5,0,2026-01-11 07:21:00
S006960,EC2C4F79,iOS-HighEnd,Driving License,Maharashtra,0,0,0,104,consent_sign,3.5,0,2026-02-13 00:30:00
S006961,E5A5788E,iOS-HighEnd,Aadhaar,Gujarat,0,0,0,113,consent_sign,3.5,0,2026-02-03 02:52:00
S006962,7D883D25,Android-MidTier,Passport,Delhi,1,0,1,77,doc_upload,1.5,1,2026-02-11 08:57:00
S006963,4A9B0DC7,Android-MidTier,Aadhaar,Delhi,1,1,2,199,consent_sign,7.0,0,2026-01-26 01:31:00
S006964,1259D654,iOS-HighEnd,PAN,Gujarat,0,0,0,158,consent_sign,3.5,0,2026-02-07 21:38:00
S006965,237C56BB,Android-MidTier,PAN,Maharashtra,0,0,0,163,consent_sign,3.5,0,2026-01-17 02:38:00
S006966,DA36967D,iOS-HighEnd,Driving License,West Bengal,0,0,0,150,consent_sign,3.5,0,2026-02-04 05:23:00
S006967,C6ACDCAF,Android-MidTier,Aadhaar,Tamil Nadu,1,0,1,186,consent_sign,5.0,0,2026-01-14 09:31:00
S006968,7F151663,iOS-HighEnd,PAN,Maharashtra,0,0,0,121,consent_sign,3.5,0,2026-01-18 06:37:00
S006969,48A05E4F,Android-MidTier,Passport,Karnataka,0,0,0,134,consent_sign,3.5,0,2026-01-13 05:34:00
S006970,56B243CD,Android-MidTier,Passport,Gujarat,1,0,1,169,consent_sign,5.0,0,2026-01-24 02:51:00
S006971,79004406,iOS-HighEnd,Driving License,Tamil Nadu,0,1,1,162,consent_sign,5.5,0,2026-01-03 06:59:00
S006972,F3A2E957,iOS-HighEnd,PAN,Maharashtra,0,0,0,148,consent_sign,3.5,0,2026-01-08 16:52:00
S006973,A74B151C,Android-MidTier,Aadhaar,Delhi,0,0,0,2,registration,0.0,1,2026-02-27 06:09:00
S006974,6B000E3B,Android-MidTier,Driving License,Tamil Nadu,1,0,1,68,doc_upload,1.5,1,2026-02-05 09:36:00
S006975,CB5475BF,Android-Budget,PAN,Maharashtra,0,1,1,134,consent_sign,5.5,0,2026-01-18 10:06:00
S006976,AA8FB624,Android-MidTier,Passport,Maharashtra,0,0,0,120,consent_sign,3.5,0,2026-02-22 16:01:00
S006977,7616E3A2,iOS-HighEnd,Driving License,Delhi,0,0,0,130,consent_sign,3.5,0,2026-02-15 05:47:00
S006978,096B9227,iOS-HighEnd,Passport,Tamil Nadu,0,0,0,127,consent_sign,3.5,0,2026-01-08 14:25:00
S006979,E0094827,Android-MidTier,Driving License,Maharashtra,0,0,0,4,registration,0.0,1,2026-01-27 08:47:00
S006980,FF8BB891,iOS-HighEnd,Passport,Gujarat,0,0,0,153,consent_sign,3.5,0,2026-01-01 08:00:00
S006981,B9076FF3,Android-MidTier,PAN,Tamil Nadu,0,1,1,136,liveness_check,3.5,1,2026-01-12 11:52:00
S006982,552DAD08,Android-Budget,PAN,West Bengal,0,1,1,178,consent_sign,5.5,0,2026-01-14 10:37:00
S006983,3D3FC0E0,Android-Budget,Passport,Maharashtra,1,0,2,116,doc_upload,1.5,1,2026-02-16 07:11:00
S006984,68EDEED7,iOS-HighEnd,PAN,West Bengal,1,0,1,167,consent_sign,5.0,0,2026-01-13 04:35:00
S006985,AB13B31A,Android-MidTier,Aadhaar,Delhi,1,0,1,83,doc_upload,1.5,1,2026-01-08 03:01:00
S006986,BAB8AD70,iOS-HighEnd,PAN,Maharashtra,0,0,0,150,consent_sign,3.5,0,2026-02-15 18:15:00
S006987,B588489E,iOS-HighEnd,Aadhaar,Gujarat,0,0,0,110,consent_sign,3.5,0,2026-02-08 07:14:00
S006988,A7FB859F,iOS-HighEnd,Driving License,Tamil Nadu,0,0,0,144,consent_sign,3.5,0,2026-02-20 04:03:00
S006989,640B1814,Android-MidTier,Aadhaar,Maharashtra,1,1,2,207,consent_sign,7.0,0,2026-02-24 05:23:00
S006990,0C858251,Android-Budget,Aadhaar,Gujarat,0,3,3,163,liveness_check,7.5,1,2026-02-18 16:41:00
S006991,CDBA8621,iOS-HighEnd,Aadhaar,Tamil Nadu,0,0,0,140,consent_sign,3.5,0,2026-01-28 13:16:00
S006992,D0013B99,iOS-HighEnd,Driving License,Karnataka,0,0,0,162,consent_sign,3.5,0,2026-02-20 07:46:00
S006993,F76FFC87,iOS-HighEnd,PAN,Maharashtra,0,0,0,31,phone_otp,0.0,1,2026-01-10 10:04:00
S006994,DCD1AD00,iOS-HighEnd,PAN,West Bengal,1,0,1,193,consent_sign,5.0,0,2026-01-07 05:41:00
S006995,D0D70956,iOS-HighEnd,PAN,Maharashtra,0,0,0,102,consent_sign,3.5,0,2026-01-20 18:49:00
S006996,B517272D,Android-Budget,Passport,West Bengal,0,1,3,155,liveness_check,3.5,1,2026-02-16 01:52:00
S006997,F543C14D,Android-MidTier,Aadhaar,West Bengal,0,1,1,126,liveness_check,3.5,1,2026-01-04 12:11:00
S006998,DE3E0557,iOS-HighEnd,Driving License,West Bengal,0,0,0,147,consent_sign,3.5,0,2026-01-10 12:50:00
S006999,DE823285,iOS-HighEnd,Passport,Tamil Nadu,0,0,0,160,consent_sign,3.5,0,2026-01-31 16:50:00
S007000,402758B2,iOS-HighEnd,Aadhaar,Gujarat,0,0,0,134,consent_sign,3.5,0,2026-02-12 20:36:00
S007001,E0222432,Android-MidTier,Aadhaar,Gujarat,1,0,1,178,consent_sign,5.0,0,2026-01-16 10:47:00
S007002,0AC22E6D,iOS-HighEnd,PAN,Gujarat,0,0,0,139,consent_sign,3.5,0,2026-01-28 20:47:00
S007003,8345D6D3,Android-Budget,Passport,West Bengal,0,0,0,4,registration,0.0,1,2026-01-10 03:20:00
S007004,4721FBE9,iOS-HighEnd,PAN,Delhi,0,0,0,2,registration,0.0,1,2026-02-03 20:56:00
S007005,2E361846,iOS-HighEnd,Driving License,Tamil Nadu,1,0,1,175,consent_sign,5.0,0,2026-02-06 01:55:00
S007006,025C9425,Android-MidTier,Passport,Karnataka,0,0,1,153,consent_sign,3.5,0,2026-02-03 11:06:00
S007007,57CC6C2A,Android-MidTier,Passport,Gujarat,0,0,0,153,consent_sign,3.5,0,2026-01-11 22:53:00
S007008,56516AB6,Android-MidTier,Aadhaar,West Bengal,0,0,0,4,registration,0.0,1,2026-01-16 04:33:00
S007009,C5857B6B,iOS-HighEnd,Passport,Delhi,0,0,0,140,consent_sign,3.5,0,2026-01-05 01:32:00
S007010,33A37A74,Android-Budget,Driving License,Delhi,0,0,0,171,consent_sign,3.5,0,2026-02-04 15:55:00
S007011,AE2BCAB8,iOS-HighEnd,Passport,Maharashtra,0,0,0,162,consent_sign,3.5,0,2026-01-20 06:10:00
S007012,BE7A38C6,iOS-HighEnd,Aadhaar,Karnataka,0,1,1,169,consent_sign,5.5,0,2026-01-24 02:57:00
S007013,640445A1,Android-MidTier,Passport,Karnataka,0,0,0,129,consent_sign,3.5,0,2026-03-01 17:11:00
S007014,972A355C,Android-MidTier,Driving License,Maharashtra,0,0,0,119,consent_sign,3.5,0,2026-01-04 23:02:00
S007015,32586047,Android-MidTier,PAN,Karnataka,0,0,0,114,consent_sign,3.5,0,2026-01-20 03:03:00
S007016,BB3494D1,iOS-HighEnd,PAN,West Bengal,1,0,1,151,consent_sign,5.0,0,2026-02-12 05:47:00
S007017,F6D20B48,iOS-HighEnd,Passport,Karnataka,0,0,0,3,registration,0.0,1,2026-01-25 07:25:00
S007018,4A4A1B64,Android-MidTier,Passport,Tamil Nadu,0,0,0,22,phone_otp,0.0,1,2026-02-18 00:10:00
S007019,74D90398,iOS-HighEnd,Aadhaar,West Bengal,0,0,0,117,consent_sign,3.5,0,2026-01-27 11:22:00
S007020,0496122F,iOS-HighEnd,Driving License,West Bengal,0,0,0,163,consent_sign,3.5,0,2026-01-02 19:30:00
S007021,F70FDC0C,Android-MidTier,Driving License,Gujarat,1,0,1,62,doc_upload,1.5,1,2026-02-24 09:12:00
S007022,D45D91E1,iOS-HighEnd,PAN,Delhi,0,0,0,147,consent_sign,3.5,0,2026-01-16 13:38:00
S007023,76AAC248,Android-MidTier,PAN,Maharashtra,0,0,0,139,consent_sign,3.5,0,2026-01-01 11:48:00
S007024,9267E278,iOS-HighEnd,Driving License,Maharashtra,0,0,0,39,doc_upload,0.0,1,2026-02-22 10:30:00
S007025,D5B5984B,Android-MidTier,PAN,Gujarat,0,0,0,128,consent_sign,3.5,0,2026-01-06 12:26:00
S007026,43C36988,iOS-HighEnd,PAN,West Bengal,0,0,0,147,consent_sign,3.5,0,2026-02-20 08:08:00
S007027,DA2777AF,Android-MidTier,Passport,Maharashtra,0,0,1,27,registration,0.0,1,2026-01-22 19:26:00
S007028,AB1E5FCF,iOS-HighEnd,PAN,Gujarat,0,0,0,124,consent_sign,3.5,0,2026-02-02 06:11:00
S007029,65126FE3,iOS-HighEnd,PAN,Maharashtra,1,0,2,219,consent_sign,5.0,0,2026-01-20 01:52:00
S007030,3AAE37B5,iOS-HighEnd,PAN,West Bengal,0,0,0,122,consent_sign,3.5,0,2026-01-19 05:42:00
S007031,D24E4A96,Android-MidTier,Driving License,West Bengal,0,0,0,55,doc_upload,0.0,1,2026-01-28 05:34:00
S007032,00937BA0,iOS-HighEnd,Passport,Karnataka,0,0,0,141,consent_sign,3.5,0,2026-01-02 01:17:00
S007033,137BA9EC,Android-Budget,Driving License,Maharashtra,0,0,0,15,phone_otp,0.0,1,2026-02-12 02:27:00
S007034,8906A4E2,iOS-HighEnd,Aadhaar,Maharashtra,0,0,0,139,consent_sign,3.5,0,2026-02-15 22:03:00
S007035,F09E64EF,Android-MidTier,Passport,Karnataka,0,0,1,76,doc_upload,0.0,1,2026-01-15 17:10:00
S007036,DE590698,Android-MidTier,Passport,Maharashtra,0,0,2,69,phone_otp,0.0,1,2026-01-17 04:09:00
S007037,C44BA50D,iOS-HighEnd,Passport,West Bengal,0,0,0,92,consent_sign,3.5,0,2026-01-17 16:00:00
S007038,C4D6AFC4,Android-MidTier,Aadhaar,Delhi,0,0,0,115,consent_sign,3.5,0,2026-01-03 01:49:00
S007039,7F2382B5,iOS-HighEnd,PAN,West Bengal,0,0,0,143,consent_sign,3.5,0,2026-02-02 22:13:00
S007040,88BA1F6F,iOS-HighEnd,Driving License,Tamil Nadu,0,0,0,136,consent_sign,3.5,0,2026-01-08 13:58:00
S007041,C798C498,Android-MidTier,Driving License,Delhi,0,0,1,140,consent_sign,3.5,0,2026-01-16 16:28:00
S007042,ECF60826,Android-MidTier,Aadhaar,Maharashtra,0,0,1,163,consent_sign,3.5,0,2026-01-02 01:24:00
S007043,B9C8DDD8,Android-MidTier,Aadhaar,Karnataka,0,0,0,142,consent_sign,3.5,0,2026-01-04 00:59:00
S007044,A7F655FB,Android-Budget,Aadhaar,Gujarat,0,0,0,4,registration,0.0,1,2026-02-03 23:25:00
S007045,6DF3BE7A,iOS-HighEnd,Aadhaar,Karnataka,0,0,0,32,phone_otp,0.0,1,2026-01-05 17:29:00
S007046,3EDF665F,iOS-HighEnd,PAN,West Bengal,0,0,0,116,consent_sign,3.5,0,2026-02-09 01:04:00
S007047,197634E5,iOS-HighEnd,PAN,Karnataka,1,0,1,132,consent_sign,5.0,0,2026-01-17 19:59:00
S007048,BB23E712,iOS-HighEnd,PAN,Tamil Nadu,0,0,0,129,consent_sign,3.5,0,2026-01-12 23:56:00
S007049,4AD5433B,Android-Budget,Aadhaar,Tamil Nadu,0,0,0,148,consent_sign,3.5,0,2026-01-06 10:40:00
S007050,296FC0D7,iOS-HighEnd,PAN,West Bengal,0,0,0,167,consent_sign,3.5,0,2026-02-09 02:02:00
S007051,BAAA58F6,Android-MidTier,Passport,Karnataka,0,1,1,199,consent_sign,5.5,0,2026-02-06 13:01:00
S007052,C3DD1D6A,Android-MidTier,PAN,Tamil Nadu,0,0,0,144,consent_sign,3.5,0,2026-02-19 14:10:00
S007053,FF75659E,Android-MidTier,Driving License,Delhi,0,1,2,165,consent_sign,5.5,0,2026-01-03 07:08:00
S007054,A396FC57,iOS-HighEnd,PAN,Gujarat,0,0,0,22,phone_otp,0.0,1,2026-01-15 14:23:00
S007055,27D3584C,iOS-HighEnd,Passport,West Bengal,0,0,0,142,consent_sign,3.5,0,2026-01-22 08:30:00
S007056,EFE5F873,Android-Budget,Aadhaar,Tamil Nadu,1,1,2,196,consent_sign,7.0,0,2026-02-02 14:40:00
S007057,10E436C9,iOS-HighEnd,PAN,Tamil Nadu,0,0,0,114,consent_sign,3.5,0,2026-01-20 08:44:00
S007058,C229A415,Android-MidTier,Aadhaar,Gujarat,0,0,0,141,consent_sign,3.5,0,2026-01-21 16:23:00
S007059,2DD10250,Android-MidTier,PAN,Gujarat,0,1,1,141,consent_sign,5.5,0,2026-01-22 22:35:00
S007060,56685B02,Android-MidTier,Aadhaar,Delhi,0,0,0,127,consent_sign,3.5,0,2026-02-14 13:58:00
S007061,D5CF18C2,Android-Budget,PAN,Gujarat,1,0,1,190,consent_sign,5.0,0,2026-02-25 08:16:00
S007062,82C273A9,Android-Budget,Passport,Maharashtra,1,0,1,117,consent_sign,5.0,0,2026-02-22 20:31:00
S007063,9D47172C,iOS-HighEnd,Passport,Delhi,0,0,1,203,consent_sign,3.5,0,2026-01-15 12:02:00
S007064,5B33CB3F,Android-MidTier,Passport,Delhi,0,0,0,116,consent_sign,3.5,0,2026-02-23 23:21:00
S007065,2D28746A,Android-MidTier,PAN,West Bengal,0,0,1,138,consent_sign,3.5,0,2026-02-10 01:36:00
S007066,8B991282,Android-MidTier,Passport,Gujarat,0,0,0,143,consent_sign,3.5,0,2026-01-29 07:42:00
S007067,04AA8F68,iOS-HighEnd,Passport,Tamil Nadu,0,0,0,142,consent_sign,3.5,0,2026-03-01 11:32:00
S007068,CDEB8AB9,Android-MidTier,Aadhaar,Maharashtra,0,0,0,138,consent_sign,3.5,0,2026-02-25 06:54:00
S007069,161FE564,Android-Budget,Aadhaar,Maharashtra,1,0,1,87,doc_upload,1.5,1,2026-01-28 17:57:00
S007070,2553FF33,Android-MidTier,Passport,West Bengal,0,0,0,109,consent_sign,3.5,0,2026-01-29 07:31:00
S007071,D0B21F98,Android-MidTier,Driving License,Tamil Nadu,0,0,1,28,registration,0.0,1,2026-02-19 10:37:00
S007072,7A8B737A,Android-Budget,Passport,Tamil Nadu,0,0,0,120,consent_sign,3.5,0,2026-03-01 12:00:00
S007073,A1AE96A0,Android-MidTier,PAN,West Bengal,0,0,0,111,consent_sign,3.5,0,2026-02-21 17:42:00
S007074,DA7F624B,iOS-HighEnd,PAN,Gujarat,0,0,0,3,registration,0.0,1,2026-02-22 12:48:00
S007075,6EB1DE50,iOS-HighEnd,Driving License,Gujarat,0,0,0,38,doc_upload,0.0,1,2026-01-11 08:29:00
S007076,C69EE73D,iOS-HighEnd,PAN,Gujarat,0,0,0,123,consent_sign,3.5,0,2026-01-22 10:34:00
S007077,2AE2C9D1,Android-MidTier,Passport,Maharashtra,0,0,0,128,consent_sign,3.5,0,2026-01-10 05:52:00
S007078,7BC19E2F,Android-MidTier,Passport,Karnataka,0,0,0,143,consent_sign,3.5,0,2026-01-14 12:05:00
S007079,B285D65B,iOS-HighEnd,Aadhaar,West Bengal,0,0,0,181,consent_sign,3.5,0,2026-02-28 07:57:00
S007080,BEA17713,Android-MidTier,Driving License,Karnataka,0,1,1,165,consent_sign,5.5,0,2026-01-14 23:22:00
S007081,EF0D44D7,Android-MidTier,Passport,West Bengal,1,0,1,209,consent_sign,5.0,0,2026-01-20 05:17:00
S007082,8EB58D5C,iOS-HighEnd,Aadhaar,Delhi,0,0,0,1,registration,0.0,1,2026-02-26 08:25:00
S007083,527C9DEA,Android-MidTier,Driving License,West Bengal,1,0,1,171,consent_sign,5.0,0,2026-02-20 19:09:00
S007084,E6647803,Android-MidTier,Driving License,Gujarat,0,0,0,121,consent_sign,3.5,0,2026-02-07 01:12:00
S007085,30260BB1,iOS-HighEnd,Passport,West Bengal,0,0,0,129,consent_sign,3.5,0,2026-01-01 08:12:00
S007086,04621030,Android-MidTier,Aadhaar,Karnataka,0,0,0,36,phone_otp,0.0,1,2026-02-14 11:11:00
S007087,5F5E9C52,Android-MidTier,PAN,Gujarat,0,0,0,29,doc_upload,0.0,1,2026-02-09 23:20:00
S007088,BFEE7AEF,Android-MidTier,Driving License,Tamil Nadu,0,0,0,156,consent_sign,3.5,0,2026-02-03 15:20:00
S007089,50AEFE0D,iOS-HighEnd,Driving License,Tamil Nadu,0,0,0,40,doc_upload,0.0,1,2026-01-23 23:27:00
S007090,22530AA4,iOS-HighEnd,Passport,Karnataka,0,0,0,137,consent_sign,3.5,0,2026-01-17 10:21:00
S007091,85406ADB,iOS-HighEnd,Passport,Maharashtra,0,0,0,145,consent_sign,3.5,0,2026-01-28 00:22:00
S007092,97C75839,Android-MidTier,Aadhaar,Gujarat,0,1,1,111,liveness_check,3.5,1,2026-01-08 22:52:00
S007093,8DB7C020,iOS-HighEnd,Driving License,West Bengal,0,0,0,152,consent_sign,3.5,0,2026-01-02 03:04:00
S007094,C2F72B1F,Android-MidTier,Aadhaar,Delhi,0,0,1,101,consent_sign,3.5,0,2026-01-18 04:04:00
S007095,CF928274,Android-MidTier,Passport,Tamil Nadu,0,0,0,128,consent_sign,3.5,0,2026-02-04 05:22:00
S007096,A3593AEC,iOS-HighEnd,Passport,Maharashtra,0,0,0,146,consent_sign,3.5,0,2026-01-30 08:04:00
S007097,897E2CE5,Android-Budget,Driving License,West Bengal,0,0,0,56,doc_upload,0.0,1,2026-02-06 08:22:00
S007098,09F7E468,Android-MidTier,Passport,Karnataka,0,0,0,117,consent_sign,3.5,0,2026-01-05 05:38:00
S007099,F0657D73,iOS-HighEnd,Aadhaar,Maharashtra,0,0,0,141,consent_sign,3.5,0,2026-02-26 11:39:00
S007100,FF97588E,Android-MidTier,Driving License,Delhi,0,1,1,116,liveness_check,3.5,1,2026-02-01 18:50:00
S007101,D0D14782,iOS-HighEnd,PAN,Maharashtra,0,0,0,125,consent_sign,3.5,0,2026-02-12 23:23:00
S007102,47D9DD10,Android-MidTier,Aadhaar,West Bengal,0,1,1,108,liveness_check,3.5,1,2026-02-06 08:40:00
S007103,FB372648,Android-MidTier,Passport,Delhi,0,1,1,114,liveness_check,3.5,1,2026-02-11 20:35:00
S007104,5D210794,iOS-HighEnd,Aadhaar,West Bengal,0,0,0,129,consent_sign,3.5,0,2026-01-20 06:21:00
S007105,BD16C038,Android-MidTier,Driving License,Delhi,0,0,0,110,consent_sign,3.5,0,2026-01-03 04:52:00
S007106,06B19EEC,Android-MidTier,PAN,Delhi,0,0,0,108,consent_sign,3.5,0,2026-01-11 15:04:00
S007107,2F4D7D4A,iOS-HighEnd,Passport,Maharashtra,1,0,1,175,consent_sign,5.0,0,2026-02-22 13:41:00
S007108,232E444C,iOS-HighEnd,Driving License,Karnataka,0,0,1,154,consent_sign,3.5,0,2026-01-05 02:13:00
S007109,997BD7BB,iOS-HighEnd,Driving License,Delhi,0,0,0,129,consent_sign,3.5,0,2026-01-22 19:21:00
S007110,1D061735,Android-MidTier,Aadhaar,West Bengal,0,0,1,164,consent_sign,3.5,1,2026-03-02 05:17:00
S007111,C49B9178,Android-MidTier,Aadhaar,Karnataka,0,1,1,123,consent_sign,5.5,0,2026-01-08 02:24:00
S007112,1FAC9217,Android-MidTier,Passport,Gujarat,1,0,1,171,consent_sign,5.0,0,2026-01-19 05:19:00
S007113,950CE835,iOS-HighEnd,Passport,Delhi,0,0,0,133,consent_sign,3.5,0,2026-01-27 12:27:00
S007114,0C906C01,iOS-HighEnd,Passport,Delhi,0,0,0,130,consent_sign,3.5,0,2026-02-12 15:03:00
S007115,C2B8EFC0,iOS-HighEnd,Passport,Maharashtra,0,1,1,120,liveness_check,3.5,1,2026-02-12 09:54:00
S007116,E9B89CAF,Android-MidTier,PAN,Tamil Nadu,0,0,0,133,consent_sign,3.5,0,2026-01-11 14:06:00
S007117,B67AF865,iOS-HighEnd,Driving License,Maharashtra,0,0,0,139,consent_sign,3.5,0,2026-02-17 06:45:00
S007118,DECC0209,Android-MidTier,PAN,West Bengal,0,2,2,179,liveness_check,5.5,1,2026-02-18 13:31:00
S007119,E8048C91,Android-Budget,PAN,Delhi,0,2,3,229,consent_sign,7.5,0,2026-02-16 08:50:00
S007120,19B627B5,Android-MidTier,PAN,Tamil Nadu,0,0,0,23,phone_otp,0.0,1,2026-01-01 19:26:00
S007121,EE481499,iOS-HighEnd,Aadhaar,Gujarat,0,0,0,142,consent_sign,3.5,0,2026-01-29 13:20:00
S007122,E0C2442E,Android-Budget,Driving License,Gujarat,0,1,1,120,liveness_check,3.5,1,2026-02-19 20:05:00
S007123,5550F4EA,Android-MidTier,PAN,Tamil Nadu,0,0,0,168,consent_sign,3.5,0,2026-02-08 22:13:00
S007124,230B5490,Android-Budget,PAN,Delhi,0,2,2,105,liveness_check,5.5,1,2026-02-06 22:50:00
S007125,F1D799AF,Android-Budget,Aadhaar,West Bengal,1,0,1,98,doc_upload,1.5,1,2026-01-14 04:31:00
S007126,E432F23E,Android-MidTier,Driving License,Gujarat,0,0,1,159,consent_sign,3.5,1,2026-01-20 19:53:00
S007127,CF3B6E13,iOS-HighEnd,Passport,Delhi,0,0,0,93,consent_sign,3.5,0,2026-01-24 11:01:00
S007128,1B5D3449,Android-MidTier,Driving License,Tamil Nadu,1,0,1,83,doc_upload,1.5,1,2026-01-01 20:49:00
S007129,F08D5F51,Android-Budget,Aadhaar,Karnataka,1,0,1,74,doc_upload,1.5,1,2026-01-28 20:43:00
S007130,3F612028,Android-Budget,Driving License,Maharashtra,0,0,0,116,consent_sign,3.5,0,2026-01-04 16:00:00
S007131,2F64A0AD,iOS-HighEnd,Passport,Gujarat,0,0,0,117,consent_sign,3.5,0,2026-01-09 15:56:00
S007132,B360E8AF,Android-MidTier,Aadhaar,Delhi,0,0,0,145,consent_sign,3.5,0,2026-01-19 00:00:00
S007133,CFEF7FD7,iOS-HighEnd,Driving License,Tamil Nadu,0,0,0,95,consent_sign,3.5,0,2026-01-14 00:04:00
S007134,BA8F4592,Android-MidTier,Passport,Delhi,0,0,0,129,consent_sign,3.5,0,2026-01-16 05:54:00
S007135,BCE4808B,iOS-HighEnd,Passport,West Bengal,0,0,0,134,consent_sign,3.5,0,2026-01-25 20:26:00
S007136,AEB4EB8E,Android-MidTier,Passport,Karnataka,0,1,1,157,liveness_check,3.5,1,2026-01-02 21:23:00
S007137,686CD27D,iOS-HighEnd,Driving License,Gujarat,1,0,2,164,consent_sign,5.0,0,2026-01-10 16:33:00
S007138,E004C471,iOS-HighEnd,Aadhaar,Gujarat,0,1,1,173,consent_sign,5.5,0,2026-01-15 17:41:00
S007139,BAD78868,Android-Budget,Driving License,Gujarat,0,0,0,133,consent_sign,3.5,0,2026-01-18 14:35:00
S007140,7E1E7E84,iOS-HighEnd,Driving License,Maharashtra,2,0,2,217,consent_sign,6.5,0,2026-01-25 00:11:00
S007141,6E025590,iOS-HighEnd,Passport,Maharashtra,0,0,0,145,consent_sign,3.5,0,2026-01-17 02:14:00
S007142,6370E0F7,Android-MidTier,Driving License,Karnataka,1,0,1,113,consent_sign,5.0,0,2026-02-03 19:13:00
S007143,4AEECCEF,iOS-HighEnd,PAN,Gujarat,0,0,0,160,consent_sign,3.5,0,2026-01-15 07:10:00
S007144,F945CFD4,iOS-HighEnd,Aadhaar,Delhi,0,0,1,147,consent_sign,3.5,1,2026-02-11 01:19:00
S007145,940D8BCC,Android-MidTier,Driving License,Delhi,0,0,1,23,registration,0.0,1,2026-02-10 13:44:00
S007146,9DCB65BE,iOS-HighEnd,PAN,Karnataka,0,0,0,52,doc_upload,0.0,1,2026-02-12 10:35:00
S007147,B4F7AF31,iOS-HighEnd,Aadhaar,Tamil Nadu,0,0,0,118,consent_sign,3.5,0,2026-02-21 16:07:00
S007148,9AF20D53,Android-MidTier,PAN,West Bengal,0,0,0,132,consent_sign,3.5,0,2026-02-16 23:38:00
S007149,1D5720CD,Android-MidTier,Driving License,Maharashtra,0,1,1,175,consent_sign,5.5,0,2026-02-10 17:05:00
S007150,BF2D57E1,Android-Budget,PAN,Karnataka,0,0,1,208,consent_sign,3.5,0,2026-02-24 01:12:00
S007151,939D1B61,Android-MidTier,PAN,West Bengal,0,0,0,155,consent_sign,3.5,0,2026-02-03 08:32:00
S007152,948841CB,iOS-HighEnd,PAN,Tamil Nadu,0,0,0,133,consent_sign,3.5,0,2026-02-07 23:27:00
S007153,3FB00E1B,iOS-HighEnd,Passport,Gujarat,0,0,0,132,consent_sign,3.5,0,2026-01-28 18:45:00
S007154,3B195B02,Android-MidTier,Aadhaar,Gujarat,0,0,0,139,consent_sign,3.5,0,2026-02-13 21:27:00
S007155,0BEBA1DE,Android-MidTier,Passport,West Bengal,0,0,0,2,registration,0.0,1,2026-02-16 06:00:00
S007156,650C4A03,Android-MidTier,Driving License,Karnataka,0,0,0,135,consent_sign,3.5,0,2026-02-05 11:49:00
S007157,46CBEB60,Android-Budget,Passport,West Bengal,0,0,1,129,consent_sign,3.5,0,2026-02-25 01:47:00
S007158,00B8A88F,Android-Budget,Aadhaar,Tamil Nadu,1,1,2,191,liveness_check,5.0,1,2026-02-27 20:53:00
S007159,1C5BB4CE,Android-MidTier,PAN,Maharashtra,0,1,1,163,consent_sign,5.5,0,2026-01-13 16:55:00
S007160,69D1B037,Android-MidTier,Passport,West Bengal,0,0,1,147,consent_sign,3.5,0,2026-01-13 13:44:00
S007161,72737998,iOS-HighEnd,Passport,Gujarat,1,0,1,170,consent_sign,5.0,0,2026-01-27 09:14:00
S007162,A5E0ECFD,iOS-HighEnd,Aadhaar,Karnataka,0,1,1,175,consent_sign,5.5,0,2026-02-26 05:27:00
S007163,5E66D8FA,Android-MidTier,Passport,Gujarat,0,0,0,146,consent_sign,3.5,0,2026-01-07 07:15:00
S007164,60F41905,Android-MidTier,Driving License,Gujarat,0,0,1,126,consent_sign,3.5,0,2026-02-12 11:04:00
S007165,466AA217,iOS-HighEnd,Driving License,Gujarat,0,0,0,161,consent_sign,3.5,0,2026-02-12 13:40:00
S007166,DB95E988,Android-MidTier,PAN,Maharashtra,1,1,2,188,consent_sign,7.0,0,2026-01-19 00:58:00
S007167,63A35592,Android-MidTier,Driving License,West Bengal,0,1,1,182,consent_sign,5.5,0,2026-02-21 14:47:00
S007168,AA759A8A,iOS-HighEnd,PAN,Tamil Nadu,0,0,0,125,consent_sign,3.5,0,2026-01-27 00:28:00
S007169,3E2613AB,Android-MidTier,PAN,Gujarat,0,0,0,3,registration,0.0,1,2026-01-09 18:10:00
S007170,461E24A3,Android-Budget,Passport,Maharashtra,1,0,1,99,doc_upload,1.5,1,2026-01-24 02:43:00
S007171,00C85E9A,iOS-HighEnd,Aadhaar,West Bengal,0,2,2,226,consent_sign,7.5,0,2026-01-05 05:05:00
S007172,0FB83639,Android-Budget,PAN,West Bengal,1,0,1,84,doc_upload,1.5,1,2026-02-13 06:26:00
S007173,0F417135,Android-MidTier,Aadhaar,Tamil Nadu,0,0,0,97,consent_sign,3.5,1,2026-01-29 02:39:00
S007174,4A00AE99,iOS-HighEnd,Passport,Gujarat,0,0,0,171,consent_sign,3.5,0,2026-02-17 16:09:00
S007175,E19D4F0A,Android-MidTier,PAN,Tamil Nadu,0,2,2,174,consent_sign,7.5,0,2026-01-29 01:34:00
S007176,47820B9C,iOS-HighEnd,PAN,Tamil Nadu,0,0,0,123,consent_sign,3.5,0,2026-02-19 11:18:00
S007177,03864649,Android-MidTier,Passport,Tamil Nadu,2,0,2,145,doc_upload,3.0,1,2026-02-05 02:36:00
S007178,87935D69,Android-Budget,Passport,Karnataka,0,0,0,124,consent_sign,3.5,0,2026-02-19 16:24:00
S007179,590C3CDC,iOS-HighEnd,Driving License,West Bengal,0,0,0,137,consent_sign,3.5,0,2026-01-06 21:49:00
S007180,730825D1,iOS-HighEnd,Passport,Maharashtra,0,0,0,143,consent_sign,3.5,0,2026-02-08 10:09:00
S007181,468EBDF8,Android-MidTier,Passport,Delhi,0,0,0,119,consent_sign,3.5,1,2026-01-10 06:04:00
S007182,63FE0717,Android-Budget,PAN,Gujarat,1,0,2,254,consent_sign,5.0,0,2026-01-06 08:15:00
S007183,3876FDAA,Android-MidTier,Driving License,Maharashtra,0,0,0,150,consent_sign,3.5,0,2026-01-26 12:40:00
S007184,0463AA5E,Android-MidTier,Passport,Maharashtra,0,0,0,136,consent_sign,3.5,0,2026-01-18 07:03:00
S007185,7C641C58,Android-MidTier,PAN,Karnataka,0,0,1,169,consent_sign,3.5,0,2026-03-02 05:29:00
S007186,F2D1E6C1,iOS-HighEnd,PAN,Tamil Nadu,0,0,1,149,consent_sign,3.5,1,2026-01-28 02:13:00
S007187,EF19117F,Android-MidTier,Driving License,Karnataka,0,0,0,174,consent_sign,3.5,0,2026-01-13 10:37:00
S007188,B8A35C0C,Android-Budget,PAN,Tamil Nadu,0,0,2,166,consent_sign,3.5,0,2026-02-03 03:01:00
S007189,B09DCD19,iOS-HighEnd,Aadhaar,West Bengal,0,0,0,123,consent_sign,3.5,0,2026-01-17 04:00:00
S007190,A885F19E,Android-MidTier,Passport,West Bengal,1,0,1,102,doc_upload,1.5,1,2026-01-10 08:08:00
S007191,BF144332,iOS-HighEnd,Aadhaar,Tamil Nadu,1,0,1,195,consent_sign,5.0,0,2026-01-18 14:23:00
S007192,91312064,iOS-HighEnd,Aadhaar,Karnataka,0,0,0,2,registration,0.0,1,2026-01-19 18:27:00
S007193,3DC0F8CF,iOS-HighEnd,Driving License,Maharashtra,0,0,0,123,consent_sign,3.5,0,2026-01-21 23:43:00
S007194,CF492A27,Android-MidTier,Driving License,Tamil Nadu,0,0,0,3,registration,0.0,1,2026-01-06 17:37:00
S007195,AB1F5666,iOS-HighEnd,Aadhaar,Delhi,0,0,0,130,consent_sign,3.5,0,2026-01-04 23:21:00
S007196,9D148109,iOS-HighEnd,Aadhaar,Delhi,1,0,1,80,doc_upload,1.5,1,2026-02-14 10:01:00
S007197,87A8CADF,iOS-HighEnd,Aadhaar,Maharashtra,0,0,0,114,consent_sign,3.5,0,2026-01-10 17:55:00
S007198,7F3DCBF9,Android-Budget,PAN,Delhi,0,0,1,198,consent_sign,3.5,0,2026-02-05 21:17:00
S007199,262B2CDA,Android-MidTier,Driving License,Delhi,0,0,0,136,consent_sign,3.5,0,2026-02-09 12:57:00
S007200,C4BBF711,Android-MidTier,Driving License,Maharashtra,0,0,0,118,consent_sign,3.5,1,2026-02-12 00:21:00
S007201,6B732C7A,Android-MidTier,PAN,Gujarat,0,0,0,134,consent_sign,3.5,0,2026-02-11 01:10:00
S007202,7B2413E8,Android-Budget,Passport,West Bengal,0,0,0,128,consent_sign,3.5,0,2026-03-01 00:45:00
S007203,BB8CEA35,iOS-HighEnd,Aadhaar,Tamil Nadu,0,0,0,127,consent_sign,3.5,0,2026-01-03 17:38:00
S007204,6CC2E20F,iOS-HighEnd,Driving License,Maharashtra,0,0,0,4,registration,0.0,1,2026-01-15 07:15:00
S007205,459DF649,Android-MidTier,PAN,Delhi,0,0,0,141,consent_sign,3.5,0,2026-02-06 03:40:00
S007206,66E66F92,Android-MidTier,Passport,West Bengal,0,0,0,152,consent_sign,3.5,0,2026-02-25 05:40:00
S007207,9A00A4E2,Android-MidTier,PAN,Karnataka,0,0,0,155,consent_sign,3.5,0,2026-01-09 01:56:00
S007208,1899598D,Android-MidTier,PAN,Maharashtra,0,1,1,121,consent_sign,5.5,1,2026-01-13 13:29:00
S007209,323EAB00,Android-Budget,Passport,Delhi,0,2,2,127,liveness_check,5.5,1,2026-01-11 16:22:00
S007210,0BB9C606,iOS-HighEnd,Aadhaar,Delhi,0,0,0,159,consent_sign,3.5,0,2026-01-23 18:02:00
S007211,78AC9C5E,Android-MidTier,Aadhaar,Delhi,0,0,0,1,registration,0.0,1,2026-01-01 15:39:00
S007212,555B9D60,Android-MidTier,Passport,Gujarat,0,1,1,113,liveness_check,3.5,1,2026-01-25 00:55:00
S007213,F51ED666,Android-Budget,Passport,Gujarat,0,0,1,60,phone_otp,0.0,1,2026-01-16 04:45:00
S007214,13865151,Android-Budget,Driving License,Gujarat,3,0,3,224,consent_sign,6.5,0,2026-01-04 05:17:00
S007215,2312271F,iOS-HighEnd,Passport,Maharashtra,0,0,0,159,consent_sign,3.5,0,2026-02-14 05:36:00
S007216,0B3B81A9,Android-Budget,Aadhaar,Delhi,0,1,1,146,consent_sign,5.5,1,2026-02-16 12:51:00
S007217,88F47EED,Android-Budget,Aadhaar,Karnataka,1,0,1,86,doc_upload,1.5,1,2026-01-05 21:52:00
S007218,1A44FCA1,Android-MidTier,Aadhaar,West Bengal,1,0,2,191,consent_sign,5.0,1,2026-02-18 21:47:00
S007219,8C6EF4CD,Android-MidTier,PAN,Tamil Nadu,1,0,1,156,consent_sign,5.0,0,2026-01-09 07:12:00
S007220,3881E713,iOS-HighEnd,Passport,West Bengal,0,0,0,120,consent_sign,3.5,0,2026-01-21 13:44:00
S007221,5EF1CB5B,Android-MidTier,PAN,Karnataka,0,0,0,154,consent_sign,3.5,0,2026-01-11 06:54:00
S007222,02FEA0E2,Android-Budget,Passport,Maharashtra,0,2,2,254,consent_sign,7.5,0,2026-02-24 13:11:00
S007223,1ECA80E9,Android-MidTier,PAN,Karnataka,1,0,1,111,doc_upload,1.5,1,2026-01-10 05:54:00
S007224,96B0356C,Android-Budget,Passport,West Bengal,0,1,1,123,consent_sign,5.5,0,2026-02-28 18:25:00
S007225,35868ED1,Android-MidTier,Driving License,Maharashtra,2,0,3,249,consent_sign,6.5,0,2026-01-08 14:27:00
S007226,3C98FE89,iOS-HighEnd,PAN,Delhi,0,0,0,173,consent_sign,3.5,0,2026-01-12 02:27:00
S007227,CE2FBAF4,Android-MidTier,PAN,Maharashtra,0,0,0,123,consent_sign,3.5,0,2026-02-08 19:12:00
S007228,8971B1BB,Android-MidTier,Driving License,Gujarat,0,0,0,139,consent_sign,3.5,0,2026-01-03 06:41:00
S007229,C2CB0BC7,iOS-HighEnd,Passport,Gujarat,1,0,1,92,doc_upload,1.5,1,2026-01-29 14:20:00
S007230,B062166C,Android-MidTier,Passport,West Bengal,0,0,0,122,consent_sign,3.5,0,2026-02-19 16:20:00
S007231,A8449E0B,Android-MidTier,PAN,Karnataka,2,0,2,240,consent_sign,6.5,0,2026-02-03 22:54:00
S007232,01A0960B,Android-Budget,Driving License,Gujarat,0,1,1,165,consent_sign,5.5,0,2026-01-27 13:13:00
S007233,D12B32E6,Android-MidTier,PAN,Delhi,0,0,0,98,consent_sign,3.5,0,2026-02-12 14:39:00
S007234,696C5060,Android-MidTier,PAN,Tamil Nadu,0,0,0,22,phone_otp,0.0,1,2026-01-08 09:16:00
S007235,16B5B5FC,Android-Budget,Passport,West Bengal,1,0,1,93,doc_upload,1.5,1,2026-02-23 21:49:00
S007236,ECC06AEB,Android-MidTier,Passport,West Bengal,0,0,0,1,registration,0.0,1,2026-02-18 18:52:00
S007237,6D56CCD8,Android-MidTier,Passport,Karnataka,0,0,0,143,consent_sign,3.5,0,2026-01-21 11:38:00
S007238,5B5DC6ED,Android-MidTier,Driving License,Tamil Nadu,0,0,0,112,consent_sign,3.5,0,2026-01-04 20:08:00
S007239,B2290F1C,Android-MidTier,Driving License,Maharashtra,1,0,1,94,doc_upload,1.5,1,2026-02-05 11:23:00
S007240,18F67E0C,Android-MidTier,Driving License,Tamil Nadu,0,0,0,80,consent_sign,3.5,0,2026-01-18 05:09:00
S007241,0577F0C3,iOS-HighEnd,Aadhaar,Tamil Nadu,1,0,1,196,consent_sign,5.0,0,2026-02-28 03:08:00
S007242,2C0CA9C0,Android-MidTier,Aadhaar,Maharashtra,0,0,0,161,consent_sign,3.5,0,2026-01-10 12:08:00
S007243,BCCB296D,iOS-HighEnd,Aadhaar,Maharashtra,0,0,0,123,consent_sign,3.5,0,2026-02-02 19:21:00
S007244,32239F5D,iOS-HighEnd,PAN,Karnataka,0,0,0,120,consent_sign,3.5,0,2026-01-12 17:44:00
S007245,21F3EB6F,Android-MidTier,Driving License,West Bengal,0,0,1,207,consent_sign,3.5,0,2026-01-06 21:35:00
S007246,A962A21A,Android-MidTier,Aadhaar,Gujarat,0,0,0,135,consent_sign,3.5,0,2026-01-22 03:07:00
S007247,226F93E7,Android-Budget,Passport,Tamil Nadu,0,1,1,131,liveness_check,3.5,1,2026-02-05 19:27:00
S007248,E988A44D,Android-Budget,Passport,West Bengal,0,0,0,111,consent_sign,3.5,1,2026-01-07 16:37:00
S007249,A08BA0EF,iOS-HighEnd,Passport,West Bengal,0,1,1,138,consent_sign,5.5,1,2026-01-06 11:23:00
S007250,4CB22B3D,Android-Budget,Driving License,West Bengal,0,0,0,108,consent_sign,3.5,0,2026-01-29 21:06:00
S007251,2767EC01,Android-MidTier,Driving License,Karnataka,1,0,1,202,consent_sign,5.0,0,2026-01-02 21:13:00
S007252,E6B23125,iOS-HighEnd,PAN,Gujarat,0,0,0,114,consent_sign,3.5,0,2026-01-29 14:25:00
S007253,01F39146,Android-MidTier,Driving License,Maharashtra,0,0,0,116,consent_sign,3.5,0,2026-02-16 05:55:00
S007254,8874A1C5,Android-MidTier,Aadhaar,Delhi,0,0,0,136,consent_sign,3.5,0,2026-02-07 00:51:00
S007255,E4951EBB,Android-MidTier,Passport,West Bengal,0,1,1,143,consent_sign,5.5,0,2026-02-17 17:08:00
S007256,C3B0DE86,iOS-HighEnd,PAN,Gujarat,0,0,0,102,consent_sign,3.5,0,2026-02-21 12:28:00
S007257,275B7C2C,Android-Budget,Passport,Maharashtra,1,0,1,181,consent_sign,5.0,0,2026-01-31 02:06:00
S007258,3AB09847,iOS-HighEnd,Passport,Karnataka,0,0,0,111,consent_sign,3.5,0,2026-02-02 20:17:00
S007259,4421C1E1,Android-MidTier,PAN,Gujarat,0,0,0,1,registration,0.0,1,2026-01-17 08:49:00
S007260,8E144E1F,iOS-HighEnd,PAN,Karnataka,0,0,0,136,consent_sign,3.5,0,2026-02-17 10:31:00
S007261,F3310760,Android-MidTier,Passport,Maharashtra,0,0,0,121,consent_sign,3.5,0,2026-01-18 19:53:00
S007262,E6233AA1,iOS-HighEnd,Passport,Tamil Nadu,0,0,0,129,consent_sign,3.5,0,2026-01-22 21:50:00
S007263,FC0221B4,Android-MidTier,PAN,Tamil Nadu,0,0,0,121,consent_sign,3.5,0,2026-01-16 17:54:00
S007264,284B2E1D,Android-Budget,PAN,Maharashtra,0,0,0,146,consent_sign,3.5,0,2026-01-29 17:01:00
S007265,8868B644,Android-Budget,Passport,Gujarat,0,0,0,1,registration,0.0,1,2026-02-17 07:23:00
S007266,F42050E8,Android-MidTier,Aadhaar,West Bengal,0,0,0,118,consent_sign,3.5,0,2026-02-04 12:58:00
S007267,9C672338,iOS-HighEnd,Passport,Tamil Nadu,0,0,0,122,consent_sign,3.5,0,2026-01-29 09:48:00
S007268,477809CE,iOS-HighEnd,PAN,West Bengal,0,0,0,2,registration,0.0,1,2026-01-31 12:31:00
S007269,36D25823,Android-Budget,Passport,West Bengal,0,1,1,177,consent_sign,5.5,0,2026-02-19 09:10:00
S007270,C5954F39,Android-MidTier,PAN,Delhi,0,0,0,144,consent_sign,3.5,0,2026-01-30 00:27:00
S007271,67E39166,iOS-HighEnd,PAN,Gujarat,2,0,2,140,doc_upload,3.0,1,2026-02-13 09:58:00
S007272,89131A4A,Android-MidTier,Aadhaar,Karnataka,0,0,1,43,phone_otp,0.0,1,2026-01-28 08:18:00
S007273,DFEDF5FA,Android-Budget,Driving License,Karnataka,2,0,2,177,consent_sign,6.5,0,2026-02-18 04:28:00
S007274,B1CBE822,iOS-HighEnd,Aadhaar,Maharashtra,0,0,0,143,consent_sign,3.5,0,2026-02-17 23:22:00
S007275,3AD0190F,iOS-HighEnd,Passport,Delhi,0,0,0,135,consent_sign,3.5,0,2026-02-11 18:57:00
S007276,F316891D,iOS-HighEnd,Driving License,Gujarat,0,0,0,47,doc_upload,0.0,1,2026-02-20 07:36:00
S007277,7AB4D358,Android-MidTier,Passport,Delhi,0,0,0,135,consent_sign,3.5,0,2026-01-27 04:01:00
S007278,94A64978,Android-Budget,Passport,West Bengal,0,1,1,103,liveness_check,3.5,1,2026-01-25 10:27:00
S007279,229DA816,iOS-HighEnd,Aadhaar,Tamil Nadu,0,0,0,132,consent_sign,3.5,0,2026-02-12 03:58:00
S007280,89FD911F,iOS-HighEnd,Driving License,Delhi,0,0,0,127,consent_sign,3.5,0,2026-02-09 22:40:00
S007281,205D8635,iOS-HighEnd,Aadhaar,West Bengal,0,0,0,9,phone_otp,0.0,1,2026-01-27 02:52:00
S007282,82278CAC,Android-MidTier,Passport,Delhi,0,0,0,143,consent_sign,3.5,0,2026-01-15 08:44:00
S007283,E2696A73,Android-MidTier,Aadhaar,Maharashtra,1,0,1,207,consent_sign,5.0,0,2026-03-02 00:32:00
S007284,8D620BA6,Android-Budget,Driving License,Tamil Nadu,0,0,0,155,consent_sign,3.5,0,2026-02-28 15:37:00
S007285,899DF4DA,Android-Budget,Driving License,West Bengal,0,0,0,1,registration,0.0,1,2026-02-17 12:05:00
S007286,5502EC67,Android-MidTier,PAN,Maharashtra,0,0,0,139,consent_sign,3.5,0,2026-01-19 01:15:00
S007287,2DA5BA63,Android-MidTier,Aadhaar,Delhi,0,0,0,140,consent_sign,3.5,0,2026-01-15 04:55:00
S007288,D9A9A834,Android-MidTier,Passport,Delhi,0,1,1,181,consent_sign,5.5,0,2026-02-26 20:33:00
S007289,CD88E44E,iOS-HighEnd,Passport,West Bengal,0,0,2,179,consent_sign,3.5,0,2026-02-18 02:41:00
S007290,A2E13D75,iOS-HighEnd,Aadhaar,West Bengal,0,0,0,128,consent_sign,3.5,0,2026-02-07 09:24:00
S007291,9FF5846E,Android-Budget,Passport,West Bengal,1,2,3,239,consent_sign,9.0,0,2026-02-22 10:34:00
S007292,B88E33D1,Android-MidTier,Aadhaar,Karnataka,0,0,0,18,phone_otp,0.0,1,2026-01-06 00:33:00
S007293,BCDC99EF,iOS-HighEnd,PAN,Tamil Nadu,0,0,0,144,consent_sign,3.5,0,2026-02-10 11:03:00
S007294,2A257ECC,Android-MidTier,PAN,Tamil Nadu,0,1,2,210,consent_sign,5.5,0,2026-01-02 10:54:00
S007295,D8E3CB62,Android-Budget,Passport,West Bengal,0,0,0,1,registration,0.0,1,2026-02-07 02:51:00
S007296,C3F67602,Android-Budget,Driving License,Karnataka,1,0,1,92,doc_upload,1.5,1,2026-02-06 03:41:00
S007297,C67A56E3,iOS-HighEnd,Passport,Delhi,0,0,0,4,registration,0.0,1,2026-02-02 20:52:00
S007298,DCE61522,Android-Budget,PAN,West Bengal,0,0,0,3,registration,0.0,1,2026-01-10 01:59:00
S007299,15690641,Android-MidTier,Passport,Maharashtra,1,1,2,200,consent_sign,7.0,0,2026-02-17 01:59:00
S007300,BE00B0CB,Android-Budget,Aadhaar,West Bengal,0,0,0,146,consent_sign,3.5,0,2026-02-27 05:03:00
S007301,14C08EDD,Android-Budget,Driving License,Karnataka,0,1,1,145,consent_sign,5.5,0,2026-02-10 00:18:00
S007302,7B1463C9,Android-MidTier,PAN,Maharashtra,1,1,2,228,consent_sign,7.0,0,2026-01-17 08:26:00
S007303,7060EE63,Android-MidTier,PAN,Delhi,0,0,0,156,consent_sign,3.5,0,2026-01-21 09:22:00
S007304,A5C5AFE1,Android-MidTier,Driving License,Delhi,0,0,0,140,consent_sign,3.5,0,2026-02-21 21:09:00
S007305,A17F2016,iOS-HighEnd,PAN,Maharashtra,1,0,1,159,consent_sign,5.0,1,2026-02-23 06:31:00
S007306,069D887F,Android-MidTier,PAN,Karnataka,1,0,1,190,consent_sign,5.0,0,2026-02-27 20:47:00
S007307,5A744822,iOS-HighEnd,Aadhaar,Tamil Nadu,0,0,0,156,consent_sign,3.5,0,2026-02-20 10:33:00
S007308,1D7AF727,Android-MidTier,Passport,Karnataka,0,0,0,161,consent_sign,3.5,0,2026-02-24 14:08:00
S007309,A54680AD,iOS-HighEnd,Driving License,Maharashtra,0,0,0,121,consent_sign,3.5,0,2026-01-28 10:49:00
S007310,42C40E37,Android-Budget,PAN,Delhi,0,0,2,186,consent_sign,3.5,0,2026-01-28 09:42:00
S007311,D0116CB3,Android-MidTier,Passport,Gujarat,2,0,2,137,doc_upload,3.0,1,2026-02-27 22:45:00
S007312,938DF7C1,iOS-HighEnd,Aadhaar,Delhi,0,0,0,119,consent_sign,3.5,0,2026-01-22 15:30:00
S007313,7DBB4C18,iOS-HighEnd,Aadhaar,Delhi,0,0,0,144,consent_sign,3.5,0,2026-02-23 01:31:00
S007314,139C4FD6,iOS-HighEnd,PAN,Delhi,0,0,0,40,doc_upload,0.0,1,2026-02-10 22:17:00
S007315,C362F40B,iOS-HighEnd,PAN,Maharashtra,0,0,0,106,consent_sign,3.5,0,2026-01-04 06:12:00
S007316,C9CEACDB,iOS-HighEnd,Aadhaar,Maharashtra,0,0,1,135,consent_sign,3.5,0,2026-02-25 01:40:00
S007317,780826FF,iOS-HighEnd,PAN,West Bengal,1,0,1,99,doc_upload,1.5,1,2026-01-13 21:15:00
S007318,77A1CF7D,iOS-HighEnd,Driving License,Karnataka,0,0,0,153,consent_sign,3.5,0,2026-01-06 04:42:00
S007319,0C81A3CC,Android-MidTier,Driving License,Karnataka,0,0,0,162,consent_sign,3.5,0,2026-02-05 01:02:00
S007320,E2C350AF,iOS-HighEnd,Aadhaar,Maharashtra,0,0,0,57,doc_upload,0.0,1,2026-01-26 16:23:00
S007321,A2FCAB34,iOS-HighEnd,Driving License,Maharashtra,0,0,0,101,consent_sign,3.5,0,2026-02-08 04:13:00
S007322,B95175BE,Android-Budget,Driving License,Tamil Nadu,0,0,0,161,consent_sign,3.5,0,2026-01-06 18:08:00
S007323,2663AFFF,Android-MidTier,Passport,West Bengal,0,0,0,148,consent_sign,3.5,0,2026-02-21 03:25:00
S007324,1F79260C,Android-Budget,Driving License,Maharashtra,0,0,1,24,registration,0.0,1,2026-01-08 19:19:00
S007325,CC361369,Android-MidTier,PAN,Delhi,1,2,3,224,liveness_check,7.0,1,2026-01-08 04:11:00
S007326,FD9C635D,Android-Budget,Driving License,West Bengal,0,0,0,141,consent_sign,3.5,0,2026-01-01 11:48:00
S007327,0C8B2089,Android-Budget,Aadhaar,Maharashtra,0,0,0,169,consent_sign,3.5,0,2026-01-03 06:27:00
S007328,2B94906D,iOS-HighEnd,Driving License,Delhi,0,0,0,98,consent_sign,3.5,1,2026-01-12 15:51:00
S007329,BAC70B9C,iOS-HighEnd,PAN,West Bengal,0,0,0,139,consent_sign,3.5,0,2026-01-18 23:54:00
S007330,0A148B9F,Android-MidTier,Aadhaar,Tamil Nadu,0,0,0,4,registration,0.0,1,2026-01-09 07:36:00
S007331,681F9515,iOS-HighEnd,Aadhaar,Delhi,0,0,0,154,consent_sign,3.5,0,2026-01-15 12:44:00
S007332,9A2363FE,iOS-HighEnd,Passport,Tamil Nadu,0,0,0,102,consent_sign,3.5,0,2026-02-26 09:57:00
S007333,75C41C37,iOS-HighEnd,Driving License,Gujarat,0,0,0,149,consent_sign,3.5,0,2026-02-27 17:19:00
S007334,FFAD7DF2,iOS-HighEnd,Aadhaar,West Bengal,0,0,0,56,doc_upload,0.0,1,2026-02-27 01:38:00
S007335,C7533BFF,Android-MidTier,Passport,West Bengal,0,1,1,176,consent_sign,5.5,0,2026-02-23 10:36:00
S007336,DB2D0FFF,Android-MidTier,Aadhaar,Delhi,0,0,0,152,consent_sign,3.5,0,2026-02-09 13:36:00
S007337,20323EC5,iOS-HighEnd,Passport,Tamil Nadu,0,0,0,144,consent_sign,3.5,0,2026-01-13 18:17:00
S007338,CD4F75E6,Android-MidTier,Aadhaar,Karnataka,0,1,1,137,liveness_check,3.5,1,2026-02-16 23:38:00
S007339,DD811C65,Android-MidTier,Aadhaar,Karnataka,0,0,0,132,consent_sign,3.5,0,2026-02-12 16:52:00
S007340,8750BE7B,iOS-HighEnd,Aadhaar,West Bengal,0,0,0,147,consent_sign,3.5,0,2026-02-28 13:05:00
S007341,EA4CD607,iOS-HighEnd,Passport,West Bengal,0,0,0,1,registration,0.0,1,2026-02-09 06:00:00
S007342,42F8BAE4,iOS-HighEnd,Passport,West Bengal,0,0,0,109,consent_sign,3.5,0,2026-02-06 22:59:00
S007343,F64F98B4,Android-MidTier,PAN,Delhi,0,2,2,141,liveness_check,5.5,1,2026-01-07 00:50:00
S007344,8C277F18,Android-Budget,Aadhaar,Maharashtra,1,0,3,117,doc_upload,1.5,1,2026-01-15 10:48:00
S007345,E1656EAF,Android-MidTier,Passport,Delhi,0,0,0,150,consent_sign,3.5,0,2026-01-25 14:28:00
S007346,31A08F66,Android-MidTier,Passport,Maharashtra,0,2,2,169,consent_sign,7.5,0,2026-03-01 01:40:00
S007347,300C0F07,Android-MidTier,PAN,Maharashtra,0,0,0,156,consent_sign,3.5,0,2026-03-02 00:37:00
S007348,66534F79,iOS-HighEnd,Passport,Delhi,0,0,0,115,consent_sign,3.5,0,2026-02-11 09:55:00
S007349,AC49B6E2,Android-MidTier,Aadhaar,Delhi,0,3,3,155,liveness_check,7.5,1,2026-02-21 23:09:00
S007350,666BD0EE,Android-MidTier,PAN,West Bengal,1,0,1,155,consent_sign,5.0,0,2026-02-25 11:37:00
S007351,B9DA7480,Android-MidTier,Driving License,West Bengal,0,0,0,119,consent_sign,3.5,0,2026-02-20 21:50:00
S007352,A52AEA24,iOS-HighEnd,PAN,Delhi,0,1,1,112,liveness_check,3.5,1,2026-01-01 14:58:00
S007353,4EB818DD,Android-MidTier,Driving License,West Bengal,0,1,1,145,consent_sign,5.5,0,2026-01-20 08:45:00
S007354,054D35AA,Android-MidTier,Driving License,Delhi,0,0,0,104,consent_sign,3.5,0,2026-01-01 12:19:00
S007355,C1A8A33B,Android-Budget,Driving License,Maharashtra,1,0,1,163,consent_sign,5.0,0,2026-02-28 15:38:00
S007356,B8E55770,iOS-HighEnd,Aadhaar,Tamil Nadu,0,0,1,193,consent_sign,3.5,0,2026-02-11 23:37:00
S007357,6E4EBE99,Android-Budget,Aadhaar,Gujarat,0,0,0,136,consent_sign,3.5,0,2026-02-10 05:23:00
S007358,F5F5431F,Android-Budget,Passport,Gujarat,1,0,2,201,consent_sign,5.0,0,2026-02-04 20:23:00
S007359,76435B4E,Android-MidTier,Aadhaar,Karnataka,0,0,0,141,consent_sign,3.5,0,2026-02-06 14:14:00
S007360,63E31AC9,Android-MidTier,Passport,Maharashtra,0,0,0,145,consent_sign,3.5,0,2026-01-30 11:53:00
S007361,A1B2A7E5,Android-Budget,Passport,Maharashtra,0,0,0,2,registration,0.0,1,2026-01-16 20:57:00
S007362,F23657EC,iOS-HighEnd,PAN,Delhi,0,0,1,177,consent_sign,3.5,0,2026-02-16 10:42:00
S007363,4A658A7D,Android-Budget,Driving License,Gujarat,0,0,0,4,registration,0.0,1,2026-02-14 02:51:00
S007364,2FC44D65,Android-MidTier,PAN,West Bengal,0,0,0,140,consent_sign,3.5,0,2026-01-02 10:34:00
S007365,B89B9722,Android-MidTier,PAN,Maharashtra,0,0,0,103,consent_sign,3.5,0,2026-01-18 17:24:00
S007366,8B20CC44,Android-MidTier,Passport,Tamil Nadu,0,0,0,34,phone_otp,0.0,1,2026-02-17 07:00:00
S007367,31116B6A,Android-MidTier,Aadhaar,West Bengal,0,0,0,103,consent_sign,3.5,0,2026-02-15 12:14:00
S007368,BAAFE28B,Android-MidTier,Driving License,West Bengal,1,0,3,193,consent_sign,5.0,1,2026-01-03 17:45:00
S007369,7846E9C5,iOS-HighEnd,Aadhaar,West Bengal,0,0,0,143,consent_sign,3.5,0,2026-01-01 19:25:00
S007370,CAC6A853,Android-MidTier,Driving License,Gujarat,0,0,0,3,registration,0.0,1,2026-01-29 20:31:00
S007371,8352AABA,iOS-HighEnd,Passport,Maharashtra,0,0,0,123,consent_sign,3.5,0,2026-01-14 12:43:00
S007372,87C5577F,iOS-HighEnd,PAN,Gujarat,0,1,1,180,consent_sign,5.5,0,2026-02-13 13:17:00
S007373,05C208E0,Android-Budget,Aadhaar,Maharashtra,0,0,0,140,consent_sign,3.5,0,2026-01-22 12:18:00
S007374,1BE52474,Android-Budget,Driving License,Maharashtra,0,0,0,127,consent_sign,3.5,0,2026-02-06 04:27:00
S007375,B28935E7,Android-Budget,Driving License,Maharashtra,0,2,2,181,consent_sign,7.5,0,2026-02-12 18:56:00
S007376,D4961E60,iOS-HighEnd,PAN,Gujarat,0,0,0,60,doc_upload,0.0,1,2026-01-25 12:00:00
S007377,B9BA04A8,Android-MidTier,PAN,West Bengal,0,0,0,117,consent_sign,3.5,0,2026-02-12 17:06:00
S007378,9C2F3381,Android-MidTier,Aadhaar,West Bengal,0,0,0,123,consent_sign,3.5,0,2026-01-22 17:50:00
S007379,AC7625B8,Android-Budget,Aadhaar,Maharashtra,0,2,2,214,consent_sign,7.5,0,2026-01-03 19:22:00
S007380,4A298783,Android-MidTier,PAN,West Bengal,1,0,1,71,doc_upload,1.5,1,2026-01-04 18:29:00
S007381,FE3D81D8,Android-MidTier,Passport,West Bengal,0,0,0,148,consent_sign,3.5,0,2026-02-24 21:46:00
S007382,34634757,Android-MidTier,PAN,Maharashtra,0,0,1,181,consent_sign,3.5,0,2026-02-15 09:43:00
S007383,F840596B,Android-MidTier,PAN,Maharashtra,1,0,1,186,consent_sign,5.0,0,2026-02-06 19:32:00
S007384,31BF8A3C,iOS-HighEnd,Passport,Karnataka,0,0,0,145,consent_sign,3.5,0,2026-01-23 13:03:00
S007385,964D9921,Android-Budget,Passport,Tamil Nadu,0,1,1,149,consent_sign,5.5,0,2026-01-05 20:48:00
S007386,1F473751,Android-MidTier,Aadhaar,Gujarat,0,0,0,134,consent_sign,3.5,0,2026-02-24 21:59:00
S007387,CE8437FC,Android-MidTier,Aadhaar,Gujarat,0,0,0,109,consent_sign,3.5,0,2026-01-25 05:13:00
S007388,170E0447,iOS-HighEnd,Passport,Tamil Nadu,0,0,0,154,consent_sign,3.5,0,2026-01-24 13:03:00
S007389,746A18DC,Android-Budget,PAN,Maharashtra,0,0,1,113,consent_sign,3.5,0,2026-01-23 11:57:00
S007390,E0EBB3C7,iOS-HighEnd,Driving License,Maharashtra,0,0,0,128,consent_sign,3.5,0,2026-02-02 17:42:00
S007391,0C5F606F,Android-MidTier,PAN,Karnataka,0,0,1,126,consent_sign,3.5,0,2026-01-02 02:37:00
S007392,3DB87D15,Android-MidTier,Passport,Tamil Nadu,1,0,1,90,doc_upload,1.5,1,2026-01-12 12:49:00
S007393,ADC4B86D,iOS-HighEnd,PAN,Karnataka,0,0,0,96,consent_sign,3.5,0,2026-02-14 23:48:00
S007394,227C27DF,Android-MidTier,PAN,West Bengal,0,0,0,132,consent_sign,3.5,0,2026-01-22 13:17:00
S007395,FFDB88D7,iOS-HighEnd,Aadhaar,Karnataka,0,0,0,131,consent_sign,3.5,0,2026-01-26 22:31:00
S007396,681A035F,Android-Budget,Aadhaar,Karnataka,0,0,0,94,consent_sign,3.5,0,2026-01-09 01:16:00
S007397,13ABD39B,Android-MidTier,PAN,Maharashtra,0,0,0,167,consent_sign,3.5,0,2026-02-22 10:46:00
S007398,C002C7FC,Android-MidTier,Aadhaar,West Bengal,0,1,1,127,consent_sign,5.5,0,2026-01-24 20:04:00
S007399,7F258778,iOS-HighEnd,Driving License,Tamil Nadu,0,0,0,98,consent_sign,3.5,0,2026-01-20 15:32:00
S007400,FDCDD45C,Android-Budget,PAN,Karnataka,2,0,2,250,consent_sign,6.5,0,2026-02-28 11:46:00
S007401,F5F30D6E,Android-MidTier,Passport,Tamil Nadu,0,1,1,207,consent_sign,5.5,0,2026-02-07 22:23:00
S007402,C766DD63,Android-MidTier,PAN,Gujarat,1,0,2,156,consent_sign,5.0,0,2026-02-23 20:47:00
S007403,8643EED7,iOS-HighEnd,Passport,Karnataka,0,0,1,177,consent_sign,3.5,0,2026-01-13 02:44:00
S007404,E958C745,iOS-HighEnd,Passport,Maharashtra,0,0,2,170,consent_sign,3.5,0,2026-01-10 17:44:00
S007405,06CD3E3B,Android-MidTier,Passport,Maharashtra,0,0,1,163,consent_sign,3.5,0,2026-01-04 08:32:00
S007406,960A035C,Android-Budget,Driving License,Delhi,0,1,1,106,liveness_check,3.5,1,2026-02-05 12:53:00
S007407,6A3EED4F,Android-MidTier,Passport,Gujarat,0,0,0,161,consent_sign,3.5,0,2026-01-14 21:08:00
S007408,D66CBDA1,Android-MidTier,Passport,Maharashtra,1,0,2,165,consent_sign,5.0,1,2026-01-20 06:48:00
S007409,035BD879,iOS-HighEnd,PAN,West Bengal,0,0,0,115,consent_sign,3.5,0,2026-02-22 18:34:00
S007410,5577526F,Android-MidTier,PAN,Maharashtra,0,0,1,166,consent_sign,3.5,0,2026-01-24 17:15:00
S007411,7F527025,iOS-HighEnd,Passport,Tamil Nadu,0,1,1,115,consent_sign,5.5,0,2026-01-23 00:58:00
S007412,D2B2CF4B,Android-MidTier,PAN,Gujarat,0,0,1,154,consent_sign,3.5,0,2026-01-20 16:34:00
S007413,F5DAB6FE,Android-Budget,Passport,Maharashtra,0,0,0,49,doc_upload,0.0,1,2026-02-07 10:19:00
S007414,EAAB0629,Android-MidTier,Aadhaar,Tamil Nadu,1,0,1,85,doc_upload,1.5,1,2026-02-11 11:09:00
S007415,AE1C64C6,Android-Budget,PAN,Gujarat,0,3,3,162,liveness_check,7.5,1,2026-02-12 14:51:00
S007416,9C1817A3,Android-Budget,Driving License,Gujarat,1,0,1,214,consent_sign,5.0,0,2026-01-16 13:54:00
S007417,E2C94A44,iOS-HighEnd,Passport,Maharashtra,1,0,1,193,consent_sign,5.0,0,2026-02-07 09:14:00
S007418,9A8B8524,Android-MidTier,Aadhaar,Delhi,0,0,0,109,consent_sign,3.5,0,2026-01-21 23:30:00
S007419,DEEF7995,Android-Budget,Passport,West Bengal,1,0,1,174,consent_sign,5.0,0,2026-01-17 14:49:00
S007420,93350C77,iOS-HighEnd,PAN,Gujarat,0,0,0,151,consent_sign,3.5,0,2026-01-14 15:49:00
S007421,4AD07831,Android-MidTier,Driving License,Karnataka,0,0,0,105,consent_sign,3.5,0,2026-02-16 02:20:00
S007422,87A6C63C,iOS-HighEnd,Driving License,Tamil Nadu,2,0,2,195,consent_sign,6.5,0,2026-02-19 09:36:00
S007423,06C0965D,Android-MidTier,PAN,Delhi,0,0,0,144,consent_sign,3.5,0,2026-01-02 07:58:00
S007424,FF36FE7F,Android-MidTier,Driving License,Delhi,0,1,1,163,consent_sign,5.5,0,2026-01-14 22:17:00
S007425,D0A05417,Android-MidTier,PAN,Karnataka,0,0,0,134,consent_sign,3.5,0,2026-02-21 05:46:00
S007426,37309E25,Android-MidTier,Aadhaar,Gujarat,0,0,0,108,consent_sign,3.5,1,2026-02-25 10:32:00
S007427,25DB9DBD,Android-MidTier,PAN,West Bengal,0,0,0,101,consent_sign,3.5,0,2026-02-26 03:34:00
S007428,4667B057,Android-Budget,Aadhaar,Delhi,2,0,2,209,consent_sign,6.5,0,2026-01-04 04:21:00
S007429,13A5893A,Android-Budget,Passport,West Bengal,0,0,0,109,consent_sign,3.5,0,2026-01-06 14:47:00
S007430,0956F0E5,Android-MidTier,Aadhaar,Maharashtra,0,0,0,116,consent_sign,3.5,0,2026-01-08 23:45:00
S007431,BB10F0BE,Android-MidTier,Aadhaar,Maharashtra,0,0,0,139,consent_sign,3.5,0,2026-02-13 07:27:00
S007432,893E2DE8,Android-MidTier,Passport,Maharashtra,0,0,0,136,consent_sign,3.5,0,2026-02-08 14:30:00
S007433,0AF87147,iOS-HighEnd,PAN,Maharashtra,0,0,0,133,consent_sign,3.5,0,2026-01-07 16:00:00
S007434,0570EA72,Android-MidTier,Passport,West Bengal,0,2,2,182,consent_sign,7.5,0,2026-01-10 03:27:00
S007435,3CD68AC3,Android-MidTier,Aadhaar,Tamil Nadu,0,0,0,164,consent_sign,3.5,0,2026-01-18 09:39:00
S007436,6DBD4921,iOS-HighEnd,PAN,Maharashtra,0,0,0,128,consent_sign,3.5,0,2026-02-14 12:56:00
S007437,BE66DE49,Android-MidTier,Driving License,Karnataka,1,0,3,136,doc_upload,1.5,1,2026-02-27 18:24:00
S007438,18927EBD,iOS-HighEnd,Passport,Delhi,0,1,2,149,consent_sign,5.5,0,2026-02-12 04:11:00
S007439,6D3026DB,iOS-HighEnd,PAN,West Bengal,0,0,0,32,phone_otp,0.0,1,2026-02-15 05:33:00
S007440,F0582911,Android-Budget,PAN,Tamil Nadu,0,0,1,179,consent_sign,3.5,0,2026-01-13 10:39:00
S007441,DFF4CC91,iOS-HighEnd,PAN,Maharashtra,0,0,0,3,registration,0.0,1,2026-01-14 08:00:00
S007442,E28B40C6,iOS-HighEnd,Aadhaar,Gujarat,0,0,0,171,consent_sign,3.5,0,2026-01-31 05:15:00
S007443,65D8350A,iOS-HighEnd,PAN,Karnataka,1,0,2,219,consent_sign,5.0,0,2026-01-20 22:20:00
S007444,D173BD6D,iOS-HighEnd,PAN,Gujarat,0,0,0,107,liveness_check,1.5,1,2026-01-31 19:16:00
S007445,62E38426,iOS-HighEnd,Aadhaar,Karnataka,0,0,0,125,consent_sign,3.5,0,2026-02-06 19:55:00
S007446,129B1E2D,iOS-HighEnd,Passport,Maharashtra,0,0,0,104,consent_sign,3.5,0,2026-01-20 00:40:00
S007447,367D9053,iOS-HighEnd,Aadhaar,Gujarat,0,0,0,154,consent_sign,3.5,0,2026-02-19 03:15:00
S007448,C4811514,iOS-HighEnd,Driving License,Tamil Nadu,0,1,1,156,consent_sign,5.5,0,2026-02-24 22:40:00
S007449,572D3274,Android-Budget,PAN,Delhi,0,0,0,2,registration,0.0,1,2026-01-31 11:28:00
S007450,6E06F176,Android-MidTier,PAN,Delhi,0,0,0,137,consent_sign,3.5,0,2026-02-19 00:41:00
S007451,6FAD7460,Android-MidTier,Driving License,Karnataka,0,0,0,118,consent_sign,3.5,0,2026-02-04 16:10:00
S007452,A05A53C4,Android-MidTier,Aadhaar,Gujarat,0,0,0,115,consent_sign,3.5,1,2026-02-11 09:14:00
S007453,C3575FF1,Android-MidTier,Aadhaar,Karnataka,0,0,0,135,consent_sign,3.5,0,2026-01-30 09:12:00
S007454,24812872,iOS-HighEnd,Passport,Tamil Nadu,0,0,0,121,consent_sign,3.5,0,2026-01-20 17:00:00
S007455,86451DDA,Android-MidTier,Aadhaar,Tamil Nadu,0,0,0,127,consent_sign,3.5,0,2026-02-08 23:03:00
S007456,BFE9EFDB,Android-MidTier,PAN,Tamil Nadu,0,0,0,135,consent_sign,3.5,0,2026-02-24 01:22:00
S007457,3DFA45FA,iOS-HighEnd,Passport,Maharashtra,0,1,1,165,consent_sign,5.5,0,2026-02-28 15:23:00
S007458,0144FE67,Android-MidTier,Passport,Tamil Nadu,0,0,1,139,consent_sign,3.5,0,2026-01-31 00:23:00
S007459,728AC5FD,iOS-HighEnd,Passport,Gujarat,0,0,0,83,consent_sign,3.5,0,2026-02-03 16:27:00
S007460,4C6694AB,Android-Budget,Driving License,Tamil Nadu,0,0,0,156,consent_sign,3.5,0,2026-01-25 03:17:00
S007461,AAC782AC,Android-MidTier,Driving License,Gujarat,0,1,1,141,liveness_check,3.5,1,2026-02-03 14:21:00
S007462,E4CB277F,Android-Budget,Passport,Maharashtra,3,0,3,179,doc_upload,4.5,1,2026-02-02 10:11:00
S007463,0BCE8EEB,iOS-HighEnd,Passport,Tamil Nadu,0,0,0,133,consent_sign,3.5,0,2026-01-18 07:08:00
S007464,5FD24B9A,Android-MidTier,Passport,Tamil Nadu,0,0,1,158,consent_sign,3.5,0,2026-02-21 12:09:00
S007465,0DABA507,Android-Budget,Passport,Delhi,0,0,0,124,consent_sign,3.5,0,2026-02-07 17:43:00
S007466,7397B987,iOS-HighEnd,Passport,Gujarat,0,0,0,115,consent_sign,3.5,0,2026-02-12 22:43:00
S007467,9B0DFAAB,Android-MidTier,Passport,West Bengal,0,0,0,145,consent_sign,3.5,0,2026-01-25 14:36:00
S007468,5E452956,Android-MidTier,Aadhaar,Delhi,0,0,0,141,consent_sign,3.5,0,2026-02-09 22:36:00
S007469,B521D095,Android-Budget,Aadhaar,West Bengal,0,0,0,117,consent_sign,3.5,0,2026-01-08 12:13:00
S007470,4927DB4A,iOS-HighEnd,Passport,Tamil Nadu,0,0,0,141,consent_sign,3.5,0,2026-02-21 20:51:00
S007471,0409B7C8,Android-MidTier,PAN,Maharashtra,0,0,0,144,consent_sign,3.5,0,2026-02-03 13:06:00
S007472,FDECC58D,Android-MidTier,PAN,Maharashtra,0,1,1,109,liveness_check,3.5,1,2026-01-16 08:54:00
S007473,2A64D46B,Android-MidTier,Passport,Gujarat,0,0,0,169,consent_sign,3.5,0,2026-01-19 14:07:00
S007474,B4C70241,iOS-HighEnd,Aadhaar,Tamil Nadu,0,0,1,80,doc_upload,0.0,1,2026-02-12 06:49:00
S007475,A03F137F,iOS-HighEnd,Aadhaar,Maharashtra,0,1,1,166,consent_sign,5.5,0,2026-01-14 04:48:00
S007476,929D778E,iOS-HighEnd,Passport,Tamil Nadu,1,0,1,165,consent_sign,5.0,0,2026-02-14 06:16:00
S007477,C7D012B0,Android-MidTier,PAN,Gujarat,0,0,0,105,consent_sign,3.5,0,2026-01-11 00:36:00
S007478,8D7DA747,Android-MidTier,Passport,Delhi,0,0,0,114,consent_sign,3.5,0,2026-02-09 11:13:00
S007479,99ADF607,iOS-HighEnd,PAN,Maharashtra,1,0,1,197,consent_sign,5.0,0,2026-02-04 06:24:00
S007480,ADA3B63D,Android-Budget,Aadhaar,Tamil Nadu,0,0,0,161,consent_sign,3.5,0,2026-01-08 09:28:00
S007481,74C9ABD9,Android-MidTier,PAN,Gujarat,0,1,1,129,liveness_check,3.5,1,2026-02-02 05:16:00
S007482,4BA9008D,Android-MidTier,Passport,West Bengal,0,0,0,118,consent_sign,3.5,0,2026-01-16 08:29:00
S007483,5DBE0139,Android-MidTier,Passport,West Bengal,1,0,1,196,consent_sign,5.0,0,2026-01-10 23:06:00
S007484,F3B20598,Android-MidTier,Driving License,Gujarat,0,0,0,84,consent_sign,3.5,0,2026-02-08 23:01:00
S007485,5492112F,Android-Budget,PAN,West Bengal,0,0,1,158,consent_sign,3.5,0,2026-03-02 02:23:00
S007486,05722BC5,iOS-HighEnd,PAN,Tamil Nadu,0,0,0,110,consent_sign,3.5,0,2026-02-08 11:31:00
S007487,4F418193,Android-MidTier,Driving License,West Bengal,0,1,1,159,consent_sign,5.5,0,2026-02-19 08:43:00
S007488,F99003D8,Android-MidTier,PAN,Karnataka,1,0,2,200,consent_sign,5.0,0,2026-01-02 02:04:00
S007489,2CD4E76D,Android-MidTier,Driving License,Karnataka,0,0,1,24,registration,0.0,1,2026-02-09 16:24:00
S007490,2F592F3E,iOS-HighEnd,Aadhaar,Tamil Nadu,1,1,2,162,consent_sign,7.0,0,2026-02-05 19:37:00
S007491,D1C1F266,iOS-HighEnd,Aadhaar,Maharashtra,0,0,0,120,consent_sign,3.5,0,2026-01-05 22:30:00
S007492,242BBA10,iOS-HighEnd,Aadhaar,Gujarat,0,0,0,39,doc_upload,0.0,1,2026-02-19 22:03:00
S007493,677A72F6,Android-MidTier,PAN,Gujarat,0,1,1,128,liveness_check,3.5,1,2026-01-10 06:49:00
S007494,F001E73C,Android-Budget,Driving License,Tamil Nadu,0,0,0,2,registration,0.0,1,2026-03-02 07:21:00
S007495,B31E120D,Android-Budget,Aadhaar,Maharashtra,2,0,2,151,doc_upload,3.0,1,2026-01-22 15:45:00
S007496,79150E99,Android-MidTier,Driving License,Karnataka,0,0,0,120,consent_sign,3.5,0,2026-01-09 19:00:00
S007497,1E22ADE1,iOS-HighEnd,Passport,Gujarat,1,0,1,177,consent_sign,5.0,0,2026-01-27 00:15:00
S007498,F8EB7113,Android-MidTier,PAN,Gujarat,1,1,2,174,liveness_check,5.0,1,2026-01-12 05:15:00
S007499,712636BB,Android-MidTier,Aadhaar,Tamil Nadu,0,0,0,131,consent_sign,3.5,0,2026-02-09 21:06:00
S007500,4F3B81D6,iOS-HighEnd,Aadhaar,Delhi,0,0,0,133,consent_sign,3.5,0,2026-02-07 12:40:00
S007501,B9725CAF,Android-MidTier,Aadhaar,Delhi,0,0,0,132,consent_sign,3.5,0,2026-01-01 22:36:00
S007502,386BF5FC,iOS-HighEnd,Driving License,West Bengal,1,0,1,203,consent_sign,5.0,0,2026-02-11 06:46:00
S007503,9A36E49E,Android-MidTier,PAN,Tamil Nadu,1,0,2,214,consent_sign,5.0,0,2026-02-28 17:35:00
S007504,3E7447A2,Android-MidTier,Aadhaar,Tamil Nadu,0,0,0,134,consent_sign,3.5,0,2026-02-21 01:49:00
S007505,23763F57,Android-MidTier,Driving License,Maharashtra,0,0,0,115,consent_sign,3.5,0,2026-01-16 05:12:00
S007506,C1CB8D69,Android-MidTier,PAN,Maharashtra,1,0,1,208,consent_sign,5.0,0,2026-01-18 01:45:00
S007507,FB1EAA6E,iOS-HighEnd,Driving License,Maharashtra,0,0,0,144,consent_sign,3.5,0,2026-02-06 05:37:00
S007508,E5B23A6D,iOS-HighEnd,Passport,Karnataka,0,0,0,138,consent_sign,3.5,0,2026-02-19 09:57:00
S007509,E324F5DB,Android-MidTier,Driving License,Maharashtra,0,0,0,114,consent_sign,3.5,0,2026-01-07 22:59:00
S007510,247803A1,iOS-HighEnd,Aadhaar,Gujarat,0,0,0,164,consent_sign,3.5,0,2026-02-27 07:59:00
S007511,9C296B78,iOS-HighEnd,PAN,Tamil Nadu,0,0,0,168,consent_sign,3.5,0,2026-02-19 14:44:00
S007512,8C9BCAA6,Android-MidTier,PAN,Karnataka,0,0,0,2,registration,0.0,1,2026-01-11 14:20:00
S007513,25B1AD19,Android-Budget,PAN,Karnataka,0,0,0,125,consent_sign,3.5,0,2026-01-07 12:43:00
S007514,5BD537B1,Android-Budget,Driving License,Gujarat,0,1,1,130,liveness_check,3.5,1,2026-01-12 02:23:00
S007515,6F242A0F,Android-MidTier,Passport,Karnataka,0,0,0,142,consent_sign,3.5,0,2026-02-20 13:16:00
S007516,C89A10A3,Android-MidTier,Aadhaar,Maharashtra,0,0,0,136,consent_sign,3.5,1,2026-02-09 01:26:00
S007517,60D8039E,Android-Budget,Passport,Tamil Nadu,0,2,2,233,consent_sign,7.5,0,2026-01-05 06:30:00
S007518,12A34B04,Android-MidTier,Passport,Gujarat,0,0,1,108,consent_sign,3.5,1,2026-01-19 10:01:00
S007519,03D2A7CA,Android-Budget,PAN,Karnataka,0,1,1,151,consent_sign,5.5,0,2026-01-31 18:08:00
S007520,6D0B4F01,Android-Budget,PAN,Karnataka,0,0,0,43,doc_upload,0.0,1,2026-01-13 23:13:00
S007521,AF88239F,Android-Budget,PAN,Maharashtra,0,1,2,148,consent_sign,5.5,0,2026-01-04 22:20:00
S007522,30B69F93,iOS-HighEnd,Passport,West Bengal,0,0,0,137,consent_sign,3.5,0,2026-02-15 20:18:00
S007523,924E48B4,Android-MidTier,Driving License,Delhi,0,0,0,165,consent_sign,3.5,0,2026-02-03 06:18:00
S007524,C01BA459,iOS-HighEnd,Driving License,Gujarat,0,0,0,38,doc_upload,0.0,1,2026-02-09 01:42:00
S007525,312997AF,Android-MidTier,Passport,Gujarat,0,0,0,103,consent_sign,3.5,0,2026-02-06 13:09:00
S007526,8A9DA702,iOS-HighEnd,Aadhaar,Tamil Nadu,0,0,0,111,consent_sign,3.5,0,2026-02-03 09:22:00
S007527,CBD93D47,Android-Budget,PAN,Tamil Nadu,0,0,2,166,consent_sign,3.5,0,2026-01-03 19:39:00
S007528,824FDF53,Android-MidTier,PAN,Maharashtra,0,0,0,140,consent_sign,3.5,0,2026-02-25 22:00:00
S007529,0A6246B9,iOS-HighEnd,Passport,Delhi,0,1,2,178,consent_sign,5.5,0,2026-02-15 02:57:00
S007530,F58F9BDD,Android-MidTier,PAN,Karnataka,0,0,0,163,consent_sign,3.5,0,2026-01-06 08:20:00
S007531,3946AD23,Android-MidTier,PAN,West Bengal,0,1,1,187,consent_sign,5.5,0,2026-02-01 05:38:00
S007532,DA2A4996,iOS-HighEnd,Driving License,Maharashtra,0,0,0,156,consent_sign,3.5,0,2026-02-20 07:03:00
S007533,640324F0,Android-MidTier,Aadhaar,Karnataka,0,0,0,149,consent_sign,3.5,0,2026-02-15 03:10:00
S007534,1006E0EB,Android-MidTier,Aadhaar,Karnataka,0,0,0,139,consent_sign,3.5,0,2026-01-31 19:31:00
S007535,D56E0949,Android-MidTier,Passport,West Bengal,0,0,0,133,consent_sign,3.5,0,2026-02-21 08:05:00
S007536,80FF8BEB,Android-Budget,Passport,West Bengal,2,0,2,126,doc_upload,3.0,1,2026-01-07 04:42:00
S007537,AB16B1FD,iOS-HighEnd,PAN,Maharashtra,0,0,0,170,consent_sign,3.5,0,2026-02-11 03:51:00
S007538,55B82364,iOS-HighEnd,Passport,Tamil Nadu,0,0,0,102,consent_sign,3.5,0,2026-01-10 12:51:00
S007539,DABD385C,Android-MidTier,Aadhaar,West Bengal,0,0,1,159,consent_sign,3.5,0,2026-02-10 11:52:00
S007540,10F3F41F,Android-Budget,Driving License,West Bengal,0,0,0,109,consent_sign,3.5,0,2026-02-12 10:07:00
S007541,9CB076A2,iOS-HighEnd,Passport,West Bengal,0,0,0,99,consent_sign,3.5,0,2026-01-20 15:02:00
S007542,4B045067,Android-MidTier,Driving License,Gujarat,0,0,0,123,consent_sign,3.5,1,2026-01-11 13:50:00
S007543,DB9B318B,Android-MidTier,Aadhaar,Maharashtra,0,0,0,101,consent_sign,3.5,1,2026-02-03 03:04:00
S007544,7400C7A1,Android-MidTier,PAN,Tamil Nadu,0,0,0,80,consent_sign,3.5,1,2026-01-28 11:27:00
S007545,DCE6EA64,Android-Budget,Passport,Maharashtra,0,0,0,167,consent_sign,3.5,0,2026-01-26 03:40:00
S007546,DF30F2F5,Android-MidTier,Driving License,Tamil Nadu,0,0,1,158,consent_sign,3.5,0,2026-01-20 08:30:00
S007547,A45EE904,Android-MidTier,Aadhaar,West Bengal,0,0,0,115,consent_sign,3.5,0,2026-01-19 09:50:00
S007548,0CE06819,iOS-HighEnd,Passport,Delhi,0,1,1,190,consent_sign,5.5,0,2026-01-16 01:08:00
S007549,A333639F,Android-Budget,Aadhaar,Maharashtra,0,0,0,43,doc_upload,0.0,1,2026-01-12 08:29:00
S007550,E54DCE58,iOS-HighEnd,Aadhaar,Tamil Nadu,0,0,0,176,consent_sign,3.5,0,2026-02-01 09:12:00
S007551,994D4C03,Android-MidTier,Passport,West Bengal,0,0,0,70,liveness_check,1.5,1,2026-01-19 03:11:00
S007552,0EE503E3,iOS-HighEnd,Driving License,Karnataka,1,0,1,168,consent_sign,5.0,0,2026-01-17 18:25:00
S007553,E2ABE6E3,iOS-HighEnd,Driving License,Karnataka,0,0,0,156,consent_sign,3.5,0,2026-03-02 02:59:00
S007554,C351C359,Android-Budget,Aadhaar,Karnataka,1,0,2,208,consent_sign,5.0,0,2026-01-04 15:23:00
S007555,214990ED,iOS-HighEnd,PAN,Gujarat,0,0,0,120,consent_sign,3.5,0,2026-02-14 00:10:00
S007556,04FB7E52,Android-Budget,Aadhaar,Tamil Nadu,0,2,2,191,liveness_check,5.5,1,2026-02-14 01:31:00
S007557,BEF0E0F1,iOS-HighEnd,Aadhaar,Karnataka,0,0,0,108,consent_sign,3.5,0,2026-01-18 09:23:00
S007558,A01989D1,iOS-HighEnd,PAN,West Bengal,0,0,0,21,phone_otp,0.0,1,2026-02-08 02:44:00
S007559,626CD59A,iOS-HighEnd,PAN,Delhi,0,0,0,127,consent_sign,3.5,0,2026-02-06 21:06:00
S007560,293572D3,iOS-HighEnd,Aadhaar,Karnataka,0,0,0,158,consent_sign,3.5,0,2026-02-10 11:11:00
S007561,9A0F7242,Android-MidTier,Aadhaar,Maharashtra,0,0,0,25,phone_otp,0.0,1,2026-02-04 22:45:00
S007562,4377BE10,iOS-HighEnd,Aadhaar,Tamil Nadu,0,0,1,144,consent_sign,3.5,0,2026-01-24 23:13:00
S007563,8623A5CA,iOS-HighEnd,Passport,Maharashtra,0,0,0,3,registration,0.0,1,2026-02-08 01:37:00
S007564,113145D2,Android-MidTier,Passport,Gujarat,0,0,0,142,consent_sign,3.5,0,2026-02-28 07:47:00
S007565,33E1F2AF,iOS-HighEnd,Passport,West Bengal,0,0,0,139,consent_sign,3.5,0,2026-01-20 17:44:00
S007566,EFEF1246,Android-MidTier,Aadhaar,West Bengal,0,0,0,146,consent_sign,3.5,0,2026-03-02 04:07:00
S007567,506F6BC0,Android-MidTier,PAN,Delhi,0,0,0,159,consent_sign,3.5,0,2026-02-17 19:36:00
S007568,2BD6F0FB,Android-MidTier,PAN,Maharashtra,0,1,2,185,consent_sign,5.5,0,2026-01-28 02:14:00
S007569,F605070B,Android-MidTier,PAN,West Bengal,0,0,1,174,consent_sign,3.5,0,2026-01-23 10:48:00
S007570,8B7080C2,iOS-HighEnd,Driving License,Karnataka,0,0,0,128,consent_sign,3.5,0,2026-02-14 04:26:00
S007571,02B964D6,iOS-HighEnd,PAN,Maharashtra,0,0,0,115,consent_sign,3.5,0,2026-01-24 04:42:00
S007572,E62C54BB,Android-MidTier,PAN,West Bengal,0,0,0,22,phone_otp,0.0,1,2026-02-21 20:30:00
S007573,1A062A0E,Android-MidTier,Driving License,West Bengal,0,0,0,138,consent_sign,3.5,0,2026-02-07 11:39:00
S007574,001E7006,Android-MidTier,Driving License,West Bengal,0,0,0,128,consent_sign,3.5,0,2026-01-13 04:10:00
S007575,C016215D,Android-Budget,Aadhaar,Tamil Nadu,0,1,1,111,liveness_check,3.5,1,2026-02-15 07:59:00
S007576,83674372,Android-Budget,Passport,Delhi,0,0,0,28,phone_otp,0.0,1,2026-01-15 16:24:00
S007577,21E219CE,iOS-HighEnd,Aadhaar,West Bengal,1,0,1,183,consent_sign,5.0,0,2026-01-15 21:32:00
S007578,92CCADB2,iOS-HighEnd,Driving License,Delhi,0,1,1,144,consent_sign,5.5,0,2026-02-02 15:25:00
S007579,1F0B2BE6,Android-MidTier,Aadhaar,Delhi,0,0,0,133,consent_sign,3.5,0,2026-01-02 19:22:00
S007580,1307AFB6,Android-Budget,Driving License,Karnataka,1,0,1,175,consent_sign,5.0,0,2026-01-16 14:34:00
S007581,4BF66063,Android-MidTier,Aadhaar,Maharashtra,0,1,1,184,consent_sign,5.5,0,2026-02-24 07:19:00
S007582,0C975601,iOS-HighEnd,Driving License,Maharashtra,0,0,0,158,consent_sign,3.5,0,2026-01-14 18:07:00
S007583,DD53ABE1,iOS-HighEnd,Driving License,Delhi,0,0,0,125,consent_sign,3.5,0,2026-01-24 02:17:00
S007584,240ED1DB,iOS-HighEnd,Aadhaar,Delhi,0,0,0,127,consent_sign,3.5,0,2026-02-07 09:19:00
S007585,82A0F6E9,Android-Budget,Passport,Tamil Nadu,0,0,1,75,doc_upload,0.0,1,2026-02-22 11:05:00
S007586,18323765,Android-MidTier,Aadhaar,Gujarat,0,0,0,138,consent_sign,3.5,0,2026-02-26 21:19:00
S007587,FEB3A855,Android-MidTier,Passport,Karnataka,0,0,0,3,registration,0.0,1,2026-02-25 11:12:00
S007588,3473B11A,Android-MidTier,Aadhaar,Gujarat,0,0,0,3,registration,0.0,1,2026-02-22 03:35:00
S007589,1A037833,Android-MidTier,Passport,West Bengal,0,0,0,106,consent_sign,3.5,0,2026-02-22 15:26:00
S007590,1BB868D5,iOS-HighEnd,Driving License,Maharashtra,1,0,1,152,consent_sign,5.0,0,2026-01-11 12:22:00
S007591,76949BB0,Android-MidTier,Aadhaar,Karnataka,0,0,0,106,consent_sign,3.5,0,2026-02-14 11:56:00
S007592,AAD29F81,iOS-HighEnd,Aadhaar,West Bengal,0,0,0,129,consent_sign,3.5,0,2026-01-25 17:11:00
S007593,2FC82F4D,iOS-HighEnd,Driving License,Delhi,0,0,0,149,consent_sign,3.5,0,2026-02-15 03:54:00
S007594,29568D7D,iOS-HighEnd,Driving License,Tamil Nadu,0,0,1,156,consent_sign,3.5,0,2026-02-26 22:11:00
S007595,7DD7E170,iOS-HighEnd,Passport,Delhi,0,0,0,1,registration,0.0,1,2026-01-12 16:57:00
S007596,8947494F,Android-Budget,PAN,Maharashtra,0,1,1,137,liveness_check,3.5,1,2026-01-16 05:30:00
S007597,A0D60422,iOS-HighEnd,Passport,Maharashtra,0,0,0,153,consent_sign,3.5,0,2026-01-06 00:11:00
S007598,EE3ADA8B,iOS-HighEnd,Passport,West Bengal,1,0,1,224,consent_sign,5.0,0,2026-02-07 00:36:00
S007599,9290A83A,iOS-HighEnd,Aadhaar,Tamil Nadu,0,0,0,125,consent_sign,3.5,0,2026-01-06 18:48:00
S007600,D46A537B,Android-MidTier,Passport,Delhi,0,0,0,106,consent_sign,3.5,1,2026-01-18 01:37:00
S007601,AFD0C396,iOS-HighEnd,Aadhaar,Tamil Nadu,1,1,2,253,consent_sign,7.0,0,2026-02-03 08:34:00
S007602,C2045288,iOS-HighEnd,Aadhaar,Karnataka,0,0,1,127,consent_sign,3.5,0,2026-02-16 12:40:00
S007603,3B4C0646,Android-MidTier,Aadhaar,West Bengal,0,0,0,137,consent_sign,3.5,0,2026-02-11 08:51:00
S007604,3E372C8D,Android-MidTier,Driving License,West Bengal,2,0,2,268,consent_sign,6.5,0,2026-01-27 02:28:00
S007605,83EAB8B5,Android-Budget,PAN,Maharashtra,3,0,3,212,doc_upload,4.5,1,2026-02-09 13:01:00
S007606,FEF44A33,iOS-HighEnd,Driving License,Delhi,0,0,0,13,phone_otp,0.0,1,2026-01-19 03:34:00
S007607,56A60DB5,Android-MidTier,Aadhaar,West Bengal,0,0,0,1,registration,0.0,1,2026-02-10 10:18:00
S007608,731BD233,iOS-HighEnd,Passport,Karnataka,0,0,0,116,consent_sign,3.5,0,2026-02-15 22:10:00
S007609,7E29D9A1,iOS-HighEnd,Passport,Delhi,0,0,1,148,consent_sign,3.5,0,2026-01-07 02:30:00
S007610,8B6ACC43,Android-MidTier,PAN,Tamil Nadu,1,1,2,240,consent_sign,7.0,0,2026-01-29 09:48:00
S007611,671CAE75,Android-Budget,Passport,Maharashtra,0,0,0,110,consent_sign,3.5,0,2026-02-18 08:35:00
S007612,1E767433,Android-MidTier,Driving License,Gujarat,0,0,0,163,consent_sign,3.5,0,2026-01-05 18:13:00
S007613,0FA38669,Android-MidTier,Passport,Delhi,0,0,0,142,consent_sign,3.5,0,2026-01-10 09:50:00
S007614,7F184A88,iOS-HighEnd,Aadhaar,Karnataka,0,0,0,1,registration,0.0,1,2026-01-24 05:14:00
S007615,84ADD36E,Android-Budget,Driving License,Karnataka,1,0,1,186,consent_sign,5.0,0,2026-02-06 04:40:00
S007616,DC2F952C,Android-MidTier,PAN,Gujarat,0,0,1,178,consent_sign,3.5,0,2026-01-14 15:15:00
S007617,C3B8A22B,Android-MidTier,Driving License,Delhi,0,0,0,136,consent_sign,3.5,0,2026-02-19 11:53:00
S007618,24C4E6CA,Android-MidTier,PAN,Gujarat,0,0,0,2,registration,0.0,1,2026-01-17 09:05:00
S007619,2BC2BDD4,iOS-HighEnd,Passport,Maharashtra,0,0,0,154,consent_sign,3.5,0,2026-02-11 16:15:00
S007620,596BF99F,iOS-HighEnd,PAN,Karnataka,0,0,0,135,consent_sign,3.5,0,2026-01-25 16:06:00
S007621,16107D90,iOS-HighEnd,PAN,West Bengal,0,0,0,3,registration,0.0,1,2026-02-23 09:15:00
S007622,DF9A7704,Android-MidTier,Passport,Maharashtra,0,0,0,31,phone_otp,0.0,1,2026-01-06 05:19:00
S007623,C6FC40C3,Android-Budget,PAN,West Bengal,0,1,1,144,consent_sign,5.5,0,2026-02-22 16:47:00
S007624,72811822,iOS-HighEnd,Driving License,Tamil Nadu,0,0,0,126,consent_sign,3.5,0,2026-01-15 13:00:00
S007625,43D10CF2,Android-MidTier,Driving License,Delhi,0,0,0,151,consent_sign,3.5,0,2026-01-16 17:43:00
S007626,BB84711F,Android-MidTier,Aadhaar,Gujarat,0,0,0,103,consent_sign,3.5,0,2026-02-13 22:07:00
S007627,C524A1BE,iOS-HighEnd,Aadhaar,Karnataka,0,0,0,46,doc_upload,0.0,1,2026-01-06 09:58:00
S007628,FB50D324,Android-MidTier,Passport,Gujarat,0,0,0,43,doc_upload,0.0,1,2026-02-01 11:53:00
S007629,915FBBF9,Android-Budget,Passport,Karnataka,1,1,2,145,liveness_check,5.0,1,2026-02-22 11:46:00
S007630,C145419C,iOS-HighEnd,Passport,Karnataka,0,0,0,106,consent_sign,3.5,0,2026-01-28 04:12:00
S007631,8EBA0D06,iOS-HighEnd,PAN,Gujarat,0,0,0,185,consent_sign,3.5,0,2026-01-01 12:28:00
S007632,AE8E8200,Android-MidTier,PAN,Karnataka,0,1,1,138,liveness_check,3.5,1,2026-02-22 19:50:00
S007633,9F999133,Android-MidTier,Passport,Tamil Nadu,0,0,0,124,consent_sign,3.5,1,2026-01-17 18:16:00
S007634,C88994E7,iOS-HighEnd,Passport,Delhi,0,0,0,153,consent_sign,3.5,0,2026-01-12 19:23:00
S007635,F3FD80F2,Android-MidTier,Aadhaar,Delhi,0,0,0,105,consent_sign,3.5,0,2026-02-02 08:40:00
S007636,EB2873E6,Android-Budget,PAN,Gujarat,0,1,1,98,liveness_check,3.5,1,2026-01-22 02:53:00
S007637,CC62F748,Android-Budget,Driving License,Maharashtra,0,0,0,150,consent_sign,3.5,0,2026-02-28 13:34:00
S007638,B1195D16,iOS-HighEnd,PAN,West Bengal,0,0,0,114,consent_sign,3.5,0,2026-01-03 07:14:00
S007639,D77DD689,Android-Budget,Passport,West Bengal,2,1,3,263,consent_sign,8.5,0,2026-02-15 09:16:00
S007640,B81CC43B,Android-Budget,Passport,Delhi,0,0,1,134,consent_sign,3.5,1,2026-01-23 10:36:00
S007641,40328C40,Android-MidTier,Driving License,Karnataka,0,0,0,120,consent_sign,3.5,1,2026-01-17 19:29:00
S007642,A5FB9E9A,iOS-HighEnd,Aadhaar,Tamil Nadu,0,1,1,156,consent_sign,5.5,0,2026-01-19 07:12:00
S007643,9B08725E,Android-MidTier,Aadhaar,Tamil Nadu,0,0,0,116,consent_sign,3.5,0,2026-01-08 09:43:00
S007644,9C174363,iOS-HighEnd,PAN,West Bengal,1,0,1,74,doc_upload,1.5,1,2026-01-16 12:00:00
S007645,10E681FD,Android-MidTier,Passport,Gujarat,1,0,2,227,consent_sign,5.0,1,2026-02-28 21:37:00
S007646,58C68877,iOS-HighEnd,Passport,West Bengal,0,0,0,118,consent_sign,3.5,0,2026-01-24 02:14:00
S007647,81EDCEB3,iOS-HighEnd,Passport,Karnataka,0,0,1,186,consent_sign,3.5,0,2026-02-13 03:55:00
S007648,C04CF6E6,iOS-HighEnd,Passport,Delhi,0,0,0,129,consent_sign,3.5,0,2026-03-01 06:54:00
S007649,A7A3208E,Android-Budget,Aadhaar,Maharashtra,0,0,0,139,consent_sign,3.5,0,2026-02-13 23:27:00
S007650,EC7448F9,Android-MidTier,Passport,Karnataka,0,0,1,160,consent_sign,3.5,0,2026-01-14 06:14:00
S007651,8B418BDF,iOS-HighEnd,Passport,Karnataka,0,0,0,113,consent_sign,3.5,0,2026-01-04 13:18:00
S007652,7A44167A,Android-MidTier,Aadhaar,Tamil Nadu,0,0,0,94,consent_sign,3.5,0,2026-02-16 12:09:00
S007653,F8DC2C64,Android-MidTier,PAN,Maharashtra,0,0,0,149,consent_sign,3.5,0,2026-01-31 09:23:00
S007654,EF145B36,iOS-HighEnd,PAN,West Bengal,1,0,1,131,consent_sign,5.0,0,2026-02-10 09:23:00
S007655,61650F34,Android-MidTier,Driving License,Gujarat,0,0,0,117,consent_sign,3.5,0,2026-02-27 21:53:00
S007656,9D30B0F7,Android-MidTier,Aadhaar,West Bengal,0,0,0,168,consent_sign,3.5,0,2026-02-14 18:13:00
S007657,A9E7BB4F,Android-MidTier,Driving License,Gujarat,0,0,0,134,consent_sign,3.5,0,2026-01-22 20:43:00
S007658,9C454443,Android-MidTier,Passport,Tamil Nadu,0,0,0,139,consent_sign,3.5,0,2026-01-21 04:06:00
S007659,8ABEFD88,iOS-HighEnd,Driving License,Tamil Nadu,0,0,0,165,consent_sign,3.5,0,2026-02-26 18:44:00
S007660,93188472,Android-Budget,PAN,Tamil Nadu,1,2,3,153,liveness_check,7.0,1,2026-01-14 08:08:00
S007661,7F4A3544,iOS-HighEnd,PAN,Gujarat,0,0,0,2,registration,0.0,1,2026-01-20 23:49:00
S007662,D64894CD,Android-Budget,Driving License,Delhi,0,0,0,151,consent_sign,3.5,0,2026-02-24 16:53:00
S007663,84203C0C,iOS-HighEnd,Passport,Delhi,0,0,0,150,consent_sign,3.5,0,2026-02-17 23:27:00
S007664,FE835C51,iOS-HighEnd,Passport,Maharashtra,0,0,1,159,consent_sign,3.5,0,2026-01-17 10:02:00
S007665,A4AFADE6,Android-MidTier,PAN,West Bengal,0,0,0,152,consent_sign,3.5,0,2026-01-30 12:15:00
S007666,863E3610,Android-MidTier,Driving License,Tamil Nadu,0,0,0,136,consent_sign,3.5,0,2026-02-08 03:03:00
S007667,2FAD3D7E,Android-MidTier,Driving License,Delhi,1,0,3,217,consent_sign,5.0,0,2026-01-17 09:12:00
S007668,3CCB9897,Android-MidTier,PAN,Tamil Nadu,0,0,0,113,consent_sign,3.5,0,2026-01-24 22:05:00
S007669,44F2A0DB,iOS-HighEnd,Aadhaar,Tamil Nadu,0,0,0,141,consent_sign,3.5,0,2026-02-28 01:30:00
S007670,E50C27D4,Android-MidTier,Aadhaar,Delhi,0,0,0,130,consent_sign,3.5,0,2026-02-19 22:23:00
S007671,FE95C8C9,Android-MidTier,Aadhaar,Delhi,0,0,0,108,consent_sign,3.5,1,2026-01-27 18:22:00
S007672,9E9A1E40,Android-MidTier,Aadhaar,Maharashtra,0,1,1,235,consent_sign,5.5,0,2026-01-29 09:28:00
S007673,91B6AA01,iOS-HighEnd,Driving License,Delhi,0,0,0,106,consent_sign,3.5,0,2026-01-26 01:11:00
S007674,1FF49019,iOS-HighEnd,Driving License,Karnataka,0,0,0,123,consent_sign,3.5,0,2026-02-04 01:50:00
S007675,8AB171E0,iOS-HighEnd,Passport,Tamil Nadu,0,0,1,142,consent_sign,3.5,0,2026-01-13 01:46:00
S007676,57B6B27C,iOS-HighEnd,Driving License,Tamil Nadu,0,0,0,72,consent_sign,3.5,0,2026-02-16 08:07:00
S007677,404F04E4,Android-MidTier,Driving License,West Bengal,0,0,0,142,consent_sign,3.5,0,2026-02-20 14:45:00
S007678,64A70279,iOS-HighEnd,Passport,Tamil Nadu,0,0,1,152,consent_sign,3.5,0,2026-01-07 14:16:00
S007679,323415B1,Android-MidTier,Driving License,Maharashtra,0,0,0,117,consent_sign,3.5,0,2026-01-02 15:32:00
S007680,D0B2B078,Android-MidTier,PAN,West Bengal,0,0,0,156,consent_sign,3.5,0,2026-01-22 04:31:00
S007681,A367B563,Android-MidTier,PAN,Maharashtra,0,0,0,123,consent_sign,3.5,0,2026-02-07 16:34:00
S007682,2212B446,Android-MidTier,PAN,Gujarat,0,0,0,139,consent_sign,3.5,0,2026-02-14 13:34:00
S007683,937838F9,Android-MidTier,Aadhaar,Karnataka,0,1,2,152,liveness_check,3.5,1,2026-02-04 03:07:00
S007684,6431D4A9,iOS-HighEnd,Passport,Gujarat,0,0,0,177,consent_sign,3.5,0,2026-01-11 01:33:00
S007685,DDC55228,Android-MidTier,PAN,West Bengal,1,0,1,117,doc_upload,1.5,1,2026-02-04 05:53:00
S007686,F5E1AB65,Android-MidTier,Driving License,Karnataka,1,0,1,161,consent_sign,5.0,0,2026-02-12 12:31:00
S007687,EF3DC5A8,iOS-HighEnd,Passport,Delhi,0,0,0,25,phone_otp,0.0,1,2026-01-30 11:37:00
S007688,2A17879A,iOS-HighEnd,PAN,Tamil Nadu,0,0,0,127,consent_sign,3.5,0,2026-02-22 05:10:00
S007689,AE372E39,Android-Budget,Aadhaar,Maharashtra,1,0,1,89,doc_upload,1.5,1,2026-01-04 03:50:00
S007690,88755363,Android-Budget,Driving License,Maharashtra,2,2,4,232,liveness_check,8.5,1,2026-01-15 17:47:00
S007691,FD481505,Android-MidTier,Aadhaar,Tamil Nadu,0,0,0,125,consent_sign,3.5,0,2026-02-15 17:11:00
S007692,E9F8E115,iOS-HighEnd,PAN,West Bengal,0,0,0,120,consent_sign,3.5,0,2026-02-26 18:45:00
S007693,2AED0848,iOS-HighEnd,Passport,Tamil Nadu,1,0,1,110,consent_sign,5.0,0,2026-01-10 22:03:00
S007694,6755B2D4,Android-Budget,Driving License,Maharashtra,1,0,1,194,consent_sign,5.0,0,2026-01-29 22:52:00
S007695,DE4B2801,Android-Budget,PAN,Tamil Nadu,0,3,3,204,liveness_check,7.5,1,2026-01-09 07:41:00
S007696,879D19C3,Android-MidTier,PAN,Delhi,0,0,0,112,consent_sign,3.5,0,2026-02-22 05:47:00
S007697,5EBBB87B,iOS-HighEnd,Driving License,Tamil Nadu,1,1,2,218,liveness_check,5.0,1,2026-01-19 17:26:00
S007698,FDCE4F12,iOS-HighEnd,Passport,Gujarat,0,0,0,4,registration,0.0,1,2026-01-22 19:51:00
S007699,8F57CD9E,Android-MidTier,Driving License,Maharashtra,0,0,0,1,registration,0.0,1,2026-01-19 04:38:00
S007700,5DA55873,iOS-HighEnd,Driving License,Karnataka,0,0,0,142,consent_sign,3.5,0,2026-01-11 19:53:00
S007701,7D5887A5,Android-MidTier,Driving License,Tamil Nadu,1,0,1,204,consent_sign,5.0,0,2026-01-11 04:13:00
S007702,62E32FA7,iOS-HighEnd,PAN,Karnataka,0,0,0,91,consent_sign,3.5,0,2026-02-27 23:07:00
S007703,530A542A,Android-Budget,Passport,Tamil Nadu,0,0,0,54,doc_upload,0.0,1,2026-02-22 17:13:00
S007704,C1886C58,Android-Budget,Driving License,Karnataka,0,0,0,120,consent_sign,3.5,0,2026-02-02 03:36:00
S007705,498CCDD7,iOS-HighEnd,PAN,West Bengal,0,0,0,137,consent_sign,3.5,0,2026-01-01 13:59:00
S007706,01F239E4,Android-Budget,Driving License,West Bengal,0,1,1,112,liveness_check,3.5,1,2026-02-09 00:03:00
S007707,9F88BE6E,Android-MidTier,Driving License,Gujarat,1,0,1,190,consent_sign,5.0,0,2026-02-07 21:07:00
S007708,E4D479E7,Android-MidTier,PAN,Tamil Nadu,0,0,0,129,consent_sign,3.5,0,2026-01-04 12:47:00
S007709,13131048,Android-MidTier,Driving License,West Bengal,0,0,0,161,consent_sign,3.5,0,2026-01-14 13:54:00
S007710,E9F410C9,iOS-HighEnd,PAN,Karnataka,0,0,1,168,consent_sign,3.5,0,2026-01-14 09:39:00
S007711,2A314F1D,Android-MidTier,Passport,Karnataka,0,0,0,128,consent_sign,3.5,0,2026-02-15 07:01:00
S007712,D5411860,Android-Budget,Driving License,West Bengal,0,1,1,188,consent_sign,5.5,0,2026-01-20 22:19:00
S007713,3C6BAD34,iOS-HighEnd,Driving License,Delhi,0,0,0,147,consent_sign,3.5,0,2026-02-06 07:29:00
S007714,1604C332,Android-MidTier,Driving License,Tamil Nadu,0,0,0,105,consent_sign,3.5,0,2026-02-18 18:54:00
S007715,64FFF7A6,Android-MidTier,Driving License,Maharashtra,0,0,0,128,consent_sign,3.5,0,2026-01-08 04:11:00
S007716,4B2CA54D,iOS-HighEnd,Passport,Maharashtra,0,1,1,150,liveness_check,3.5,1,2026-02-18 15:46:00
S007717,D3DD8CF8,iOS-HighEnd,Aadhaar,Gujarat,0,0,0,144,consent_sign,3.5,0,2026-01-14 10:52:00
S007718,3772D3A3,Android-MidTier,PAN,Tamil Nadu,0,0,0,134,consent_sign,3.5,0,2026-01-16 01:02:00
S007719,9E8FA807,iOS-HighEnd,PAN,Delhi,0,0,0,41,doc_upload,0.0,1,2026-02-11 06:36:00
S007720,6B6348F4,Android-Budget,PAN,West Bengal,0,0,0,151,consent_sign,3.5,0,2026-01-29 20:11:00
S007721,F35C02FD,iOS-HighEnd,Passport,Karnataka,2,0,2,146,doc_upload,3.0,1,2026-02-08 10:11:00
S007722,CC7E66DE,Android-MidTier,PAN,Maharashtra,0,0,0,124,consent_sign,3.5,0,2026-01-15 20:26:00
S007723,513BE62E,Android-Budget,PAN,West Bengal,0,0,0,2,registration,0.0,1,2026-02-23 07:32:00
S007724,9EEAD5DE,Android-MidTier,Passport,Karnataka,0,0,0,2,registration,0.0,1,2026-02-03 05:33:00
S007725,2651DAA3,Android-Budget,Passport,Maharashtra,0,0,0,119,consent_sign,3.5,0,2026-01-09 02:34:00
S007726,CD68F11C,Android-MidTier,Passport,Gujarat,0,1,2,182,consent_sign,5.5,0,2026-02-19 20:47:00
S007727,C50EF346,Android-Budget,Driving License,Gujarat,0,0,0,35,phone_otp,0.0,1,2026-01-11 04:29:00
S007728,C6BDCE43,Android-Budget,Passport,Tamil Nadu,0,0,0,121,consent_sign,3.5,0,2026-02-06 10:52:00
S007729,6207DB63,Android-MidTier,Aadhaar,Karnataka,1,0,1,178,consent_sign,5.0,0,2026-02-25 14:03:00
S007730,FF62499A,Android-MidTier,Passport,Maharashtra,1,1,2,188,consent_sign,7.0,0,2026-02-02 14:09:00
S007731,8612944F,Android-MidTier,PAN,Delhi,0,0,0,103,consent_sign,3.5,0,2026-02-14 11:26:00
S007732,9AE5FBBC,Android-MidTier,Driving License,Delhi,0,0,0,90,consent_sign,3.5,0,2026-01-11 17:44:00
S007733,C1FCDFC3,Android-MidTier,Aadhaar,West Bengal,0,0,0,106,consent_sign,3.5,0,2026-01-31 11:26:00
S007734,5C699E1F,Android-Budget,Aadhaar,Maharashtra,0,3,3,171,liveness_check,7.5,1,2026-02-08 04:37:00
S007735,83A64431,iOS-HighEnd,Aadhaar,Delhi,0,0,0,122,consent_sign,3.5,0,2026-01-13 13:13:00
S007736,C4593083,Android-Budget,Driving License,Maharashtra,0,2,2,191,consent_sign,7.5,0,2026-01-21 03:29:00
S007737,E3E32E42,iOS-HighEnd,Passport,West Bengal,0,0,1,43,phone_otp,0.0,1,2026-01-19 02:28:00
S007738,8EB232B8,Android-MidTier,Passport,Maharashtra,0,1,1,146,liveness_check,3.5,1,2026-01-09 05:34:00
S007739,C69EB431,Android-MidTier,Passport,Gujarat,0,1,1,143,consent_sign,5.5,0,2026-02-23 09:02:00
S007740,F49EAAA3,Android-MidTier,Passport,Maharashtra,0,0,0,164,consent_sign,3.5,0,2026-02-12 13:04:00
S007741,9564A7BD,Android-MidTier,Aadhaar,West Bengal,0,0,0,44,doc_upload,0.0,1,2026-01-06 15:35:00
S007742,C1192634,Android-MidTier,PAN,Maharashtra,0,0,0,164,consent_sign,3.5,0,2026-01-26 12:43:00
S007743,478FCEDD,Android-Budget,Passport,Tamil Nadu,0,1,3,177,consent_sign,5.5,0,2026-02-14 14:00:00
S007744,23625303,iOS-HighEnd,Passport,Karnataka,0,0,0,115,consent_sign,3.5,0,2026-01-29 19:02:00
S007745,829D03F5,iOS-HighEnd,Passport,Tamil Nadu,0,0,0,170,consent_sign,3.5,0,2026-02-22 01:09:00
S007746,E4A6DA33,Android-MidTier,PAN,Gujarat,0,0,0,2,registration,0.0,1,2026-01-28 21:06:00
S007747,A1D60CF1,Android-MidTier,Driving License,Delhi,0,0,1,162,consent_sign,3.5,0,2026-01-13 04:59:00
S007748,6C05DF93,iOS-HighEnd,Passport,Tamil Nadu,0,0,0,90,consent_sign,3.5,0,2026-02-24 13:44:00
S007749,DDE630E0,Android-MidTier,Aadhaar,Gujarat,0,0,0,126,consent_sign,3.5,0,2026-02-01 23:28:00
S007750,D7718C05,Android-Budget,PAN,Tamil Nadu,0,0,0,163,consent_sign,3.5,0,2026-02-12 15:26:00
S007751,80851D53,Android-MidTier,Passport,West Bengal,0,0,0,123,consent_sign,3.5,0,2026-01-28 09:33:00
S007752,9D482C49,iOS-HighEnd,Aadhaar,Maharashtra,0,0,0,112,consent_sign,3.5,0,2026-01-03 00:35:00
S007753,153E09BA,iOS-HighEnd,Passport,Karnataka,0,0,0,142,consent_sign,3.5,0,2026-02-11 07:14:00
S007754,FC424352,iOS-HighEnd,PAN,Tamil Nadu,0,0,0,105,consent_sign,3.5,0,2026-02-23 08:31:00
S007755,EEBD342D,iOS-HighEnd,Passport,Maharashtra,0,0,0,1,registration,0.0,1,2026-01-08 02:48:00
S007756,0A164306,iOS-HighEnd,Aadhaar,Karnataka,0,0,0,115,consent_sign,3.5,0,2026-01-07 10:33:00
S007757,4E8D2654,Android-MidTier,Driving License,Gujarat,0,0,1,150,consent_sign,3.5,0,2026-02-11 15:31:00
S007758,9619CF44,iOS-HighEnd,PAN,Karnataka,0,0,0,138,consent_sign,3.5,0,2026-02-17 11:17:00
S007759,129F9FA5,Android-MidTier,Passport,Gujarat,2,0,2,213,consent_sign,6.5,0,2026-02-15 17:03:00
S007760,A484BE3E,Android-MidTier,Driving License,Delhi,0,1,2,207,consent_sign,5.5,0,2026-01-12 16:32:00
S007761,FDBF4AA4,Android-Budget,PAN,Maharashtra,1,1,2,185,consent_sign,7.0,1,2026-01-19 07:58:00
S007762,537356F2,iOS-HighEnd,Aadhaar,Maharashtra,0,0,0,134,consent_sign,3.5,0,2026-02-04 03:22:00
S007763,3556071B,Android-MidTier,PAN,Karnataka,0,1,1,146,liveness_check,3.5,1,2026-02-17 15:03:00
S007764,7B03F61B,Android-MidTier,PAN,Maharashtra,0,0,0,150,consent_sign,3.5,0,2026-01-09 10:51:00
S007765,A227AC14,Android-MidTier,PAN,Maharashtra,1,0,1,173,consent_sign,5.0,0,2026-02-08 08:24:00
S007766,BCF7BBC2,Android-MidTier,Driving License,Delhi,0,0,0,112,consent_sign,3.5,0,2026-01-02 15:25:00
S007767,48AE4ABA,iOS-HighEnd,PAN,Tamil Nadu,0,0,0,144,consent_sign,3.5,0,2026-01-06 04:51:00
S007768,85123413,Android-MidTier,Driving License,West Bengal,0,0,0,3,registration,0.0,1,2026-01-11 11:28:00
S007769,62C57829,Android-MidTier,Aadhaar,West Bengal,0,0,0,132,consent_sign,3.5,0,2026-02-04 03:23:00
S007770,B77C1BE6,Android-MidTier,Driving License,Delhi,0,0,1,107,consent_sign,3.5,0,2026-01-28 18:18:00
S007771,F68D6979,Android-MidTier,Passport,Karnataka,0,0,0,32,phone_otp,0.0,1,2026-01-02 22:52:00
S007772,EFC87FC9,iOS-HighEnd,Driving License,Tamil Nadu,0,0,0,134,consent_sign,3.5,0,2026-02-19 15:23:00
S007773,E61C4368,iOS-HighEnd,Passport,Maharashtra,0,1,1,178,consent_sign,5.5,0,2026-01-29 20:41:00
S007774,B8280725,Android-MidTier,PAN,West Bengal,0,0,0,4,registration,0.0,1,2026-02-16 17:01:00
S007775,69CCAEB0,Android-MidTier,Passport,West Bengal,0,0,0,167,consent_sign,3.5,0,2026-01-17 05:59:00
S007776,21366A4D,Android-MidTier,Passport,Gujarat,0,0,0,36,doc_upload,0.0,1,2026-02-16 01:32:00
S007777,FC1B3217,Android-MidTier,Aadhaar,West Bengal,0,0,0,167,consent_sign,3.5,0,2026-02-04 05:22:00
S007778,EB536282,iOS-HighEnd,Aadhaar,Gujarat,0,0,0,151,consent_sign,3.5,0,2026-01-27 15:41:00
S007779,F31FBEE0,iOS-HighEnd,Aadhaar,Karnataka,0,0,0,137,consent_sign,3.5,0,2026-02-12 13:39:00
S007780,37EB9827,Android-MidTier,Driving License,Delhi,0,0,0,112,consent_sign,3.5,0,2026-02-27 05:07:00
S007781,B5230821,iOS-HighEnd,Driving License,Delhi,0,0,0,146,consent_sign,3.5,0,2026-01-21 02:39:00
S007782,1B19B829,iOS-HighEnd,Aadhaar,Delhi,0,0,0,125,consent_sign,3.5,1,2026-01-27 21:39:00
S007783,D61A4A69,Android-Budget,Aadhaar,Gujarat,0,1,1,198,consent_sign,5.5,0,2026-01-09 10:36:00
S007784,9B48C6FB,iOS-HighEnd,Passport,Delhi,0,0,0,130,consent_sign,3.5,0,2026-01-02 00:33:00
S007785,A528698B,Android-MidTier,Aadhaar,Delhi,0,0,0,144,consent_sign,3.5,0,2026-02-22 02:04:00
S007786,9FC2E952,Android-MidTier,Driving License,Gujarat,0,0,0,121,consent_sign,3.5,0,2026-02-07 10:07:00
S007787,BD00FF19,iOS-HighEnd,Driving License,Maharashtra,0,0,0,128,consent_sign,3.5,0,2026-01-31 17:23:00
S007788,8503E3B7,Android-Budget,Aadhaar,Karnataka,0,0,0,115,consent_sign,3.5,0,2026-02-01 14:28:00
S007789,7D525A4E,Android-Budget,Driving License,Maharashtra,0,0,0,83,liveness_check,1.5,1,2026-01-09 16:23:00
S007790,8D80C2FE,Android-MidTier,PAN,Tamil Nadu,0,0,0,116,consent_sign,3.5,0,2026-02-22 01:35:00
S007791,8852C78E,Android-MidTier,Driving License,Karnataka,0,2,2,159,liveness_check,5.5,1,2026-01-08 07:04:00
S007792,676E34BE,Android-MidTier,Aadhaar,Gujarat,0,0,0,173,consent_sign,3.5,0,2026-01-15 21:09:00
S007793,AA47BFC8,Android-Budget,Driving License,Maharashtra,1,0,1,182,consent_sign,5.0,0,2026-02-17 18:47:00
S007794,2E401311,Android-MidTier,Passport,West Bengal,0,0,0,178,consent_sign,3.5,0,2026-01-24 01:59:00
S007795,76D9D64D,Android-Budget,PAN,Delhi,0,0,0,145,consent_sign,3.5,0,2026-01-24 23:02:00
S007796,F929EDA0,iOS-HighEnd,Aadhaar,Maharashtra,0,1,1,153,consent_sign,5.5,0,2026-01-20 02:31:00
S007797,4400592C,iOS-HighEnd,Passport,Maharashtra,0,1,1,157,consent_sign,5.5,0,2026-02-04 23:42:00
S007798,279E04E7,Android-MidTier,Driving License,Tamil Nadu,0,0,0,121,consent_sign,3.5,0,2026-01-12 20:55:00
S007799,085E9E90,iOS-HighEnd,Driving License,Delhi,0,0,0,115,consent_sign,3.5,1,2026-01-15 19:42:00
S007800,1719944C,Android-MidTier,Driving License,West Bengal,1,0,1,155,consent_sign,5.0,0,2026-01-11 15:44:00
S007801,DAD95C71,iOS-HighEnd,PAN,Maharashtra,0,0,0,142,consent_sign,3.5,0,2026-03-02 05:07:00
S007802,61E5CDD9,Android-MidTier,Aadhaar,Maharashtra,0,0,0,150,consent_sign,3.5,0,2026-01-15 13:57:00
S007803,3DB8014A,Android-MidTier,Aadhaar,West Bengal,2,0,2,164,doc_upload,3.0,1,2026-01-02 20:31:00
S007804,0D97BADE,Android-Budget,Passport,Tamil Nadu,1,0,1,192,consent_sign,5.0,0,2026-01-23 05:44:00
S007805,B7E1CB21,Android-Budget,Aadhaar,Tamil Nadu,0,0,0,130,consent_sign,3.5,0,2026-03-01 18:10:00
S007806,A53A43D6,iOS-HighEnd,PAN,Delhi,0,0,0,16,phone_otp,0.0,1,2026-01-27 01:56:00
S007807,7508E10C,iOS-HighEnd,PAN,Tamil Nadu,0,0,0,151,consent_sign,3.5,0,2026-01-13 11:26:00
S007808,7161C888,iOS-HighEnd,PAN,Delhi,0,1,1,114,liveness_check,3.5,1,2026-01-02 23:14:00
S007809,379F0075,iOS-HighEnd,Aadhaar,Delhi,0,0,0,107,consent_sign,3.5,0,2026-01-07 08:14:00
S007810,9522496E,iOS-HighEnd,Aadhaar,Maharashtra,0,0,0,48,doc_upload,0.0,1,2026-02-16 18:04:00
S007811,D67E0F37,iOS-HighEnd,Driving License,Delhi,0,0,0,107,consent_sign,3.5,0,2026-02-21 17:43:00
S007812,2E89BDBD,Android-Budget,Aadhaar,Karnataka,1,3,4,213,consent_sign,9.0,0,2026-02-13 06:31:00
S007813,F48783EB,iOS-HighEnd,PAN,West Bengal,0,0,0,143,consent_sign,3.5,0,2026-02-07 12:55:00
S007814,36CF28AF,iOS-HighEnd,Passport,Gujarat,0,0,0,154,consent_sign,3.5,0,2026-02-08 03:57:00
S007815,2BD346CB,iOS-HighEnd,Aadhaar,Gujarat,0,1,1,144,consent_sign,5.5,0,2026-01-10 03:42:00
S007816,6D566DCC,Android-MidTier,Passport,Maharashtra,1,0,1,93,doc_upload,1.5,1,2026-02-20 23:42:00
S007817,DA970EDB,Android-MidTier,Driving License,Tamil Nadu,0,0,1,139,consent_sign,3.5,0,2026-01-29 11:54:00
S007818,4D9E6B9F,Android-Budget,Driving License,Gujarat,0,0,0,142,consent_sign,3.5,0,2026-01-15 02:29:00
S007819,24D4DBA9,iOS-HighEnd,Passport,Karnataka,0,0,0,122,consent_sign,3.5,0,2026-01-31 08:46:00
S007820,5339EB18,Android-Budget,PAN,Gujarat,0,1,1,131,consent_sign,5.5,0,2026-02-10 22:01:00
S007821,F6D2A20D,Android-MidTier,Driving License,Delhi,0,0,0,121,consent_sign,3.5,0,2026-01-26 12:27:00
S007822,DB0F1685,iOS-HighEnd,Passport,Delhi,0,0,0,123,consent_sign,3.5,0,2026-01-20 16:19:00
S007823,51F8DEB6,iOS-HighEnd,PAN,Gujarat,0,1,1,176,consent_sign,5.5,0,2026-01-23 21:54:00
S007824,444B9490,Android-Budget,Driving License,Maharashtra,0,0,0,3,registration,0.0,1,2026-01-04 17:16:00
S007825,B98B9459,Android-MidTier,Passport,Delhi,0,0,0,117,consent_sign,3.5,0,2026-01-30 00:16:00
S007826,BE60808D,Android-MidTier,Driving License,Karnataka,1,0,2,220,consent_sign,5.0,0,2026-01-19 15:13:00
S007827,295C1B59,Android-MidTier,Aadhaar,Gujarat,0,0,0,107,consent_sign,3.5,0,2026-02-08 05:26:00
S007828,3F444245,Android-MidTier,PAN,Tamil Nadu,0,0,0,4,registration,0.0,1,2026-01-19 06:00:00
S007829,5526DB8E,iOS-HighEnd,PAN,Tamil Nadu,0,0,1,49,phone_otp,0.0,1,2026-01-17 15:01:00
S007830,93DE2DA0,Android-MidTier,Aadhaar,Tamil Nadu,0,1,2,206,consent_sign,5.5,0,2026-01-04 17:29:00
S007831,7F849EEA,iOS-HighEnd,Driving License,Karnataka,0,0,0,130,consent_sign,3.5,0,2026-02-18 14:21:00
S007832,1DD18FCF,iOS-HighEnd,PAN,Karnataka,0,0,0,128,consent_sign,3.5,0,2026-02-13 09:39:00
S007833,9A86040E,iOS-HighEnd,PAN,Karnataka,1,0,1,93,doc_upload,1.5,1,2026-01-13 14:44:00
S007834,950F5EFF,iOS-HighEnd,Aadhaar,West Bengal,0,0,0,3,registration,0.0,1,2026-02-14 16:39:00
S007835,922FE35D,iOS-HighEnd,Passport,Delhi,0,0,0,131,consent_sign,3.5,0,2026-02-25 16:02:00
S007836,297EB3CE,Android-Budget,Aadhaar,Gujarat,0,0,0,157,consent_sign,3.5,0,2026-01-26 04:08:00
S007837,AAAE3222,iOS-HighEnd,PAN,Tamil Nadu,0,0,0,125,consent_sign,3.5,0,2026-01-23 05:39:00
S007838,C27EB09A,iOS-HighEnd,Driving License,Maharashtra,0,1,1,146,liveness_check,3.5,1,2026-02-28 16:19:00
S007839,B800F540,Android-Budget,PAN,West Bengal,0,0,0,109,consent_sign,3.5,0,2026-02-19 15:49:00
S007840,B53A2800,Android-MidTier,Driving License,Karnataka,2,2,5,326,consent_sign,10.5,0,2026-02-27 08:58:00
S007841,236603B4,Android-Budget,PAN,Tamil Nadu,0,0,3,62,phone_otp,0.0,1,2026-02-25 18:20:00
S007842,F2203ACF,Android-MidTier,PAN,Maharashtra,0,0,0,167,consent_sign,3.5,0,2026-01-09 13:41:00
S007843,21737ACD,iOS-HighEnd,PAN,West Bengal,0,0,0,144,consent_sign,3.5,0,2026-01-11 10:21:00
S007844,ACDB425C,iOS-HighEnd,Aadhaar,Karnataka,0,0,0,137,consent_sign,3.5,0,2026-02-08 12:29:00
S007845,227CC456,iOS-HighEnd,Aadhaar,Karnataka,0,0,0,117,consent_sign,3.5,0,2026-01-29 06:16:00
S007846,BAAD0DA4,Android-MidTier,Aadhaar,Maharashtra,0,0,1,187,consent_sign,3.5,0,2026-02-11 23:59:00
S007847,0DE5FD7B,Android-MidTier,Passport,Tamil Nadu,1,0,1,165,consent_sign,5.0,0,2026-01-19 16:11:00
S007848,09A3E57E,Android-MidTier,PAN,Delhi,1,0,1,92,doc_upload,1.5,1,2026-02-05 17:50:00
S007849,C2D0AF1F,Android-MidTier,Aadhaar,Maharashtra,3,0,3,146,doc_upload,4.5,1,2026-01-08 19:59:00
S007850,CF92BD95,Android-Budget,Passport,Karnataka,0,0,1,46,phone_otp,0.0,1,2026-02-08 16:28:00
S007851,7731B193,Android-MidTier,Aadhaar,Tamil Nadu,0,0,0,174,consent_sign,3.5,0,2026-02-01 11:54:00
S007852,DD16663A,iOS-HighEnd,Passport,West Bengal,0,0,0,34,doc_upload,0.0,1,2026-02-10 12:47:00
S007853,AF003B94,Android-MidTier,Aadhaar,Tamil Nadu,0,0,0,17,phone_otp,0.0,1,2026-01-14 22:58:00
S007854,B8D7E825,iOS-HighEnd,PAN,Maharashtra,1,0,1,244,consent_sign,5.0,0,2026-01-26 00:48:00
S007855,AAD74FE0,Android-MidTier,Aadhaar,West Bengal,0,0,0,134,consent_sign,3.5,0,2026-02-14 22:33:00
S007856,3C9EA73A,Android-MidTier,Driving License,Maharashtra,0,0,0,124,consent_sign,3.5,0,2026-02-02 15:08:00
S007857,EC9F1803,Android-Budget,PAN,Delhi,0,0,0,1,registration,0.0,1,2026-01-23 20:28:00
S007858,EC2C1148,Android-MidTier,Aadhaar,Delhi,0,0,0,155,consent_sign,3.5,0,2026-01-02 06:01:00
S007859,D048C8AF,Android-MidTier,Driving License,Tamil Nadu,0,2,2,195,consent_sign,7.5,0,2026-01-05 21:39:00
S007860,047032F6,Android-MidTier,Driving License,West Bengal,0,0,0,127,consent_sign,3.5,0,2026-02-13 00:36:00
S007861,3C7D53A0,iOS-HighEnd,Passport,Tamil Nadu,0,0,0,121,consent_sign,3.5,0,2026-02-11 01:52:00
S007862,14FE9960,iOS-HighEnd,Aadhaar,Tamil Nadu,0,0,0,151,consent_sign,3.5,0,2026-01-29 22:40:00
S007863,CB53E1AE,Android-Budget,Driving License,Tamil Nadu,0,1,1,185,consent_sign,5.5,0,2026-01-25 22:53:00
S007864,75D0A2AF,Android-MidTier,Passport,West Bengal,0,0,1,24,phone_otp,0.0,1,2026-02-13 14:26:00
S007865,DF2FF029,iOS-HighEnd,PAN,West Bengal,0,0,0,118,consent_sign,3.5,0,2026-01-15 15:56:00
S007866,DF3BD35C,iOS-HighEnd,Aadhaar,Maharashtra,0,0,2,165,consent_sign,3.5,0,2026-01-05 18:03:00
S007867,EDB49F8D,iOS-HighEnd,Passport,West Bengal,0,0,0,134,consent_sign,3.5,0,2026-01-13 23:56:00
S007868,C768EDB9,iOS-HighEnd,PAN,Delhi,0,0,0,132,consent_sign,3.5,0,2026-01-31 18:06:00
S007869,2ADFF941,iOS-HighEnd,Aadhaar,Delhi,0,0,0,125,consent_sign,3.5,0,2026-02-16 10:37:00
S007870,F11B9C1B,Android-MidTier,Passport,Tamil Nadu,0,0,0,35,doc_upload,0.0,1,2026-02-15 16:42:00
S007871,A9FC73DA,iOS-HighEnd,Aadhaar,Gujarat,0,0,0,41,doc_upload,0.0,1,2026-01-14 23:59:00
S007872,32E72520,Android-MidTier,Driving License,Maharashtra,0,1,1,135,consent_sign,5.5,0,2026-01-07 07:58:00
S007873,DE2BDF8C,Android-MidTier,Aadhaar,Tamil Nadu,0,0,0,157,consent_sign,3.5,0,2026-01-20 17:33:00
S007874,0E832587,iOS-HighEnd,PAN,Tamil Nadu,0,0,1,172,consent_sign,3.5,0,2026-02-02 22:23:00
S007875,E9622F9D,iOS-HighEnd,Driving License,Maharashtra,0,0,1,167,consent_sign,3.5,0,2026-02-03 11:03:00
S007876,FDFF67DE,Android-MidTier,PAN,Maharashtra,1,0,1,193,consent_sign,5.0,0,2026-02-01 17:31:00
S007877,AFD063D6,iOS-HighEnd,PAN,Delhi,0,0,0,130,consent_sign,3.5,0,2026-01-07 20:42:00
S007878,9BD39476,Android-Budget,Passport,Karnataka,0,0,0,95,consent_sign,3.5,0,2026-02-10 10:25:00
S007879,65D77FC8,Android-MidTier,Driving License,Gujarat,0,0,0,145,consent_sign,3.5,0,2026-02-08 12:36:00
S007880,BB5452FD,Android-Budget,Driving License,Delhi,1,0,1,67,doc_upload,1.5,1,2026-02-26 20:55:00
S007881,284BAA23,iOS-HighEnd,Aadhaar,Tamil Nadu,0,0,0,164,consent_sign,3.5,0,2026-02-06 23:18:00
S007882,EC8A7209,Android-Budget,PAN,Karnataka,0,0,0,132,consent_sign,3.5,0,2026-02-28 21:49:00
S007883,68FD1179,iOS-HighEnd,Aadhaar,Delhi,0,0,0,121,consent_sign,3.5,0,2026-01-14 03:51:00
S007884,23BF1F71,Android-MidTier,PAN,Gujarat,1,0,1,180,consent_sign,5.0,0,2026-02-08 19:16:00
S007885,C578F4F4,iOS-HighEnd,Passport,Delhi,0,0,0,114,consent_sign,3.5,0,2026-02-17 19:17:00
S007886,1DADD807,Android-MidTier,PAN,Tamil Nadu,0,1,1,130,consent_sign,5.5,0,2026-01-01 16:21:00
S007887,1AC0DFF3,iOS-HighEnd,Driving License,Gujarat,0,1,1,131,consent_sign,5.5,0,2026-01-24 02:45:00
S007888,0AB6C155,iOS-HighEnd,Aadhaar,Delhi,0,0,0,125,consent_sign,3.5,0,2026-02-27 03:49:00
S007889,082BBC6F,iOS-HighEnd,PAN,West Bengal,0,0,0,140,consent_sign,3.5,0,2026-01-16 17:21:00
S007890,57CAD887,Android-Budget,Aadhaar,Tamil Nadu,0,0,0,3,registration,0.0,1,2026-02-11 02:04:00
S007891,8776B75F,Android-MidTier,PAN,Maharashtra,0,0,0,157,consent_sign,3.5,0,2026-01-20 16:30:00
S007892,3FA916F9,iOS-HighEnd,PAN,Gujarat,0,0,0,123,consent_sign,3.5,0,2026-01-04 07:08:00
S007893,BF2C857E,Android-MidTier,Aadhaar,Tamil Nadu,0,0,0,145,consent_sign,3.5,0,2026-02-19 01:32:00
S007894,4B2A2BB4,iOS-HighEnd,Aadhaar,Karnataka,0,0,1,126,consent_sign,3.5,0,2026-02-15 07:15:00
S007895,615A443C,Android-Budget,PAN,Maharashtra,1,0,1,110,doc_upload,1.5,1,2026-01-23 06:52:00
S007896,036EC6CB,Android-MidTier,Driving License,Karnataka,0,0,0,135,consent_sign,3.5,0,2026-02-07 06:34:00
S007897,A68F75AC,iOS-HighEnd,Passport,West Bengal,0,0,0,114,consent_sign,3.5,0,2026-03-02 01:36:00
S007898,4D2CD22D,Android-MidTier,PAN,Tamil Nadu,2,0,2,270,consent_sign,6.5,0,2026-03-01 21:15:00
S007899,264E448E,Android-MidTier,Passport,Maharashtra,0,0,0,24,phone_otp,0.0,1,2026-01-24 04:47:00
S007900,2D17534A,Android-MidTier,PAN,West Bengal,0,0,0,39,phone_otp,0.0,1,2026-01-22 02:26:00
S007901,05D04902,Android-MidTier,Aadhaar,Tamil Nadu,0,0,0,136,consent_sign,3.5,0,2026-01-04 15:28:00
S007902,65108B6F,Android-MidTier,Passport,Gujarat,0,0,1,138,consent_sign,3.5,1,2026-02-08 12:47:00
S007903,EC0389C1,Android-MidTier,PAN,Delhi,0,1,1,147,liveness_check,3.5,1,2026-01-18 21:00:00
S007904,9390E315,iOS-HighEnd,Passport,Tamil Nadu,0,0,0,108,consent_sign,3.5,0,2026-02-11 04:29:00
S007905,227763F8,iOS-HighEnd,Aadhaar,Delhi,1,0,1,175,consent_sign,5.0,0,2026-01-24 23:36:00
S007906,6025CF7C,Android-MidTier,Driving License,Karnataka,0,0,1,183,consent_sign,3.5,0,2026-02-20 12:04:00
S007907,D2BFBCF2,iOS-HighEnd,PAN,Tamil Nadu,0,0,0,123,consent_sign,3.5,0,2026-01-07 23:13:00
S007908,D8CCACD5,iOS-HighEnd,Passport,Delhi,0,0,1,130,consent_sign,3.5,0,2026-01-07 15:43:00
S007909,5997FBB0,Android-MidTier,Aadhaar,West Bengal,0,2,2,133,liveness_check,5.5,1,2026-02-16 09:20:00
S007910,CA7D60A1,iOS-HighEnd,PAN,Tamil Nadu,0,1,1,185,consent_sign,5.5,0,2026-01-26 11:56:00
S007911,BC6965E7,iOS-HighEnd,Passport,Maharashtra,0,0,0,135,consent_sign,3.5,0,2026-01-05 06:30:00
S007912,EE426792,iOS-HighEnd,Aadhaar,Karnataka,0,0,0,122,consent_sign,3.5,0,2026-02-20 07:01:00
S007913,91A17855,iOS-HighEnd,PAN,West Bengal,0,0,1,151,consent_sign,3.5,0,2026-02-07 13:44:00
S007914,C77AE3B1,iOS-HighEnd,PAN,Gujarat,0,0,0,135,consent_sign,3.5,0,2026-02-22 12:07:00
S007915,D2D07ACF,iOS-HighEnd,Passport,West Bengal,0,1,1,118,liveness_check,3.5,1,2026-01-05 10:33:00
S007916,3A96C7F5,Android-MidTier,Aadhaar,Karnataka,0,0,0,81,consent_sign,3.5,0,2026-02-17 08:19:00
S007917,24522EF6,Android-MidTier,Driving License,Tamil Nadu,0,0,0,102,consent_sign,3.5,0,2026-02-01 05:29:00
S007918,EF6739D2,Android-MidTier,Aadhaar,Delhi,0,1,1,136,liveness_check,3.5,1,2026-01-07 23:36:00
S007919,8A25CD95,Android-MidTier,Aadhaar,Gujarat,0,2,2,167,liveness_check,5.5,1,2026-02-03 17:07:00
S007920,C337ED45,Android-MidTier,Passport,Karnataka,0,0,0,2,registration,0.0,1,2026-02-21 06:23:00
S007921,D8A9E06F,Android-MidTier,Aadhaar,Karnataka,0,0,0,123,consent_sign,3.5,0,2026-01-17 08:59:00
S007922,132FDBA1,iOS-HighEnd,PAN,West Bengal,0,0,0,142,consent_sign,3.5,0,2026-01-25 04:30:00
S007923,27FACB5D,iOS-HighEnd,Driving License,Tamil Nadu,0,0,0,148,consent_sign,3.5,1,2026-01-11 17:02:00
S007924,7B5AAEA7,Android-MidTier,Passport,West Bengal,0,0,0,161,consent_sign,3.5,0,2026-02-13 12:40:00
S007925,1F8452FB,iOS-HighEnd,Aadhaar,Delhi,0,0,0,2,registration,0.0,1,2026-02-19 11:41:00
S007926,7AB417D6,Android-MidTier,Aadhaar,Delhi,1,1,2,208,liveness_check,5.0,1,2026-02-19 10:27:00
S007927,472678AC,iOS-HighEnd,Aadhaar,Tamil Nadu,0,0,0,114,consent_sign,3.5,0,2026-02-25 05:44:00
S007928,9E929F50,Android-Budget,Passport,Gujarat,0,0,0,94,consent_sign,3.5,0,2026-01-28 21:19:00
S007929,B8B75626,iOS-HighEnd,Driving License,Maharashtra,0,2,2,182,consent_sign,7.5,1,2026-01-27 06:42:00
S007930,6D1B5E96,iOS-HighEnd,Passport,West Bengal,0,0,0,92,consent_sign,3.5,0,2026-01-29 11:51:00
S007931,698F3072,Android-MidTier,PAN,Delhi,0,0,0,153,consent_sign,3.5,0,2026-02-02 15:50:00
S007932,DC29ACA7,iOS-HighEnd,PAN,Maharashtra,0,0,0,107,consent_sign,3.5,0,2026-01-17 14:41:00
S007933,F1F58294,Android-MidTier,Driving License,Karnataka,0,0,0,159,consent_sign,3.5,0,2026-01-08 03:18:00
S007934,51C680CA,Android-Budget,PAN,Karnataka,0,0,0,164,consent_sign,3.5,0,2026-01-15 14:09:00
S007935,2899E850,Android-MidTier,PAN,Gujarat,0,0,0,27,phone_otp,0.0,1,2026-01-24 07:40:00
S007936,A1B95E07,Android-Budget,Aadhaar,Maharashtra,1,0,1,204,consent_sign,5.0,0,2026-01-12 10:24:00
S007937,B381E8B0,Android-MidTier,Aadhaar,West Bengal,0,0,0,3,registration,0.0,1,2026-02-17 04:20:00
S007938,084A4052,iOS-HighEnd,Aadhaar,Gujarat,0,0,0,135,consent_sign,3.5,0,2026-02-01 10:09:00
S007939,0450F237,Android-MidTier,Driving License,West Bengal,1,0,1,194,consent_sign,5.0,0,2026-02-09 10:44:00
S007940,E7B4638B,Android-MidTier,Aadhaar,Gujarat,0,0,0,49,doc_upload,0.0,1,2026-02-09 23:26:00
S007941,907E5F2D,Android-MidTier,PAN,West Bengal,0,0,0,1,registration,0.0,1,2026-02-20 00:45:00
S007942,7393C675,Android-Budget,PAN,Gujarat,0,1,1,170,liveness_check,3.5,1,2026-01-19 16:39:00
S007943,C96E517F,Android-MidTier,Aadhaar,West Bengal,0,0,0,130,consent_sign,3.5,0,2026-01-11 18:07:00
S007944,5EF28433,Android-MidTier,Aadhaar,West Bengal,0,1,1,169,consent_sign,5.5,0,2026-01-07 03:25:00
S007945,C743EED3,Android-MidTier,Driving License,Tamil Nadu,0,0,0,136,consent_sign,3.5,0,2026-03-01 19:44:00
S007946,48F89E30,iOS-HighEnd,Passport,Tamil Nadu,0,0,0,151,consent_sign,3.5,0,2026-01-21 03:44:00
S007947,F21DFE36,iOS-HighEnd,PAN,Gujarat,0,0,0,122,consent_sign,3.5,0,2026-02-17 07:57:00
S007948,D771B446,iOS-HighEnd,Driving License,West Bengal,0,0,0,154,consent_sign,3.5,0,2026-01-18 23:59:00
S007949,CF61EA35,Android-Budget,Driving License,West Bengal,0,0,0,47,doc_upload,0.0,1,2026-01-13 02:02:00
S007950,00B30BDA,iOS-HighEnd,Driving License,Delhi,0,0,1,176,consent_sign,3.5,0,2026-01-06 07:22:00
S007951,0F34BD08,Android-MidTier,Passport,West Bengal,0,0,0,140,consent_sign,3.5,0,2026-01-09 13:03:00
S007952,C89A0CBD,iOS-HighEnd,PAN,Maharashtra,1,0,1,152,consent_sign,5.0,0,2026-01-02 16:44:00
S007953,350C559F,Android-Budget,Aadhaar,Tamil Nadu,0,0,0,1,registration,0.0,1,2026-02-24 03:38:00
S007954,BC9742D3,iOS-HighEnd,Driving License,Gujarat,0,0,0,122,consent_sign,3.5,0,2026-01-13 15:21:00
S007955,3AD782DC,iOS-HighEnd,Driving License,Delhi,0,0,0,136,consent_sign,3.5,0,2026-02-20 09:23:00
S007956,46B3138A,Android-MidTier,Aadhaar,Gujarat,1,0,1,98,doc_upload,1.5,1,2026-02-26 12:31:00
S007957,7D2E11BD,Android-MidTier,Driving License,Tamil Nadu,0,0,1,124,consent_sign,3.5,0,2026-01-30 04:40:00
S007958,0AE95EB4,Android-Budget,PAN,Gujarat,0,1,1,90,liveness_check,3.5,1,2026-02-17 19:36:00
S007959,18F1101E,iOS-HighEnd,Aadhaar,Karnataka,0,0,1,138,consent_sign,3.5,0,2026-01-23 20:16:00
S007960,5DC228D3,iOS-HighEnd,Passport,Karnataka,0,0,0,121,consent_sign,3.5,0,2026-02-24 23:27:00
S007961,97BE4AD9,Android-MidTier,Aadhaar,Gujarat,0,1,1,155,consent_sign,5.5,0,2026-02-17 23:23:00
S007962,1BB1CA48,Android-MidTier,Driving License,West Bengal,0,1,1,169,consent_sign,5.5,0,2026-01-08 07:24:00
S007963,0F90BFAA,Android-Budget,Passport,Gujarat,2,1,3,169,liveness_check,6.5,1,2026-01-23 13:13:00
S007964,8224153C,Android-MidTier,Passport,Delhi,0,0,0,142,consent_sign,3.5,0,2026-01-02 09:08:00
S007965,1A06CFF0,iOS-HighEnd,PAN,Karnataka,0,0,0,149,consent_sign,3.5,0,2026-01-07 08:55:00
S007966,B66E58A8,Android-MidTier,Aadhaar,Delhi,0,1,1,159,consent_sign,5.5,0,2026-01-15 08:31:00
S007967,F801A8BF,iOS-HighEnd,Passport,Delhi,0,0,0,2,registration,0.0,1,2026-02-28 09:16:00
S007968,49A85D9E,iOS-HighEnd,Driving License,Gujarat,0,0,0,114,consent_sign,3.5,0,2026-01-18 11:48:00
S007969,F431F8F1,Android-Budget,PAN,Delhi,0,1,1,145,consent_sign,5.5,0,2026-01-02 07:58:00
S007970,331212D1,Android-MidTier,Passport,Gujarat,0,0,0,4,registration,0.0,1,2026-01-04 06:52:00
S007971,1D3C9859,iOS-HighEnd,Passport,Gujarat,1,0,1,144,consent_sign,5.0,1,2026-01-22 17:46:00
S007972,0476444D,iOS-HighEnd,Aadhaar,Karnataka,0,2,2,192,consent_sign,7.5,0,2026-02-23 20:37:00
S007973,5953B5D4,iOS-HighEnd,Driving License,West Bengal,0,0,0,134,consent_sign,3.5,0,2026-01-16 09:19:00
S007974,AD2654A4,iOS-HighEnd,Driving License,West Bengal,0,0,0,125,consent_sign,3.5,0,2026-02-28 20:29:00
S007975,B41287FB,Android-MidTier,Passport,Maharashtra,0,1,1,177,consent_sign,5.5,0,2026-01-14 05:54:00
S007976,7F0544CA,Android-MidTier,Passport,Maharashtra,0,0,0,141,consent_sign,3.5,0,2026-01-13 22:02:00
S007977,8FAE987E,Android-MidTier,Aadhaar,Gujarat,0,0,1,34,registration,0.0,1,2026-02-14 06:42:00
S007978,FFF03027,Android-MidTier,Passport,Tamil Nadu,0,0,0,132,consent_sign,3.5,0,2026-01-19 04:16:00
S007979,C6E9C9C4,Android-MidTier,Driving License,Gujarat,0,0,0,125,consent_sign,3.5,0,2026-02-18 09:03:00
S007980,2815EB62,iOS-HighEnd,PAN,Gujarat,0,0,0,18,phone_otp,0.0,1,2026-02-03 11:38:00
S007981,F0514B1D,Android-Budget,Passport,Gujarat,3,0,3,190,doc_upload,4.5,1,2026-02-08 08:05:00
S007982,D69CD777,Android-MidTier,Aadhaar,Delhi,0,1,2,98,liveness_check,3.5,1,2026-01-26 23:44:00
S007983,6FD2B471,Android-Budget,PAN,West Bengal,1,0,2,102,doc_upload,1.5,1,2026-02-19 09:04:00
S007984,5A6D86BA,iOS-HighEnd,Aadhaar,Karnataka,0,0,0,104,consent_sign,3.5,1,2026-03-01 03:52:00
S007985,3D948AFD,iOS-HighEnd,Driving License,Karnataka,1,0,1,172,consent_sign,5.0,0,2026-02-05 01:36:00
S007986,DA8F55C4,iOS-HighEnd,Passport,Tamil Nadu,0,0,0,130,consent_sign,3.5,0,2026-02-22 09:07:00
S007987,0EBD9EEF,iOS-HighEnd,Aadhaar,West Bengal,0,0,0,148,consent_sign,3.5,0,2026-02-26 08:19:00
S007988,6A3098AA,Android-Budget,PAN,Maharashtra,0,1,1,125,liveness_check,3.5,1,2026-01-13 19:33:00
S007989,F70F8B81,iOS-HighEnd,Driving License,Gujarat,0,0,0,117,consent_sign,3.5,0,2026-01-25 21:46:00
S007990,066208B6,iOS-HighEnd,PAN,West Bengal,0,0,0,131,consent_sign,3.5,0,2026-01-17 18:03:00
S007991,1DD19A42,iOS-HighEnd,Aadhaar,Karnataka,0,0,0,98,consent_sign,3.5,0,2026-01-19 03:43:00
S007992,7C53CCB0,Android-MidTier,Driving License,Gujarat,1,0,1,165,consent_sign,5.0,0,2026-02-07 08:22:00
S007993,E9F746E7,iOS-HighEnd,PAN,Delhi,0,0,0,139,consent_sign,3.5,0,2026-01-09 07:53:00
S007994,BFBFF315,iOS-HighEnd,Driving License,Karnataka,0,1,1,180,consent_sign,5.5,0,2026-02-28 00:20:00
S007995,3C675934,Android-MidTier,Aadhaar,Gujarat,0,0,0,90,consent_sign,3.5,0,2026-02-17 18:27:00
S007996,8D522457,Android-Budget,Driving License,Tamil Nadu,2,0,2,237,consent_sign,6.5,0,2026-01-05 05:32:00
S007997,901B938F,Android-Budget,Aadhaar,Tamil Nadu,1,0,1,72,doc_upload,1.5,1,2026-01-12 02:34:00
S007998,B51F34B7,Android-Budget,Aadhaar,Karnataka,0,1,1,127,liveness_check,3.5,1,2026-03-01 12:43:00
S007999,92FCBAFC,iOS-HighEnd,PAN,Karnataka,0,0,0,126,consent_sign,3.5,0,2026-01-30 18:35:00
S008000,AAEF0591,Android-MidTier,Driving License,Delhi,0,0,0,148,consent_sign,3.5,0,2026-02-10 19:21:00
S008001,5111044C,Android-MidTier,Passport,Gujarat,0,0,0,164,consent_sign,3.5,0,2026-01-03 07:10:00
S008002,4169DE84,iOS-HighEnd,Passport,Maharashtra,0,0,1,147,consent_sign,3.5,0,2026-02-14 10:14:00
S008003,09B3ABBF,Android-MidTier,Driving License,Tamil Nadu,0,0,0,118,consent_sign,3.5,0,2026-01-31 03:06:00
S008004,A5868874,Android-MidTier,PAN,Delhi,2,0,2,256,consent_sign,6.5,1,2026-02-02 04:50:00
S008005,7F353843,iOS-HighEnd,Driving License,Gujarat,0,0,0,179,consent_sign,3.5,0,2026-02-27 02:03:00
S008006,C8880B2C,iOS-HighEnd,Driving License,West Bengal,1,0,1,211,consent_sign,5.0,0,2026-01-19 02:18:00
S008007,7E29BDDC,iOS-HighEnd,PAN,Tamil Nadu,1,1,2,180,liveness_check,5.0,1,2026-01-06 02:14:00
S008008,10AB9DB1,iOS-HighEnd,Passport,Karnataka,0,0,0,46,doc_upload,0.0,1,2026-01-12 00:35:00
S008009,706370C4,Android-MidTier,Aadhaar,Gujarat,1,0,2,215,consent_sign,5.0,0,2026-03-01 12:35:00
S008010,6A21AB97,Android-MidTier,PAN,Maharashtra,0,0,0,142,consent_sign,3.5,0,2026-02-08 09:53:00
S008011,BFF9E3B2,iOS-HighEnd,Driving License,Tamil Nadu,0,0,0,129,consent_sign,3.5,0,2026-03-01 23:39:00
S008012,E877A70D,Android-MidTier,PAN,Gujarat,0,0,0,4,registration,0.0,1,2026-01-07 17:17:00
S008013,260027AA,Android-MidTier,Aadhaar,Delhi,0,0,0,129,consent_sign,3.5,0,2026-01-22 20:17:00
S008014,F3DA143E,iOS-HighEnd,PAN,West Bengal,0,0,0,159,consent_sign,3.5,0,2026-02-17 16:02:00
S008015,922E3ABC,Android-MidTier,Driving License,Delhi,1,0,3,145,consent_sign,5.0,1,2026-02-08 03:39:00
S008016,D4B6F0F2,iOS-HighEnd,Passport,Karnataka,0,0,0,123,consent_sign,3.5,0,2026-02-23 03:40:00
S008017,6FD8440A,Android-MidTier,PAN,Karnataka,0,0,1,197,consent_sign,3.5,0,2026-01-10 01:19:00
S008018,B05AB6BF,Android-MidTier,PAN,West Bengal,1,0,1,204,consent_sign,5.0,0,2026-02-23 16:19:00
S008019,974A2447,Android-MidTier,Driving License,Delhi,0,0,0,136,consent_sign,3.5,0,2026-01-06 11:11:00
S008020,9186C2A1,iOS-HighEnd,PAN,Karnataka,0,0,0,110,consent_sign,3.5,0,2026-01-21 09:01:00
S008021,9C4CC0FD,iOS-HighEnd,PAN,Tamil Nadu,0,0,1,38,phone_otp,0.0,1,2026-02-26 20:45:00
S008022,11269F9E,Android-MidTier,Driving License,Gujarat,0,0,0,161,consent_sign,3.5,0,2026-02-17 03:07:00
S008023,439CF4F8,Android-MidTier,Passport,Maharashtra,0,0,0,112,consent_sign,3.5,1,2026-02-01 13:24:00
S008024,D91E7E1A,iOS-HighEnd,PAN,Maharashtra,0,0,0,4,registration,0.0,1,2026-01-07 17:02:00
S008025,23BAA2CA,iOS-HighEnd,Passport,Gujarat,0,0,0,103,consent_sign,3.5,0,2026-01-10 15:32:00
S008026,0D0D13D3,Android-MidTier,Aadhaar,West Bengal,0,0,0,129,consent_sign,3.5,0,2026-01-06 12:05:00
S008027,E7718E1B,Android-Budget,Driving License,Maharashtra,0,1,1,165,consent_sign,5.5,0,2026-01-06 17:59:00
S008028,1B0E93E1,iOS-HighEnd,Aadhaar,Karnataka,0,0,0,121,consent_sign,3.5,0,2026-01-14 01:33:00
S008029,D74D930E,iOS-HighEnd,Driving License,West Bengal,0,0,0,120,consent_sign,3.5,1,2026-02-11 11:53:00
S008030,A8C5840F,iOS-HighEnd,Driving License,Maharashtra,0,0,0,136,consent_sign,3.5,0,2026-02-14 05:37:00
S008031,A9129ABC,Android-MidTier,PAN,Tamil Nadu,0,0,1,134,consent_sign,3.5,0,2026-02-19 16:25:00
S008032,D980A784,iOS-HighEnd,PAN,Gujarat,0,0,0,121,consent_sign,3.5,0,2026-01-30 16:06:00
S008033,8BB61E76,iOS-HighEnd,Driving License,West Bengal,1,0,1,199,consent_sign,5.0,1,2026-02-26 13:45:00
S008034,156C992B,Android-MidTier,Driving License,Karnataka,0,2,2,147,liveness_check,5.5,1,2026-02-15 23:39:00
S008035,B3AA475C,Android-MidTier,Aadhaar,Delhi,0,0,0,125,consent_sign,3.5,0,2026-02-13 08:54:00
S008036,835108D8,iOS-HighEnd,Aadhaar,Karnataka,0,0,0,119,consent_sign,3.5,0,2026-03-01 14:10:00
S008037,FE389C35,Android-Budget,Driving License,Tamil Nadu,3,0,3,189,doc_upload,4.5,1,2026-02-26 13:52:00
S008038,E69CF4C8,Android-Budget,Passport,Karnataka,0,0,0,133,consent_sign,3.5,0,2026-02-10 13:16:00
S008039,15604EC8,iOS-HighEnd,PAN,Karnataka,0,0,0,34,phone_otp,0.0,1,2026-02-26 03:13:00
S008040,05BCDE63,Android-MidTier,Aadhaar,Tamil Nadu,0,0,0,50,doc_upload,0.0,1,2026-01-25 02:45:00
S008041,80EF2CCF,Android-MidTier,Aadhaar,Gujarat,0,0,0,165,consent_sign,3.5,0,2026-01-07 12:54:00
S008042,4A2E25A0,Android-MidTier,Driving License,Karnataka,0,1,1,89,liveness_check,3.5,1,2026-02-24 21:43:00
S008043,07D1316F,Android-Budget,PAN,Maharashtra,1,0,2,189,consent_sign,5.0,0,2026-02-12 04:08:00
S008044,121374EC,iOS-HighEnd,Aadhaar,Maharashtra,0,0,0,126,consent_sign,3.5,0,2026-02-03 04:00:00
S008045,6624F8ED,iOS-HighEnd,PAN,West Bengal,0,0,1,200,consent_sign,3.5,0,2026-02-08 08:12:00
S008046,88FC929A,iOS-HighEnd,Aadhaar,Maharashtra,0,0,0,2,registration,0.0,1,2026-01-20 20:42:00
S008047,1EC83CEB,iOS-HighEnd,Driving License,Delhi,0,0,0,126,consent_sign,3.5,0,2026-02-07 15:45:00
S008048,E2293661,Android-MidTier,Aadhaar,Maharashtra,0,0,0,164,consent_sign,3.5,0,2026-01-20 05:04:00
S008049,BCC93B94,Android-MidTier,PAN,Maharashtra,0,0,1,130,consent_sign,3.5,1,2026-01-23 09:27:00
S008050,FB9C7376,Android-MidTier,Driving License,Maharashtra,0,0,0,136,consent_sign,3.5,0,2026-02-19 10:36:00
S008051,5FB14F5B,iOS-HighEnd,Passport,Delhi,0,0,0,138,consent_sign,3.5,0,2026-01-18 03:27:00
S008052,8A02711E,Android-MidTier,Driving License,Delhi,0,1,1,155,consent_sign,5.5,0,2026-01-21 14:35:00
S008053,0693D01A,Android-Budget,Aadhaar,Delhi,0,1,1,148,consent_sign,5.5,0,2026-01-28 16:51:00
S008054,6B35A9B9,Android-MidTier,Passport,Karnataka,1,0,1,212,consent_sign,5.0,0,2026-01-16 10:16:00
S008055,AAA54056,Android-MidTier,PAN,West Bengal,1,1,2,223,liveness_check,5.0,1,2026-01-24 23:27:00
S008056,2E095630,Android-Budget,Driving License,Karnataka,0,0,0,135,consent_sign,3.5,0,2026-01-24 22:02:00
S008057,903CE3B1,Android-MidTier,PAN,Delhi,0,0,0,128,consent_sign,3.5,0,2026-02-18 21:13:00
S008058,673A0C97,Android-Budget,Aadhaar,Karnataka,0,1,1,163,consent_sign,5.5,0,2026-02-24 14:31:00
S008059,AB00FBA9,iOS-HighEnd,Aadhaar,Karnataka,0,0,0,95,consent_sign,3.5,0,2026-02-18 03:55:00
S008060,82CA3AC9,Android-Budget,Driving License,Karnataka,0,0,0,99,consent_sign,3.5,0,2026-01-16 19:28:00
S008061,D1303A7A,iOS-HighEnd,Passport,Gujarat,0,0,0,121,consent_sign,3.5,0,2026-02-18 13:20:00
S008062,2A545726,iOS-HighEnd,Passport,Gujarat,1,0,2,184,consent_sign,5.0,0,2026-01-31 08:52:00
S008063,8F47C5AE,Android-MidTier,Driving License,Delhi,0,0,0,119,consent_sign,3.5,0,2026-02-02 19:19:00
S008064,769EB31C,Android-MidTier,Driving License,Gujarat,0,0,0,3,registration,0.0,1,2026-02-22 11:01:00
S008065,941EDDF9,iOS-HighEnd,Passport,Tamil Nadu,0,0,1,182,consent_sign,3.5,0,2026-02-04 00:09:00
S008066,EE2291EF,Android-MidTier,Aadhaar,Gujarat,0,0,0,155,consent_sign,3.5,0,2026-01-06 12:05:00
S008067,A2A8D37D,Android-MidTier,Passport,Tamil Nadu,0,0,2,156,consent_sign,3.5,0,2026-01-06 15:01:00
S008068,96BE541B,Android-Budget,PAN,Delhi,1,0,1,174,consent_sign,5.0,0,2026-02-19 23:27:00
S008069,1E2F9C71,Android-Budget,PAN,Delhi,0,0,0,153,consent_sign,3.5,0,2026-01-13 12:30:00
S008070,16A3CE4E,Android-MidTier,PAN,Karnataka,0,0,0,96,consent_sign,3.5,0,2026-01-02 23:48:00
S008071,1CCC575E,Android-MidTier,Aadhaar,Maharashtra,0,0,0,90,consent_sign,3.5,1,2026-01-06 11:40:00
S008072,7E8E148B,Android-MidTier,PAN,West Bengal,1,0,1,189,consent_sign,5.0,0,2026-02-21 17:29:00
S008073,3F843C8F,Android-Budget,Aadhaar,Maharashtra,1,0,2,161,consent_sign,5.0,0,2026-02-20 15:05:00
S008074,AC97E067,Android-MidTier,Passport,Gujarat,0,0,0,113,consent_sign,3.5,0,2026-01-26 15:52:00
S008075,8D9F42BC,Android-MidTier,Passport,Gujarat,0,0,1,119,consent_sign,3.5,0,2026-02-07 16:26:00
S008076,B90DB373,Android-MidTier,Passport,West Bengal,0,2,2,207,consent_sign,7.5,0,2026-02-23 10:08:00
S008077,C76E8E04,iOS-HighEnd,Driving License,Tamil Nadu,0,0,0,132,consent_sign,3.5,0,2026-01-28 06:48:00
S008078,CC40D3A5,iOS-HighEnd,Aadhaar,Karnataka,0,0,0,149,consent_sign,3.5,0,2026-02-16 05:51:00
S008079,AB86FC70,iOS-HighEnd,Driving License,Delhi,0,0,0,24,phone_otp,0.0,1,2026-02-25 07:58:00
S008080,4AF83592,Android-MidTier,Driving License,Tamil Nadu,0,0,0,122,consent_sign,3.5,0,2026-01-19 01:40:00
S008081,9AD0AFDC,iOS-HighEnd,Passport,Maharashtra,0,0,0,107,consent_sign,3.5,1,2026-01-17 16:23:00
S008082,A3C05D75,iOS-HighEnd,Driving License,Delhi,0,0,0,141,consent_sign,3.5,0,2026-02-18 18:57:00
S008083,60562765,iOS-HighEnd,Driving License,Delhi,0,0,0,137,consent_sign,3.5,0,2026-02-19 07:05:00
S008084,B8692E43,Android-MidTier,PAN,Tamil Nadu,0,0,0,109,consent_sign,3.5,0,2026-01-26 22:42:00
S008085,6DE72534,Android-MidTier,Driving License,Maharashtra,1,0,1,178,consent_sign,5.0,0,2026-02-18 08:52:00
S008086,82FECFDC,Android-MidTier,Aadhaar,Gujarat,0,0,0,129,consent_sign,3.5,0,2026-02-12 20:05:00
S008087,71A67925,iOS-HighEnd,Aadhaar,Delhi,0,0,0,2,registration,0.0,1,2026-03-01 20:10:00
S008088,56885791,Android-MidTier,Aadhaar,Gujarat,0,1,1,116,liveness_check,3.5,1,2026-02-22 04:15:00
S008089,28E9209E,Android-MidTier,Driving License,Delhi,0,1,1,142,consent_sign,5.5,0,2026-02-13 05:03:00
S008090,947AB584,Android-Budget,Aadhaar,Gujarat,0,0,0,110,consent_sign,3.5,0,2026-02-14 07:30:00
S008091,A15C6648,Android-MidTier,Driving License,Karnataka,0,0,0,32,phone_otp,0.0,1,2026-01-09 18:26:00
S008092,8BF54FA8,iOS-HighEnd,PAN,West Bengal,0,0,0,122,consent_sign,3.5,0,2026-01-20 15:52:00
S008093,F7B8A5E4,iOS-HighEnd,PAN,West Bengal,0,0,0,120,consent_sign,3.5,0,2026-02-01 05:06:00
S008094,C7569B9B,Android-Budget,Driving License,Maharashtra,1,0,1,175,consent_sign,5.0,0,2026-02-23 02:12:00
S008095,666EF491,Android-Budget,PAN,Tamil Nadu,0,1,1,133,consent_sign,5.5,0,2026-02-13 20:47:00
S008096,3A5B10FF,Android-Budget,Aadhaar,Delhi,0,0,1,49,phone_otp,0.0,1,2026-02-12 21:48:00
S008097,6F97AEBD,iOS-HighEnd,PAN,Tamil Nadu,0,0,0,33,phone_otp,0.0,1,2026-01-27 08:23:00
S008098,652B1328,iOS-HighEnd,Driving License,West Bengal,0,0,0,142,consent_sign,3.5,0,2026-02-26 20:33:00
S008099,FCCE4FB6,Android-Budget,Driving License,Delhi,0,1,1,101,liveness_check,3.5,1,2026-02-18 17:03:00
S008100,9A18E6BB,Android-Budget,Driving License,Gujarat,0,0,0,135,consent_sign,3.5,0,2026-02-23 05:36:00
S008101,05A562A9,iOS-HighEnd,PAN,Gujarat,0,0,1,149,consent_sign,3.5,0,2026-01-12 00:46:00
S008102,16D49F2D,Android-MidTier,Aadhaar,Delhi,0,0,0,136,consent_sign,3.5,0,2026-02-16 06:23:00
S008103,FFAB82A0,Android-MidTier,Driving License,Gujarat,0,0,0,154,consent_sign,3.5,0,2026-02-15 05:39:00
S008104,E5642B96,iOS-HighEnd,PAN,Maharashtra,0,0,0,147,consent_sign,3.5,1,2026-01-21 00:56:00
S008105,3F8F9DA4,iOS-HighEnd,Passport,Karnataka,0,0,0,84,consent_sign,3.5,0,2026-01-24 12:23:00
S008106,FCB4EE27,iOS-HighEnd,PAN,Karnataka,0,0,0,2,registration,0.0,1,2026-01-04 14:37:00
S008107,29CA6E42,Android-MidTier,Driving License,Maharashtra,0,0,0,121,consent_sign,3.5,0,2026-01-24 17:31:00
S008108,345EC501,iOS-HighEnd,PAN,Gujarat,0,0,0,130,consent_sign,3.5,0,2026-01-30 17:01:00
S008109,3B8EE0E0,Android-MidTier,Aadhaar,Maharashtra,0,1,1,139,consent_sign,5.5,0,2026-02-20 03:36:00
S008110,685A9A7C,Android-MidTier,Driving License,Maharashtra,0,0,0,155,consent_sign,3.5,0,2026-01-11 16:15:00
S008111,2FC3BB1C,Android-MidTier,Aadhaar,Gujarat,0,0,0,125,consent_sign,3.5,0,2026-02-25 12:11:00
S008112,EB19071B,Android-MidTier,PAN,Maharashtra,0,0,0,126,consent_sign,3.5,1,2026-02-10 23:30:00
S008113,82D3C040,Android-Budget,Passport,Maharashtra,0,0,0,159,consent_sign,3.5,0,2026-01-19 10:05:00
S008114,C79E46AE,iOS-HighEnd,Driving License,Gujarat,0,0,0,120,consent_sign,3.5,0,2026-02-17 07:14:00
S008115,E8F66646,Android-MidTier,Driving License,Karnataka,0,0,0,123,consent_sign,3.5,0,2026-02-13 17:28:00
S008116,F4C621EF,iOS-HighEnd,Driving License,Tamil Nadu,0,1,1,160,consent_sign,5.5,0,2026-01-29 01:00:00
S008117,7EDF1D61,iOS-HighEnd,PAN,West Bengal,0,0,0,127,consent_sign,3.5,0,2026-01-07 00:54:00
S008118,9DC4805F,iOS-HighEnd,PAN,Karnataka,0,0,0,129,consent_sign,3.5,0,2026-01-31 11:37:00
S008119,A6792090,Android-MidTier,Aadhaar,Delhi,0,1,1,158,consent_sign,5.5,0,2026-02-15 18:49:00
S008120,B26F8BB2,iOS-HighEnd,PAN,West Bengal,0,0,1,147,consent_sign,3.5,0,2026-02-22 02:08:00
S008121,C9A692F0,Android-Budget,Aadhaar,Delhi,0,0,0,136,consent_sign,3.5,0,2026-01-07 09:52:00
S008122,D85A4E1A,Android-Budget,Driving License,Karnataka,1,0,1,93,doc_upload,1.5,1,2026-02-24 15:56:00
S008123,BD86A1AB,Android-Budget,Driving License,Delhi,0,0,1,193,consent_sign,3.5,0,2026-01-23 02:05:00
S008124,EE6D7A27,Android-MidTier,Aadhaar,Gujarat,0,0,0,187,consent_sign,3.5,0,2026-02-26 07:58:00
S008125,840AA19C,Android-Budget,Passport,Delhi,1,0,1,84,doc_upload,1.5,1,2026-02-15 12:06:00
S008126,98343EAD,Android-Budget,Aadhaar,Maharashtra,1,1,2,208,consent_sign,7.0,0,2026-02-11 19:00:00
S008127,8BEF5D54,Android-MidTier,Aadhaar,Maharashtra,0,0,1,127,consent_sign,3.5,0,2026-02-03 16:23:00
S008128,8A81B778,iOS-HighEnd,Passport,Maharashtra,0,0,0,158,consent_sign,3.5,0,2026-02-26 05:01:00
S008129,00BAE133,Android-MidTier,Passport,West Bengal,0,0,1,149,consent_sign,3.5,0,2026-02-13 15:25:00
S008130,D554FADF,Android-MidTier,Driving License,Delhi,0,0,0,102,consent_sign,3.5,0,2026-01-10 09:58:00
S008131,4580EE86,Android-Budget,PAN,Delhi,2,0,2,227,consent_sign,6.5,0,2026-01-16 17:40:00
S008132,69E83561,Android-MidTier,Aadhaar,Tamil Nadu,0,1,2,165,consent_sign,5.5,0,2026-02-18 04:19:00
S008133,1AC62A63,Android-MidTier,Passport,Karnataka,0,0,0,131,consent_sign,3.5,0,2026-01-21 13:31:00
S008134,53921935,Android-MidTier,PAN,Karnataka,0,0,0,93,consent_sign,3.5,1,2026-02-01 10:20:00
S008135,64FF3D41,Android-MidTier,Driving License,Maharashtra,1,0,1,106,doc_upload,1.5,1,2026-01-13 15:26:00
S008136,43D8C607,Android-MidTier,Passport,Karnataka,0,0,0,103,consent_sign,3.5,0,2026-01-03 07:13:00
S008137,A9C55FF9,Android-MidTier,Driving License,West Bengal,1,0,1,79,doc_upload,1.5,1,2026-01-15 17:43:00
S008138,EA467D0D,Android-MidTier,Passport,Maharashtra,0,0,0,107,consent_sign,3.5,0,2026-01-27 04:06:00
S008139,94EEDA02,Android-Budget,PAN,Tamil Nadu,0,0,0,165,consent_sign,3.5,0,2026-01-30 11:39:00
S008140,8CAF728A,iOS-HighEnd,PAN,Tamil Nadu,0,0,0,147,consent_sign,3.5,0,2026-01-15 00:23:00
S008141,81B89C44,Android-MidTier,Driving License,Karnataka,1,0,1,188,consent_sign,5.0,0,2026-01-21 18:55:00
S008142,B04DEE79,Android-MidTier,PAN,Karnataka,0,0,1,148,consent_sign,3.5,0,2026-01-04 18:40:00
S008143,53CBAD6C,Android-MidTier,Aadhaar,Gujarat,0,0,0,116,consent_sign,3.5,0,2026-01-23 20:00:00
S008144,FA98F0CF,Android-MidTier,Passport,Delhi,0,1,1,182,consent_sign,5.5,0,2026-01-17 09:34:00
S008145,0C9EF5AA,iOS-HighEnd,Aadhaar,Maharashtra,0,0,2,166,consent_sign,3.5,0,2026-02-07 07:30:00
S008146,2280229D,iOS-HighEnd,Aadhaar,West Bengal,0,0,2,70,phone_otp,0.0,1,2026-01-31 00:27:00
S008147,2E3A9584,Android-MidTier,PAN,Delhi,0,0,0,132,consent_sign,3.5,0,2026-01-07 05:52:00
S008148,C7F2A172,Android-MidTier,Aadhaar,Delhi,0,0,1,161,consent_sign,3.5,0,2026-01-10 05:20:00
S008149,3F13D74A,Android-Budget,Driving License,Maharashtra,1,1,2,150,liveness_check,5.0,1,2026-01-21 15:03:00
S008150,E39F95A1,Android-MidTier,Driving License,Karnataka,0,0,0,120,consent_sign,3.5,0,2026-02-10 07:50:00
S008151,1D0707AA,iOS-HighEnd,Passport,Maharashtra,0,0,0,103,consent_sign,3.5,0,2026-02-22 22:57:00
S008152,6C27CA62,iOS-HighEnd,PAN,West Bengal,0,0,0,142,consent_sign,3.5,0,2026-01-26 03:09:00
S008153,3A21356C,Android-Budget,Driving License,Gujarat,0,0,0,3,registration,0.0,1,2026-02-25 05:51:00
S008154,C0B15CA3,iOS-HighEnd,Aadhaar,Maharashtra,0,0,0,102,consent_sign,3.5,0,2026-02-20 02:23:00
S008155,65173BC6,Android-Budget,Passport,Delhi,0,0,0,85,consent_sign,3.5,1,2026-02-28 06:04:00
S008156,3FA1292A,Android-MidTier,Aadhaar,Maharashtra,0,1,1,131,consent_sign,5.5,0,2026-02-11 01:50:00
S008157,A5CA5367,iOS-HighEnd,Driving License,Gujarat,0,0,0,160,consent_sign,3.5,0,2026-02-11 15:22:00
S008158,944AF6A6,iOS-HighEnd,PAN,Karnataka,0,0,0,99,consent_sign,3.5,0,2026-02-26 05:10:00
S008159,99786DC1,iOS-HighEnd,Aadhaar,Gujarat,0,1,1,109,liveness_check,3.5,1,2026-01-10 00:05:00
S008160,01F73517,Android-MidTier,Aadhaar,Gujarat,0,0,0,143,consent_sign,3.5,0,2026-01-21 12:41:00
S008161,A7F3CF5C,iOS-HighEnd,Driving License,West Bengal,0,2,2,237,consent_sign,7.5,0,2026-01-01 09:28:00
S008162,CE972144,Android-MidTier,Passport,West Bengal,0,0,0,129,consent_sign,3.5,0,2026-02-10 14:27:00
S008163,F8A5764A,Android-MidTier,Passport,Gujarat,0,0,1,159,consent_sign,3.5,0,2026-01-16 03:09:00
S008164,0C0575AB,Android-MidTier,Passport,Karnataka,0,0,1,110,consent_sign,3.5,1,2026-01-03 22:01:00
S008165,FFA6DF21,Android-Budget,PAN,West Bengal,0,0,0,132,consent_sign,3.5,0,2026-01-04 02:43:00
S008166,46230245,Android-MidTier,PAN,Karnataka,1,1,2,247,consent_sign,7.0,0,2026-02-22 06:02:00
S008167,DC8F79C8,Android-Budget,PAN,Delhi,0,0,0,35,doc_upload,0.0,1,2026-01-10 20:28:00
S008168,6E6C4C64,iOS-HighEnd,PAN,Maharashtra,0,0,0,129,consent_sign,3.5,0,2026-01-09 14:35:00
S008169,53AE0BCE,Android-MidTier,Aadhaar,Karnataka,1,0,1,204,consent_sign,5.0,0,2026-01-02 15:56:00
S008170,296DA4CD,Android-Budget,PAN,Gujarat,1,1,2,212,liveness_check,5.0,1,2026-01-07 21:34:00
S008171,EE6FC3F3,iOS-HighEnd,Aadhaar,Delhi,0,0,0,154,consent_sign,3.5,0,2026-02-18 22:57:00
S008172,DD7C5485,Android-MidTier,Aadhaar,Delhi,0,0,0,148,consent_sign,3.5,0,2026-01-05 09:19:00
S008173,716EBE56,Android-MidTier,Aadhaar,Karnataka,1,0,1,201,consent_sign,5.0,0,2026-01-31 08:55:00
S008174,07789DAE,iOS-HighEnd,Passport,Tamil Nadu,0,0,0,124,consent_sign,3.5,0,2026-02-14 23:02:00
S008175,F3F73D69,iOS-HighEnd,Driving License,Tamil Nadu,0,1,1,118,liveness_check,3.5,1,2026-03-01 15:41:00
S008176,F6FA5EB6,iOS-HighEnd,PAN,Maharashtra,0,0,0,152,consent_sign,3.5,0,2026-01-23 13:12:00
S008177,81A4DCE0,iOS-HighEnd,Aadhaar,Delhi,0,0,0,120,consent_sign,3.5,1,2026-01-30 13:57:00
S008178,6CD6B9E1,iOS-HighEnd,PAN,Gujarat,1,0,1,159,consent_sign,5.0,0,2026-01-19 15:48:00
S008179,C84042F9,Android-MidTier,Aadhaar,West Bengal,0,0,0,133,consent_sign,3.5,0,2026-02-27 10:16:00
S008180,6789278D,Android-MidTier,PAN,West Bengal,0,0,0,1,registration,0.0,1,2026-02-05 12:11:00
S008181,217C82B1,Android-MidTier,Aadhaar,Maharashtra,0,0,0,1,registration,0.0,1,2026-03-01 04:52:00
S008182,C53A8DA2,Android-MidTier,Passport,Gujarat,0,1,2,178,consent_sign,5.5,0,2026-02-26 15:55:00
S008183,4A086284,iOS-HighEnd,Aadhaar,Maharashtra,1,0,1,162,consent_sign,5.0,0,2026-02-16 09:39:00
S008184,A1F3A5BC,iOS-HighEnd,Aadhaar,Maharashtra,0,0,0,160,consent_sign,3.5,0,2026-01-05 20:42:00
S008185,58D687F6,iOS-HighEnd,Driving License,Maharashtra,0,1,1,149,consent_sign,5.5,0,2026-01-20 05:41:00
S008186,02580DCB,iOS-HighEnd,Driving License,Delhi,0,0,0,150,consent_sign,3.5,0,2026-02-01 04:03:00
S008187,6CED484E,iOS-HighEnd,Driving License,Maharashtra,0,0,0,3,registration,0.0,1,2026-02-04 17:45:00
S008188,1E50661F,Android-MidTier,PAN,West Bengal,0,0,0,153,consent_sign,3.5,0,2026-02-19 05:02:00
S008189,2E58E57A,Android-MidTier,PAN,West Bengal,0,0,0,147,consent_sign,3.5,0,2026-02-22 18:18:00
S008190,73B171E5,iOS-HighEnd,Passport,West Bengal,0,0,0,92,consent_sign,3.5,0,2026-02-07 21:49:00
S008191,7A761F37,Android-Budget,Driving License,West Bengal,0,0,0,75,consent_sign,3.5,0,2026-02-26 14:11:00
S008192,4F848C31,iOS-HighEnd,Driving License,Delhi,1,0,1,171,consent_sign,5.0,0,2026-03-01 11:39:00
S008193,50E5B83B,Android-Budget,Aadhaar,Delhi,0,0,0,149,consent_sign,3.5,0,2026-02-06 15:27:00
S008194,071A8D53,iOS-HighEnd,PAN,West Bengal,0,0,0,106,consent_sign,3.5,0,2026-02-16 08:56:00
S008195,47EB1172,Android-MidTier,Driving License,West Bengal,0,0,1,41,phone_otp,0.0,1,2026-01-08 10:26:00
S008196,17A0FBA1,iOS-HighEnd,Aadhaar,Delhi,0,0,0,137,consent_sign,3.5,0,2026-01-30 10:46:00
S008197,DA0EB3C3,Android-MidTier,Passport,Gujarat,0,1,2,188,consent_sign,5.5,0,2026-02-03 16:43:00
S008198,404EB634,iOS-HighEnd,Driving License,Delhi,0,0,0,106,consent_sign,3.5,1,2026-01-08 05:02:00
S008199,A3B0E3DA,Android-MidTier,Aadhaar,Tamil Nadu,0,0,0,129,consent_sign,3.5,0,2026-01-17 08:36:00
S008200,01910880,Android-MidTier,Aadhaar,Maharashtra,1,0,1,83,doc_upload,1.5,1,2026-02-13 01:01:00
S008201,896F07E5,Android-MidTier,Passport,Maharashtra,0,1,1,154,consent_sign,5.5,0,2026-02-16 16:23:00
S008202,96BC3F42,iOS-HighEnd,Driving License,Karnataka,0,0,0,122,consent_sign,3.5,0,2026-01-09 05:08:00
S008203,7B2FF249,Android-MidTier,Aadhaar,Gujarat,0,1,1,156,consent_sign,5.5,0,2026-01-26 00:57:00
S008204,8F0F7109,Android-MidTier,PAN,Tamil Nadu,0,1,1,172,consent_sign,5.5,0,2026-01-25 01:08:00
S008205,14420114,Android-MidTier,PAN,Karnataka,0,0,0,132,consent_sign,3.5,0,2026-02-26 08:51:00
S008206,E1EA1D2E,Android-MidTier,PAN,Delhi,0,0,0,4,registration,0.0,1,2026-01-29 15:11:00
S008207,EE4401C9,iOS-HighEnd,PAN,Gujarat,1,0,1,174,consent_sign,5.0,0,2026-02-08 09:04:00
S008208,EE550E96,Android-MidTier,Driving License,Maharashtra,0,0,0,2,registration,0.0,1,2026-01-12 16:29:00
S008209,22897671,iOS-HighEnd,Passport,West Bengal,0,0,0,135,consent_sign,3.5,0,2026-03-01 07:51:00
S008210,CAE322C3,iOS-HighEnd,Driving License,West Bengal,0,0,0,114,consent_sign,3.5,0,2026-03-02 02:37:00
S008211,A37AE656,Android-MidTier,Passport,West Bengal,0,0,1,173,consent_sign,3.5,0,2026-01-16 17:00:00
S008212,25B3CC2E,iOS-HighEnd,PAN,Delhi,0,1,1,165,consent_sign,5.5,0,2026-02-10 07:22:00
S008213,2A24CAB7,Android-Budget,Aadhaar,Delhi,1,0,1,98,doc_upload,1.5,1,2026-01-26 11:46:00
S008214,40508324,iOS-HighEnd,Aadhaar,Gujarat,0,0,0,55,doc_upload,0.0,1,2026-02-02 19:33:00
S008215,E26E750F,iOS-HighEnd,Passport,Delhi,0,0,0,146,consent_sign,3.5,1,2026-01-24 09:16:00
S008216,6E19F773,Android-Budget,Passport,Maharashtra,0,0,0,101,liveness_check,1.5,1,2026-01-29 21:20:00
S008217,BAC043CA,iOS-HighEnd,Passport,Gujarat,0,0,0,139,consent_sign,3.5,1,2026-01-30 19:19:00
S008218,8844276D,iOS-HighEnd,PAN,Karnataka,0,0,0,137,consent_sign,3.5,0,2026-01-25 05:12:00
S008219,59B0D399,iOS-HighEnd,Aadhaar,Karnataka,0,0,1,126,consent_sign,3.5,0,2026-01-24 20:03:00
S008220,2B36B6F5,Android-Budget,Aadhaar,West Bengal,0,3,3,204,consent_sign,7.5,0,2026-02-07 04:54:00
S008221,F2AF577D,iOS-HighEnd,PAN,Gujarat,0,1,1,142,liveness_check,3.5,1,2026-01-04 14:30:00
S008222,20BF262B,Android-MidTier,Aadhaar,Delhi,0,0,0,166,consent_sign,3.5,0,2026-01-27 09:45:00
S008223,B1D8EA69,iOS-HighEnd,PAN,Gujarat,0,0,0,157,consent_sign,3.5,0,2026-01-22 00:41:00
S008224,53054058,Android-MidTier,Passport,West Bengal,0,0,0,163,consent_sign,3.5,0,2026-02-10 12:59:00
S008225,CC02AE53,Android-MidTier,Driving License,Tamil Nadu,2,0,2,225,consent_sign,6.5,0,2026-02-20 04:19:00
S008226,44B2E5AA,iOS-HighEnd,Passport,Gujarat,0,0,1,129,consent_sign,3.5,0,2026-03-02 03:28:00
S008227,F1CF851B,iOS-HighEnd,PAN,Gujarat,0,0,0,148,consent_sign,3.5,0,2026-02-06 22:34:00
S008228,A71F4B37,Android-Budget,Aadhaar,Maharashtra,0,2,2,222,consent_sign,7.5,0,2026-01-07 20:09:00
S008229,779BFEE4,Android-MidTier,Aadhaar,Gujarat,1,0,1,202,consent_sign,5.0,0,2026-01-20 14:21:00
S008230,DEAFD27F,Android-Budget,Passport,Maharashtra,1,0,1,216,consent_sign,5.0,0,2026-01-09 15:09:00
S008231,13A2DC03,iOS-HighEnd,Aadhaar,Maharashtra,0,0,0,118,consent_sign,3.5,0,2026-03-01 01:54:00
S008232,318C6EE8,Android-MidTier,Aadhaar,West Bengal,1,0,1,197,consent_sign,5.0,0,2026-01-15 00:50:00
S008233,FC16F82A,Android-MidTier,PAN,Delhi,0,0,0,86,consent_sign,3.5,0,2026-01-17 05:24:00
S008234,898A52E0,Android-MidTier,Passport,Delhi,0,0,0,154,consent_sign,3.5,0,2026-01-02 04:11:00
S008235,BB20FEA4,iOS-HighEnd,PAN,West Bengal,0,0,0,17,phone_otp,0.0,1,2026-02-18 23:59:00
S008236,F0A968A6,iOS-HighEnd,Passport,Karnataka,0,0,0,134,consent_sign,3.5,0,2026-02-04 07:04:00
S008237,FBB8D9FE,Android-MidTier,PAN,Maharashtra,0,0,0,148,consent_sign,3.5,0,2026-01-21 11:39:00
S008238,E6B31A27,Android-Budget,PAN,Delhi,2,0,2,137,doc_upload,3.0,1,2026-02-20 04:15:00
S008239,34CEC306,iOS-HighEnd,Passport,Gujarat,2,0,2,214,consent_sign,6.5,0,2026-01-28 07:04:00
S008240,A522F92F,Android-MidTier,Driving License,Gujarat,0,0,1,150,consent_sign,3.5,0,2026-01-16 01:37:00
S008241,2A966A13,iOS-HighEnd,Passport,Delhi,0,0,0,106,consent_sign,3.5,0,2026-01-23 12:09:00
S008242,310E8AED,iOS-HighEnd,Passport,Tamil Nadu,0,0,0,121,consent_sign,3.5,0,2026-01-16 04:05:00
S008243,89F515E0,Android-MidTier,Driving License,Delhi,0,0,0,109,consent_sign,3.5,0,2026-02-15 01:47:00
S008244,D1D46F58,iOS-HighEnd,Aadhaar,West Bengal,0,0,0,142,consent_sign,3.5,0,2026-01-11 17:04:00
S008245,5A878212,Android-Budget,Passport,Tamil Nadu,0,0,0,26,phone_otp,0.0,1,2026-01-11 02:09:00
S008246,8AFB9FF3,Android-Budget,Aadhaar,Tamil Nadu,1,0,1,75,doc_upload,1.5,1,2026-02-27 11:50:00
S008247,1138B544,Android-MidTier,PAN,West Bengal,0,0,0,130,consent_sign,3.5,0,2026-02-09 02:58:00
S008248,F65A5AA3,Android-MidTier,Driving License,Delhi,0,0,1,154,consent_sign,3.5,0,2026-01-03 21:43:00
S008249,41431647,iOS-HighEnd,Passport,Tamil Nadu,0,0,0,9,phone_otp,0.0,1,2026-02-06 19:10:00
S008250,31C1B3F3,iOS-HighEnd,Passport,Tamil Nadu,0,0,0,107,consent_sign,3.5,1,2026-02-26 09:51:00
S008251,FE8C686A,Android-MidTier,PAN,Karnataka,0,0,0,140,consent_sign,3.5,0,2026-03-01 02:47:00
S008252,53332E5D,Android-MidTier,Driving License,Karnataka,0,0,0,137,consent_sign,3.5,0,2026-02-18 14:13:00
S008253,D46A1235,iOS-HighEnd,PAN,Karnataka,0,0,0,161,consent_sign,3.5,0,2026-01-23 07:09:00
S008254,E4CFB2F3,iOS-HighEnd,Passport,West Bengal,0,0,0,200,consent_sign,3.5,0,2026-02-18 08:47:00
S008255,3AC1B782,iOS-HighEnd,Driving License,Delhi,0,0,0,121,consent_sign,3.5,0,2026-02-01 01:46:00
S008256,0927D2FC,Android-MidTier,Driving License,Karnataka,0,0,0,129,consent_sign,3.5,0,2026-01-20 16:19:00
S008257,B3338169,Android-Budget,PAN,West Bengal,1,1,2,227,consent_sign,7.0,0,2026-02-06 02:39:00
S008258,1A950F3E,Android-MidTier,Aadhaar,Maharashtra,0,0,1,187,consent_sign,3.5,0,2026-03-01 01:36:00
S008259,DF61DBE1,iOS-HighEnd,Passport,Gujarat,0,0,0,151,consent_sign,3.5,0,2026-01-29 06:29:00
S008260,8151EF6C,Android-Budget,Driving License,West Bengal,0,0,0,141,consent_sign,3.5,0,2026-02-13 23:11:00
S008261,112458E5,Android-Budget,Aadhaar,Gujarat,1,1,3,236,consent_sign,7.0,0,2026-01-16 17:08:00
S008262,FD28750F,iOS-HighEnd,Driving License,Maharashtra,1,0,1,136,consent_sign,5.0,1,2026-01-10 09:06:00
S008263,411FEB55,Android-MidTier,PAN,Tamil Nadu,0,0,0,155,consent_sign,3.5,0,2026-01-03 22:28:00
S008264,5C05DCEE,Android-MidTier,Aadhaar,Karnataka,1,1,2,189,consent_sign,7.0,0,2026-01-02 14:16:00
S008265,0DB1565D,Android-MidTier,PAN,Tamil Nadu,0,0,0,4,registration,0.0,1,2026-02-10 01:14:00
S008266,D1C76CF1,Android-Budget,Passport,West Bengal,0,0,0,130,consent_sign,3.5,0,2026-01-05 21:25:00
S008267,B03D3665,iOS-HighEnd,PAN,Gujarat,0,0,0,132,consent_sign,3.5,0,2026-01-19 19:26:00
S008268,9E9A3E83,iOS-HighEnd,PAN,Maharashtra,0,0,1,170,consent_sign,3.5,0,2026-02-19 01:48:00
S008269,C8C67501,Android-MidTier,PAN,Maharashtra,0,0,0,159,consent_sign,3.5,0,2026-02-17 07:06:00
S008270,A44C26D4,Android-Budget,Passport,Maharashtra,1,0,1,124,consent_sign,5.0,0,2026-02-17 02:48:00
S008271,E90C961C,Android-Budget,Driving License,Gujarat,0,0,0,144,consent_sign,3.5,0,2026-01-06 16:12:00
S008272,520C31D3,Android-Budget,Driving License,Maharashtra,0,1,2,151,liveness_check,3.5,1,2026-02-24 02:41:00
S008273,1F92BDC9,iOS-HighEnd,PAN,Delhi,2,0,2,211,consent_sign,6.5,0,2026-01-29 13:26:00
S008274,F5D92B55,iOS-HighEnd,PAN,Gujarat,0,0,0,150,consent_sign,3.5,0,2026-02-14 19:07:00
S008275,41659D74,iOS-HighEnd,Passport,Maharashtra,0,1,1,171,consent_sign,5.5,0,2026-02-14 14:02:00
S008276,62D0ABCD,Android-MidTier,Driving License,Gujarat,0,0,0,169,consent_sign,3.5,0,2026-02-10 17:04:00
S008277,944BAD04,iOS-HighEnd,Aadhaar,Maharashtra,1,0,1,180,consent_sign,5.0,0,2026-01-15 13:37:00
S008278,8716F0B3,Android-MidTier,Passport,Gujarat,0,0,1,59,phone_otp,0.0,1,2026-02-15 23:42:00
S008279,E282338D,Android-Budget,Passport,West Bengal,1,0,1,127,doc_upload,1.5,1,2026-02-07 20:26:00
S008280,994E4303,Android-MidTier,Passport,West Bengal,0,0,0,48,doc_upload,0.0,1,2026-02-10 20:52:00
S008281,FC3B8F4D,Android-Budget,PAN,Tamil Nadu,0,0,1,152,consent_sign,3.5,0,2026-02-02 08:33:00
S008282,B3FCE44C,Android-MidTier,PAN,Delhi,1,0,1,129,liveness_check,3.0,1,2026-01-12 07:28:00
S008283,1ACA9CF6,iOS-HighEnd,Passport,Tamil Nadu,1,0,1,209,consent_sign,5.0,0,2026-01-01 08:15:00
S008284,AE57927F,iOS-HighEnd,Driving License,Karnataka,0,0,0,123,consent_sign,3.5,0,2026-02-17 10:17:00
S008285,3B8879A2,iOS-HighEnd,Aadhaar,Delhi,0,0,0,108,consent_sign,3.5,1,2026-02-24 21:21:00
S008286,DCA21033,Android-Budget,Passport,Tamil Nadu,1,0,1,152,consent_sign,5.0,0,2026-02-05 13:01:00
S008287,8A5ABC61,Android-MidTier,Driving License,Delhi,0,1,2,143,consent_sign,5.5,0,2026-02-21 08:30:00
S008288,B5E18851,Android-Budget,Driving License,Tamil Nadu,1,0,1,144,consent_sign,5.0,0,2026-01-09 19:51:00
S008289,21D7EF88,Android-Budget,Driving License,Gujarat,0,1,1,128,consent_sign,5.5,0,2026-01-22 13:55:00
S008290,8E86F9B2,iOS-HighEnd,Passport,West Bengal,0,0,0,127,consent_sign,3.5,0,2026-02-23 22:26:00
S008291,73146DAE,Android-MidTier,Aadhaar,Maharashtra,0,0,0,131,consent_sign,3.5,0,2026-02-24 00:36:00
S008292,3CFF13AA,iOS-HighEnd,PAN,Karnataka,0,0,0,149,consent_sign,3.5,0,2026-02-08 16:15:00
S008293,26A4850D,Android-MidTier,Aadhaar,Maharashtra,1,0,2,205,consent_sign,5.0,0,2026-01-13 21:44:00
S008294,A564EE98,Android-Budget,Aadhaar,Delhi,2,1,3,198,liveness_check,6.5,1,2026-01-23 15:53:00
S008295,07B38E70,Android-MidTier,PAN,Tamil Nadu,0,0,0,135,consent_sign,3.5,0,2026-01-24 06:39:00
S008296,2838C714,iOS-HighEnd,PAN,West Bengal,0,0,0,128,consent_sign,3.5,0,2026-02-26 02:10:00
S008297,35C87983,iOS-HighEnd,Driving License,Tamil Nadu,0,0,0,34,phone_otp,0.0,1,2026-02-15 01:19:00
S008298,DDEF6430,iOS-HighEnd,PAN,Tamil Nadu,2,0,2,201,consent_sign,6.5,0,2026-01-19 00:23:00
S008299,B6315C55,Android-MidTier,Passport,Karnataka,0,0,0,81,liveness_check,1.5,1,2026-02-04 09:13:00
S008300,364B9AA2,iOS-HighEnd,PAN,West Bengal,0,0,0,150,consent_sign,3.5,0,2026-02-12 20:32:00
S008301,0B76D6F7,Android-MidTier,Aadhaar,Maharashtra,0,0,0,23,phone_otp,0.0,1,2026-01-05 01:19:00
S008302,2F63A62D,Android-Budget,Passport,Karnataka,0,0,0,128,consent_sign,3.5,0,2026-02-01 01:15:00
S008303,008A7385,Android-MidTier,Passport,Karnataka,0,2,2,164,liveness_check,5.5,1,2026-02-08 12:22:00
S008304,85A33467,Android-MidTier,PAN,West Bengal,0,0,0,133,consent_sign,3.5,0,2026-02-24 11:10:00
S008305,61208478,iOS-HighEnd,Passport,Karnataka,1,0,1,167,consent_sign,5.0,0,2026-01-19 05:28:00
S008306,07A1012A,Android-Budget,Driving License,Maharashtra,0,0,0,26,phone_otp,0.0,1,2026-01-21 09:40:00
S008307,98CC3E26,Android-MidTier,PAN,Gujarat,0,0,0,129,consent_sign,3.5,0,2026-02-16 03:43:00
S008308,EB67A72C,Android-MidTier,Driving License,West Bengal,0,0,0,138,consent_sign,3.5,0,2026-01-03 15:35:00
S008309,B7017485,Android-MidTier,Driving License,Delhi,2,0,2,236,consent_sign,6.5,0,2026-02-09 23:07:00
S008310,8C38C18B,Android-MidTier,Driving License,West Bengal,0,0,1,172,consent_sign,3.5,0,2026-02-11 02:46:00
S008311,30794BD3,Android-MidTier,Passport,Gujarat,0,0,0,98,consent_sign,3.5,0,2026-01-17 10:40:00
S008312,17CAF26B,Android-MidTier,Aadhaar,West Bengal,1,0,1,210,consent_sign,5.0,0,2026-02-12 04:16:00
S008313,B97938AC,Android-Budget,Driving License,Karnataka,0,0,0,133,consent_sign,3.5,0,2026-01-08 05:52:00
S008314,4A13B17C,iOS-HighEnd,Aadhaar,Tamil Nadu,0,0,0,116,consent_sign,3.5,0,2026-01-10 02:57:00
S008315,3E74BA44,Android-Budget,Aadhaar,Delhi,0,0,0,141,consent_sign,3.5,0,2026-02-15 02:15:00
S008316,96F22A06,Android-Budget,PAN,Delhi,2,0,2,209,consent_sign,6.5,0,2026-01-08 00:09:00
S008317,C9425B82,iOS-HighEnd,Passport,Gujarat,0,0,0,139,consent_sign,3.5,0,2026-01-06 01:17:00
S008318,C87533E5,Android-MidTier,PAN,Karnataka,1,1,3,188,consent_sign,7.0,0,2026-02-03 18:50:00
S008319,8CE285DB,Android-MidTier,Aadhaar,Gujarat,0,0,0,2,registration,0.0,1,2026-02-01 05:21:00
S008320,509AC91F,iOS-HighEnd,Aadhaar,Gujarat,1,1,2,163,liveness_check,5.0,1,2026-01-02 17:26:00
S008321,FB81519B,iOS-HighEnd,PAN,Tamil Nadu,1,0,1,220,consent_sign,5.0,0,2026-02-26 14:54:00
S008322,AD20C3FA,Android-MidTier,Passport,Maharashtra,0,1,1,202,consent_sign,5.5,0,2026-01-26 12:42:00
S008323,00EF3377,Android-Budget,Passport,West Bengal,1,0,1,95,doc_upload,1.5,1,2026-01-23 01:48:00
S008324,FE9D21C3,iOS-HighEnd,Aadhaar,Tamil Nadu,0,0,1,171,consent_sign,3.5,0,2026-01-25 18:29:00
S008325,C068A64C,Android-MidTier,PAN,Karnataka,0,0,0,120,consent_sign,3.5,0,2026-01-29 02:21:00
S008326,00E5EBAF,Android-Budget,Driving License,Delhi,0,0,0,132,consent_sign,3.5,0,2026-01-23 20:49:00
S008327,47691DCB,iOS-HighEnd,PAN,Tamil Nadu,1,0,1,211,consent_sign,5.0,0,2026-01-06 07:41:00
S008328,BE007552,Android-Budget,PAN,Karnataka,0,2,2,192,consent_sign,7.5,0,2026-01-10 08:26:00
S008329,D586FF50,iOS-HighEnd,Aadhaar,West Bengal,0,0,0,146,consent_sign,3.5,0,2026-01-19 14:49:00
S008330,E7270909,iOS-HighEnd,Driving License,Delhi,0,0,0,113,consent_sign,3.5,0,2026-01-08 16:46:00
S008331,6ECF4FF1,iOS-HighEnd,Passport,Karnataka,0,1,1,174,consent_sign,5.5,0,2026-02-28 19:12:00
S008332,63D2B7C6,iOS-HighEnd,Driving License,Tamil Nadu,0,0,0,126,consent_sign,3.5,0,2026-01-29 07:03:00
S008333,12E63E97,iOS-HighEnd,Passport,Delhi,0,0,0,61,doc_upload,0.0,1,2026-01-17 03:14:00
S008334,649AD218,Android-Budget,Driving License,Gujarat,1,0,1,46,doc_upload,1.5,1,2026-02-14 22:44:00
S008335,DE14B989,Android-Budget,Aadhaar,Gujarat,0,0,0,136,consent_sign,3.5,0,2026-01-09 01:49:00
S008336,B43E9061,Android-Budget,Driving License,West Bengal,0,0,0,1,registration,0.0,1,2026-01-15 11:13:00
S008337,F14DFB3E,Android-MidTier,Driving License,Tamil Nadu,0,0,0,1,registration,0.0,1,2026-02-20 09:49:00
S008338,0067EAA6,Android-MidTier,Passport,Maharashtra,0,2,2,118,liveness_check,5.5,1,2026-02-01 19:39:00
S008339,52ED2487,iOS-HighEnd,PAN,Gujarat,0,0,0,133,consent_sign,3.5,0,2026-01-27 22:39:00
S008340,D164D651,iOS-HighEnd,Driving License,Delhi,0,0,0,157,consent_sign,3.5,0,2026-01-05 12:20:00
S008341,44D44ECA,Android-MidTier,PAN,Delhi,0,0,0,141,consent_sign,3.5,0,2026-01-31 22:55:00
S008342,0ABDBCD1,Android-MidTier,Aadhaar,West Bengal,0,1,1,116,liveness_check,3.5,1,2026-01-29 18:52:00
S008343,5E065732,Android-MidTier,Passport,West Bengal,0,0,0,124,consent_sign,3.5,0,2026-01-10 01:00:00
S008344,31D46873,iOS-HighEnd,Aadhaar,Karnataka,0,0,0,133,consent_sign,3.5,0,2026-01-29 21:14:00
S008345,33CA11EE,iOS-HighEnd,Aadhaar,West Bengal,0,0,0,154,consent_sign,3.5,0,2026-01-04 18:43:00
S008346,60BF684E,Android-MidTier,PAN,Karnataka,0,0,0,115,consent_sign,3.5,0,2026-01-22 14:53:00
S008347,9089BCFD,Android-Budget,PAN,Maharashtra,0,0,0,142,consent_sign,3.5,0,2026-02-18 08:15:00
S008348,636F1E3D,iOS-HighEnd,Driving License,West Bengal,0,0,0,147,consent_sign,3.5,0,2026-02-04 01:48:00
S008349,03F2FFE0,iOS-HighEnd,Driving License,Gujarat,1,0,1,181,consent_sign,5.0,0,2026-02-04 16:23:00
S008350,6EF68419,Android-MidTier,Driving License,Karnataka,0,0,0,23,phone_otp,0.0,1,2026-02-15 12:44:00
S008351,E5D0111F,Android-MidTier,Passport,Karnataka,1,0,1,184,consent_sign,5.0,0,2026-01-23 18:59:00
S008352,78F45889,Android-Budget,PAN,Maharashtra,0,0,0,2,registration,0.0,1,2026-02-01 08:08:00
S008353,A910C002,iOS-HighEnd,PAN,West Bengal,0,0,0,125,consent_sign,3.5,0,2026-01-17 22:46:00
S008354,9D470A35,iOS-HighEnd,Passport,Delhi,0,1,1,142,consent_sign,5.5,0,2026-02-27 09:18:00
S008355,5EF993C3,Android-MidTier,Driving License,West Bengal,0,0,0,111,consent_sign,3.5,0,2026-01-23 20:36:00
S008356,2E3C7679,Android-Budget,Driving License,Gujarat,0,0,0,141,consent_sign,3.5,0,2026-01-08 23:35:00
S008357,13D94AD0,Android-Budget,Passport,West Bengal,1,0,2,179,consent_sign,5.0,0,2026-02-22 03:47:00
S008358,6086A5F3,iOS-HighEnd,Passport,Gujarat,0,0,0,142,consent_sign,3.5,0,2026-02-19 23:39:00
S008359,3C9B7CD1,Android-MidTier,Aadhaar,Maharashtra,1,0,1,91,doc_upload,1.5,1,2026-01-03 20:17:00
S008360,16440645,Android-Budget,PAN,Delhi,0,0,0,120,consent_sign,3.5,0,2026-01-10 06:38:00
S008361,B39844F4,iOS-HighEnd,Driving License,Tamil Nadu,0,1,1,116,liveness_check,3.5,1,2026-02-07 11:35:00
S008362,745D8729,Android-Budget,PAN,Gujarat,0,0,1,19,registration,0.0,1,2026-02-16 22:14:00
S008363,85A0429C,Android-Budget,Driving License,Delhi,0,1,1,120,liveness_check,3.5,1,2026-01-09 16:11:00
S008364,DF681283,Android-MidTier,Passport,Karnataka,1,0,2,113,doc_upload,1.5,1,2026-02-16 22:40:00
S008365,4D7F6DFB,Android-MidTier,Driving License,West Bengal,0,0,0,122,consent_sign,3.5,0,2026-02-05 05:53:00
S008366,DAD2E66E,iOS-HighEnd,Driving License,Tamil Nadu,0,0,0,164,consent_sign,3.5,0,2026-01-23 07:25:00
S008367,FAFB6C18,iOS-HighEnd,Driving License,Tamil Nadu,0,0,0,123,consent_sign,3.5,0,2026-02-26 10:44:00
S008368,EF3CFC8F,Android-MidTier,Passport,Karnataka,0,0,1,150,consent_sign,3.5,0,2026-01-22 19:52:00
S008369,C8B1EF8C,iOS-HighEnd,Aadhaar,Tamil Nadu,1,0,1,63,doc_upload,1.5,1,2026-01-23 03:45:00
S008370,82AFEA66,iOS-HighEnd,Driving License,Karnataka,0,0,0,145,consent_sign,3.5,0,2026-01-11 19:15:00
S008371,1E26BC3D,iOS-HighEnd,PAN,Maharashtra,0,0,0,130,consent_sign,3.5,0,2026-02-15 16:53:00
S008372,4A7109C6,iOS-HighEnd,PAN,Gujarat,1,0,1,100,doc_upload,1.5,1,2026-01-27 20:08:00
S008373,BF79DCB6,iOS-HighEnd,Driving License,Maharashtra,0,0,0,43,doc_upload,0.0,1,2026-01-10 07:33:00
S008374,6295B041,iOS-HighEnd,Passport,Karnataka,0,0,2,174,consent_sign,3.5,0,2026-02-02 04:22:00
S008375,131AD6FA,Android-Budget,Aadhaar,Maharashtra,0,1,1,189,consent_sign,5.5,0,2026-02-26 16:24:00
S008376,CC1791F8,iOS-HighEnd,PAN,Tamil Nadu,0,0,0,172,consent_sign,3.5,0,2026-02-08 00:07:00
S008377,250801C0,iOS-HighEnd,Driving License,West Bengal,0,0,0,152,consent_sign,3.5,0,2026-01-20 14:17:00
S008378,B67819FF,iOS-HighEnd,Driving License,Tamil Nadu,0,0,0,150,consent_sign,3.5,0,2026-01-19 12:00:00
S008379,2344F207,iOS-HighEnd,Driving License,Delhi,0,0,0,145,consent_sign,3.5,0,2026-02-13 07:59:00
S008380,29A7F041,iOS-HighEnd,Passport,Gujarat,0,0,1,139,consent_sign,3.5,0,2026-02-10 19:31:00
S008381,7A3F4573,iOS-HighEnd,Passport,Gujarat,0,0,1,165,consent_sign,3.5,0,2026-01-30 13:35:00
S008382,130F0872,Android-MidTier,Aadhaar,Tamil Nadu,0,0,0,140,consent_sign,3.5,0,2026-01-13 00:59:00
S008383,B506AA35,Android-MidTier,Driving License,Delhi,0,0,0,150,consent_sign,3.5,0,2026-01-21 09:41:00
S008384,E245ED74,Android-MidTier,Aadhaar,Delhi,0,0,0,145,consent_sign,3.5,0,2026-02-16 11:42:00
S008385,5DCF19AA,Android-Budget,Driving License,Gujarat,2,0,2,250,consent_sign,6.5,0,2026-01-08 16:21:00
S008386,1AF0BB95,iOS-HighEnd,Aadhaar,Tamil Nadu,0,0,0,122,consent_sign,3.5,0,2026-02-06 09:09:00
S008387,AE570403,iOS-HighEnd,Passport,Delhi,0,0,0,151,consent_sign,3.5,0,2026-02-26 14:44:00
S008388,D55C41B2,iOS-HighEnd,Aadhaar,West Bengal,0,0,0,161,consent_sign,3.5,0,2026-02-23 12:34:00
S008389,6F63DEF8,Android-Budget,Passport,Karnataka,1,0,3,190,consent_sign,5.0,0,2026-02-25 21:05:00
S008390,00BD2562,Android-MidTier,Driving License,Karnataka,0,0,0,2,registration,0.0,1,2026-01-25 04:33:00
S008391,2057111F,Android-MidTier,PAN,Delhi,0,0,0,118,consent_sign,3.5,0,2026-02-25 11:47:00
S008392,7F37C8F7,iOS-HighEnd,PAN,Maharashtra,0,0,0,195,consent_sign,3.5,0,2026-01-18 12:51:00
S008393,9313EA0F,iOS-HighEnd,Driving License,West Bengal,0,1,1,123,liveness_check,3.5,1,2026-01-28 15:43:00
S008394,0CBE735D,Android-MidTier,Driving License,West Bengal,0,0,0,138,consent_sign,3.5,0,2026-01-23 01:22:00
S008395,3834E80B,Android-MidTier,Aadhaar,West Bengal,0,0,0,1,registration,0.0,1,2026-01-14 10:08:00
S008396,57988711,Android-Budget,PAN,Tamil Nadu,0,1,1,200,consent_sign,5.5,0,2026-02-19 02:35:00
S008397,0D86FF36,Android-MidTier,Driving License,Karnataka,0,1,1,118,liveness_check,3.5,1,2026-01-20 02:59:00
S008398,D3C8ACCA,Android-Budget,Driving License,Maharashtra,0,0,0,142,consent_sign,3.5,1,2026-01-21 05:13:00
S008399,DD50F7E7,Android-Budget,Aadhaar,Tamil Nadu,0,0,0,137,consent_sign,3.5,0,2026-01-24 22:57:00
S008400,80CB135D,Android-MidTier,Passport,Maharashtra,0,0,0,93,consent_sign,3.5,0,2026-01-23 14:42:00
S008401,9C6C3C4E,Android-MidTier,PAN,Delhi,0,0,0,157,consent_sign,3.5,0,2026-01-23 09:06:00
S008402,E2AEBD53,iOS-HighEnd,Driving License,Maharashtra,0,0,0,157,consent_sign,3.5,0,2026-01-28 03:48:00
S008403,0EF40214,iOS-HighEnd,Driving License,West Bengal,0,0,0,179,consent_sign,3.5,0,2026-01-15 17:52:00
S008404,A6E62C01,Android-MidTier,PAN,Maharashtra,0,0,0,142,consent_sign,3.5,0,2026-02-11 12:26:00
S008405,84471DFA,Android-MidTier,Passport,West Bengal,0,0,0,143,consent_sign,3.5,0,2026-02-07 19:54:00
S008406,430679D8,iOS-HighEnd,Driving License,Tamil Nadu,0,1,1,133,consent_sign,5.5,0,2026-03-01 21:13:00
S008407,17101A77,iOS-HighEnd,Aadhaar,Tamil Nadu,0,0,0,125,consent_sign,3.5,0,2026-01-07 03:54:00
S008408,128E92AD,iOS-HighEnd,Driving License,West Bengal,0,0,1,134,consent_sign,3.5,0,2026-01-08 12:30:00
S008409,8AD09042,Android-Budget,PAN,Gujarat,0,0,0,79,consent_sign,3.5,0,2026-01-28 04:46:00
S008410,C5BDE81D,Android-MidTier,Passport,West Bengal,0,0,1,146,consent_sign,3.5,0,2026-02-15 15:46:00
S008411,10DF8C94,iOS-HighEnd,Driving License,West Bengal,0,1,1,128,liveness_check,3.5,1,2026-03-01 22:47:00
S008412,F1668E89,Android-Budget,PAN,Tamil Nadu,0,0,0,137,consent_sign,3.5,0,2026-02-11 20:19:00
S008413,C0C86A82,Android-MidTier,PAN,West Bengal,0,0,0,89,consent_sign,3.5,1,2026-02-09 14:52:00
S008414,1DBD3A83,Android-MidTier,Driving License,West Bengal,0,1,1,140,consent_sign,5.5,0,2026-01-02 17:24:00
S008415,0043384A,Android-MidTier,Passport,Delhi,0,1,1,122,liveness_check,3.5,1,2026-01-19 21:48:00
S008416,76BD0773,Android-MidTier,Passport,Karnataka,0,0,0,121,consent_sign,3.5,0,2026-01-13 15:21:00
S008417,FB26699F,iOS-HighEnd,PAN,Karnataka,0,1,1,141,consent_sign,5.5,0,2026-03-01 16:36:00
S008418,50A2C011,Android-MidTier,Passport,Gujarat,1,0,2,223,consent_sign,5.0,0,2026-01-03 20:34:00
S008419,BF5E39FB,Android-Budget,PAN,Gujarat,0,0,0,24,phone_otp,0.0,1,2026-02-07 23:54:00
S008420,5CDBB28B,iOS-HighEnd,PAN,Gujarat,0,0,0,142,consent_sign,3.5,0,2026-01-22 13:17:00
S008421,DCB8C9A0,Android-MidTier,PAN,Maharashtra,0,0,0,144,consent_sign,3.5,0,2026-01-24 10:39:00
S008422,D220F704,Android-MidTier,Driving License,Gujarat,0,0,0,118,consent_sign,3.5,0,2026-02-16 02:44:00
S008423,0B39C366,iOS-HighEnd,Aadhaar,West Bengal,0,0,0,115,consent_sign,3.5,1,2026-01-24 21:37:00
S008424,CF460215,Android-MidTier,PAN,Gujarat,0,1,1,137,consent_sign,5.5,0,2026-02-05 05:38:00
S008425,AE344B14,iOS-HighEnd,Passport,West Bengal,0,0,0,4,registration,0.0,1,2026-01-01 22:37:00
S008426,7BDEB381,Android-Budget,Aadhaar,Gujarat,0,0,0,1,registration,0.0,1,2026-01-15 04:57:00
S008427,D4796110,iOS-HighEnd,Aadhaar,Karnataka,0,0,0,147,consent_sign,3.5,0,2026-02-24 11:44:00
S008428,E093E2CF,Android-Budget,Driving License,Gujarat,0,1,1,159,liveness_check,3.5,1,2026-01-01 23:31:00
S008429,4FF02A31,Android-MidTier,Driving License,Delhi,0,0,0,100,consent_sign,3.5,0,2026-01-19 17:49:00
S008430,B2F9FA1A,Android-Budget,Driving License,Maharashtra,0,0,0,93,consent_sign,3.5,0,2026-02-01 07:19:00
S008431,A5571020,Android-Budget,Passport,Gujarat,0,1,2,209,consent_sign,5.5,0,2026-01-09 14:32:00
S008432,859B6EE4,Android-Budget,Driving License,Maharashtra,0,0,0,113,consent_sign,3.5,0,2026-02-24 10:55:00
S008433,8E2A4C5A,iOS-HighEnd,Driving License,Tamil Nadu,0,0,0,132,consent_sign,3.5,0,2026-01-17 02:06:00
S008434,DB82B67D,iOS-HighEnd,Driving License,Tamil Nadu,0,0,0,154,consent_sign,3.5,0,2026-01-05 20:42:00
S008435,985D94C0,iOS-HighEnd,Aadhaar,Delhi,0,0,0,117,consent_sign,3.5,0,2026-01-07 09:01:00
S008436,78E33D35,Android-Budget,Aadhaar,Gujarat,0,0,1,170,consent_sign,3.5,0,2026-01-09 02:44:00
S008437,D619E0CE,Android-Budget,PAN,Karnataka,0,0,0,2,registration,0.0,1,2026-02-05 21:07:00
S008438,9FD90541,Android-MidTier,Passport,Karnataka,0,0,1,147,consent_sign,3.5,0,2026-01-21 12:31:00
S008439,ECFA60C9,Android-MidTier,PAN,Maharashtra,0,0,0,154,consent_sign,3.5,0,2026-02-16 06:50:00
S008440,33C25E62,Android-Budget,Driving License,West Bengal,0,1,1,128,liveness_check,3.5,1,2026-01-30 07:59:00
S008441,89D5E178,iOS-HighEnd,Aadhaar,Karnataka,0,0,0,142,consent_sign,3.5,0,2026-02-25 22:58:00
S008442,C5404BE9,iOS-HighEnd,Aadhaar,Tamil Nadu,0,0,0,131,consent_sign,3.5,0,2026-02-17 22:58:00
S008443,0917F2D6,Android-Budget,Passport,West Bengal,1,0,1,111,doc_upload,1.5,1,2026-01-08 05:00:00
S008444,275AC9D6,iOS-HighEnd,Driving License,Delhi,0,0,0,118,consent_sign,3.5,0,2026-02-11 14:22:00
S008445,A9FB1B54,iOS-HighEnd,PAN,Gujarat,0,0,0,155,consent_sign,3.5,0,2026-02-15 01:30:00
S008446,AF4219DD,Android-Budget,Passport,Maharashtra,0,2,2,169,consent_sign,7.5,0,2026-01-08 13:21:00
S008447,E47472D0,Android-MidTier,Driving License,Tamil Nadu,0,0,0,129,consent_sign,3.5,0,2026-01-26 05:00:00
S008448,E1B3B9D1,iOS-HighEnd,Driving License,Gujarat,0,0,0,145,consent_sign,3.5,0,2026-02-17 15:17:00
S008449,5C253A40,iOS-HighEnd,Aadhaar,West Bengal,0,0,0,103,consent_sign,3.5,0,2026-02-25 04:06:00
S008450,C391A132,iOS-HighEnd,Passport,Gujarat,0,0,0,36,doc_upload,0.0,1,2026-01-17 21:12:00
S008451,565F8687,iOS-HighEnd,Aadhaar,Delhi,0,0,0,17,phone_otp,0.0,1,2026-01-20 07:45:00
S008452,6BB17A8B,Android-MidTier,Passport,Delhi,0,1,1,180,consent_sign,5.5,0,2026-02-19 21:44:00
S008453,DCAEEDCD,iOS-HighEnd,Aadhaar,Karnataka,0,0,0,129,consent_sign,3.5,0,2026-02-07 18:26:00
S008454,6F77CC54,Android-MidTier,Passport,Karnataka,0,0,1,174,consent_sign,3.5,0,2026-02-08 10:07:00
S008455,72A35369,Android-MidTier,PAN,Gujarat,0,0,0,1,registration,0.0,1,2026-02-13 15:59:00
S008456,38124F7F,Android-MidTier,Aadhaar,Maharashtra,0,0,0,167,consent_sign,3.5,0,2026-02-04 03:32:00
S008457,4059D846,Android-Budget,PAN,Maharashtra,1,1,2,199,consent_sign,7.0,0,2026-01-20 19:48:00
S008458,8ABCB652,Android-Budget,Driving License,Maharashtra,0,0,0,23,phone_otp,0.0,1,2026-01-01 21:12:00
S008459,4DBB5559,Android-MidTier,Passport,Tamil Nadu,1,1,3,190,liveness_check,5.0,1,2026-01-05 15:57:00
S008460,CCDA08BF,Android-MidTier,Driving License,Karnataka,0,0,0,1,registration,0.0,1,2026-02-12 07:58:00
S008461,FB3CD9C8,iOS-HighEnd,PAN,Tamil Nadu,0,0,0,104,consent_sign,3.5,0,2026-01-06 23:42:00
S008462,F81379F3,Android-MidTier,Driving License,Karnataka,0,0,0,155,consent_sign,3.5,0,2026-02-15 07:04:00
S008463,EA3DBC37,Android-Budget,PAN,Tamil Nadu,1,0,1,87,doc_upload,1.5,1,2026-02-04 13:49:00
S008464,54B279CD,iOS-HighEnd,Passport,West Bengal,0,0,0,110,consent_sign,3.5,0,2026-01-12 03:56:00
S008465,D0F95340,Android-MidTier,PAN,Tamil Nadu,0,0,0,119,consent_sign,3.5,0,2026-01-27 10:54:00
S008466,B4666D99,Android-Budget,Passport,Tamil Nadu,0,0,0,106,consent_sign,3.5,0,2026-02-04 16:04:00
S008467,72F0B90D,iOS-HighEnd,Driving License,Tamil Nadu,0,0,0,153,consent_sign,3.5,0,2026-01-24 22:44:00
S008468,147EEB2D,Android-MidTier,Passport,Karnataka,0,0,0,46,doc_upload,0.0,1,2026-01-06 19:39:00
S008469,28D217D6,Android-MidTier,Passport,Gujarat,0,0,0,171,consent_sign,3.5,0,2026-01-05 05:13:00
S008470,BAABF7EC,Android-MidTier,PAN,West Bengal,0,0,0,132,consent_sign,3.5,0,2026-01-12 00:03:00
S008471,08B52947,Android-Budget,PAN,West Bengal,1,0,1,164,consent_sign,5.0,0,2026-01-24 05:20:00
S008472,E6FE01CC,Android-MidTier,Passport,Gujarat,2,0,2,173,doc_upload,3.0,1,2026-01-13 15:54:00
S008473,0AE19E7E,Android-MidTier,PAN,Maharashtra,0,0,0,118,consent_sign,3.5,0,2026-01-10 10:54:00
S008474,4F39A47F,iOS-HighEnd,Driving License,Gujarat,0,0,0,147,consent_sign,3.5,0,2026-01-17 16:58:00
S008475,FD780916,Android-Budget,Passport,Karnataka,0,0,0,147,consent_sign,3.5,0,2026-02-19 01:24:00
S008476,3BCB4F32,iOS-HighEnd,Driving License,Gujarat,0,0,0,150,consent_sign,3.5,0,2026-01-15 23:40:00
S008477,FF2D10F4,iOS-HighEnd,Passport,Karnataka,0,0,0,117,consent_sign,3.5,0,2026-02-03 19:32:00
S008478,81EC334F,iOS-HighEnd,PAN,West Bengal,0,0,0,109,consent_sign,3.5,0,2026-01-23 23:35:00
S008479,99DCE819,iOS-HighEnd,Passport,Tamil Nadu,1,0,1,184,consent_sign,5.0,0,2026-01-10 01:45:00
S008480,246F5C1D,iOS-HighEnd,PAN,Delhi,0,0,0,110,consent_sign,3.5,0,2026-01-06 11:43:00
S008481,B443CDA3,Android-Budget,PAN,Gujarat,0,0,1,125,consent_sign,3.5,0,2026-01-18 03:12:00
S008482,6399C513,Android-MidTier,Driving License,Tamil Nadu,0,1,1,155,consent_sign,5.5,0,2026-01-20 06:36:00
S008483,2D598B9D,iOS-HighEnd,Aadhaar,Gujarat,0,0,0,115,consent_sign,3.5,0,2026-01-05 22:50:00
S008484,67F7ABA4,iOS-HighEnd,PAN,Maharashtra,0,0,0,146,consent_sign,3.5,0,2026-02-07 15:00:00
S008485,EB5C4ED8,iOS-HighEnd,Driving License,Karnataka,0,0,0,105,consent_sign,3.5,0,2026-01-30 17:41:00
S008486,EB7FB03E,Android-MidTier,Passport,Tamil Nadu,0,0,0,74,consent_sign,3.5,0,2026-01-08 13:05:00
S008487,F0C46591,Android-Budget,Aadhaar,Karnataka,1,0,1,98,doc_upload,1.5,1,2026-03-01 17:55:00
S008488,FF8ABFC0,iOS-HighEnd,Passport,West Bengal,0,0,0,124,consent_sign,3.5,1,2026-02-07 04:57:00
S008489,AAB76DD1,Android-MidTier,Passport,West Bengal,0,0,0,143,consent_sign,3.5,0,2026-02-21 13:08:00
S008490,E6AF993C,Android-MidTier,PAN,West Bengal,0,0,0,138,consent_sign,3.5,0,2026-02-18 14:57:00
S008491,E66CCF4A,iOS-HighEnd,PAN,Gujarat,0,0,1,139,consent_sign,3.5,0,2026-01-22 13:39:00
S008492,F644404D,Android-MidTier,Driving License,Karnataka,0,0,0,130,consent_sign,3.5,0,2026-01-27 01:37:00
S008493,DC247A02,iOS-HighEnd,PAN,Karnataka,0,0,0,148,consent_sign,3.5,0,2026-01-13 09:52:00
S008494,B31B58FA,iOS-HighEnd,PAN,Maharashtra,0,0,1,158,consent_sign,3.5,0,2026-02-10 20:00:00
S008495,51CB3F06,Android-MidTier,Passport,Delhi,0,0,1,115,consent_sign,3.5,0,2026-02-28 22:26:00
S008496,DCE202F5,iOS-HighEnd,Aadhaar,West Bengal,0,0,0,129,consent_sign,3.5,0,2026-01-27 02:42:00
S008497,E810C030,Android-MidTier,PAN,Delhi,0,0,0,124,consent_sign,3.5,0,2026-01-09 12:32:00
S008498,CC464BB8,iOS-HighEnd,Aadhaar,Gujarat,0,1,1,186,consent_sign,5.5,0,2026-02-24 04:21:00
S008499,96944FA8,iOS-HighEnd,PAN,West Bengal,0,0,1,146,consent_sign,3.5,0,2026-02-24 09:57:00
S008500,E3FE266B,Android-MidTier,Aadhaar,Delhi,0,0,0,110,consent_sign,3.5,0,2026-02-13 05:10:00
S008501,7024CF94,iOS-HighEnd,Driving License,Gujarat,0,0,0,1,registration,0.0,1,2026-02-18 10:47:00
S008502,D5B26840,iOS-HighEnd,Aadhaar,Maharashtra,1,0,1,150,consent_sign,5.0,0,2026-02-27 23:32:00
S008503,7164A9A2,iOS-HighEnd,Driving License,Karnataka,0,0,0,117,consent_sign,3.5,0,2026-01-16 21:53:00
S008504,210F0001,Android-Budget,PAN,Maharashtra,2,2,4,244,liveness_check,8.5,1,2026-01-07 09:07:00
S008505,0CAD2D63,iOS-HighEnd,Passport,Maharashtra,0,0,0,115,consent_sign,3.5,0,2026-01-16 06:35:00
S008506,BE3FF70D,iOS-HighEnd,Driving License,Tamil Nadu,0,0,0,132,consent_sign,3.5,0,2026-01-15 16:59:00
S008507,A4D7809A,iOS-HighEnd,Aadhaar,Tamil Nadu,0,0,0,104,consent_sign,3.5,0,2026-01-25 15:18:00
S008508,AA9AF6C4,Android-MidTier,PAN,Gujarat,0,0,0,111,consent_sign,3.5,0,2026-02-14 02:08:00
S008509,0C5332B3,Android-MidTier,Aadhaar,Maharashtra,0,0,0,103,consent_sign,3.5,1,2026-02-23 16:53:00
S008510,49B04036,Android-Budget,Aadhaar,Karnataka,1,0,1,130,consent_sign,5.0,0,2026-01-14 02:41:00
S008511,375AF79E,Android-MidTier,Aadhaar,Gujarat,0,0,0,133,consent_sign,3.5,0,2026-02-02 03:12:00
S008512,B8AB8E09,Android-MidTier,PAN,Maharashtra,0,0,3,167,consent_sign,3.5,1,2026-01-30 02:10:00
S008513,E5B2FD55,iOS-HighEnd,PAN,Karnataka,0,0,0,108,consent_sign,3.5,0,2026-01-29 11:20:00
S008514,4705ECBA,iOS-HighEnd,Passport,West Bengal,0,0,0,120,consent_sign,3.5,0,2026-01-09 22:10:00
S008515,080BF99F,iOS-HighEnd,PAN,Gujarat,0,0,0,135,consent_sign,3.5,0,2026-02-18 21:30:00
S008516,0BACE8AC,Android-MidTier,Passport,West Bengal,0,0,0,116,consent_sign,3.5,0,2026-02-05 01:38:00
S008517,F8E8E938,Android-MidTier,Passport,Delhi,0,0,0,124,consent_sign,3.5,0,2026-02-25 08:33:00
S008518,126F28A9,iOS-HighEnd,Aadhaar,Gujarat,0,0,0,87,consent_sign,3.5,0,2026-02-03 15:01:00
S008519,9D09CF19,Android-MidTier,PAN,West Bengal,0,0,0,3,registration,0.0,1,2026-01-28 22:51:00
S008520,38AC7355,Android-Budget,Passport,Tamil Nadu,1,0,1,98,doc_upload,1.5,1,2026-01-22 04:48:00
S008521,E16874DF,iOS-HighEnd,PAN,Gujarat,0,0,0,100,consent_sign,3.5,0,2026-02-09 07:57:00
S008522,2C9C763B,Android-MidTier,Passport,West Bengal,1,0,1,160,consent_sign,5.0,0,2026-02-08 11:56:00
S008523,589A8B9D,Android-Budget,Passport,West Bengal,0,0,0,143,consent_sign,3.5,0,2026-03-01 18:11:00
S008524,E8C80D96,iOS-HighEnd,Driving License,Gujarat,0,0,0,111,consent_sign,3.5,0,2026-02-10 11:43:00
S008525,5728E2B6,iOS-HighEnd,Driving License,Karnataka,0,0,0,153,consent_sign,3.5,0,2026-01-03 05:26:00
S008526,634EE115,Android-MidTier,Driving License,Maharashtra,0,0,0,2,registration,0.0,1,2026-01-06 16:41:00
S008527,6855A90D,iOS-HighEnd,PAN,Maharashtra,0,0,0,128,consent_sign,3.5,0,2026-02-25 06:30:00
S008528,F0C935A9,Android-Budget,Driving License,Maharashtra,0,0,0,135,consent_sign,3.5,0,2026-02-24 04:16:00
S008529,04EBB4A9,Android-Budget,Passport,West Bengal,1,1,3,266,consent_sign,7.0,0,2026-02-09 06:44:00
S008530,F16231E0,Android-Budget,Driving License,Maharashtra,0,1,2,140,liveness_check,3.5,1,2026-02-25 20:40:00
S008531,8C28D4A4,iOS-HighEnd,Driving License,Maharashtra,0,0,0,117,consent_sign,3.5,0,2026-01-27 20:08:00
S008532,630915E1,Android-Budget,Aadhaar,Karnataka,0,1,1,110,liveness_check,3.5,1,2026-01-29 17:50:00
S008533,4344C269,iOS-HighEnd,Driving License,Maharashtra,0,0,0,141,consent_sign,3.5,0,2026-02-17 22:10:00
S008534,E53B7727,Android-Budget,Aadhaar,Maharashtra,0,0,0,114,consent_sign,3.5,0,2026-01-12 17:41:00
S008535,803E82DE,Android-Budget,Passport,West Bengal,1,0,1,55,doc_upload,1.5,1,2026-01-18 09:00:00
S008536,20141450,Android-MidTier,Passport,Maharashtra,1,1,2,213,consent_sign,7.0,0,2026-02-11 19:51:00
S008537,37C20000,iOS-HighEnd,Passport,Maharashtra,0,0,1,105,consent_sign,3.5,0,2026-01-29 13:38:00
S008538,D928C011,Android-MidTier,Aadhaar,Maharashtra,0,0,0,159,consent_sign,3.5,0,2026-02-26 19:59:00
S008539,B2EA6850,iOS-HighEnd,Driving License,Gujarat,0,0,0,111,consent_sign,3.5,1,2026-02-07 16:26:00
S008540,DCA4B19E,Android-MidTier,Aadhaar,Karnataka,0,0,1,135,consent_sign,3.5,0,2026-01-30 22:40:00
S008541,64836EC2,Android-Budget,PAN,Maharashtra,1,0,1,90,doc_upload,1.5,1,2026-01-09 15:03:00
S008542,C23E471A,iOS-HighEnd,PAN,Tamil Nadu,0,1,1,133,liveness_check,3.5,1,2026-01-19 09:18:00
S008543,558C7208,iOS-HighEnd,Aadhaar,Gujarat,0,0,0,4,registration,0.0,1,2026-03-02 01:54:00
S008544,292254F9,Android-MidTier,Passport,Delhi,0,0,0,3,registration,0.0,1,2026-01-15 09:38:00
S008545,02D4729D,Android-MidTier,Driving License,Karnataka,0,0,0,102,consent_sign,3.5,0,2026-01-22 20:54:00
S008546,FC411721,iOS-HighEnd,Aadhaar,Delhi,0,0,0,25,phone_otp,0.0,1,2026-01-03 20:13:00
S008547,21483249,iOS-HighEnd,Driving License,Maharashtra,0,0,0,129,consent_sign,3.5,0,2026-02-05 05:53:00
S008548,492EB70C,iOS-HighEnd,Aadhaar,Karnataka,0,0,0,135,consent_sign,3.5,0,2026-02-02 16:46:00
S008549,4138AEEA,iOS-HighEnd,Passport,Maharashtra,0,0,0,92,consent_sign,3.5,0,2026-02-04 14:33:00
S008550,A0B3543A,Android-MidTier,Aadhaar,Tamil Nadu,0,0,0,182,consent_sign,3.5,0,2026-01-08 10:35:00
S008551,929B4C7B,iOS-HighEnd,PAN,Karnataka,0,0,0,157,consent_sign,3.5,0,2026-01-06 17:22:00
S008552,38059440,Android-MidTier,Driving License,Karnataka,0,0,1,148,consent_sign,3.5,0,2026-02-20 16:54:00
S008553,54BE6170,Android-MidTier,Aadhaar,Maharashtra,0,2,2,209,consent_sign,7.5,0,2026-02-10 06:13:00
S008554,03E6551E,iOS-HighEnd,Driving License,Gujarat,0,0,0,137,consent_sign,3.5,0,2026-02-05 00:16:00
S008555,9241E029,Android-MidTier,Driving License,Delhi,0,0,0,126,consent_sign,3.5,0,2026-02-04 01:12:00
S008556,E470DAB0,Android-MidTier,PAN,Delhi,0,0,0,129,consent_sign,3.5,0,2026-02-02 20:00:00
S008557,0BE08870,Android-MidTier,Aadhaar,Karnataka,0,0,0,121,consent_sign,3.5,0,2026-01-30 10:03:00
S008558,A31FFADD,Android-MidTier,PAN,Delhi,0,2,2,145,liveness_check,5.5,1,2026-02-22 13:07:00
S008559,8E47FB7D,iOS-HighEnd,Aadhaar,Delhi,0,0,0,139,consent_sign,3.5,0,2026-02-18 00:36:00
S008560,40D6C0AC,Android-Budget,PAN,Maharashtra,0,3,3,167,liveness_check,7.5,1,2026-01-16 16:27:00
S008561,E2EB0222,Android-MidTier,Passport,Maharashtra,1,0,1,211,consent_sign,5.0,0,2026-01-26 12:09:00
S008562,624F88A5,Android-MidTier,PAN,Karnataka,0,0,0,134,consent_sign,3.5,0,2026-01-04 15:00:00
S008563,CB697BF9,Android-MidTier,Driving License,Karnataka,0,0,0,121,consent_sign,3.5,0,2026-02-08 21:57:00
S008564,01A9ABD0,iOS-HighEnd,Aadhaar,Gujarat,0,0,0,147,consent_sign,3.5,0,2026-02-18 06:11:00
S008565,55A28F90,Android-Budget,Aadhaar,Karnataka,0,0,0,146,consent_sign,3.5,0,2026-01-14 15:58:00
S008566,E97F0AF3,Android-Budget,Aadhaar,Tamil Nadu,1,3,4,177,liveness_check,9.0,1,2026-01-30 03:55:00
S008567,E05F8184,Android-MidTier,Aadhaar,Delhi,0,0,0,155,consent_sign,3.5,0,2026-01-06 17:47:00
S008568,CA3A7379,Android-Budget,Driving License,Delhi,0,0,0,147,consent_sign,3.5,0,2026-01-31 10:45:00
S008569,52C2526E,iOS-HighEnd,Aadhaar,Gujarat,0,0,2,196,consent_sign,3.5,0,2026-02-24 03:32:00
S008570,2FA227C3,iOS-HighEnd,Driving License,Gujarat,0,0,0,107,consent_sign,3.5,0,2026-01-10 03:26:00
S008571,BCA88911,Android-MidTier,Driving License,Delhi,0,0,0,100,consent_sign,3.5,0,2026-02-17 10:33:00
S008572,4FCA946A,iOS-HighEnd,Passport,Karnataka,0,0,0,127,consent_sign,3.5,0,2026-02-21 22:17:00
S008573,3B1F38F0,Android-MidTier,Aadhaar,Delhi,0,0,0,116,consent_sign,3.5,0,2026-02-10 23:21:00
S008574,6B48D839,iOS-HighEnd,Aadhaar,Gujarat,0,0,0,133,consent_sign,3.5,0,2026-02-20 18:47:00
S008575,2DDECD40,Android-Budget,PAN,Tamil Nadu,0,2,2,114,liveness_check,5.5,1,2026-01-21 21:27:00
S008576,B1B8106D,Android-MidTier,Driving License,Gujarat,0,0,0,147,consent_sign,3.5,0,2026-01-28 00:40:00
S008577,5A8D9931,Android-MidTier,PAN,Gujarat,0,1,1,152,consent_sign,5.5,0,2026-01-13 07:36:00
S008578,417E5EDC,Android-MidTier,Aadhaar,Delhi,0,0,0,160,consent_sign,3.5,0,2026-02-03 00:22:00
S008579,E3D2549D,Android-MidTier,Passport,Gujarat,0,0,0,113,consent_sign,3.5,0,2026-02-18 04:59:00
S008580,2046EEB5,iOS-HighEnd,Driving License,Karnataka,0,0,0,142,consent_sign,3.5,0,2026-02-22 14:41:00
S008581,1D522106,Android-Budget,Passport,Tamil Nadu,0,0,0,53,doc_upload,0.0,1,2026-02-02 05:55:00
S008582,D783B9D0,Android-Budget,PAN,Karnataka,0,0,0,144,consent_sign,3.5,0,2026-02-01 05:38:00
S008583,C07EC4C4,iOS-HighEnd,PAN,Delhi,0,1,1,202,consent_sign,5.5,0,2026-02-08 14:29:00
S008584,306542EE,Android-MidTier,Driving License,Tamil Nadu,0,0,0,166,consent_sign,3.5,0,2026-02-04 13:40:00
S008585,2B125551,Android-MidTier,PAN,Delhi,0,0,0,29,phone_otp,0.0,1,2026-02-06 12:22:00
S008586,9BA585AE,Android-MidTier,Passport,Karnataka,1,0,1,63,doc_upload,1.5,1,2026-01-18 13:56:00
S008587,1149544E,iOS-HighEnd,Aadhaar,Maharashtra,0,0,1,139,consent_sign,3.5,0,2026-01-27 12:51:00
S008588,86413C79,Android-MidTier,Aadhaar,Delhi,1,0,1,135,consent_sign,5.0,0,2026-01-10 07:28:00
S008589,92A6584C,Android-Budget,PAN,Karnataka,0,0,0,103,consent_sign,3.5,0,2026-02-10 03:45:00
S008590,01183A0A,iOS-HighEnd,Aadhaar,West Bengal,1,0,1,182,consent_sign,5.0,0,2026-02-03 01:52:00
S008591,182EBFD2,iOS-HighEnd,Passport,Delhi,0,0,0,120,consent_sign,3.5,1,2026-02-16 20:20:00
S008592,1CB04376,iOS-HighEnd,Passport,Karnataka,0,0,0,127,consent_sign,3.5,0,2026-01-07 04:24:00
S008593,891887A7,Android-MidTier,Driving License,Delhi,0,0,0,125,consent_sign,3.5,0,2026-02-13 15:56:00
S008594,8CF431DE,iOS-HighEnd,Driving License,Delhi,0,0,1,188,consent_sign,3.5,0,2026-02-18 18:50:00
S008595,E1772A38,Android-MidTier,Driving License,Gujarat,1,0,1,163,consent_sign,5.0,0,2026-01-11 12:47:00
S008596,76B851E9,Android-MidTier,Passport,Tamil Nadu,0,1,1,127,consent_sign,5.5,0,2026-01-12 14:52:00
S008597,2ADFEDF8,Android-MidTier,PAN,Tamil Nadu,0,0,0,118,consent_sign,3.5,0,2026-02-25 07:35:00
S008598,61B862B2,Android-MidTier,PAN,West Bengal,0,1,1,112,liveness_check,3.5,1,2026-02-20 01:25:00
S008599,B575DD69,Android-MidTier,Passport,Delhi,0,1,1,133,liveness_check,3.5,1,2026-01-15 05:15:00
S008600,C5EBA017,Android-MidTier,Passport,Karnataka,0,1,1,141,consent_sign,5.5,0,2026-02-14 00:53:00
S008601,7A8F5FAD,Android-MidTier,Passport,Karnataka,0,0,0,106,consent_sign,3.5,0,2026-02-08 12:45:00
S008602,B309887D,iOS-HighEnd,Aadhaar,Delhi,0,0,0,12,phone_otp,0.0,1,2026-01-20 20:34:00
S008603,1131F87F,iOS-HighEnd,Aadhaar,Maharashtra,0,0,0,151,consent_sign,3.5,0,2026-01-25 13:51:00
S008604,9BD0E94E,Android-MidTier,PAN,West Bengal,0,1,2,175,consent_sign,5.5,0,2026-01-05 19:39:00
S008605,E89AFBFE,iOS-HighEnd,Aadhaar,Maharashtra,0,0,0,145,consent_sign,3.5,0,2026-01-26 14:04:00
S008606,2C20FB0E,iOS-HighEnd,Aadhaar,Gujarat,0,0,0,142,consent_sign,3.5,0,2026-01-06 13:00:00
S008607,54EA3718,iOS-HighEnd,Passport,West Bengal,2,0,2,264,consent_sign,6.5,0,2026-01-05 04:09:00
S008608,DDC16C3A,Android-MidTier,PAN,Gujarat,0,0,1,125,consent_sign,3.5,0,2026-02-28 18:37:00
S008609,FED46E35,iOS-HighEnd,Driving License,Gujarat,0,0,0,156,consent_sign,3.5,0,2026-01-31 21:29:00
S008610,B8EE0EC6,Android-Budget,Passport,West Bengal,0,0,0,3,registration,0.0,1,2026-02-05 02:34:00
S008611,004FE610,iOS-HighEnd,Passport,Karnataka,0,0,0,118,consent_sign,3.5,0,2026-01-07 00:24:00
S008612,36B86A13,iOS-HighEnd,PAN,Delhi,0,0,0,139,consent_sign,3.5,0,2026-02-01 17:01:00
S008613,20A145C8,Android-Budget,PAN,Gujarat,0,0,0,135,consent_sign,3.5,0,2026-01-28 09:16:00
S008614,FAB8CD39,Android-MidTier,Passport,Maharashtra,0,0,0,136,consent_sign,3.5,0,2026-01-10 01:20:00
S008615,F20D3AEA,Android-MidTier,Aadhaar,Gujarat,0,0,0,141,consent_sign,3.5,0,2026-02-17 19:16:00
S008616,16B3C475,Android-MidTier,Aadhaar,West Bengal,0,0,0,129,consent_sign,3.5,0,2026-01-05 04:02:00
S008617,FCC6713A,iOS-HighEnd,Aadhaar,Maharashtra,0,1,1,142,liveness_check,3.5,1,2026-02-23 10:30:00
S008618,BB2C23CB,iOS-HighEnd,PAN,West Bengal,0,0,0,163,consent_sign,3.5,0,2026-01-10 02:44:00
S008619,DC399FE1,iOS-HighEnd,PAN,Gujarat,0,0,0,26,phone_otp,0.0,1,2026-02-02 20:26:00
S008620,10E7EE6F,Android-MidTier,PAN,Tamil Nadu,0,0,0,109,consent_sign,3.5,0,2026-02-23 03:25:00
S008621,F4E1048A,Android-Budget,PAN,Delhi,2,0,2,219,consent_sign,6.5,0,2026-01-03 17:05:00
S008622,B5E5F62A,iOS-HighEnd,Aadhaar,Delhi,0,0,0,156,consent_sign,3.5,0,2026-02-22 12:56:00
S008623,AC5200B5,iOS-HighEnd,Passport,Delhi,0,0,0,151,consent_sign,3.5,0,2026-01-16 01:09:00
S008624,BC1AF663,Android-MidTier,Aadhaar,Karnataka,0,0,0,155,consent_sign,3.5,0,2026-02-13 01:49:00
S008625,A250B2FC,iOS-HighEnd,Aadhaar,Gujarat,0,0,0,141,consent_sign,3.5,0,2026-01-02 11:27:00
S008626,46E95AEC,iOS-HighEnd,Driving License,Tamil Nadu,0,0,0,120,consent_sign,3.5,0,2026-01-01 19:05:00
S008627,26366874,Android-MidTier,PAN,Karnataka,0,0,0,4,registration,0.0,1,2026-03-01 18:16:00
S008628,216DFC70,Android-MidTier,Passport,Tamil Nadu,0,0,0,146,consent_sign,3.5,0,2026-01-29 23:45:00
S008629,5BF2E8DB,Android-Budget,Aadhaar,Tamil Nadu,0,0,1,130,consent_sign,3.5,0,2026-02-26 11:23:00
S008630,B2092E71,Android-MidTier,Driving License,Tamil Nadu,0,0,1,163,consent_sign,3.5,1,2026-01-02 03:26:00
S008631,5F786318,Android-MidTier,Driving License,Delhi,2,0,2,240,consent_sign,6.5,0,2026-01-19 00:23:00
S008632,E604D38C,Android-MidTier,Passport,Karnataka,2,0,2,192,consent_sign,6.5,0,2026-01-24 07:39:00
S008633,80DAC46F,Android-MidTier,Driving License,Maharashtra,0,0,0,1,registration,0.0,1,2026-01-02 12:31:00
S008634,E2E6E895,Android-MidTier,PAN,West Bengal,0,0,0,140,consent_sign,3.5,0,2026-01-05 17:59:00
S008635,6557ECEE,iOS-HighEnd,Aadhaar,Gujarat,0,0,0,136,consent_sign,3.5,0,2026-02-02 16:45:00
S008636,FBFF1829,Android-MidTier,Passport,Delhi,0,0,0,142,consent_sign,3.5,0,2026-02-06 09:16:00
S008637,B71A72C1,Android-MidTier,Aadhaar,Tamil Nadu,0,0,0,109,consent_sign,3.5,0,2026-01-08 13:05:00
S008638,EF55C8E2,Android-MidTier,Passport,Karnataka,0,0,0,2,registration,0.0,1,2026-01-15 09:15:00
S008639,75A8457D,iOS-HighEnd,PAN,Gujarat,0,0,0,95,consent_sign,3.5,0,2026-02-08 01:34:00
S008640,95A5DE44,iOS-HighEnd,Driving License,West Bengal,0,0,1,133,consent_sign,3.5,0,2026-01-31 14:36:00
S008641,39681E1D,Android-MidTier,PAN,West Bengal,0,0,0,120,consent_sign,3.5,1,2026-01-08 01:49:00
S008642,AF0CAA3C,iOS-HighEnd,Passport,Tamil Nadu,0,0,0,109,consent_sign,3.5,0,2026-01-08 03:15:00
S008643,FD9C70C3,iOS-HighEnd,Aadhaar,West Bengal,0,0,0,105,consent_sign,3.5,0,2026-01-24 21:20:00
S008644,AEC13F6E,Android-MidTier,PAN,Gujarat,0,0,0,28,doc_upload,0.0,1,2026-01-02 19:35:00
S008645,FA709240,Android-Budget,Passport,West Bengal,0,1,2,162,consent_sign,5.5,0,2026-01-25 15:18:00
S008646,4C6CFC1C,Android-Budget,Passport,Delhi,0,1,1,107,consent_sign,5.5,0,2026-02-26 23:22:00
S008647,0A76E404,iOS-HighEnd,Driving License,Karnataka,0,0,0,108,consent_sign,3.5,0,2026-01-20 16:49:00
S008648,950097CE,Android-MidTier,Driving License,West Bengal,0,0,0,2,registration,0.0,1,2026-02-04 02:45:00
S008649,37D9F94A,iOS-HighEnd,PAN,Maharashtra,0,0,0,120,consent_sign,3.5,0,2026-01-02 01:15:00
S008650,0777CAD1,Android-Budget,Aadhaar,Karnataka,0,0,0,133,consent_sign,3.5,0,2026-02-25 17:31:00
S008651,F721E45E,Android-MidTier,Driving License,Maharashtra,0,1,1,121,liveness_check,3.5,1,2026-02-28 06:50:00
S008652,46A1C19B,iOS-HighEnd,Driving License,Gujarat,0,0,0,139,consent_sign,3.5,0,2026-01-23 02:25:00
S008653,645261F7,iOS-HighEnd,Aadhaar,Delhi,0,0,1,125,consent_sign,3.5,0,2026-01-18 14:44:00
S008654,14C6E496,iOS-HighEnd,Aadhaar,Gujarat,0,0,0,167,consent_sign,3.5,0,2026-01-27 13:57:00
S008655,F05AD4EC,Android-Budget,Driving License,Tamil Nadu,0,0,0,123,consent_sign,3.5,0,2026-02-05 06:00:00
S008656,0394FC90,iOS-HighEnd,Driving License,Tamil Nadu,0,0,0,151,consent_sign,3.5,0,2026-02-27 00:11:00
S008657,67E69FFE,Android-MidTier,PAN,Maharashtra,0,0,0,148,consent_sign,3.5,0,2026-01-08 08:34:00
S008658,F805D526,Android-MidTier,Aadhaar,Maharashtra,0,1,1,159,consent_sign,5.5,0,2026-01-06 07:02:00
S008659,F83F136D,Android-MidTier,Passport,Karnataka,0,1,1,94,consent_sign,5.5,0,2026-02-09 01:42:00
S008660,F43C67BA,iOS-HighEnd,Passport,Karnataka,0,0,0,1,registration,0.0,1,2026-01-19 17:49:00
S008661,0A6368F2,iOS-HighEnd,Aadhaar,Karnataka,1,0,2,97,doc_upload,1.5,1,2026-02-11 00:08:00
S008662,64DD4384,Android-MidTier,PAN,Delhi,0,0,0,3,registration,0.0,1,2026-02-18 19:58:00
S008663,92010309,iOS-HighEnd,Aadhaar,Delhi,0,0,0,136,consent_sign,3.5,1,2026-02-28 01:37:00
S008664,5CAF5C6A,iOS-HighEnd,Passport,Maharashtra,0,0,0,104,consent_sign,3.5,0,2026-01-22 01:40:00
S008665,94CA68D9,Android-Budget,Passport,Delhi,0,0,0,141,consent_sign,3.5,0,2026-01-06 03:03:00
S008666,C881464B,iOS-HighEnd,Passport,Delhi,0,0,0,140,consent_sign,3.5,0,2026-02-02 04:24:00
S008667,0942F1CD,Android-Budget,Passport,Maharashtra,0,1,1,132,liveness_check,3.5,1,2026-02-05 16:14:00
S008668,643A6898,Android-Budget,PAN,Gujarat,0,0,1,187,consent_sign,3.5,0,2026-01-30 21:32:00
S008669,4E6120F3,iOS-HighEnd,PAN,Karnataka,1,0,1,209,consent_sign,5.0,0,2026-02-10 11:19:00
S008670,B79FA51D,Android-Budget,Passport,Maharashtra,2,0,2,137,doc_upload,3.0,1,2026-01-10 05:11:00
S008671,58029D89,iOS-HighEnd,Passport,West Bengal,1,0,1,185,consent_sign,5.0,0,2026-02-08 18:48:00
S008672,9AC1B7F0,Android-MidTier,Aadhaar,West Bengal,0,0,0,124,consent_sign,3.5,0,2026-01-20 17:59:00
S008673,3094F256,iOS-HighEnd,Passport,Delhi,0,1,1,147,consent_sign,5.5,0,2026-01-12 05:34:00
S008674,62A5AA21,Android-MidTier,PAN,Tamil Nadu,0,0,0,168,consent_sign,3.5,0,2026-02-20 19:46:00
S008675,D5828D59,Android-MidTier,Driving License,Delhi,0,1,1,167,consent_sign,5.5,0,2026-01-19 13:04:00
S008676,F7F9EFBC,Android-MidTier,PAN,Maharashtra,0,0,0,160,consent_sign,3.5,0,2026-01-01 14:36:00
S008677,C92C2F78,Android-MidTier,Driving License,Karnataka,0,0,0,3,registration,0.0,1,2026-03-01 22:06:00
S008678,EB6D3598,Android-MidTier,Driving License,Maharashtra,0,0,1,181,consent_sign,3.5,0,2026-02-10 03:46:00
S008679,F0DAC80A,iOS-HighEnd,Aadhaar,West Bengal,0,0,0,117,consent_sign,3.5,0,2026-01-20 15:18:00
S008680,52105009,Android-MidTier,PAN,Karnataka,0,2,2,187,consent_sign,7.5,0,2026-01-28 23:03:00
S008681,19F620A2,iOS-HighEnd,Driving License,Delhi,0,0,0,114,consent_sign,3.5,0,2026-02-03 13:39:00
S008682,836392B7,Android-MidTier,Driving License,Tamil Nadu,0,0,0,151,consent_sign,3.5,0,2026-03-02 03:48:00
S008683,0A0EF615,Android-MidTier,Passport,Delhi,0,0,0,103,consent_sign,3.5,0,2026-02-02 20:31:00
S008684,F2FB122F,Android-MidTier,Aadhaar,Maharashtra,0,0,0,138,consent_sign,3.5,0,2026-01-04 18:52:00
S008685,AFEF2E1C,Android-MidTier,PAN,Delhi,0,0,0,154,consent_sign,3.5,0,2026-02-18 17:57:00
S008686,9F6E292A,Android-Budget,Aadhaar,Delhi,0,0,0,4,registration,0.0,1,2026-02-21 11:58:00
S008687,A3B44EFE,iOS-HighEnd,Passport,West Bengal,0,0,0,162,consent_sign,3.5,0,2026-02-19 11:03:00
S008688,E84DFAA4,iOS-HighEnd,Driving License,Karnataka,0,0,0,87,consent_sign,3.5,0,2026-02-10 03:18:00
S008689,A873ABC8,Android-MidTier,Aadhaar,West Bengal,0,1,1,150,consent_sign,5.5,0,2026-01-16 03:54:00
S008690,61592130,Android-MidTier,PAN,Karnataka,0,0,0,122,consent_sign,3.5,0,2026-01-20 16:00:00
S008691,8F48DE0A,Android-Budget,Passport,Maharashtra,0,0,1,132,consent_sign,3.5,0,2026-02-10 17:19:00
S008692,E32A2082,Android-MidTier,PAN,West Bengal,0,1,1,132,liveness_check,3.5,1,2026-01-06 07:48:00
S008693,F66037CF,Android-MidTier,Aadhaar,Delhi,0,0,0,19,phone_otp,0.0,1,2026-01-27 08:03:00
S008694,75FFB57F,Android-Budget,Driving License,Delhi,0,0,1,138,consent_sign,3.5,0,2026-01-25 07:16:00
S008695,E3931B79,iOS-HighEnd,Aadhaar,West Bengal,0,0,0,142,consent_sign,3.5,0,2026-01-23 13:21:00
S008696,5D5B0BD9,Android-MidTier,PAN,Maharashtra,0,0,0,143,consent_sign,3.5,0,2026-01-07 00:36:00
S008697,3EDA9150,Android-MidTier,Aadhaar,Tamil Nadu,0,0,0,124,consent_sign,3.5,0,2026-01-16 08:46:00
S008698,F3098246,iOS-HighEnd,Aadhaar,Gujarat,0,0,1,162,consent_sign,3.5,0,2026-01-08 17:38:00
S008699,B084AAB8,iOS-HighEnd,Aadhaar,Delhi,0,0,1,130,consent_sign,3.5,0,2026-02-11 20:23:00
S008700,B4D70339,iOS-HighEnd,Passport,Delhi,0,0,0,24,phone_otp,0.0,1,2026-01-17 14:25:00
S008701,AB204463,iOS-HighEnd,PAN,Gujarat,0,0,0,150,consent_sign,3.5,0,2026-01-30 18:18:00
S008702,072A5087,iOS-HighEnd,PAN,Maharashtra,0,0,0,109,consent_sign,3.5,0,2026-02-19 12:58:00
S008703,445F1AD1,iOS-HighEnd,Aadhaar,Tamil Nadu,0,0,0,108,consent_sign,3.5,0,2026-01-08 06:43:00
S008704,C742BBAF,iOS-HighEnd,Passport,Tamil Nadu,0,0,1,161,consent_sign,3.5,0,2026-01-20 12:03:00
S008705,B098A176,iOS-HighEnd,Passport,West Bengal,1,0,1,174,consent_sign,5.0,0,2026-02-16 09:53:00
S008706,7FD7559E,Android-Budget,Passport,West Bengal,0,0,0,142,consent_sign,3.5,0,2026-01-22 07:04:00
S008707,66C09E7B,iOS-HighEnd,Passport,Maharashtra,0,0,0,129,consent_sign,3.5,0,2026-01-16 08:55:00
S008708,B87618A0,Android-Budget,Driving License,Tamil Nadu,0,3,3,198,consent_sign,7.5,0,2026-02-02 19:53:00
S008709,B8C4535C,Android-Budget,Passport,Karnataka,0,0,0,119,consent_sign,3.5,0,2026-02-21 14:51:00
S008710,EA8B34B9,Android-Budget,Aadhaar,West Bengal,0,1,1,141,consent_sign,5.5,0,2026-01-27 16:55:00
S008711,3309CD89,iOS-HighEnd,Driving License,Maharashtra,1,0,1,82,doc_upload,1.5,1,2026-01-03 21:02:00
S008712,6FC41BF6,Android-MidTier,Passport,Gujarat,0,0,0,83,consent_sign,3.5,0,2026-01-09 00:30:00
S008713,FDBA93EB,iOS-HighEnd,Driving License,Maharashtra,2,0,2,207,consent_sign,6.5,0,2026-02-18 18:50:00
S008714,62FC194B,iOS-HighEnd,Passport,Maharashtra,0,0,0,17,phone_otp,0.0,1,2026-02-13 19:26:00
S008715,C6E4472D,Android-Budget,Driving License,Maharashtra,0,1,1,121,liveness_check,3.5,1,2026-01-04 01:17:00
S008716,CE908EE8,iOS-HighEnd,PAN,Tamil Nadu,1,0,1,111,doc_upload,1.5,1,2026-02-27 11:36:00
S008717,E7EBFF3F,Android-MidTier,Aadhaar,Maharashtra,0,0,1,147,consent_sign,3.5,0,2026-01-21 18:28:00
S008718,2D555314,iOS-HighEnd,Aadhaar,Delhi,1,0,1,188,consent_sign,5.0,0,2026-01-06 09:50:00
S008719,05AA0CD3,Android-MidTier,Passport,Tamil Nadu,0,0,0,103,consent_sign,3.5,0,2026-01-12 05:22:00
S008720,0207006D,Android-Budget,Aadhaar,Karnataka,0,0,1,58,doc_upload,0.0,1,2026-01-25 01:48:00
S008721,D6B9BF52,Android-MidTier,Passport,Karnataka,0,0,0,140,consent_sign,3.5,0,2026-02-28 04:22:00
S008722,F09D07F1,Android-MidTier,PAN,Karnataka,0,1,1,154,consent_sign,5.5,0,2026-02-22 18:08:00
S008723,D094805E,Android-Budget,Aadhaar,Gujarat,0,0,1,158,consent_sign,3.5,0,2026-01-21 07:03:00
S008724,662B7AE4,Android-MidTier,Aadhaar,Maharashtra,0,0,0,98,consent_sign,3.5,0,2026-01-25 05:23:00
S008725,C959DBB9,iOS-HighEnd,PAN,Tamil Nadu,0,0,0,109,consent_sign,3.5,0,2026-02-06 13:53:00
S008726,619C03D1,Android-MidTier,PAN,Tamil Nadu,0,0,0,23,phone_otp,0.0,1,2026-03-01 12:13:00
S008727,7259E6C4,Android-MidTier,Driving License,Maharashtra,0,1,1,119,liveness_check,3.5,1,2026-01-24 00:43:00
S008728,EC32006D,iOS-HighEnd,Passport,Gujarat,0,0,0,1,registration,0.0,1,2026-01-09 09:34:00
S008729,DEBFE7D3,iOS-HighEnd,PAN,Karnataka,0,1,1,111,liveness_check,3.5,1,2026-01-28 01:53:00
S008730,3D56400B,Android-MidTier,PAN,West Bengal,0,0,1,175,consent_sign,3.5,0,2026-01-22 00:00:00
S008731,96A805BB,Android-Budget,Passport,West Bengal,0,1,2,227,consent_sign,5.5,0,2026-02-06 08:00:00
S008732,2E7CDB3F,iOS-HighEnd,PAN,Delhi,0,0,0,2,registration,0.0,1,2026-02-19 13:37:00
S008733,D04A8FF9,iOS-HighEnd,Driving License,Maharashtra,0,0,0,166,consent_sign,3.5,0,2026-02-26 22:14:00
S008734,AAEE3F08,iOS-HighEnd,Aadhaar,Tamil Nadu,0,0,0,4,registration,0.0,1,2026-02-06 17:45:00
S008735,8B61D80D,Android-MidTier,Aadhaar,Tamil Nadu,1,2,3,199,liveness_check,7.0,1,2026-01-24 13:41:00
S008736,CAEA5BFB,Android-MidTier,Passport,Tamil Nadu,1,0,1,151,consent_sign,5.0,0,2026-02-09 19:58:00
S008737,6A5B54E4,iOS-HighEnd,Aadhaar,Maharashtra,0,0,0,142,consent_sign,3.5,0,2026-02-20 10:49:00
S008738,C6D93097,iOS-HighEnd,Passport,Delhi,0,0,0,156,consent_sign,3.5,0,2026-01-17 10:23:00
S008739,36A7581E,Android-MidTier,Aadhaar,Karnataka,0,1,1,133,liveness_check,3.5,1,2026-02-24 21:36:00
S008740,73EB0A4E,Android-MidTier,Driving License,Karnataka,0,0,1,153,consent_sign,3.5,0,2026-01-08 15:07:00
S008741,A864A116,iOS-HighEnd,PAN,Maharashtra,0,1,1,157,consent_sign,5.5,0,2026-01-11 16:24:00
S008742,1AB01DC1,Android-MidTier,PAN,Tamil Nadu,1,0,1,71,doc_upload,1.5,1,2026-01-29 01:05:00
S008743,E756B705,Android-Budget,Driving License,West Bengal,0,1,1,165,consent_sign,5.5,0,2026-01-31 08:01:00
S008744,A54720E0,iOS-HighEnd,Passport,Maharashtra,0,0,0,108,consent_sign,3.5,0,2026-02-05 07:42:00
S008745,7EE50AFD,Android-Budget,Aadhaar,Gujarat,0,2,2,161,liveness_check,5.5,1,2026-02-11 04:04:00
S008746,5B345EDE,iOS-HighEnd,Driving License,Delhi,0,0,0,35,doc_upload,0.0,1,2026-02-21 03:35:00
S008747,EE926321,iOS-HighEnd,Driving License,Karnataka,0,0,0,123,consent_sign,3.5,0,2026-02-11 06:10:00
S008748,BADA092A,iOS-HighEnd,PAN,Tamil Nadu,0,0,0,134,consent_sign,3.5,0,2026-01-10 08:53:00
S008749,EA88D27D,Android-Budget,Aadhaar,West Bengal,0,1,1,95,consent_sign,5.5,0,2026-01-16 11:23:00
S008750,517E71E0,Android-Budget,Aadhaar,Karnataka,1,0,1,198,consent_sign,5.0,0,2026-02-10 15:55:00
S008751,D0CE2457,iOS-HighEnd,PAN,Karnataka,0,0,0,99,consent_sign,3.5,1,2026-01-05 12:42:00
S008752,BD37414A,Android-MidTier,Passport,Maharashtra,0,0,0,115,consent_sign,3.5,0,2026-02-28 20:36:00
S008753,E3A14F5D,Android-Budget,PAN,Delhi,0,0,0,2,registration,0.0,1,2026-01-31 09:31:00
S008754,75ED76CF,iOS-HighEnd,Driving License,Tamil Nadu,0,0,1,166,consent_sign,3.5,0,2026-02-14 09:18:00
S008755,AE269692,Android-MidTier,PAN,West Bengal,0,0,0,141,consent_sign,3.5,0,2026-02-28 02:46:00
S008756,7F808DBC,Android-MidTier,Aadhaar,Karnataka,0,0,0,124,consent_sign,3.5,1,2026-02-10 20:58:00
S008757,31A9B14C,iOS-HighEnd,Passport,Karnataka,0,0,0,167,consent_sign,3.5,0,2026-02-14 16:28:00
S008758,DEA43DFD,Android-MidTier,Driving License,Delhi,0,0,0,133,consent_sign,3.5,0,2026-01-05 09:25:00
S008759,AD3C919F,Android-Budget,PAN,Tamil Nadu,0,0,0,137,consent_sign,3.5,0,2026-02-18 23:16:00
S008760,6932317A,Android-MidTier,Passport,Tamil Nadu,1,0,1,188,consent_sign,5.0,0,2026-01-04 23:13:00
S008761,BDF1DE53,iOS-HighEnd,Aadhaar,Maharashtra,0,0,0,126,consent_sign,3.5,0,2026-02-02 19:48:00
S008762,E7A9F866,Android-MidTier,Driving License,Gujarat,0,0,0,116,consent_sign,3.5,0,2026-01-25 15:36:00
S008763,21CE7AD0,Android-MidTier,PAN,Tamil Nadu,0,0,0,120,consent_sign,3.5,0,2026-02-16 13:47:00
S008764,AE957E1C,Android-Budget,PAN,Gujarat,0,0,1,172,consent_sign,3.5,0,2026-01-15 10:10:00
S008765,31EA2821,Android-MidTier,Aadhaar,Maharashtra,1,0,1,219,consent_sign,5.0,0,2026-01-25 07:33:00
S008766,47561669,iOS-HighEnd,PAN,Gujarat,0,0,0,114,consent_sign,3.5,0,2026-02-21 17:27:00
S008767,D3D17709,iOS-HighEnd,Passport,Karnataka,0,0,0,111,consent_sign,3.5,1,2026-02-27 01:24:00
S008768,A119CA40,Android-Budget,Driving License,Tamil Nadu,2,0,2,230,consent_sign,6.5,0,2026-01-10 21:55:00
S008769,270A4855,Android-Budget,PAN,West Bengal,0,1,1,189,consent_sign,5.5,0,2026-01-05 06:31:00
S008770,89797B17,iOS-HighEnd,PAN,West Bengal,1,0,1,194,consent_sign,5.0,0,2026-02-12 08:04:00
S008771,EFA107EE,Android-Budget,Passport,Delhi,1,1,2,227,consent_sign,7.0,0,2026-02-01 14:55:00
S008772,84E69EF9,Android-MidTier,Driving License,Maharashtra,1,0,2,135,doc_upload,1.5,1,2026-01-01 19:32:00
S008773,094F5166,Android-Budget,Driving License,Maharashtra,0,0,0,127,consent_sign,3.5,0,2026-02-11 23:13:00
S008774,7BDD42E3,iOS-HighEnd,Passport,West Bengal,0,0,0,115,consent_sign,3.5,0,2026-02-27 04:26:00
S008775,BABFBD99,Android-MidTier,PAN,Maharashtra,0,0,0,131,consent_sign,3.5,0,2026-01-10 02:15:00
S008776,2FB1EB40,iOS-HighEnd,Aadhaar,Gujarat,0,0,0,123,consent_sign,3.5,0,2026-01-24 21:43:00
S008777,D8C024A9,Android-MidTier,Passport,Maharashtra,0,1,1,137,consent_sign,5.5,0,2026-01-05 17:27:00
S008778,6CE87F51,Android-MidTier,Driving License,West Bengal,0,0,0,4,registration,0.0,1,2026-01-21 11:27:00
S008779,3A099C80,iOS-HighEnd,Aadhaar,Karnataka,0,0,0,134,consent_sign,3.5,0,2026-01-13 17:57:00
S008780,CAB0D331,Android-MidTier,Aadhaar,Tamil Nadu,0,0,0,41,doc_upload,0.0,1,2026-01-02 02:52:00
S008781,37B5BA07,iOS-HighEnd,Passport,Delhi,1,0,1,81,doc_upload,1.5,1,2026-02-21 07:35:00
S008782,CE5E137F,iOS-HighEnd,Passport,Tamil Nadu,0,0,0,168,consent_sign,3.5,0,2026-01-26 05:23:00
S008783,7E8F7FE9,Android-Budget,Driving License,Maharashtra,1,2,3,236,consent_sign,9.0,0,2026-02-28 02:06:00
S008784,08FB27DC,iOS-HighEnd,PAN,West Bengal,2,0,2,229,consent_sign,6.5,0,2026-02-03 23:13:00
S008785,60CA13D1,Android-MidTier,Passport,Gujarat,0,0,0,140,consent_sign,3.5,0,2026-02-26 04:16:00
S008786,B58D4C97,iOS-HighEnd,Aadhaar,Delhi,0,0,2,198,consent_sign,3.5,0,2026-01-09 13:35:00
S008787,640933EC,iOS-HighEnd,Driving License,Gujarat,0,0,0,122,consent_sign,3.5,0,2026-02-04 19:48:00
S008788,06DBA492,Android-Budget,PAN,West Bengal,0,1,1,154,consent_sign,5.5,0,2026-01-11 17:42:00
S008789,935B67B4,iOS-HighEnd,Passport,Delhi,0,0,0,150,consent_sign,3.5,0,2026-02-17 01:46:00
S008790,7C115895,iOS-HighEnd,Aadhaar,Karnataka,1,0,1,173,consent_sign,5.0,0,2026-01-07 03:33:00
S008791,20B8D865,Android-Budget,PAN,West Bengal,0,0,0,1,registration,0.0,1,2026-02-11 14:41:00
S008792,9D88E7A4,iOS-HighEnd,Driving License,Delhi,0,0,0,2,registration,0.0,1,2026-02-08 10:18:00
S008793,DC1C4E12,Android-Budget,Driving License,West Bengal,0,0,1,136,consent_sign,3.5,0,2026-01-30 23:56:00
S008794,E8D7EA29,Android-MidTier,PAN,Gujarat,0,0,0,141,consent_sign,3.5,0,2026-01-30 11:01:00
S008795,26994648,iOS-HighEnd,Aadhaar,Maharashtra,0,0,0,149,consent_sign,3.5,0,2026-01-13 01:50:00
S008796,D08EF8B5,iOS-HighEnd,PAN,Delhi,0,1,1,188,consent_sign,5.5,0,2026-02-28 21:17:00
S008797,9DAECEAA,iOS-HighEnd,Passport,Maharashtra,0,0,0,147,consent_sign,3.5,0,2026-02-16 11:17:00
S008798,9A77C01F,iOS-HighEnd,PAN,Gujarat,0,0,0,80,consent_sign,3.5,0,2026-02-04 19:40:00
S008799,498E6BA4,Android-Budget,PAN,Maharashtra,0,0,0,130,consent_sign,3.5,0,2026-01-19 05:35:00
S008800,B0F1D209,Android-MidTier,Driving License,Delhi,0,1,1,154,consent_sign,5.5,0,2026-01-02 06:33:00
S008801,C81E4C13,Android-Budget,Aadhaar,Gujarat,0,0,0,145,consent_sign,3.5,0,2026-02-25 19:30:00
S008802,5AA249BF,Android-MidTier,Passport,West Bengal,0,0,0,131,consent_sign,3.5,0,2026-01-02 15:08:00
S008803,6C589836,Android-MidTier,Aadhaar,Tamil Nadu,0,0,0,137,consent_sign,3.5,0,2026-01-25 04:54:00
S008804,599A20F1,Android-Budget,Aadhaar,Delhi,1,0,1,174,consent_sign,5.0,0,2026-02-27 13:38:00
S008805,65A815A3,Android-MidTier,Passport,Gujarat,0,0,0,164,consent_sign,3.5,0,2026-01-10 20:24:00
S008806,8D1D37A3,Android-MidTier,PAN,Maharashtra,0,0,0,118,consent_sign,3.5,0,2026-02-11 12:24:00
S008807,82EE6E08,iOS-HighEnd,Passport,Gujarat,0,0,0,128,consent_sign,3.5,0,2026-02-19 09:25:00
S008808,7F720FFC,Android-MidTier,PAN,Maharashtra,0,0,0,112,consent_sign,3.5,0,2026-01-29 07:28:00
S008809,C3B5B2BD,Android-MidTier,PAN,Tamil Nadu,0,0,0,145,consent_sign,3.5,1,2026-02-12 17:10:00
S008810,D46B78F3,iOS-HighEnd,PAN,Karnataka,0,0,0,143,consent_sign,3.5,0,2026-01-17 23:35:00
S008811,09E002F0,iOS-HighEnd,Passport,Karnataka,0,2,2,145,liveness_check,5.5,1,2026-02-08 00:06:00
S008812,1FEB1CF5,Android-MidTier,PAN,Karnataka,0,0,0,144,consent_sign,3.5,0,2026-01-13 10:13:00
S008813,5AAE363D,Android-Budget,Passport,Delhi,0,1,1,162,consent_sign,5.5,0,2026-01-23 00:07:00
S008814,D2D93182,Android-MidTier,Aadhaar,West Bengal,0,0,1,20,registration,0.0,1,2026-01-18 23:07:00
S008815,E498446D,iOS-HighEnd,PAN,Karnataka,0,0,0,154,consent_sign,3.5,0,2026-01-26 04:29:00
S008816,8F6A9F1B,Android-Budget,Aadhaar,Karnataka,0,0,0,27,phone_otp,0.0,1,2026-01-11 22:06:00
S008817,B4C21DD6,iOS-HighEnd,PAN,Delhi,0,0,0,133,consent_sign,3.5,0,2026-02-13 04:20:00
S008818,7E34EDC3,Android-MidTier,Aadhaar,Tamil Nadu,0,0,0,137,consent_sign,3.5,0,2026-01-14 23:49:00
S008819,A1592B44,iOS-HighEnd,Driving License,Gujarat,0,0,0,137,consent_sign,3.5,0,2026-01-25 06:54:00
S008820,C3155E4B,Android-MidTier,Driving License,Maharashtra,0,0,0,3,registration,0.0,1,2026-02-21 14:35:00
S008821,421E0683,iOS-HighEnd,PAN,Tamil Nadu,0,0,0,103,consent_sign,3.5,0,2026-02-23 07:40:00
S008822,3347216C,Android-MidTier,PAN,Karnataka,0,1,1,175,consent_sign,5.5,0,2026-02-01 17:18:00
S008823,433D65C2,iOS-HighEnd,PAN,Delhi,0,0,0,108,consent_sign,3.5,0,2026-01-13 06:58:00
S008824,FACC2E35,iOS-HighEnd,Passport,Karnataka,0,0,1,162,consent_sign,3.5,0,2026-01-26 14:12:00
S008825,FB6E5531,Android-MidTier,Passport,Karnataka,0,0,0,120,consent_sign,3.5,0,2026-01-17 03:33:00
S008826,244226D7,iOS-HighEnd,Aadhaar,Gujarat,0,0,0,139,consent_sign,3.5,0,2026-02-08 23:04:00
S008827,B64A46F5,Android-MidTier,PAN,Gujarat,0,1,2,178,consent_sign,5.5,1,2026-01-01 12:13:00
S008828,1B2B5F8B,Android-Budget,PAN,Karnataka,0,0,0,144,consent_sign,3.5,0,2026-01-08 01:31:00
S008829,40F62C58,Android-MidTier,PAN,Tamil Nadu,0,0,0,137,consent_sign,3.5,0,2026-01-31 00:04:00
S008830,8F6A201A,iOS-HighEnd,Driving License,West Bengal,0,0,0,155,consent_sign,3.5,0,2026-02-19 02:32:00
S008831,BD95C7F5,iOS-HighEnd,Aadhaar,Tamil Nadu,0,0,0,145,consent_sign,3.5,0,2026-02-20 15:31:00
S008832,D0D0D99D,iOS-HighEnd,Passport,Karnataka,0,1,1,184,consent_sign,5.5,0,2026-01-06 03:11:00
S008833,A19F304A,Android-MidTier,Passport,Gujarat,0,0,0,125,consent_sign,3.5,0,2026-01-18 20:52:00
S008834,BBF7F858,iOS-HighEnd,PAN,Tamil Nadu,0,0,0,148,consent_sign,3.5,0,2026-01-12 17:59:00
S008835,0EA20820,Android-Budget,Passport,Karnataka,1,0,1,201,consent_sign,5.0,0,2026-01-08 08:01:00
S008836,E37001F6,iOS-HighEnd,Aadhaar,West Bengal,0,1,1,199,consent_sign,5.5,0,2026-02-26 07:14:00
S008837,56689E24,iOS-HighEnd,Driving License,Maharashtra,0,0,0,134,consent_sign,3.5,0,2026-01-04 22:09:00
S008838,0C9F82AD,Android-MidTier,Aadhaar,Delhi,0,0,0,121,consent_sign,3.5,0,2026-02-22 17:55:00
S008839,D5471932,Android-MidTier,Aadhaar,Tamil Nadu,0,0,0,157,consent_sign,3.5,0,2026-01-30 16:24:00
S008840,B8D8E96C,Android-Budget,Aadhaar,Delhi,2,1,3,224,liveness_check,6.5,1,2026-01-10 14:04:00
S008841,3EA0DD43,Android-MidTier,Passport,Maharashtra,0,0,0,144,consent_sign,3.5,0,2026-02-19 00:17:00
S008842,1D5F9FF2,iOS-HighEnd,Passport,Karnataka,0,0,0,1,registration,0.0,1,2026-02-14 22:35:00
S008843,6595FA90,Android-Budget,Aadhaar,Delhi,0,0,0,101,consent_sign,3.5,0,2026-02-18 11:06:00
S008844,46997FC2,Android-Budget,PAN,Gujarat,0,0,0,135,consent_sign,3.5,0,2026-01-20 19:59:00
S008845,019DB91E,Android-MidTier,PAN,Gujarat,0,0,0,126,consent_sign,3.5,0,2026-01-19 04:49:00
S008846,3AA74ACF,Android-MidTier,Passport,Maharashtra,0,0,0,1,registration,0.0,1,2026-01-20 14:44:00
S008847,4E0D4D6F,iOS-HighEnd,PAN,Delhi,0,0,0,110,consent_sign,3.5,0,2026-02-05 17:57:00
S008848,8FCA9026,iOS-HighEnd,Driving License,Karnataka,0,0,0,154,consent_sign,3.5,1,2026-01-06 07:48:00
S008849,E37355F3,Android-MidTier,Driving License,West Bengal,0,0,0,153,consent_sign,3.5,0,2026-02-14 15:37:00
S008850,C6573806,Android-Budget,Passport,Delhi,0,1,1,115,liveness_check,3.5,1,2026-01-18 03:01:00
S008851,A93DBF91,Android-MidTier,Aadhaar,Karnataka,2,1,3,281,consent_sign,8.5,0,2026-02-25 07:04:00
S008852,496D4895,Android-Budget,Driving License,West Bengal,0,0,0,4,registration,0.0,1,2026-01-04 07:53:00
S008853,922731E9,Android-Budget,PAN,West Bengal,0,0,0,114,consent_sign,3.5,1,2026-01-27 13:14:00
S008854,A82762B4,Android-MidTier,Driving License,Gujarat,1,0,1,206,consent_sign,5.0,0,2026-02-02 03:41:00
S008855,505739F3,iOS-HighEnd,Driving License,Gujarat,1,0,1,102,doc_upload,1.5,1,2026-01-28 20:47:00
S008856,79E49119,Android-MidTier,Aadhaar,Gujarat,0,0,0,38,phone_otp,0.0,1,2026-02-01 08:03:00
S008857,405D861C,iOS-HighEnd,Driving License,West Bengal,1,0,1,169,consent_sign,5.0,0,2026-02-06 16:45:00
S008858,2C9D9B63,iOS-HighEnd,PAN,Tamil Nadu,0,0,0,118,consent_sign,3.5,0,2026-01-20 15:07:00
S008859,113A19A0,Android-MidTier,PAN,Karnataka,0,0,0,127,consent_sign,3.5,0,2026-02-03 23:28:00
S008860,FA33DEC0,Android-MidTier,Passport,Maharashtra,0,0,0,154,consent_sign,3.5,0,2026-02-05 03:03:00
S008861,13D69792,Android-Budget,PAN,West Bengal,0,0,0,143,consent_sign,3.5,0,2026-02-06 02:17:00
S008862,AC58D464,Android-MidTier,Passport,Maharashtra,0,0,0,3,registration,0.0,1,2026-02-11 23:54:00
S008863,4588D5C7,iOS-HighEnd,Aadhaar,Maharashtra,0,0,0,144,consent_sign,3.5,0,2026-02-04 02:17:00
S008864,ABA78B51,Android-MidTier,Passport,West Bengal,0,0,0,156,consent_sign,3.5,0,2026-01-03 16:42:00
S008865,603FEA1D,Android-Budget,Aadhaar,Maharashtra,0,0,0,135,consent_sign,3.5,0,2026-01-22 15:33:00
S008866,97477DA7,Android-MidTier,Passport,Maharashtra,0,0,0,128,consent_sign,3.5,0,2026-01-28 07:41:00
S008867,7F2487BC,iOS-HighEnd,Passport,Tamil Nadu,0,0,0,155,consent_sign,3.5,0,2026-02-08 05:35:00
S008868,0F6924F3,Android-MidTier,PAN,Maharashtra,0,0,0,126,consent_sign,3.5,0,2026-02-05 15:44:00
S008869,CFAB07F4,Android-MidTier,PAN,Maharashtra,0,0,0,69,liveness_check,1.5,1,2026-02-05 01:59:00
S008870,2B31B5E7,iOS-HighEnd,Driving License,West Bengal,0,0,0,146,consent_sign,3.5,0,2026-01-26 14:54:00
S008871,AAAA7602,Android-MidTier,Aadhaar,Karnataka,0,0,0,125,consent_sign,3.5,0,2026-01-09 17:42:00
S008872,DDEBAA54,iOS-HighEnd,Aadhaar,Tamil Nadu,0,1,1,120,liveness_check,3.5,1,2026-01-16 22:55:00
S008873,22CDF6A0,Android-Budget,PAN,Karnataka,0,0,0,152,consent_sign,3.5,0,2026-01-14 22:22:00
S008874,2650D902,Android-MidTier,Aadhaar,Karnataka,0,0,0,139,consent_sign,3.5,0,2026-01-15 07:05:00
S008875,33A83451,iOS-HighEnd,PAN,Delhi,0,0,0,108,consent_sign,3.5,0,2026-02-09 03:33:00
S008876,B7696E0E,Android-MidTier,PAN,Tamil Nadu,0,0,0,137,consent_sign,3.5,0,2026-02-18 09:38:00
S008877,9ECC4181,Android-MidTier,Aadhaar,Delhi,0,0,0,146,consent_sign,3.5,0,2026-01-28 23:38:00
S008878,910813B5,iOS-HighEnd,Aadhaar,West Bengal,0,0,0,132,consent_sign,3.5,0,2026-02-02 16:28:00
S008879,094D4B8A,iOS-HighEnd,Driving License,Gujarat,0,1,1,130,consent_sign,5.5,0,2026-02-11 23:42:00
S008880,797D3028,Android-Budget,Passport,Gujarat,1,0,1,182,consent_sign,5.0,0,2026-02-19 18:38:00
S008881,6D2616E2,Android-MidTier,Aadhaar,Tamil Nadu,0,0,1,168,consent_sign,3.5,0,2026-02-13 03:30:00
S008882,3B38102B,Android-MidTier,Aadhaar,Karnataka,0,0,0,125,consent_sign,3.5,0,2026-01-06 17:34:00
S008883,FC2EDB04,iOS-HighEnd,PAN,Gujarat,0,0,0,125,consent_sign,3.5,0,2026-01-02 16:34:00
S008884,7016E105,Android-Budget,PAN,Gujarat,0,0,0,112,consent_sign,3.5,0,2026-02-06 02:27:00
S008885,C3BF7D44,Android-Budget,Aadhaar,Karnataka,0,0,0,4,registration,0.0,1,2026-01-24 03:27:00
S008886,56D07EF3,iOS-HighEnd,Driving License,Delhi,0,0,0,140,consent_sign,3.5,0,2026-02-04 12:14:00
S008887,87C97761,iOS-HighEnd,Aadhaar,West Bengal,0,0,0,151,consent_sign,3.5,0,2026-01-14 04:09:00
S008888,A6145F1B,Android-Budget,Passport,West Bengal,0,0,0,168,consent_sign,3.5,0,2026-01-27 09:36:00
S008889,3CBB32DE,Android-MidTier,Passport,Delhi,0,0,0,127,consent_sign,3.5,0,2026-02-02 04:59:00
S008890,353FCE99,iOS-HighEnd,Passport,Tamil Nadu,0,1,1,155,consent_sign,5.5,0,2026-02-27 19:10:00
S008891,9258B0C0,iOS-HighEnd,Driving License,Gujarat,1,0,1,77,doc_upload,1.5,1,2026-02-14 21:43:00
S008892,B166681C,iOS-HighEnd,Aadhaar,Maharashtra,0,0,0,2,registration,0.0,1,2026-02-20 03:00:00
S008893,9A452ACA,iOS-HighEnd,Passport,Karnataka,0,1,1,140,consent_sign,5.5,0,2026-02-06 18:41:00
S008894,61D9E819,Android-MidTier,PAN,Tamil Nadu,0,0,0,120,consent_sign,3.5,0,2026-02-09 22:54:00
S008895,07E79181,Android-MidTier,PAN,Tamil Nadu,0,0,0,141,consent_sign,3.5,0,2026-02-23 03:21:00
S008896,B99EEC19,Android-MidTier,Aadhaar,Maharashtra,0,0,0,131,consent_sign,3.5,0,2026-01-16 16:17:00
S008897,55BA1DFE,Android-MidTier,Driving License,Karnataka,0,0,0,143,consent_sign,3.5,0,2026-02-16 09:41:00
S008898,250D235F,Android-MidTier,PAN,Karnataka,0,1,1,138,liveness_check,3.5,1,2026-02-09 06:37:00
S008899,960A3974,Android-MidTier,PAN,West Bengal,0,0,0,2,registration,0.0,1,2026-01-07 14:54:00
S008900,060556E8,Android-MidTier,PAN,Tamil Nadu,0,0,0,1,registration,0.0,1,2026-01-01 20:00:00
S008901,CEBBDF91,Android-Budget,Passport,Tamil Nadu,0,2,2,169,consent_sign,7.5,1,2026-02-27 07:39:00
S008902,4864D025,iOS-HighEnd,PAN,Karnataka,0,0,0,107,consent_sign,3.5,0,2026-01-01 08:10:00
S008903,CCAEB64C,iOS-HighEnd,Aadhaar,Delhi,0,0,0,139,consent_sign,3.5,0,2026-02-27 11:45:00
S008904,01C363CD,iOS-HighEnd,PAN,West Bengal,0,0,0,131,consent_sign,3.5,0,2026-02-09 11:30:00
S008905,23E96B81,iOS-HighEnd,PAN,West Bengal,1,0,1,107,doc_upload,1.5,1,2026-01-11 10:49:00
S008906,76DA3747,iOS-HighEnd,PAN,Delhi,0,0,0,140,consent_sign,3.5,1,2026-01-25 13:05:00
S008907,8B75190C,Android-Budget,Driving License,West Bengal,1,0,1,165,consent_sign,5.0,0,2026-02-14 17:37:00
S008908,7F14D81C,Android-MidTier,Passport,Delhi,0,0,0,172,consent_sign,3.5,0,2026-01-18 10:02:00
S008909,72A4BAC6,iOS-HighEnd,Driving License,Maharashtra,1,0,3,284,consent_sign,5.0,0,2026-01-14 15:06:00
S008910,4F3C0388,iOS-HighEnd,Driving License,Karnataka,0,0,0,142,consent_sign,3.5,0,2026-01-30 17:09:00
S008911,6B775489,Android-Budget,Aadhaar,Karnataka,1,0,1,150,consent_sign,5.0,0,2026-02-14 02:32:00
S008912,E3F9899A,Android-MidTier,Aadhaar,Karnataka,0,0,0,114,consent_sign,3.5,0,2026-01-08 18:05:00
S008913,FD987761,Android-Budget,Aadhaar,Tamil Nadu,0,0,0,120,consent_sign,3.5,0,2026-02-04 06:27:00
S008914,54A3E5AE,iOS-HighEnd,Driving License,Karnataka,0,0,0,126,consent_sign,3.5,1,2026-02-08 10:38:00
S008915,3E881490,Android-MidTier,Passport,Gujarat,2,0,2,268,consent_sign,6.5,0,2026-01-18 01:56:00
S008916,3878A369,Android-Budget,PAN,Gujarat,1,0,1,83,doc_upload,1.5,1,2026-01-24 13:57:00
S008917,96BFBEE0,iOS-HighEnd,Passport,Gujarat,0,0,0,147,consent_sign,3.5,0,2026-01-23 00:15:00
S008918,45BBFB02,Android-MidTier,Passport,Tamil Nadu,0,0,0,3,registration,0.0,1,2026-01-24 15:47:00
S008919,2FBC9834,Android-Budget,Passport,Delhi,0,0,0,121,consent_sign,3.5,0,2026-01-05 10:26:00
S008920,143E77C2,iOS-HighEnd,Aadhaar,Maharashtra,0,0,0,107,consent_sign,3.5,0,2026-01-26 10:15:00
S008921,90C031A8,Android-MidTier,Aadhaar,Tamil Nadu,1,0,1,170,consent_sign,5.0,0,2026-01-12 04:39:00
S008922,91BE48C3,Android-MidTier,Driving License,Karnataka,0,0,1,111,consent_sign,3.5,1,2026-01-04 00:23:00
S008923,52335CAD,iOS-HighEnd,Aadhaar,Gujarat,0,0,0,153,consent_sign,3.5,0,2026-02-24 01:47:00
S008924,5EF75904,Android-MidTier,Passport,Maharashtra,0,0,0,104,consent_sign,3.5,1,2026-01-14 17:12:00
S008925,020978DC,iOS-HighEnd,Aadhaar,Tamil Nadu,0,0,0,123,consent_sign,3.5,0,2026-02-28 08:08:00
S008926,1C30F3F5,Android-MidTier,Passport,Maharashtra,0,0,0,52,doc_upload,0.0,1,2026-01-08 20:24:00
S008927,7671B52A,Android-Budget,Aadhaar,Maharashtra,0,0,0,128,consent_sign,3.5,0,2026-02-27 01:39:00
S008928,6D33758B,iOS-HighEnd,PAN,Tamil Nadu,1,0,1,180,consent_sign,5.0,0,2026-02-01 11:21:00
S008929,140F9B24,iOS-HighEnd,Passport,Gujarat,0,0,0,156,consent_sign,3.5,0,2026-02-14 22:09:00
S008930,4A3C2FE2,Android-MidTier,Driving License,Delhi,0,1,1,157,consent_sign,5.5,0,2026-02-26 10:17:00
S008931,D99598FB,iOS-HighEnd,Driving License,Maharashtra,0,1,1,112,liveness_check,3.5,1,2026-01-24 03:43:00
S008932,C37180D4,Android-MidTier,Driving License,West Bengal,0,0,0,184,consent_sign,3.5,0,2026-01-10 14:52:00
S008933,59432772,iOS-HighEnd,Passport,Tamil Nadu,0,0,0,126,consent_sign,3.5,0,2026-01-25 05:38:00
S008934,A84F3D75,Android-Budget,PAN,Gujarat,0,0,0,157,consent_sign,3.5,0,2026-02-01 10:46:00
S008935,F8ED8B6A,Android-Budget,Aadhaar,Gujarat,1,0,1,140,consent_sign,5.0,0,2026-01-26 11:55:00
S008936,DFE9A6EE,Android-Budget,Driving License,Tamil Nadu,2,0,2,190,consent_sign,6.5,0,2026-01-27 05:17:00
S008937,4ACAFD79,Android-MidTier,Aadhaar,West Bengal,0,0,0,138,consent_sign,3.5,0,2026-02-14 11:09:00
S008938,B5836D91,Android-MidTier,Driving License,Maharashtra,0,2,2,158,liveness_check,5.5,1,2026-01-07 11:00:00
S008939,CAAD515C,iOS-HighEnd,Aadhaar,Delhi,0,0,0,168,consent_sign,3.5,0,2026-01-26 08:52:00
S008940,1F0E523D,iOS-HighEnd,Driving License,Gujarat,1,0,1,169,consent_sign,5.0,0,2026-01-19 17:24:00
S008941,9A7DB4B4,Android-MidTier,PAN,Delhi,0,2,2,208,consent_sign,7.5,0,2026-02-27 23:52:00
S008942,9B828FAB,iOS-HighEnd,Driving License,Delhi,0,0,0,155,consent_sign,3.5,0,2026-01-19 14:58:00
S008943,F1DB228C,Android-MidTier,Passport,Gujarat,0,2,2,202,consent_sign,7.5,0,2026-02-12 14:08:00
S008944,940CBC1D,Android-MidTier,PAN,Delhi,0,0,1,134,consent_sign,3.5,1,2026-02-28 07:30:00
S008945,932DF381,Android-MidTier,PAN,Maharashtra,0,1,1,102,liveness_check,3.5,1,2026-02-08 16:08:00
S008946,68F06068,Android-Budget,Driving License,Maharashtra,0,0,0,120,consent_sign,3.5,0,2026-01-10 22:14:00
S008947,C252714E,iOS-HighEnd,Passport,Delhi,0,1,1,115,liveness_check,3.5,1,2026-02-15 23:02:00
S008948,B31985D0,Android-Budget,Passport,West Bengal,0,0,0,107,consent_sign,3.5,0,2026-01-18 05:00:00
S008949,397AB7CC,Android-MidTier,Driving License,West Bengal,0,0,0,71,liveness_check,1.5,1,2026-02-09 03:54:00
S008950,80210C15,Android-Budget,Driving License,Tamil Nadu,1,0,3,137,doc_upload,1.5,1,2026-02-26 19:31:00
S008951,B91340E3,iOS-HighEnd,Driving License,Karnataka,0,0,0,115,consent_sign,3.5,0,2026-01-13 18:17:00
S008952,37F15695,Android-MidTier,Driving License,Maharashtra,0,0,0,130,consent_sign,3.5,0,2026-01-20 08:23:00
S008953,D14C6D19,Android-MidTier,Aadhaar,Maharashtra,0,0,2,162,consent_sign,3.5,0,2026-01-17 10:10:00
S008954,E1E0D3D7,Android-Budget,Driving License,Gujarat,1,0,1,196,consent_sign,5.0,0,2026-01-07 02:55:00
S008955,EF0ABBD0,Android-MidTier,Driving License,Gujarat,1,0,2,174,consent_sign,5.0,0,2026-02-27 20:10:00
S008956,285E9704,iOS-HighEnd,PAN,Maharashtra,0,0,0,129,consent_sign,3.5,0,2026-02-10 03:06:00
S008957,FF69AF1C,iOS-HighEnd,Passport,West Bengal,1,0,1,206,consent_sign,5.0,1,2026-01-22 08:14:00
S008958,720F1C3D,Android-MidTier,Driving License,Gujarat,0,0,2,162,consent_sign,3.5,0,2026-01-21 20:34:00
S008959,2C5FD1CA,Android-MidTier,Aadhaar,Maharashtra,0,0,0,111,consent_sign,3.5,0,2026-02-27 01:55:00
S008960,C2FDB44A,Android-Budget,Driving License,Karnataka,0,0,0,109,consent_sign,3.5,0,2026-02-13 11:17:00
S008961,4D25D614,Android-MidTier,PAN,Maharashtra,0,0,0,138,consent_sign,3.5,0,2026-02-10 05:49:00
S008962,5905FD87,Android-MidTier,PAN,Karnataka,1,0,1,171,consent_sign,5.0,0,2026-01-01 15:05:00
S008963,B5B2872B,Android-MidTier,Passport,Delhi,0,0,0,146,consent_sign,3.5,0,2026-03-01 18:26:00
S008964,5630899B,Android-MidTier,PAN,West Bengal,0,1,1,119,liveness_check,3.5,1,2026-01-07 20:09:00
S008965,21C4F6D5,iOS-HighEnd,Passport,Maharashtra,0,0,0,127,consent_sign,3.5,0,2026-02-27 20:59:00
S008966,098BFDFB,Android-MidTier,Passport,Gujarat,0,0,0,123,consent_sign,3.5,0,2026-02-06 08:13:00
S008967,4D40E14F,Android-MidTier,Passport,Delhi,0,1,1,86,consent_sign,5.5,0,2026-01-01 23:39:00
S008968,D92757A8,Android-MidTier,PAN,West Bengal,0,0,0,124,consent_sign,3.5,0,2026-02-06 14:34:00
S008969,10681724,iOS-HighEnd,Passport,Tamil Nadu,0,0,0,141,consent_sign,3.5,0,2026-01-19 01:55:00
S008970,3933C2ED,Android-MidTier,Driving License,Gujarat,0,0,0,136,consent_sign,3.5,0,2026-01-23 00:18:00
S008971,0702C1DB,iOS-HighEnd,PAN,Delhi,0,0,0,50,doc_upload,0.0,1,2026-02-22 02:44:00
S008972,DFE88339,Android-MidTier,Passport,Delhi,0,0,1,180,consent_sign,3.5,0,2026-02-06 16:01:00
S008973,C75E769C,iOS-HighEnd,Driving License,Gujarat,0,0,0,4,registration,0.0,1,2026-01-09 15:50:00
S008974,DD20525E,iOS-HighEnd,Driving License,Delhi,0,0,0,29,doc_upload,0.0,1,2026-02-17 23:51:00
S008975,64BB419D,iOS-HighEnd,Passport,West Bengal,0,0,0,169,consent_sign,3.5,0,2026-02-06 15:40:00
S008976,B4FC8FDD,iOS-HighEnd,PAN,Maharashtra,0,0,0,155,consent_sign,3.5,0,2026-02-07 13:16:00
S008977,54AD2B86,Android-Budget,Aadhaar,Tamil Nadu,2,0,2,191,consent_sign,6.5,0,2026-02-11 21:38:00
S008978,AD735097,iOS-HighEnd,Driving License,Tamil Nadu,0,0,0,118,consent_sign,3.5,0,2026-02-02 20:36:00
S008979,0097D5F0,iOS-HighEnd,Passport,Maharashtra,0,0,0,140,consent_sign,3.5,0,2026-01-16 16:40:00
S008980,F889C78A,iOS-HighEnd,PAN,Gujarat,1,0,1,159,consent_sign,5.0,0,2026-02-06 19:09:00
S008981,92DBA65F,Android-Budget,PAN,West Bengal,1,0,1,140,consent_sign,5.0,1,2026-01-20 14:05:00
S008982,119BD998,Android-Budget,PAN,Delhi,0,1,1,132,liveness_check,3.5,1,2026-01-24 16:53:00
S008983,8D73F2A6,iOS-HighEnd,Driving License,Delhi,0,0,0,121,consent_sign,3.5,0,2026-01-27 08:26:00
S008984,B21D856B,Android-MidTier,Passport,Karnataka,1,0,1,180,consent_sign,5.0,0,2026-02-16 10:11:00
S008985,38A6484C,Android-MidTier,Driving License,West Bengal,0,0,0,144,consent_sign,3.5,0,2026-02-18 10:42:00
S008986,EF3E9770,iOS-HighEnd,PAN,Maharashtra,0,0,0,107,consent_sign,3.5,0,2026-01-28 15:33:00
S008987,0C4D862E,Android-MidTier,PAN,Karnataka,0,0,1,147,consent_sign,3.5,0,2026-02-07 21:51:00
S008988,E3E7589E,iOS-HighEnd,Driving License,Karnataka,0,0,0,117,consent_sign,3.5,0,2026-02-03 17:29:00
S008989,684B1568,Android-MidTier,Passport,Delhi,0,0,0,149,consent_sign,3.5,0,2026-02-18 02:21:00
S008990,BDA91C8A,iOS-HighEnd,PAN,Delhi,0,0,1,116,consent_sign,3.5,0,2026-02-18 08:28:00
S008991,3FA83FF8,iOS-HighEnd,Driving License,Maharashtra,0,0,0,144,consent_sign,3.5,0,2026-01-07 11:22:00
S008992,4AF1FF74,Android-MidTier,Passport,Delhi,0,0,0,91,consent_sign,3.5,0,2026-01-15 21:03:00
S008993,3539BD22,iOS-HighEnd,PAN,Karnataka,0,0,0,135,consent_sign,3.5,0,2026-02-12 10:15:00
S008994,4D1F3B9A,Android-Budget,Driving License,Karnataka,0,0,0,130,consent_sign,3.5,0,2026-01-13 19:33:00
S008995,B6D62DFD,Android-MidTier,Driving License,Delhi,0,0,0,110,consent_sign,3.5,0,2026-03-01 22:57:00
S008996,BDCFC42B,Android-MidTier,PAN,Maharashtra,0,0,0,50,doc_upload,0.0,1,2026-02-12 18:26:00
S008997,A874D557,Android-Budget,PAN,West Bengal,1,0,2,245,consent_sign,5.0,0,2026-02-26 11:08:00
S008998,8A4F48B2,Android-MidTier,Aadhaar,Delhi,0,0,1,157,consent_sign,3.5,0,2026-01-25 05:15:00
S008999,8D5AF123,Android-MidTier,Driving License,Maharashtra,0,0,0,137,consent_sign,3.5,0,2026-01-10 00:53:00
S009000,F3151B0A,Android-Budget,Driving License,West Bengal,0,0,0,177,consent_sign,3.5,0,2026-01-25 09:12:00
S009001,B5356BF3,Android-Budget,Driving License,Gujarat,0,0,0,118,consent_sign,3.5,0,2026-01-22 06:29:00
S009002,DC404104,Android-MidTier,Driving License,Gujarat,1,0,1,156,consent_sign,5.0,0,2026-01-18 16:31:00
S009003,9523175B,iOS-HighEnd,PAN,Gujarat,0,0,0,123,consent_sign,3.5,0,2026-02-16 05:13:00
S009004,E2D8D2E6,Android-MidTier,Passport,Maharashtra,1,0,1,85,doc_upload,1.5,1,2026-02-01 01:59:00
S009005,A589C017,Android-MidTier,Passport,Gujarat,0,0,0,117,consent_sign,3.5,0,2026-02-25 07:50:00
S009006,702ADF3B,Android-Budget,Aadhaar,Karnataka,0,0,0,167,consent_sign,3.5,0,2026-02-04 03:38:00
S009007,773FBB30,iOS-HighEnd,Driving License,Karnataka,0,0,0,111,consent_sign,3.5,0,2026-02-25 14:00:00
S009008,099C3693,Android-MidTier,Passport,West Bengal,0,0,0,151,consent_sign,3.5,0,2026-01-09 01:03:00
S009009,518BA376,Android-MidTier,Driving License,Delhi,0,1,1,120,liveness_check,3.5,1,2026-02-09 13:52:00
S009010,895C186B,Android-MidTier,Passport,Gujarat,0,0,0,130,consent_sign,3.5,0,2026-02-14 10:10:00
S009011,5DDA5439,Android-Budget,Driving License,Tamil Nadu,0,1,1,109,liveness_check,3.5,1,2026-02-22 03:21:00
S009012,2977FB6E,iOS-HighEnd,Driving License,Delhi,0,0,1,181,consent_sign,3.5,0,2026-02-03 22:14:00
S009013,F1BEF588,Android-MidTier,Aadhaar,Delhi,0,0,1,188,consent_sign,3.5,0,2026-02-16 08:39:00
S009014,569D7AEB,iOS-HighEnd,Passport,Karnataka,0,0,0,144,consent_sign,3.5,0,2026-03-01 12:25:00
S009015,5636D3B7,iOS-HighEnd,PAN,Gujarat,0,0,0,98,consent_sign,3.5,0,2026-02-08 06:18:00
S009016,EC1AA530,iOS-HighEnd,Passport,Gujarat,0,0,0,119,consent_sign,3.5,0,2026-02-14 04:06:00
S009017,33777A82,iOS-HighEnd,PAN,West Bengal,0,0,0,133,consent_sign,3.5,0,2026-02-24 06:54:00
S009018,273FD952,iOS-HighEnd,Aadhaar,Delhi,1,0,1,192,consent_sign,5.0,0,2026-02-16 06:24:00
S009019,0262BF90,iOS-HighEnd,Passport,Tamil Nadu,1,0,1,89,doc_upload,1.5,1,2026-01-14 02:40:00
S009020,5487452B,Android-MidTier,Passport,Gujarat,0,0,0,79,consent_sign,3.5,0,2026-02-24 09:05:00
S009021,1B993F82,iOS-HighEnd,Passport,Delhi,0,0,0,135,consent_sign,3.5,0,2026-01-05 10:35:00
S009022,028CCAE1,iOS-HighEnd,PAN,Delhi,0,0,0,125,consent_sign,3.5,0,2026-02-08 21:17:00
S009023,32803153,iOS-HighEnd,Passport,Gujarat,0,0,1,160,consent_sign,3.5,0,2026-02-14 06:32:00
S009024,70E39ECB,iOS-HighEnd,PAN,Karnataka,0,0,0,133,consent_sign,3.5,0,2026-02-20 15:26:00
S009025,1F737931,Android-MidTier,Aadhaar,Maharashtra,0,1,1,129,consent_sign,5.5,1,2026-01-23 20:28:00
S009026,C88736E9,Android-Budget,Aadhaar,Maharashtra,0,0,0,153,consent_sign,3.5,0,2026-01-19 11:23:00
S009027,D0D74AA0,Android-MidTier,Driving License,Maharashtra,0,0,0,44,phone_otp,0.0,1,2026-02-09 14:38:00
S009028,6D473B55,iOS-HighEnd,PAN,Karnataka,0,0,0,37,doc_upload,0.0,1,2026-01-04 01:27:00
S009029,9C137F71,Android-Budget,Aadhaar,Maharashtra,1,1,2,194,consent_sign,7.0,0,2026-02-18 01:46:00
S009030,D057358D,iOS-HighEnd,PAN,Tamil Nadu,0,0,0,160,consent_sign,3.5,0,2026-01-15 17:36:00
S009031,BF96ABAD,Android-MidTier,Driving License,Tamil Nadu,0,0,0,110,consent_sign,3.5,0,2026-01-31 20:02:00
S009032,A44A0D54,Android-Budget,Driving License,Karnataka,0,0,0,137,consent_sign,3.5,0,2026-01-26 08:54:00
S009033,1407A94B,Android-MidTier,PAN,Tamil Nadu,1,0,1,180,consent_sign,5.0,0,2026-01-01 09:49:00
S009034,E9052C4B,Android-MidTier,Passport,Gujarat,0,0,0,132,consent_sign,3.5,0,2026-01-24 19:55:00
S009035,8E5E71C5,iOS-HighEnd,PAN,Tamil Nadu,0,0,0,105,consent_sign,3.5,0,2026-02-19 02:40:00
S009036,7CD5BABE,iOS-HighEnd,Passport,Gujarat,0,0,0,163,consent_sign,3.5,0,2026-01-31 05:32:00
S009037,377F35C1,iOS-HighEnd,PAN,Karnataka,0,0,0,149,consent_sign,3.5,0,2026-02-14 16:41:00
S009038,F365185D,Android-Budget,Driving License,Maharashtra,0,0,1,166,consent_sign,3.5,0,2026-02-26 09:05:00
S009039,2086BA87,Android-MidTier,PAN,Tamil Nadu,0,0,0,142,consent_sign,3.5,0,2026-02-20 08:00:00
S009040,116F176A,Android-Budget,PAN,Gujarat,0,2,2,149,consent_sign,7.5,0,2026-02-15 14:54:00
S009041,94DEFF78,Android-MidTier,Passport,Karnataka,0,1,1,151,consent_sign,5.5,0,2026-01-09 18:33:00
S009042,FFD8CA90,Android-Budget,Passport,West Bengal,1,0,1,173,consent_sign,5.0,0,2026-01-07 01:48:00
S009043,17430EFF,iOS-HighEnd,Passport,Tamil Nadu,0,0,0,142,consent_sign,3.5,0,2026-02-01 13:13:00
S009044,F5260CB1,Android-Budget,Passport,Gujarat,0,0,0,2,registration,0.0,1,2026-02-27 05:47:00
S009045,21E5259F,Android-MidTier,Passport,Delhi,0,0,0,53,doc_upload,0.0,1,2026-01-24 16:35:00
S009046,5F9094CA,iOS-HighEnd,Passport,Maharashtra,0,0,0,160,consent_sign,3.5,0,2026-02-22 19:10:00
S009047,E0F0C823,iOS-HighEnd,Driving License,West Bengal,0,0,0,154,consent_sign,3.5,0,2026-01-29 04:08:00
S009048,D4D1BF15,Android-MidTier,Passport,Gujarat,0,0,0,152,consent_sign,3.5,0,2026-01-03 20:05:00
S009049,8BE5199E,Android-MidTier,Passport,Maharashtra,1,0,1,96,doc_upload,1.5,1,2026-01-22 17:06:00
S009050,F55C6AF8,iOS-HighEnd,Driving License,Delhi,0,0,0,104,consent_sign,3.5,0,2026-02-09 15:05:00
S009051,79EDF2D0,iOS-HighEnd,Passport,Delhi,1,0,1,55,doc_upload,1.5,1,2026-01-04 03:40:00
S009052,7EC4EB39,Android-Budget,PAN,Gujarat,1,0,1,141,consent_sign,5.0,0,2026-02-24 03:28:00
S009053,69F6A8CB,iOS-HighEnd,Passport,Delhi,0,0,0,35,phone_otp,0.0,1,2026-01-01 15:54:00
S009054,D51878A7,Android-MidTier,Driving License,Tamil Nadu,0,0,1,35,phone_otp,0.0,1,2026-01-09 08:48:00
S009055,2ED1027F,iOS-HighEnd,Driving License,Karnataka,0,0,0,130,liveness_check,1.5,1,2026-02-04 09:26:00
S009056,62E5B19A,iOS-HighEnd,Driving License,Karnataka,0,0,0,134,consent_sign,3.5,0,2026-02-25 15:29:00
S009057,3A363B3A,Android-MidTier,PAN,Tamil Nadu,0,2,2,165,liveness_check,5.5,1,2026-02-02 21:28:00
S009058,70D21FEA,Android-MidTier,PAN,Karnataka,1,1,2,193,consent_sign,7.0,0,2026-01-07 12:29:00
S009059,781AEE5A,Android-Budget,PAN,Delhi,0,3,3,140,liveness_check,7.5,1,2026-02-10 18:29:00
S009060,817B6767,iOS-HighEnd,Passport,Karnataka,0,0,0,2,registration,0.0,1,2026-01-22 00:17:00
S009061,2E0C881C,Android-Budget,Aadhaar,Tamil Nadu,0,0,0,124,consent_sign,3.5,0,2026-01-26 17:55:00
S009062,0A4434D1,Android-MidTier,PAN,Karnataka,0,0,0,123,consent_sign,3.5,0,2026-02-19 14:55:00
S009063,C82D4AFA,Android-Budget,Driving License,Tamil Nadu,1,0,1,172,consent_sign,5.0,0,2026-01-31 21:07:00
S009064,64EA7B95,iOS-HighEnd,Driving License,Maharashtra,0,0,0,137,consent_sign,3.5,0,2026-01-23 00:05:00
S009065,B66DB5DF,Android-MidTier,Driving License,Gujarat,0,0,0,122,consent_sign,3.5,0,2026-01-27 22:00:00
S009066,B9866767,iOS-HighEnd,Passport,Maharashtra,0,0,0,160,consent_sign,3.5,0,2026-01-16 03:52:00
S009067,3F55F644,Android-MidTier,PAN,Delhi,0,1,2,160,liveness_check,3.5,1,2026-02-17 11:40:00
S009068,30084A02,Android-MidTier,Aadhaar,Maharashtra,0,0,1,159,consent_sign,3.5,0,2026-02-23 22:15:00
S009069,F0C3DC02,Android-MidTier,Passport,Tamil Nadu,0,0,0,119,consent_sign,3.5,0,2026-01-23 13:44:00
S009070,1987E27B,iOS-HighEnd,Aadhaar,Delhi,0,0,0,120,consent_sign,3.5,0,2026-01-20 08:49:00
S009071,FAB522E5,Android-MidTier,Aadhaar,West Bengal,1,0,1,100,doc_upload,1.5,1,2026-01-01 19:22:00
S009072,753840D9,iOS-HighEnd,Driving License,Delhi,0,0,0,103,consent_sign,3.5,0,2026-02-19 07:10:00
S009073,3C573DA8,iOS-HighEnd,PAN,Karnataka,0,0,0,4,registration,0.0,1,2026-01-04 22:38:00
S009074,B0385CD1,iOS-HighEnd,PAN,Gujarat,0,0,0,134,consent_sign,3.5,0,2026-02-02 03:38:00
S009075,EB10052A,iOS-HighEnd,Driving License,Tamil Nadu,0,1,1,117,liveness_check,3.5,1,2026-01-29 11:42:00
S009076,AB6B897B,Android-MidTier,Passport,Delhi,0,0,0,109,consent_sign,3.5,0,2026-02-20 15:16:00
S009077,E6184043,iOS-HighEnd,PAN,Tamil Nadu,0,0,0,116,consent_sign,3.5,0,2026-02-08 04:39:00
S009078,0CAAF782,iOS-HighEnd,Driving License,Tamil Nadu,0,0,0,143,consent_sign,3.5,0,2026-01-28 08:28:00
S009079,4A95C90D,iOS-HighEnd,Passport,Delhi,0,0,0,157,consent_sign,3.5,0,2026-01-22 12:52:00
S009080,A118766A,Android-MidTier,Passport,Maharashtra,0,0,0,150,consent_sign,3.5,0,2026-01-21 20:46:00
S009081,26AB406F,Android-Budget,Driving License,West Bengal,1,0,1,198,consent_sign,5.0,0,2026-02-27 13:52:00
S009082,F8BC60BB,Android-MidTier,PAN,Maharashtra,0,1,1,144,consent_sign,5.5,0,2026-01-24 11:21:00
S009083,B1C72493,Android-MidTier,Passport,Gujarat,0,1,1,132,consent_sign,5.5,0,2026-02-27 19:22:00
S009084,517EB16A,Android-Budget,Driving License,Delhi,2,0,2,166,consent_sign,6.5,0,2026-03-01 21:46:00
S009085,C3AA59EF,Android-MidTier,PAN,Tamil Nadu,0,0,0,118,consent_sign,3.5,0,2026-02-02 05:12:00
S009086,2C33ACB9,iOS-HighEnd,PAN,Delhi,0,0,0,145,consent_sign,3.5,0,2026-03-02 06:02:00
S009087,7E02C8C1,iOS-HighEnd,PAN,Delhi,0,0,0,102,consent_sign,3.5,0,2026-02-27 15:41:00
S009088,4128B138,iOS-HighEnd,Passport,Gujarat,0,0,0,138,consent_sign,3.5,0,2026-01-27 14:57:00
S009089,7453C9C3,Android-MidTier,PAN,Karnataka,0,0,0,128,consent_sign,3.5,0,2026-01-02 04:35:00
S009090,5C57EB93,Android-MidTier,Aadhaar,Tamil Nadu,0,0,0,153,consent_sign,3.5,0,2026-01-27 18:32:00
S009091,24F3984A,Android-MidTier,PAN,West Bengal,0,0,0,136,consent_sign,3.5,0,2026-01-08 19:15:00
S009092,607B7B22,iOS-HighEnd,Aadhaar,Gujarat,0,0,0,127,consent_sign,3.5,0,2026-01-22 22:29:00
S009093,CF97B941,Android-MidTier,Passport,Tamil Nadu,0,1,1,86,liveness_check,3.5,1,2026-02-19 13:34:00
S009094,A5637759,Android-MidTier,PAN,Delhi,0,0,0,120,consent_sign,3.5,0,2026-01-18 23:01:00
S009095,313E59A2,iOS-HighEnd,Aadhaar,Delhi,0,0,0,142,consent_sign,3.5,0,2026-02-02 15:42:00
S009096,BC6699FF,Android-Budget,PAN,Delhi,0,1,1,170,consent_sign,5.5,0,2026-01-08 18:25:00
S009097,D10320A3,Android-Budget,Aadhaar,Tamil Nadu,2,0,2,148,doc_upload,3.0,1,2026-02-09 07:31:00
S009098,4A36ACF1,Android-Budget,Passport,Delhi,0,0,0,123,consent_sign,3.5,0,2026-01-30 21:30:00
S009099,E090C65F,iOS-HighEnd,Driving License,Gujarat,1,0,1,78,doc_upload,1.5,1,2026-01-29 19:21:00
S009100,4E02FFB3,iOS-HighEnd,Driving License,Karnataka,0,0,0,111,consent_sign,3.5,0,2026-02-13 10:09:00
S009101,7FC4BD3F,Android-Budget,PAN,West Bengal,0,1,2,186,consent_sign,5.5,1,2026-02-18 21:38:00
S009102,EC2597EB,Android-MidTier,Driving License,Gujarat,0,0,0,132,consent_sign,3.5,0,2026-01-13 01:08:00
S009103,76F1A8E8,iOS-HighEnd,Driving License,Maharashtra,0,1,1,157,consent_sign,5.5,0,2026-02-01 12:17:00
S009104,02A49E9A,Android-Budget,Aadhaar,Tamil Nadu,1,1,3,212,consent_sign,7.0,0,2026-02-23 15:18:00
S009105,AEE0BA17,iOS-HighEnd,Passport,Karnataka,0,0,0,144,consent_sign,3.5,0,2026-02-19 12:56:00
S009106,AF31DEE8,Android-MidTier,PAN,West Bengal,0,0,0,126,consent_sign,3.5,0,2026-02-06 06:19:00
S009107,C41E63D4,Android-Budget,Passport,Delhi,0,0,0,112,consent_sign,3.5,0,2026-01-03 11:01:00
S009108,C9BBDDA4,iOS-HighEnd,PAN,West Bengal,0,0,0,155,consent_sign,3.5,0,2026-02-07 10:44:00
S009109,41E39149,Android-MidTier,Passport,West Bengal,0,0,0,130,consent_sign,3.5,1,2026-02-23 01:11:00
S009110,2E8139FE,Android-Budget,PAN,Karnataka,0,0,0,116,consent_sign,3.5,1,2026-01-19 00:27:00
S009111,A86E45C6,Android-MidTier,Passport,Delhi,0,0,0,126,consent_sign,3.5,0,2026-01-11 04:32:00
S009112,E0AD8C81,Android-MidTier,PAN,Maharashtra,0,1,1,175,consent_sign,5.5,0,2026-03-01 02:36:00
S009113,6A036E2F,Android-Budget,Driving License,West Bengal,2,0,2,232,consent_sign,6.5,0,2026-02-16 05:48:00
S009114,73CD3E91,Android-Budget,Driving License,Gujarat,0,3,4,180,liveness_check,7.5,1,2026-02-12 00:18:00
S009115,51A3DFE4,Android-MidTier,PAN,Tamil Nadu,0,0,0,130,consent_sign,3.5,1,2026-02-12 11:49:00
S009116,E97C0337,iOS-HighEnd,PAN,Maharashtra,0,0,0,134,consent_sign,3.5,0,2026-02-20 10:07:00
S009117,047D4BC7,iOS-HighEnd,Passport,West Bengal,0,0,1,147,consent_sign,3.5,0,2026-02-22 05:46:00
S009118,663CF258,Android-Budget,Aadhaar,Delhi,1,1,2,111,liveness_check,5.0,1,2026-01-07 09:38:00
S009119,244A603E,Android-MidTier,Driving License,Gujarat,0,0,1,132,consent_sign,3.5,0,2026-01-12 09:33:00
S009120,071C641D,Android-MidTier,PAN,Maharashtra,1,0,1,180,consent_sign,5.0,0,2026-01-17 10:29:00
S009121,B9A1F8C5,iOS-HighEnd,Aadhaar,Karnataka,0,0,0,4,registration,0.0,1,2026-01-15 02:45:00
S009122,97AFFDCD,Android-Budget,Driving License,Gujarat,1,0,1,101,doc_upload,1.5,1,2026-01-18 23:30:00
S009123,52949FBD,iOS-HighEnd,Aadhaar,Gujarat,0,0,0,147,consent_sign,3.5,0,2026-02-19 03:28:00
S009124,EDCED19F,Android-MidTier,Passport,Gujarat,0,0,0,128,consent_sign,3.5,0,2026-02-13 12:15:00
S009125,0AC33B9C,Android-MidTier,PAN,Gujarat,0,0,1,145,consent_sign,3.5,0,2026-02-20 04:09:00
S009126,50D8929C,Android-MidTier,PAN,Gujarat,0,0,0,97,consent_sign,3.5,0,2026-01-09 11:01:00
S009127,94E17C88,iOS-HighEnd,Passport,Tamil Nadu,0,0,0,138,consent_sign,3.5,0,2026-01-18 07:31:00
S009128,3E8E9F65,Android-MidTier,Driving License,West Bengal,0,1,1,158,consent_sign,5.5,0,2026-02-13 20:34:00
S009129,CFF716AD,iOS-HighEnd,Driving License,Karnataka,0,0,0,111,consent_sign,3.5,0,2026-02-05 22:31:00
S009130,2C1FD0DB,Android-MidTier,Driving License,Karnataka,0,0,1,128,consent_sign,3.5,0,2026-02-15 22:30:00
S009131,4BF1D7A8,Android-MidTier,Driving License,Tamil Nadu,0,0,1,147,consent_sign,3.5,0,2026-02-24 20:44:00
S009132,2E0CF801,Android-MidTier,PAN,Delhi,0,0,0,3,registration,0.0,1,2026-01-07 02:19:00
S009133,1374975F,Android-Budget,Passport,Delhi,0,1,1,136,consent_sign,5.5,0,2026-01-25 12:14:00
S009134,9F9DDA0D,Android-MidTier,PAN,Karnataka,0,1,1,168,consent_sign,5.5,0,2026-02-11 06:46:00
S009135,AB37FF0A,iOS-HighEnd,Aadhaar,West Bengal,0,0,1,139,consent_sign,3.5,0,2026-02-23 02:41:00
S009136,31CCD55C,iOS-HighEnd,Aadhaar,Delhi,0,1,1,153,liveness_check,3.5,1,2026-01-12 17:29:00
S009137,3918D757,iOS-HighEnd,PAN,Gujarat,0,0,0,143,consent_sign,3.5,0,2026-01-20 20:55:00
S009138,D9F0FA1F,iOS-HighEnd,Aadhaar,West Bengal,0,0,0,103,consent_sign,3.5,1,2026-02-12 10:31:00
S009139,92EAE3B6,Android-Budget,Passport,Karnataka,0,0,0,106,consent_sign,3.5,0,2026-01-07 09:22:00
S009140,3975864C,Android-Budget,Passport,Tamil Nadu,0,0,0,93,liveness_check,1.5,1,2026-01-13 07:20:00
S009141,107187D9,iOS-HighEnd,Passport,Maharashtra,0,0,0,120,consent_sign,3.5,1,2026-02-17 11:43:00
S009142,2D4177F0,Android-Budget,PAN,West Bengal,0,0,0,161,consent_sign,3.5,0,2026-02-01 14:30:00
S009143,F3234331,iOS-HighEnd,Driving License,Gujarat,0,0,0,161,consent_sign,3.5,0,2026-01-20 17:33:00
S009144,138664E3,Android-MidTier,PAN,Delhi,1,0,1,211,consent_sign,5.0,0,2026-02-18 20:51:00
S009145,82E89B5E,Android-MidTier,Aadhaar,Gujarat,0,0,0,142,consent_sign,3.5,0,2026-01-27 15:15:00
S009146,1CD6CF0D,Android-MidTier,Passport,Gujarat,0,0,0,122,consent_sign,3.5,1,2026-01-10 21:48:00
S009147,2755D942,Android-MidTier,Aadhaar,Tamil Nadu,0,0,0,158,consent_sign,3.5,0,2026-01-07 21:59:00
S009148,6ACAC286,Android-MidTier,Driving License,Maharashtra,1,0,1,102,doc_upload,1.5,1,2026-01-10 00:30:00
S009149,66C64E18,Android-MidTier,Aadhaar,Delhi,0,1,1,176,consent_sign,5.5,0,2026-02-23 08:00:00
S009150,1A9E82F5,Android-MidTier,Aadhaar,West Bengal,0,0,0,133,consent_sign,3.5,0,2026-01-11 12:32:00
S009151,87E504CE,iOS-HighEnd,PAN,Karnataka,0,0,0,139,consent_sign,3.5,0,2026-01-18 08:54:00
S009152,8988266F,Android-Budget,PAN,Gujarat,0,0,0,143,consent_sign,3.5,0,2026-01-30 16:42:00
S009153,FD236D28,Android-MidTier,Aadhaar,Maharashtra,0,0,0,84,liveness_check,1.5,1,2026-01-19 07:34:00
S009154,D650E1F3,Android-MidTier,Driving License,Maharashtra,0,0,0,111,consent_sign,3.5,1,2026-02-17 10:51:00
S009155,0AE689D6,iOS-HighEnd,Aadhaar,Maharashtra,0,0,0,98,consent_sign,3.5,0,2026-02-08 19:55:00
S009156,91ECA6B7,Android-Budget,Driving License,Delhi,1,0,1,161,liveness_check,3.0,1,2026-02-04 07:36:00
S009157,EEB44055,iOS-HighEnd,Aadhaar,Delhi,0,0,0,137,consent_sign,3.5,0,2026-02-04 21:20:00
S009158,86403806,iOS-HighEnd,Driving License,Delhi,0,0,2,188,consent_sign,3.5,0,2026-01-11 20:13:00
S009159,504D39E0,Android-MidTier,Aadhaar,West Bengal,0,0,0,148,consent_sign,3.5,0,2026-02-03 14:02:00
S009160,BC9B944F,Android-Budget,Passport,Tamil Nadu,0,0,0,135,consent_sign,3.5,0,2026-01-06 19:35:00
S009161,66D78E18,iOS-HighEnd,Aadhaar,Karnataka,0,0,0,108,consent_sign,3.5,0,2026-01-14 15:11:00
S009162,66383FA3,Android-Budget,PAN,Delhi,0,1,1,109,liveness_check,3.5,1,2026-01-02 00:06:00
S009163,BECFA316,Android-MidTier,Aadhaar,Maharashtra,0,0,0,123,consent_sign,3.5,0,2026-01-22 19:31:00
S009164,B9668355,iOS-HighEnd,Driving License,Delhi,0,0,0,127,consent_sign,3.5,0,2026-02-06 00:35:00
S009165,A893B7E0,iOS-HighEnd,Aadhaar,Delhi,0,2,3,156,liveness_check,5.5,1,2026-01-28 06:52:00
S009166,2412A2AB,Android-Budget,Driving License,Karnataka,0,1,1,115,liveness_check,3.5,1,2026-02-14 19:08:00
S009167,CF048F3A,Android-MidTier,PAN,Maharashtra,0,0,0,51,doc_upload,0.0,1,2026-01-08 10:51:00
S009168,317CA102,Android-MidTier,Driving License,Karnataka,0,0,0,134,consent_sign,3.5,0,2026-02-10 01:01:00
S009169,B0AF70D2,Android-MidTier,Passport,Delhi,0,0,0,30,phone_otp,0.0,1,2026-01-13 13:35:00
S009170,29C09A85,iOS-HighEnd,PAN,Tamil Nadu,0,0,0,134,consent_sign,3.5,0,2026-02-06 14:24:00
S009171,378A91E6,Android-MidTier,PAN,Karnataka,0,1,2,128,liveness_check,3.5,1,2026-01-28 19:38:00
S009172,480A202F,Android-MidTier,Driving License,Tamil Nadu,0,0,0,119,consent_sign,3.5,0,2026-01-06 06:17:00
S009173,82D621DD,Android-MidTier,Aadhaar,Gujarat,0,0,0,4,registration,0.0,1,2026-02-20 06:44:00
S009174,C5C19DDB,Android-MidTier,Driving License,Maharashtra,0,0,0,123,consent_sign,3.5,0,2026-02-10 05:58:00
S009175,1CA691E1,iOS-HighEnd,PAN,Karnataka,0,0,0,189,consent_sign,3.5,0,2026-01-13 19:20:00
S009176,9D70773E,Android-Budget,Passport,Delhi,0,0,0,3,registration,0.0,1,2026-01-07 16:50:00
S009177,C2A663D6,Android-MidTier,PAN,Karnataka,2,0,2,82,doc_upload,3.0,1,2026-02-15 06:05:00
S009178,9814697C,Android-MidTier,PAN,Karnataka,0,0,0,155,consent_sign,3.5,0,2026-02-17 04:10:00
S009179,934B45A8,Android-MidTier,Passport,Gujarat,0,0,0,147,consent_sign,3.5,0,2026-02-25 22:27:00
S009180,A6D50103,Android-Budget,Aadhaar,Gujarat,1,0,1,106,doc_upload,1.5,1,2026-02-08 00:39:00
S009181,32FC5015,iOS-HighEnd,Driving License,Delhi,1,0,1,180,consent_sign,5.0,0,2026-02-16 21:53:00
S009182,051852DC,Android-MidTier,Aadhaar,Maharashtra,0,0,0,2,registration,0.0,1,2026-02-21 06:28:00
S009183,6E96F611,iOS-HighEnd,Aadhaar,Delhi,0,0,0,155,consent_sign,3.5,0,2026-02-23 17:47:00
S009184,BCCCD4B3,Android-MidTier,Aadhaar,Gujarat,0,0,0,115,consent_sign,3.5,0,2026-03-01 20:56:00
S009185,B4CB8396,Android-MidTier,Driving License,West Bengal,0,0,0,125,consent_sign,3.5,0,2026-01-29 12:13:00
S009186,590BBFBC,Android-MidTier,Aadhaar,Gujarat,0,0,0,106,consent_sign,3.5,0,2026-01-31 00:37:00
S009187,294A8A71,iOS-HighEnd,Passport,Gujarat,0,0,1,41,phone_otp,0.0,1,2026-02-07 13:30:00
S009188,8B41BCD9,iOS-HighEnd,Driving License,Karnataka,0,0,1,49,phone_otp,0.0,1,2026-02-23 01:00:00
S009189,18AB202B,iOS-HighEnd,Aadhaar,Delhi,0,0,0,119,consent_sign,3.5,0,2026-01-13 19:12:00
S009190,0BE1BD38,iOS-HighEnd,Aadhaar,Maharashtra,0,0,0,137,consent_sign,3.5,0,2026-02-21 15:38:00
S009191,4528BBD1,iOS-HighEnd,Passport,Tamil Nadu,0,0,0,104,consent_sign,3.5,0,2026-02-16 01:14:00
S009192,E62E54EB,Android-MidTier,Aadhaar,Gujarat,0,0,0,158,consent_sign,3.5,0,2026-02-18 10:55:00
S009193,007D3D37,iOS-HighEnd,Passport,Delhi,0,0,0,170,consent_sign,3.5,0,2026-01-28 15:39:00
S009194,B069ACBA,Android-Budget,Driving License,Gujarat,0,0,0,4,registration,0.0,1,2026-01-04 06:40:00
S009195,D7AAE31F,iOS-HighEnd,Passport,Karnataka,0,0,1,31,registration,0.0,1,2026-01-12 07:51:00
S009196,A8F4C2DC,iOS-HighEnd,Passport,Tamil Nadu,0,0,1,190,consent_sign,3.5,0,2026-03-01 07:15:00
S009197,9C88F367,Android-MidTier,PAN,Tamil Nadu,0,0,0,121,consent_sign,3.5,0,2026-01-21 11:47:00
S009198,65EA60D8,iOS-HighEnd,Passport,Karnataka,0,0,0,114,consent_sign,3.5,0,2026-02-15 19:31:00
S009199,29FCD3E2,iOS-HighEnd,Passport,Karnataka,1,0,1,215,consent_sign,5.0,0,2026-01-22 19:11:00
S009200,6FA760A9,iOS-HighEnd,Aadhaar,Karnataka,1,0,1,149,consent_sign,5.0,0,2026-02-10 18:50:00
S009201,3A25BE44,Android-Budget,PAN,Delhi,0,1,1,106,liveness_check,3.5,1,2026-01-20 21:33:00
S009202,FE318A9E,Android-Budget,Aadhaar,Tamil Nadu,0,0,0,83,consent_sign,3.5,0,2026-01-21 07:20:00
S009203,DF40AE0A,Android-MidTier,PAN,Tamil Nadu,0,0,0,120,consent_sign,3.5,0,2026-01-08 21:03:00
S009204,62A73FF5,iOS-HighEnd,Passport,Maharashtra,0,0,0,152,consent_sign,3.5,0,2026-02-27 03:35:00
S009205,F5B16D2F,iOS-HighEnd,Aadhaar,Tamil Nadu,0,0,0,130,consent_sign,3.5,0,2026-01-17 14:36:00
S009206,7BD0A126,Android-Budget,PAN,Maharashtra,0,0,0,134,consent_sign,3.5,0,2026-01-13 05:39:00
S009207,15534416,iOS-HighEnd,Driving License,Maharashtra,1,0,1,184,consent_sign,5.0,0,2026-01-08 05:48:00
S009208,1D3208DB,Android-MidTier,Passport,Maharashtra,0,1,1,133,liveness_check,3.5,1,2026-01-20 03:50:00
S009209,8AD634A7,Android-MidTier,Aadhaar,Maharashtra,0,0,0,149,consent_sign,3.5,0,2026-01-22 14:31:00
S009210,D3C0331B,Android-MidTier,Aadhaar,Maharashtra,0,0,1,144,consent_sign,3.5,0,2026-01-28 01:21:00
S009211,65CC59D6,Android-MidTier,Driving License,Delhi,0,0,0,120,consent_sign,3.5,0,2026-01-08 18:26:00
S009212,6F1E2050,Android-MidTier,Driving License,Delhi,0,0,0,142,consent_sign,3.5,0,2026-01-11 22:06:00
S009213,C6E79A7B,Android-Budget,Aadhaar,Tamil Nadu,0,2,3,191,consent_sign,7.5,1,2026-01-29 14:57:00
S009214,130AEF28,iOS-HighEnd,Passport,Delhi,0,0,0,147,consent_sign,3.5,0,2026-01-19 02:32:00
S009215,817ED3F4,Android-MidTier,PAN,West Bengal,0,1,1,159,consent_sign,5.5,0,2026-01-09 03:05:00
S009216,E66AEAFF,iOS-HighEnd,Passport,Delhi,0,0,1,119,consent_sign,3.5,1,2026-02-24 13:18:00
S009217,2700B560,Android-Budget,Aadhaar,Tamil Nadu,0,1,1,176,consent_sign,5.5,0,2026-02-06 21:16:00
S009218,D961CEA0,Android-Budget,PAN,Gujarat,0,1,1,172,consent_sign,5.5,0,2026-02-16 01:26:00
S009219,394B5576,iOS-HighEnd,PAN,West Bengal,0,0,0,150,consent_sign,3.5,0,2026-01-27 00:46:00
S009220,7609C580,Android-MidTier,Passport,Gujarat,0,0,0,133,consent_sign,3.5,0,2026-01-05 12:13:00
S009221,DB2BE1BE,Android-MidTier,Aadhaar,Tamil Nadu,0,0,0,141,consent_sign,3.5,0,2026-01-26 17:51:00
S009222,534B3DBB,iOS-HighEnd,Driving License,Karnataka,0,0,0,130,consent_sign,3.5,0,2026-02-24 14:29:00
S009223,BC7D0E39,iOS-HighEnd,Driving License,Maharashtra,0,0,0,1,registration,0.0,1,2026-02-14 10:58:00
S009224,67F396B4,iOS-HighEnd,Aadhaar,West Bengal,0,0,0,86,consent_sign,3.5,0,2026-01-05 02:14:00
S009225,7E35CB46,iOS-HighEnd,Passport,Gujarat,0,0,0,123,consent_sign,3.5,0,2026-02-22 18:19:00
S009226,0B1F7526,Android-Budget,Driving License,Maharashtra,0,0,0,137,consent_sign,3.5,0,2026-01-03 20:25:00
S009227,B92D933D,iOS-HighEnd,PAN,Maharashtra,0,0,0,95,consent_sign,3.5,0,2026-01-28 02:51:00
S009228,2AC3AAFC,Android-MidTier,PAN,Delhi,0,0,0,142,consent_sign,3.5,0,2026-01-08 19:21:00
S009229,EF30681C,iOS-HighEnd,Aadhaar,Gujarat,0,0,0,139,consent_sign,3.5,0,2026-02-14 13:20:00
S009230,DB36840C,iOS-HighEnd,Aadhaar,Maharashtra,0,1,1,105,liveness_check,3.5,1,2026-02-10 11:16:00
S009231,3F532270,Android-MidTier,Driving License,Karnataka,0,0,0,169,consent_sign,3.5,0,2026-02-15 20:57:00
S009232,209F9F95,iOS-HighEnd,Driving License,Tamil Nadu,1,0,1,174,consent_sign,5.0,0,2026-01-11 23:41:00
S009233,F4DEA863,Android-Budget,Passport,Tamil Nadu,0,0,0,35,phone_otp,0.0,1,2026-01-23 14:31:00
S009234,EB108621,Android-MidTier,Driving License,Maharashtra,0,0,0,40,phone_otp,0.0,1,2026-02-16 19:41:00
S009235,5A332B7D,iOS-HighEnd,Aadhaar,West Bengal,1,0,2,103,doc_upload,1.5,1,2026-02-20 01:09:00
S009236,945DBE02,iOS-HighEnd,PAN,Gujarat,0,0,0,117,consent_sign,3.5,0,2026-01-25 18:41:00
S009237,3F381A63,Android-MidTier,Driving License,West Bengal,0,1,1,214,consent_sign,5.5,0,2026-02-21 04:42:00
S009238,5995E5F4,Android-Budget,Driving License,Tamil Nadu,0,0,0,135,consent_sign,3.5,0,2026-01-02 21:05:00
S009239,BC033A02,Android-MidTier,Aadhaar,Maharashtra,0,1,1,135,consent_sign,5.5,0,2026-01-29 19:45:00
S009240,B7584252,iOS-HighEnd,Passport,West Bengal,0,0,2,168,consent_sign,3.5,0,2026-03-02 00:47:00
S009241,B3953089,Android-MidTier,Aadhaar,Gujarat,0,1,1,171,consent_sign,5.5,0,2026-02-05 06:29:00
S009242,B2288B79,Android-MidTier,PAN,Karnataka,0,1,1,183,consent_sign,5.5,0,2026-02-24 18:52:00
S009243,88AB7AFD,iOS-HighEnd,Passport,Gujarat,0,0,1,189,consent_sign,3.5,0,2026-02-10 01:15:00
S009244,9C9425D8,Android-Budget,PAN,Delhi,1,0,1,189,consent_sign,5.0,0,2026-01-07 19:02:00
S009245,D455B87E,Android-Budget,Passport,West Bengal,1,0,1,139,consent_sign,5.0,0,2026-02-14 03:46:00
S009246,72BE5FB8,Android-MidTier,Passport,Karnataka,0,0,0,154,consent_sign,3.5,0,2026-01-05 09:50:00
S009247,81D9CFF9,Android-Budget,Driving License,Delhi,0,0,0,109,consent_sign,3.5,0,2026-01-29 11:08:00
S009248,F3D210DB,Android-MidTier,Driving License,Karnataka,1,0,1,174,consent_sign,5.0,0,2026-03-01 18:44:00
S009249,39385322,Android-MidTier,PAN,Karnataka,3,0,3,132,doc_upload,4.5,1,2026-02-21 01:58:00
S009250,6F6656B4,iOS-HighEnd,PAN,West Bengal,0,0,1,35,phone_otp,0.0,1,2026-02-28 11:55:00
S009251,C395428A,iOS-HighEnd,Driving License,Delhi,0,0,0,149,consent_sign,3.5,0,2026-01-15 13:44:00
S009252,E2F7DA51,iOS-HighEnd,Passport,Maharashtra,1,0,1,153,consent_sign,5.0,0,2026-02-20 20:57:00
S009253,9B9ABB6D,Android-Budget,PAN,West Bengal,1,0,1,120,doc_upload,1.5,1,2026-01-11 05:01:00
S009254,A09D63DE,iOS-HighEnd,Driving License,West Bengal,0,0,0,41,doc_upload,0.0,1,2026-01-22 10:25:00
S009255,9E0A294E,Android-Budget,Passport,Tamil Nadu,0,0,0,80,liveness_check,1.5,1,2026-01-24 14:43:00
S009256,FD0BE52C,iOS-HighEnd,Passport,Karnataka,0,0,0,135,consent_sign,3.5,0,2026-01-27 00:33:00
S009257,C3B44BAE,Android-Budget,PAN,Karnataka,0,1,1,177,consent_sign,5.5,0,2026-02-06 01:06:00
S009258,6577ABA9,iOS-HighEnd,Driving License,Maharashtra,0,0,0,120,consent_sign,3.5,0,2026-01-18 08:15:00
S009259,00FC21FD,Android-MidTier,Passport,Tamil Nadu,1,0,1,100,doc_upload,1.5,1,2026-01-25 06:46:00
S009260,751095ED,Android-MidTier,Aadhaar,Delhi,0,1,1,170,consent_sign,5.5,0,2026-01-21 06:40:00
S009261,7F7EEDAA,Android-MidTier,Driving License,West Bengal,0,0,0,28,doc_upload,0.0,1,2026-02-23 00:38:00
S009262,AF826DA0,iOS-HighEnd,Driving License,Maharashtra,0,0,0,137,consent_sign,3.5,0,2026-01-12 17:21:00
S009263,48C31385,Android-MidTier,Passport,Tamil Nadu,0,1,1,127,liveness_check,3.5,1,2026-01-08 07:51:00
S009264,F41FACD1,Android-MidTier,Driving License,Karnataka,1,0,1,181,consent_sign,5.0,0,2026-03-01 15:03:00
S009265,9BB718A5,iOS-HighEnd,Passport,Tamil Nadu,0,0,1,165,consent_sign,3.5,0,2026-01-25 15:54:00
S009266,4D617FFB,iOS-HighEnd,Driving License,Tamil Nadu,2,0,2,189,consent_sign,6.5,0,2026-01-13 23:16:00
S009267,3E16918F,iOS-HighEnd,Passport,West Bengal,0,0,0,151,consent_sign,3.5,0,2026-02-11 07:35:00
S009268,84DC5E33,Android-MidTier,Passport,Gujarat,0,0,0,153,consent_sign,3.5,0,2026-01-04 17:21:00
S009269,34CD510F,iOS-HighEnd,Driving License,Gujarat,0,0,0,116,consent_sign,3.5,0,2026-02-11 22:00:00
S009270,8953CABC,iOS-HighEnd,PAN,Maharashtra,0,0,0,153,consent_sign,3.5,0,2026-02-12 02:54:00
S009271,FF4B3804,Android-Budget,Aadhaar,Delhi,2,0,3,237,consent_sign,6.5,0,2026-01-25 15:13:00
S009272,95935DF6,Android-MidTier,Driving License,Maharashtra,0,0,0,144,consent_sign,3.5,0,2026-02-25 08:47:00
S009273,4A3E7903,iOS-HighEnd,Driving License,Delhi,0,0,1,188,consent_sign,3.5,0,2026-02-03 08:25:00
S009274,9ADC8FE3,Android-Budget,Passport,Delhi,0,0,0,4,registration,0.0,1,2026-01-17 21:30:00
S009275,83C7F1D9,Android-MidTier,PAN,Gujarat,0,0,1,140,consent_sign,3.5,0,2026-02-20 01:02:00
S009276,0289A49C,Android-MidTier,Passport,Karnataka,0,0,0,4,registration,0.0,1,2026-01-09 07:27:00
S009277,1E46C88E,Android-MidTier,Passport,Gujarat,1,0,1,166,consent_sign,5.0,0,2026-02-22 07:54:00
S009278,0809C464,iOS-HighEnd,PAN,Gujarat,0,0,0,146,consent_sign,3.5,0,2026-02-08 19:51:00
S009279,F60FDBF2,Android-MidTier,Aadhaar,Karnataka,1,1,2,209,consent_sign,7.0,0,2026-02-07 09:10:00
S009280,66747987,Android-Budget,Driving License,Maharashtra,0,0,0,49,doc_upload,0.0,1,2026-02-07 10:45:00
S009281,E6D7E558,Android-MidTier,Driving License,Maharashtra,0,0,0,147,consent_sign,3.5,0,2026-02-26 10:13:00
S009282,8B5B73DF,iOS-HighEnd,PAN,Delhi,0,0,0,120,consent_sign,3.5,0,2026-02-03 11:08:00
S009283,D5647056,iOS-HighEnd,PAN,Tamil Nadu,0,0,0,139,consent_sign,3.5,0,2026-01-04 18:54:00
S009284,1AB84C1B,Android-MidTier,Passport,Gujarat,0,0,0,160,consent_sign,3.5,0,2026-01-14 07:23:00
S009285,8E687E83,Android-MidTier,Aadhaar,Maharashtra,0,0,1,171,consent_sign,3.5,0,2026-01-27 20:27:00
S009286,8E382A3D,Android-MidTier,Driving License,Maharashtra,0,1,1,101,liveness_check,3.5,1,2026-01-31 01:15:00
S009287,CDF392F9,iOS-HighEnd,PAN,Karnataka,0,0,1,161,consent_sign,3.5,0,2026-02-13 09:59:00
S009288,4E1C6D6A,Android-MidTier,Aadhaar,Karnataka,0,0,1,148,consent_sign,3.5,0,2026-02-01 13:51:00
S009289,8D129C6C,iOS-HighEnd,PAN,Karnataka,0,0,0,77,consent_sign,3.5,0,2026-01-16 13:33:00
S009290,BCA50AC2,Android-MidTier,PAN,Delhi,0,0,0,57,doc_upload,0.0,1,2026-02-28 22:46:00
S009291,DAC7BFFA,Android-Budget,Passport,West Bengal,1,0,1,192,consent_sign,5.0,0,2026-01-07 19:24:00
S009292,8DA72E1A,iOS-HighEnd,PAN,Gujarat,0,0,0,137,consent_sign,3.5,0,2026-01-20 16:50:00
S009293,DD90FEF2,Android-MidTier,PAN,West Bengal,0,0,0,165,consent_sign,3.5,0,2026-01-12 00:08:00
S009294,ECEA934F,Android-MidTier,Driving License,Maharashtra,0,0,1,22,registration,0.0,1,2026-01-05 11:29:00
S009295,5EDCE3B7,Android-MidTier,PAN,West Bengal,0,1,1,174,consent_sign,5.5,0,2026-02-09 09:14:00
S009296,0029691E,iOS-HighEnd,Passport,Delhi,0,0,0,3,registration,0.0,1,2026-01-15 20:10:00
S009297,584C3EE3,iOS-HighEnd,Passport,Delhi,0,0,0,143,consent_sign,3.5,0,2026-02-16 14:17:00
S009298,ADC77C49,iOS-HighEnd,Aadhaar,Tamil Nadu,0,0,0,25,phone_otp,0.0,1,2026-01-12 12:55:00
S009299,E37B9630,iOS-HighEnd,Passport,Gujarat,0,0,0,161,consent_sign,3.5,0,2026-01-03 23:02:00
S009300,5B1BAB8D,Android-MidTier,Driving License,Gujarat,0,0,0,111,consent_sign,3.5,0,2026-01-28 21:05:00
S009301,E941CFF1,Android-MidTier,PAN,Tamil Nadu,0,0,0,128,consent_sign,3.5,0,2026-02-27 10:27:00
S009302,632CD092,Android-MidTier,Driving License,Gujarat,2,0,2,229,consent_sign,6.5,0,2026-02-18 10:03:00
S009303,42D4C734,Android-MidTier,Passport,Tamil Nadu,0,0,0,159,consent_sign,3.5,0,2026-01-23 04:23:00
S009304,D351DF5F,Android-MidTier,Driving License,Karnataka,0,0,0,153,consent_sign,3.5,0,2026-01-08 01:10:00
S009305,AA3B3DB7,iOS-HighEnd,PAN,Karnataka,0,0,0,162,consent_sign,3.5,0,2026-02-18 08:59:00
S009306,4B50045E,iOS-HighEnd,Aadhaar,Karnataka,0,0,0,152,consent_sign,3.5,0,2026-01-12 23:52:00
S009307,0D41DE26,Android-MidTier,PAN,West Bengal,0,1,1,142,consent_sign,5.5,0,2026-02-07 05:03:00
S009308,E9FAA206,iOS-HighEnd,PAN,Gujarat,0,0,0,97,consent_sign,3.5,0,2026-01-30 13:20:00
S009309,A754251D,Android-MidTier,PAN,Karnataka,0,0,1,41,phone_otp,0.0,1,2026-02-19 11:17:00
S009310,29788933,iOS-HighEnd,PAN,Gujarat,0,0,0,164,consent_sign,3.5,0,2026-02-24 09:05:00
S009311,CDBBBC7A,iOS-HighEnd,Passport,Maharashtra,0,0,0,132,consent_sign,3.5,0,2026-01-21 14:22:00
S009312,A18ABFA8,Android-Budget,PAN,West Bengal,1,0,1,71,doc_upload,1.5,1,2026-02-01 21:18:00
S009313,5F5310D7,Android-MidTier,PAN,West Bengal,0,1,1,120,liveness_check,3.5,1,2026-01-24 12:47:00
S009314,0C2FDED5,Android-Budget,Passport,Karnataka,0,0,1,48,phone_otp,0.0,1,2026-01-18 23:26:00
S009315,4BAE2C00,iOS-HighEnd,Aadhaar,Maharashtra,0,0,0,1,registration,0.0,1,2026-01-22 14:24:00
S009316,4087550B,iOS-HighEnd,PAN,West Bengal,0,0,0,23,phone_otp,0.0,1,2026-02-14 14:10:00
S009317,F02A1B37,iOS-HighEnd,Driving License,Tamil Nadu,0,0,0,143,consent_sign,3.5,0,2026-01-20 08:20:00
S009318,4635D22A,iOS-HighEnd,Aadhaar,West Bengal,1,0,1,184,consent_sign,5.0,0,2026-01-18 02:24:00
S009319,6C04399D,Android-MidTier,PAN,Maharashtra,0,0,0,162,consent_sign,3.5,0,2026-02-11 05:11:00
S009320,669F5E4F,Android-MidTier,PAN,Tamil Nadu,0,1,1,138,consent_sign,5.5,0,2026-02-13 04:15:00
S009321,2A329B37,Android-MidTier,Passport,Karnataka,0,0,0,133,consent_sign,3.5,0,2026-01-12 07:25:00
S009322,60B97459,Android-MidTier,Driving License,Karnataka,0,0,0,142,consent_sign,3.5,0,2026-03-01 09:55:00
S009323,20448D4C,Android-MidTier,Passport,Maharashtra,0,0,0,1,registration,0.0,1,2026-01-04 21:58:00
S009324,581D0820,Android-Budget,Passport,Gujarat,0,0,0,102,consent_sign,3.5,0,2026-02-19 21:33:00
S009325,DF4B4C19,Android-Budget,Aadhaar,Maharashtra,1,2,3,228,consent_sign,9.0,0,2026-02-14 09:59:00
S009326,EEB450C8,Android-Budget,Driving License,Tamil Nadu,2,0,2,210,consent_sign,6.5,0,2026-03-01 20:36:00
S009327,2F2A2499,Android-Budget,Driving License,West Bengal,1,0,1,166,consent_sign,5.0,0,2026-02-06 12:18:00
S009328,1FF868E7,iOS-HighEnd,Passport,Delhi,0,0,1,131,consent_sign,3.5,0,2026-01-11 18:50:00
S009329,3C64B7E5,Android-MidTier,Passport,Gujarat,0,0,0,61,doc_upload,0.0,1,2026-02-21 14:12:00
S009330,A5C3A0A9,Android-MidTier,Passport,Karnataka,0,0,0,105,consent_sign,3.5,0,2026-01-07 10:12:00
S009331,CB0A7314,Android-MidTier,Passport,Delhi,0,0,0,138,consent_sign,3.5,0,2026-02-19 06:00:00
S009332,4EAB6BDD,Android-MidTier,PAN,Gujarat,0,0,0,141,consent_sign,3.5,0,2026-02-09 01:02:00
S009333,4DB70660,Android-Budget,Aadhaar,Delhi,0,0,0,155,consent_sign,3.5,1,2026-01-27 16:25:00
S009334,C91463AC,iOS-HighEnd,Driving License,West Bengal,0,0,0,130,consent_sign,3.5,0,2026-01-23 10:30:00
S009335,390BDE0D,iOS-HighEnd,Driving License,Delhi,0,0,0,105,consent_sign,3.5,0,2026-01-15 11:47:00
S009336,2BB47785,iOS-HighEnd,Aadhaar,Maharashtra,0,0,0,162,consent_sign,3.5,0,2026-02-03 14:30:00
S009337,D15A1B21,Android-MidTier,Aadhaar,West Bengal,0,0,0,116,consent_sign,3.5,0,2026-03-02 03:52:00
S009338,50029C14,Android-MidTier,Passport,Tamil Nadu,0,0,0,136,consent_sign,3.5,1,2026-02-18 21:28:00
S009339,14F32E9B,iOS-HighEnd,Aadhaar,Maharashtra,0,0,0,133,consent_sign,3.5,0,2026-01-06 02:58:00
S009340,55409902,iOS-HighEnd,Passport,Delhi,0,0,0,124,consent_sign,3.5,0,2026-01-21 21:12:00
S009341,1A04409F,Android-MidTier,PAN,West Bengal,0,1,1,137,liveness_check,3.5,1,2026-01-13 08:35:00
S009342,DCA261EA,iOS-HighEnd,Driving License,West Bengal,0,0,0,100,consent_sign,3.5,0,2026-02-22 05:30:00
S009343,00D9DC89,Android-MidTier,PAN,Karnataka,0,0,1,163,consent_sign,3.5,0,2026-01-13 11:50:00
S009344,20B2A35F,iOS-HighEnd,Driving License,Delhi,0,0,1,159,consent_sign,3.5,0,2026-02-13 06:54:00
S009345,17664A5A,iOS-HighEnd,PAN,Gujarat,0,0,0,132,consent_sign,3.5,0,2026-02-21 05:21:00
S009346,EDE652F5,Android-MidTier,Aadhaar,Gujarat,0,0,0,144,consent_sign,3.5,0,2026-01-21 14:54:00
S009347,3CA0CBD6,Android-MidTier,Driving License,Karnataka,0,1,1,113,liveness_check,3.5,1,2026-02-12 12:05:00
S009348,24A7DCE4,Android-MidTier,Passport,Delhi,1,1,3,244,consent_sign,7.0,0,2026-01-11 03:15:00
S009349,7EA19C4A,Android-MidTier,PAN,Maharashtra,0,0,0,34,phone_otp,0.0,1,2026-01-04 17:15:00
S009350,454C976E,Android-MidTier,PAN,Gujarat,0,0,0,109,consent_sign,3.5,0,2026-02-03 13:32:00
S009351,BB4400F1,iOS-HighEnd,PAN,Tamil Nadu,0,0,1,139,consent_sign,3.5,0,2026-02-24 05:17:00
S009352,8E416029,Android-MidTier,Passport,West Bengal,0,0,0,128,consent_sign,3.5,0,2026-01-10 01:56:00
S009353,523C0ED4,Android-MidTier,Aadhaar,Gujarat,0,0,0,154,consent_sign,3.5,0,2026-02-18 19:32:00
S009354,2E52635D,iOS-HighEnd,Aadhaar,West Bengal,0,0,0,121,consent_sign,3.5,0,2026-02-02 06:45:00
S009355,2B998363,iOS-HighEnd,PAN,Karnataka,0,0,0,119,consent_sign,3.5,0,2026-01-30 05:20:00
S009356,23D34FB6,iOS-HighEnd,PAN,Tamil Nadu,0,0,0,94,consent_sign,3.5,0,2026-01-11 13:16:00
S009357,19F58E82,Android-Budget,Driving License,Maharashtra,0,0,0,2,registration,0.0,1,2026-02-20 15:59:00
S009358,809A794C,iOS-HighEnd,Aadhaar,Delhi,1,0,1,182,consent_sign,5.0,0,2026-01-05 15:03:00
S009359,9D6D37C7,Android-Budget,Passport,West Bengal,0,0,0,47,doc_upload,0.0,1,2026-02-17 10:34:00
S009360,0E03622C,iOS-HighEnd,PAN,Delhi,0,0,0,111,consent_sign,3.5,0,2026-02-04 02:27:00
S009361,8772A3BA,iOS-HighEnd,Passport,Gujarat,0,0,0,157,consent_sign,3.5,0,2026-02-15 03:52:00
S009362,5CFF7279,iOS-HighEnd,PAN,Tamil Nadu,1,0,1,197,consent_sign,5.0,0,2026-01-15 13:02:00
S009363,4221AD1E,iOS-HighEnd,PAN,West Bengal,0,0,0,135,consent_sign,3.5,0,2026-01-24 08:30:00
S009364,44ED3D94,Android-MidTier,Driving License,Karnataka,0,0,0,22,phone_otp,0.0,1,2026-02-10 01:14:00
S009365,5DBA2337,Android-Budget,Passport,Gujarat,0,1,1,121,liveness_check,3.5,1,2026-01-16 09:34:00
S009366,C5BA8420,iOS-HighEnd,PAN,Maharashtra,0,0,0,115,consent_sign,3.5,0,2026-02-15 12:02:00
S009367,DFB44EEF,Android-Budget,Aadhaar,Tamil Nadu,0,1,1,129,consent_sign,5.5,0,2026-01-08 18:31:00
S009368,DA69AA76,iOS-HighEnd,Driving License,Karnataka,0,0,0,146,consent_sign,3.5,0,2026-02-18 19:11:00
S009369,D550F98F,Android-MidTier,Aadhaar,West Bengal,0,0,1,128,consent_sign,3.5,0,2026-03-02 01:58:00
S009370,1E7C30A0,iOS-HighEnd,PAN,Gujarat,0,0,0,141,consent_sign,3.5,0,2026-01-14 01:28:00
S009371,B3CBC1C4,Android-MidTier,Aadhaar,Karnataka,2,0,2,220,consent_sign,6.5,0,2026-02-15 04:29:00
S009372,759F52C9,Android-MidTier,Passport,Karnataka,0,1,1,115,liveness_check,3.5,1,2026-02-13 04:38:00
S009373,D8EF8F09,iOS-HighEnd,Aadhaar,Delhi,0,0,0,124,consent_sign,3.5,0,2026-01-25 04:38:00
S009374,0961B319,iOS-HighEnd,Passport,Gujarat,0,1,3,198,consent_sign,5.5,0,2026-02-23 19:24:00
S009375,82B3158F,Android-Budget,Aadhaar,Delhi,1,0,1,163,consent_sign,5.0,0,2026-01-06 17:59:00
S009376,31FAF7E0,Android-MidTier,PAN,West Bengal,0,0,0,135,consent_sign,3.5,0,2026-02-17 07:49:00
S009377,6BD95A4F,Android-MidTier,Aadhaar,Gujarat,0,2,2,165,liveness_check,5.5,1,2026-01-30 12:56:00
S009378,1192E4DC,iOS-HighEnd,PAN,Maharashtra,0,0,0,150,consent_sign,3.5,0,2026-01-23 22:12:00
S009379,D353DB1C,iOS-HighEnd,Passport,West Bengal,0,0,0,120,consent_sign,3.5,0,2026-01-19 18:27:00
S009380,99D2F7F2,iOS-HighEnd,Passport,Tamil Nadu,0,0,0,134,consent_sign,3.5,0,2026-01-18 07:05:00
S009381,EFB3EB37,Android-MidTier,PAN,Delhi,0,0,0,101,consent_sign,3.5,0,2026-01-26 21:19:00
S009382,818B0652,Android-MidTier,Aadhaar,Delhi,0,0,0,115,consent_sign,3.5,0,2026-02-04 10:08:00
S009383,CFE4CE7B,Android-Budget,Passport,Gujarat,1,1,2,211,consent_sign,7.0,0,2026-02-10 12:40:00
S009384,5A45B8CC,Android-MidTier,Driving License,Maharashtra,0,0,1,149,consent_sign,3.5,0,2026-01-16 15:16:00
S009385,8B160A4D,Android-Budget,Passport,Maharashtra,1,0,1,113,doc_upload,1.5,1,2026-01-18 16:49:00
S009386,49058E12,Android-Budget,Passport,West Bengal,0,1,1,119,liveness_check,3.5,1,2026-01-31 11:02:00
S009387,2F17A43F,Android-Budget,Driving License,Gujarat,0,0,0,141,consent_sign,3.5,0,2026-02-03 08:32:00
S009388,503EF9CB,Android-MidTier,PAN,Maharashtra,1,0,1,71,doc_upload,1.5,1,2026-02-07 15:02:00
S009389,B106C45A,iOS-HighEnd,Driving License,Delhi,0,0,0,112,consent_sign,3.5,0,2026-01-24 01:15:00
S009390,D4EC675D,iOS-HighEnd,Passport,Karnataka,0,1,1,197,consent_sign,5.5,0,2026-02-21 00:10:00
S009391,53D2F38A,iOS-HighEnd,Passport,Gujarat,0,0,0,97,consent_sign,3.5,1,2026-01-23 15:51:00
S009392,CFEA3A8F,Android-Budget,Aadhaar,Karnataka,0,2,2,212,consent_sign,7.5,0,2026-02-16 16:05:00
S009393,0CCCF76F,Android-MidTier,Passport,Tamil Nadu,0,1,1,111,liveness_check,3.5,1,2026-02-03 03:49:00
S009394,DD0CD405,Android-MidTier,Aadhaar,Delhi,0,1,1,157,consent_sign,5.5,0,2026-01-27 19:45:00
S009395,AF80CCB1,iOS-HighEnd,Aadhaar,Karnataka,0,0,1,141,consent_sign,3.5,0,2026-02-09 06:11:00
S009396,477AB887,iOS-HighEnd,Passport,Tamil Nadu,0,0,0,136,consent_sign,3.5,0,2026-02-21 13:47:00
S009397,166E6AEB,Android-MidTier,PAN,Karnataka,0,0,0,141,consent_sign,3.5,0,2026-02-25 16:15:00
S009398,BE07D0C9,Android-MidTier,PAN,Delhi,1,1,2,159,consent_sign,7.0,0,2026-01-09 00:36:00
S009399,97AD6A67,Android-MidTier,PAN,Delhi,0,0,0,152,consent_sign,3.5,0,2026-01-29 02:39:00
S009400,EEA0E30E,Android-MidTier,Aadhaar,Karnataka,0,0,0,37,phone_otp,0.0,1,2026-02-28 23:14:00
S009401,3977C6C3,Android-MidTier,Driving License,Delhi,0,0,0,131,consent_sign,3.5,0,2026-01-02 05:59:00
S009402,22F50DB1,Android-Budget,Passport,Tamil Nadu,0,2,2,213,consent_sign,7.5,0,2026-02-15 00:33:00
S009403,41C7A406,iOS-HighEnd,PAN,West Bengal,0,0,0,135,consent_sign,3.5,0,2026-01-18 11:22:00
S009404,CB3ADA7F,Android-MidTier,Aadhaar,Karnataka,0,0,0,119,consent_sign,3.5,0,2026-02-04 22:55:00
S009405,E7F1EC14,Android-MidTier,Driving License,Gujarat,0,0,0,113,consent_sign,3.5,0,2026-02-13 14:06:00
S009406,966925ED,iOS-HighEnd,Passport,Maharashtra,0,0,0,168,consent_sign,3.5,0,2026-02-18 02:29:00
S009407,076C1833,Android-Budget,Aadhaar,Gujarat,1,0,1,198,consent_sign,5.0,0,2026-01-07 13:05:00
S009408,0C586C0A,iOS-HighEnd,PAN,Delhi,0,0,0,137,consent_sign,3.5,0,2026-02-01 08:30:00
S009409,571CDFBF,Android-Budget,PAN,Maharashtra,0,1,1,120,liveness_check,3.5,1,2026-02-13 03:47:00
S009410,04579D6F,iOS-HighEnd,PAN,West Bengal,0,0,0,158,consent_sign,3.5,0,2026-02-12 00:04:00
S009411,D52939E5,iOS-HighEnd,PAN,Delhi,0,0,0,138,consent_sign,3.5,0,2026-01-09 08:38:00
S009412,57232FAA,Android-Budget,Aadhaar,Maharashtra,0,0,1,135,consent_sign,3.5,0,2026-01-03 20:10:00
S009413,15C18944,Android-Budget,PAN,Tamil Nadu,0,0,0,140,consent_sign,3.5,0,2026-01-06 06:44:00
S009414,A9DFCC0C,iOS-HighEnd,Driving License,Tamil Nadu,0,0,0,118,consent_sign,3.5,0,2026-02-17 20:29:00
S009415,4998EF25,Android-Budget,PAN,Gujarat,0,2,2,204,consent_sign,7.5,0,2026-01-15 17:10:00
S009416,63CE0666,Android-Budget,Driving License,Delhi,1,3,4,235,liveness_check,9.0,1,2026-03-01 12:17:00
S009417,83BCCFA8,iOS-HighEnd,Passport,Gujarat,0,0,0,131,consent_sign,3.5,0,2026-01-04 10:29:00
S009418,9E876040,Android-MidTier,PAN,Delhi,0,0,0,122,consent_sign,3.5,0,2026-01-30 19:10:00
S009419,D6E11E55,iOS-HighEnd,Driving License,Delhi,0,0,0,110,consent_sign,3.5,0,2026-01-01 18:20:00
S009420,7533C4DF,iOS-HighEnd,Passport,Gujarat,0,0,0,160,consent_sign,3.5,0,2026-01-12 10:49:00
S009421,2BB2C51F,Android-MidTier,Driving License,Maharashtra,0,1,1,88,liveness_check,3.5,1,2026-02-01 21:14:00
S009422,5EF59CD3,iOS-HighEnd,PAN,Maharashtra,0,0,0,159,consent_sign,3.5,0,2026-01-18 14:12:00
S009423,7D82E0DE,Android-Budget,Aadhaar,West Bengal,0,0,0,1,registration,0.0,1,2026-01-30 02:01:00
S009424,922E047F,Android-Budget,Driving License,Delhi,0,0,0,136,consent_sign,3.5,0,2026-01-02 14:54:00
S009425,205CF4EC,iOS-HighEnd,Driving License,Delhi,0,0,0,4,registration,0.0,1,2026-02-02 00:35:00
S009426,1C751AD4,Android-MidTier,Aadhaar,West Bengal,0,0,0,161,consent_sign,3.5,0,2026-02-24 06:39:00
S009427,2DDCC829,iOS-HighEnd,Driving License,West Bengal,0,0,0,4,registration,0.0,1,2026-02-25 00:41:00
S009428,BEC4EE08,Android-Budget,Aadhaar,Tamil Nadu,3,0,3,156,doc_upload,4.5,1,2026-01-16 11:08:00
S009429,89EFA861,Android-Budget,Driving License,Karnataka,0,0,0,152,consent_sign,3.5,0,2026-02-07 04:10:00
S009430,A99E7D01,Android-MidTier,Driving License,West Bengal,0,0,0,144,consent_sign,3.5,0,2026-02-10 01:31:00
S009431,12F04460,Android-MidTier,Aadhaar,West Bengal,0,0,1,126,consent_sign,3.5,0,2026-01-11 21:16:00
S009432,876080E1,iOS-HighEnd,Aadhaar,Gujarat,0,0,0,145,consent_sign,3.5,0,2026-01-22 16:21:00
S009433,9BC27450,iOS-HighEnd,PAN,Karnataka,0,0,0,105,consent_sign,3.5,0,2026-01-02 17:16:00
S009434,E61219B5,iOS-HighEnd,Aadhaar,Tamil Nadu,0,0,0,122,consent_sign,3.5,0,2026-02-03 11:02:00
S009435,ED1D6D27,Android-MidTier,Aadhaar,Tamil Nadu,0,0,3,60,phone_otp,0.0,1,2026-01-17 06:18:00
S009436,877477AD,Android-Budget,Driving License,Tamil Nadu,0,0,0,141,consent_sign,3.5,1,2026-02-23 06:18:00
S009437,433FCA8A,Android-MidTier,Aadhaar,Gujarat,0,0,0,130,consent_sign,3.5,0,2026-01-01 11:11:00
S009438,19504CC0,iOS-HighEnd,PAN,Maharashtra,0,1,1,149,consent_sign,5.5,0,2026-01-06 23:40:00
S009439,ED0C082B,iOS-HighEnd,PAN,Karnataka,0,0,0,128,consent_sign,3.5,0,2026-02-15 07:37:00
S009440,C2B35E09,Android-MidTier,Passport,Delhi,1,0,1,150,consent_sign,5.0,0,2026-02-09 18:34:00
S009441,FEB2AC4B,Android-MidTier,PAN,Delhi,0,0,0,112,consent_sign,3.5,0,2026-02-12 14:29:00
S009442,1AD4E764,Android-MidTier,Passport,Delhi,1,0,1,132,consent_sign,5.0,1,2026-02-03 17:00:00
S009443,37B71C72,iOS-HighEnd,Driving License,Gujarat,0,0,0,153,consent_sign,3.5,0,2026-01-01 15:10:00
S009444,8735B2BB,Android-Budget,Aadhaar,Karnataka,0,0,0,105,consent_sign,3.5,0,2026-01-28 02:51:00
S009445,6F35FAE2,Android-Budget,PAN,Maharashtra,3,0,3,170,doc_upload,4.5,1,2026-02-09 21:06:00
S009446,C67E0A01,iOS-HighEnd,PAN,Karnataka,0,0,0,149,consent_sign,3.5,0,2026-02-14 06:30:00
S009447,9C18E0BA,Android-MidTier,Driving License,Gujarat,0,0,0,38,phone_otp,0.0,1,2026-02-14 21:30:00
S009448,D5942BB2,Android-MidTier,Aadhaar,Maharashtra,0,0,0,163,consent_sign,3.5,0,2026-02-26 14:41:00
S009449,F1FC8F26,Android-Budget,Aadhaar,Gujarat,0,0,1,68,phone_otp,0.0,1,2026-01-02 09:42:00
S009450,02E842BB,Android-MidTier,Aadhaar,West Bengal,0,0,0,132,consent_sign,3.5,0,2026-02-21 18:27:00
S009451,BCE642A4,Android-MidTier,Driving License,Tamil Nadu,0,0,0,154,consent_sign,3.5,0,2026-01-27 11:12:00
S009452,EABB42D6,iOS-HighEnd,Driving License,Delhi,0,0,0,149,consent_sign,3.5,0,2026-02-09 23:30:00
S009453,B85ACAF0,Android-MidTier,Aadhaar,Maharashtra,0,2,2,178,consent_sign,7.5,0,2026-02-08 14:36:00
S009454,2ABB8747,iOS-HighEnd,Passport,Karnataka,0,1,1,123,liveness_check,3.5,1,2026-01-21 01:16:00
S009455,77CF865F,iOS-HighEnd,PAN,Gujarat,0,0,0,37,doc_upload,0.0,1,2026-01-04 05:00:00
S009456,50CCA99F,iOS-HighEnd,Aadhaar,West Bengal,0,0,0,143,consent_sign,3.5,0,2026-02-09 17:07:00
S009457,6CDB930C,iOS-HighEnd,Driving License,Maharashtra,0,0,0,4,registration,0.0,1,2026-01-23 16:14:00
S009458,352D855E,Android-MidTier,PAN,Delhi,0,1,1,142,consent_sign,5.5,0,2026-01-26 15:12:00
S009459,5FA8C28A,Android-Budget,Aadhaar,Gujarat,0,0,1,148,consent_sign,3.5,0,2026-01-08 03:40:00
S009460,A830B0BA,iOS-HighEnd,Passport,Maharashtra,1,0,1,193,consent_sign,5.0,0,2026-02-09 06:05:00
S009461,89D8953B,iOS-HighEnd,Passport,Gujarat,0,0,0,98,consent_sign,3.5,0,2026-02-11 04:18:00
S009462,B8CF3F6A,Android-MidTier,PAN,Tamil Nadu,0,0,1,131,consent_sign,3.5,0,2026-02-27 17:52:00
S009463,030B23DB,Android-MidTier,Aadhaar,Tamil Nadu,0,0,0,120,consent_sign,3.5,1,2026-01-26 03:07:00
S009464,5183C54F,iOS-HighEnd,Aadhaar,Maharashtra,0,0,0,151,consent_sign,3.5,0,2026-02-07 10:33:00
S009465,65022273,Android-MidTier,Driving License,Maharashtra,0,0,0,127,consent_sign,3.5,0,2026-01-01 09:14:00
S009466,1F1D1B20,iOS-HighEnd,Aadhaar,Tamil Nadu,0,0,0,124,consent_sign,3.5,0,2026-01-06 17:29:00
S009467,C98A2FA2,Android-Budget,Driving License,Karnataka,0,1,2,145,consent_sign,5.5,0,2026-02-12 04:41:00
S009468,3FA58BDA,Android-Budget,Passport,Gujarat,1,1,2,220,consent_sign,7.0,0,2026-01-21 06:45:00
S009469,202A9CED,iOS-HighEnd,PAN,Gujarat,0,0,0,126,consent_sign,3.5,0,2026-02-19 09:23:00
S009470,796C6AE6,Android-MidTier,PAN,West Bengal,0,1,1,129,liveness_check,3.5,1,2026-02-19 06:47:00
S009471,DDBB5298,iOS-HighEnd,Passport,Karnataka,0,0,0,141,consent_sign,3.5,0,2026-01-12 20:04:00
S009472,3E4C23FB,Android-MidTier,Aadhaar,Maharashtra,0,1,1,102,liveness_check,3.5,1,2026-01-25 19:21:00
S009473,92EF8D59,iOS-HighEnd,Driving License,Gujarat,0,0,0,136,consent_sign,3.5,0,2026-02-14 03:47:00
S009474,53FDB674,iOS-HighEnd,Driving License,Maharashtra,0,0,0,103,consent_sign,3.5,0,2026-01-31 07:33:00
S009475,19DF5A16,iOS-HighEnd,Aadhaar,West Bengal,0,0,1,42,phone_otp,0.0,1,2026-01-01 16:39:00
S009476,1F7E09DE,Android-MidTier,Driving License,Tamil Nadu,0,0,0,104,consent_sign,3.5,0,2026-02-01 18:55:00
S009477,0F9D7819,Android-MidTier,PAN,Tamil Nadu,0,0,0,158,consent_sign,3.5,0,2026-02-15 06:56:00
S009478,36514258,iOS-HighEnd,Aadhaar,Tamil Nadu,0,0,0,155,consent_sign,3.5,0,2026-01-20 13:16:00
S009479,66849B64,Android-MidTier,PAN,Tamil Nadu,1,0,1,126,consent_sign,5.0,0,2026-01-24 17:21:00
S009480,EEC335F7,Android-MidTier,Passport,Delhi,0,2,2,169,liveness_check,5.5,1,2026-01-10 14:41:00
S009481,87EB0127,Android-Budget,PAN,Gujarat,0,0,0,139,consent_sign,3.5,0,2026-02-15 12:29:00
S009482,C1ED3940,Android-MidTier,Driving License,Tamil Nadu,0,0,0,154,consent_sign,3.5,0,2026-01-27 16:01:00
S009483,709B5F65,Android-MidTier,PAN,Gujarat,0,1,2,80,liveness_check,3.5,1,2026-02-01 22:36:00
S009484,59430636,Android-MidTier,Driving License,Gujarat,0,0,0,154,consent_sign,3.5,0,2026-02-16 03:44:00
S009485,66A4372A,iOS-HighEnd,Driving License,Tamil Nadu,0,0,0,112,consent_sign,3.5,0,2026-02-20 23:45:00
S009486,5A6D4596,iOS-HighEnd,Aadhaar,Gujarat,0,0,0,103,consent_sign,3.5,0,2026-01-22 22:08:00
S009487,0F735617,iOS-HighEnd,PAN,Karnataka,0,0,0,1,registration,0.0,1,2026-02-19 04:06:00
S009488,5578126E,iOS-HighEnd,Aadhaar,Tamil Nadu,0,0,0,158,consent_sign,3.5,0,2026-01-30 04:47:00
S009489,DFB2591D,iOS-HighEnd,Aadhaar,Tamil Nadu,0,0,0,121,consent_sign,3.5,0,2026-02-03 23:15:00
S009490,F8930A13,iOS-HighEnd,Passport,Karnataka,0,0,0,163,consent_sign,3.5,0,2026-01-17 18:43:00
S009491,A203B5C1,iOS-HighEnd,PAN,West Bengal,0,0,0,155,consent_sign,3.5,0,2026-01-27 07:35:00
S009492,AA68A301,iOS-HighEnd,Aadhaar,Tamil Nadu,0,0,0,130,consent_sign,3.5,0,2026-01-07 14:02:00
S009493,55957CD1,Android-Budget,Passport,Tamil Nadu,0,2,2,207,consent_sign,7.5,0,2026-01-07 11:14:00
S009494,602596FB,Android-MidTier,Passport,Karnataka,1,0,1,156,consent_sign,5.0,0,2026-02-18 22:20:00
S009495,916EFD7B,Android-MidTier,Aadhaar,Tamil Nadu,2,0,2,223,consent_sign,6.5,0,2026-02-10 04:46:00
S009496,CA33DD84,iOS-HighEnd,Driving License,Gujarat,0,0,0,105,consent_sign,3.5,0,2026-02-21 05:20:00
S009497,613C9847,Android-Budget,Aadhaar,Delhi,1,0,1,162,consent_sign,5.0,0,2026-02-10 23:23:00
S009498,F4DE6A69,Android-Budget,Driving License,West Bengal,0,1,1,175,consent_sign,5.5,0,2026-01-20 21:45:00
S009499,A8F75FED,Android-MidTier,PAN,West Bengal,0,0,0,42,phone_otp,0.0,1,2026-01-22 19:38:00
S009500,E9382F35,Android-MidTier,PAN,Tamil Nadu,0,0,0,147,consent_sign,3.5,0,2026-02-25 15:46:00
S009501,2E8498C6,Android-Budget,Aadhaar,West Bengal,0,0,0,102,liveness_check,1.5,1,2026-02-12 10:28:00
S009502,288D6C65,iOS-HighEnd,Passport,Delhi,0,0,1,138,consent_sign,3.5,0,2026-01-15 20:12:00
S009503,FF2C37DC,iOS-HighEnd,PAN,Karnataka,0,0,0,139,consent_sign,3.5,0,2026-01-24 03:31:00
S009504,68EC88EB,Android-MidTier,Driving License,Maharashtra,0,1,1,170,consent_sign,5.5,0,2026-02-25 23:52:00
S009505,3FD6F99E,Android-MidTier,Driving License,Maharashtra,1,1,2,210,consent_sign,7.0,0,2026-03-01 07:33:00
S009506,150B8146,Android-Budget,Aadhaar,Gujarat,0,0,0,27,phone_otp,0.0,1,2026-01-16 19:14:00
S009507,41A50D68,iOS-HighEnd,PAN,Gujarat,0,0,0,159,consent_sign,3.5,0,2026-02-21 10:23:00
S009508,AED65001,Android-MidTier,Driving License,West Bengal,0,0,0,126,consent_sign,3.5,0,2026-01-10 12:48:00
S009509,E4AF65AA,Android-MidTier,Passport,Maharashtra,0,0,0,1,registration,0.0,1,2026-01-12 15:45:00
S009510,B252456E,iOS-HighEnd,PAN,West Bengal,0,0,0,107,consent_sign,3.5,0,2026-02-04 15:20:00
S009511,52C5BE0F,Android-MidTier,PAN,West Bengal,0,0,0,34,doc_upload,0.0,1,2026-01-22 01:14:00
S009512,55B2F82A,Android-Budget,Aadhaar,Delhi,1,0,1,116,doc_upload,1.5,1,2026-01-18 05:18:00
S009513,A28322E8,Android-MidTier,Passport,Tamil Nadu,0,0,0,134,consent_sign,3.5,0,2026-02-16 19:14:00
S009514,D4073DAA,iOS-HighEnd,PAN,Tamil Nadu,0,0,0,138,consent_sign,3.5,0,2026-02-20 19:21:00
S009515,5F90EA2C,Android-MidTier,PAN,Tamil Nadu,1,0,1,143,consent_sign,5.0,0,2026-02-26 19:18:00
S009516,305C5D6F,Android-MidTier,PAN,Gujarat,0,0,0,3,registration,0.0,1,2026-02-01 05:29:00
S009517,00501CD8,iOS-HighEnd,Aadhaar,Tamil Nadu,0,0,0,1,registration,0.0,1,2026-01-15 12:43:00
S009518,36C84263,Android-MidTier,Passport,West Bengal,0,0,0,114,consent_sign,3.5,0,2026-02-07 09:27:00
S009519,7C923CAB,Android-Budget,PAN,West Bengal,0,2,3,219,consent_sign,7.5,0,2026-01-06 07:32:00
S009520,2262DAD8,iOS-HighEnd,Driving License,Tamil Nadu,0,0,2,135,consent_sign,3.5,0,2026-02-03 12:40:00
S009521,DF5325CF,iOS-HighEnd,Aadhaar,Maharashtra,0,0,0,116,consent_sign,3.5,0,2026-01-10 14:47:00
S009522,4258828B,Android-Budget,Driving License,Karnataka,0,1,2,211,consent_sign,5.5,0,2026-02-02 03:57:00
S009523,1DB60EFE,iOS-HighEnd,Driving License,Tamil Nadu,0,0,0,135,consent_sign,3.5,0,2026-01-02 14:17:00
S009524,3ADBD2B2,Android-MidTier,Aadhaar,West Bengal,0,0,0,138,consent_sign,3.5,0,2026-02-14 13:09:00
S009525,361F448C,iOS-HighEnd,Passport,West Bengal,0,0,0,137,consent_sign,3.5,0,2026-02-04 12:28:00
S009526,696932AC,iOS-HighEnd,Aadhaar,Delhi,0,0,0,142,consent_sign,3.5,0,2026-02-10 14:40:00
S009527,6B1B8C03,Android-MidTier,Driving License,Maharashtra,0,0,0,176,consent_sign,3.5,0,2026-02-28 10:36:00
S009528,B1F6D38E,iOS-HighEnd,Driving License,Karnataka,0,0,0,157,consent_sign,3.5,0,2026-02-12 09:27:00
S009529,A8C649AB,Android-Budget,PAN,Delhi,0,0,0,128,consent_sign,3.5,0,2026-01-05 10:40:00
S009530,F716B195,iOS-HighEnd,Driving License,Karnataka,0,0,0,127,consent_sign,3.5,0,2026-02-15 05:48:00
S009531,91D5BFDD,iOS-HighEnd,PAN,Gujarat,0,0,0,111,consent_sign,3.5,0,2026-01-05 11:49:00
S009532,895D603D,iOS-HighEnd,Driving License,Delhi,1,0,1,208,consent_sign,5.0,0,2026-01-23 18:48:00
S009533,F04084D0,iOS-HighEnd,Passport,Maharashtra,0,0,0,26,phone_otp,0.0,1,2026-01-09 23:33:00
S009534,C3E8212D,iOS-HighEnd,Driving License,Karnataka,0,0,0,185,consent_sign,3.5,0,2026-01-03 18:14:00
S009535,C1204784,iOS-HighEnd,Driving License,Maharashtra,0,0,0,172,consent_sign,3.5,0,2026-01-25 13:15:00
S009536,DB0DC10E,iOS-HighEnd,PAN,Tamil Nadu,0,0,0,147,consent_sign,3.5,0,2026-02-02 10:33:00
S009537,D4D8C52E,iOS-HighEnd,Driving License,West Bengal,0,0,0,18,phone_otp,0.0,1,2026-01-03 11:40:00
S009538,BFA55677,Android-MidTier,Passport,Karnataka,0,0,0,109,consent_sign,3.5,0,2026-02-16 00:56:00
S009539,D88A2B67,iOS-HighEnd,Passport,Karnataka,0,0,0,122,consent_sign,3.5,0,2026-01-18 16:47:00
S009540,4410D892,Android-MidTier,Passport,Karnataka,0,0,0,110,consent_sign,3.5,0,2026-02-10 13:30:00
S009541,A44D3BC0,Android-MidTier,PAN,Tamil Nadu,0,0,0,165,consent_sign,3.5,0,2026-02-17 01:28:00
S009542,8D84067F,Android-MidTier,Passport,West Bengal,0,1,1,115,liveness_check,3.5,1,2026-01-13 09:31:00
S009543,1EAC66FE,iOS-HighEnd,Driving License,Tamil Nadu,0,0,0,104,consent_sign,3.5,0,2026-01-22 11:03:00
S009544,623D45F4,iOS-HighEnd,Passport,Delhi,0,0,0,160,consent_sign,3.5,0,2026-01-08 05:57:00
S009545,455F8AF7,Android-MidTier,PAN,Karnataka,1,0,1,177,consent_sign,5.0,0,2026-01-23 16:16:00
S009546,D439566A,iOS-HighEnd,Aadhaar,Gujarat,0,0,0,145,consent_sign,3.5,0,2026-01-17 14:16:00
S009547,F275DE56,Android-Budget,Aadhaar,Maharashtra,1,0,1,109,doc_upload,1.5,1,2026-02-24 23:45:00
S009548,C28FCC52,Android-Budget,Driving License,Tamil Nadu,0,0,0,142,consent_sign,3.5,0,2026-01-29 14:58:00
S009549,81DB9A62,Android-Budget,Aadhaar,Karnataka,0,0,0,137,consent_sign,3.5,0,2026-01-31 22:54:00
S009550,784AED02,Android-MidTier,Aadhaar,Gujarat,2,0,2,128,doc_upload,3.0,1,2026-01-12 06:00:00
S009551,5BF0E042,Android-MidTier,Passport,West Bengal,0,0,0,36,phone_otp,0.0,1,2026-01-12 18:15:00
S009552,BB77E34A,iOS-HighEnd,Driving License,Delhi,0,0,0,118,consent_sign,3.5,0,2026-01-07 11:56:00
S009553,48B1E8CC,Android-MidTier,PAN,Gujarat,0,1,1,132,consent_sign,5.5,0,2026-02-28 02:19:00
S009554,03908F5A,Android-MidTier,PAN,West Bengal,0,0,0,115,consent_sign,3.5,1,2026-02-12 11:22:00
S009555,3B8846E6,Android-MidTier,PAN,Karnataka,0,0,0,3,registration,0.0,1,2026-02-18 18:23:00
S009556,03305744,Android-MidTier,Passport,Tamil Nadu,0,0,0,142,consent_sign,3.5,0,2026-01-03 22:10:00
S009557,F12C2046,Android-MidTier,Aadhaar,Gujarat,1,0,1,75,doc_upload,1.5,1,2026-02-14 00:55:00
S009558,833D19FF,Android-MidTier,Driving License,Delhi,0,0,1,141,consent_sign,3.5,0,2026-01-28 01:49:00
S009559,6B4C2DAC,iOS-HighEnd,Passport,Tamil Nadu,0,0,0,141,consent_sign,3.5,0,2026-02-07 01:33:00
S009560,8B81EA62,Android-Budget,Passport,Gujarat,0,0,0,129,consent_sign,3.5,0,2026-02-26 20:15:00
S009561,59432577,Android-Budget,Aadhaar,Gujarat,0,1,1,149,consent_sign,5.5,0,2026-01-04 18:23:00
S009562,F84A9BCA,Android-MidTier,Driving License,West Bengal,0,1,2,188,consent_sign,5.5,0,2026-01-01 18:46:00
S009563,115CA802,Android-MidTier,Aadhaar,Delhi,0,0,0,127,consent_sign,3.5,0,2026-02-01 18:29:00
S009564,DCC3645F,Android-MidTier,Passport,Maharashtra,0,1,1,143,consent_sign,5.5,0,2026-02-18 01:01:00
S009565,15C211CA,iOS-HighEnd,PAN,West Bengal,0,0,0,125,consent_sign,3.5,0,2026-01-13 21:51:00
S009566,A701E867,Android-Budget,Passport,Delhi,0,0,0,152,consent_sign,3.5,0,2026-01-16 06:35:00
S009567,224A94A5,iOS-HighEnd,Aadhaar,West Bengal,0,0,0,145,consent_sign,3.5,0,2026-01-17 11:57:00
S009568,478D365F,Android-MidTier,Aadhaar,Gujarat,0,0,0,145,consent_sign,3.5,0,2026-02-09 13:37:00
S009569,B5100BCA,iOS-HighEnd,Passport,Gujarat,0,0,1,64,doc_upload,0.0,1,2026-02-14 18:01:00
S009570,9770D013,iOS-HighEnd,Passport,Karnataka,0,1,1,199,consent_sign,5.5,0,2026-01-29 10:33:00
S009571,198640A1,iOS-HighEnd,Aadhaar,Gujarat,0,0,0,155,consent_sign,3.5,0,2026-02-11 02:45:00
S009572,454E1370,iOS-HighEnd,Aadhaar,Karnataka,0,0,0,92,consent_sign,3.5,0,2026-02-08 16:45:00
S009573,3D7D9E1E,Android-MidTier,PAN,Tamil Nadu,0,1,2,163,liveness_check,3.5,1,2026-01-21 07:22:00
S009574,1345C526,Android-MidTier,Passport,Karnataka,0,1,2,157,liveness_check,3.5,1,2026-02-19 16:04:00
S009575,B6EF2C43,iOS-HighEnd,Driving License,Gujarat,0,0,1,143,consent_sign,3.5,0,2026-01-18 22:34:00
S009576,F46A9817,Android-MidTier,PAN,West Bengal,1,0,3,204,consent_sign,5.0,0,2026-01-15 23:25:00
S009577,24EA2F78,Android-Budget,PAN,Karnataka,0,0,0,121,consent_sign,3.5,1,2026-01-06 02:31:00
S009578,F3BE0191,iOS-HighEnd,Driving License,Tamil Nadu,0,0,0,135,consent_sign,3.5,0,2026-02-16 13:35:00
S009579,BAEDB7AB,iOS-HighEnd,Aadhaar,Delhi,0,0,0,123,consent_sign,3.5,0,2026-01-07 04:46:00
S009580,26A97770,Android-MidTier,Aadhaar,Delhi,1,1,2,209,consent_sign,7.0,0,2026-01-04 04:44:00
S009581,41797153,iOS-HighEnd,Aadhaar,Tamil Nadu,0,0,0,106,consent_sign,3.5,0,2026-02-02 08:22:00
S009582,6828E25C,iOS-HighEnd,Passport,West Bengal,0,1,1,161,consent_sign,5.5,0,2026-02-16 17:32:00
S009583,5F89A98C,Android-MidTier,Aadhaar,West Bengal,0,0,0,128,consent_sign,3.5,0,2026-01-12 15:07:00
S009584,D78C2051,Android-MidTier,Driving License,West Bengal,0,0,1,46,doc_upload,0.0,1,2026-02-23 01:11:00
S009585,2F7E6184,iOS-HighEnd,Driving License,Karnataka,0,0,0,135,consent_sign,3.5,0,2026-01-18 21:54:00
S009586,D516F81C,iOS-HighEnd,PAN,Maharashtra,0,1,1,145,consent_sign,5.5,0,2026-02-06 19:48:00
S009587,AC672695,Android-MidTier,Driving License,Karnataka,0,0,0,144,consent_sign,3.5,1,2026-01-11 02:55:00
S009588,19848C74,Android-MidTier,Aadhaar,Karnataka,0,0,0,107,consent_sign,3.5,0,2026-02-20 14:23:00
S009589,9F3204AF,Android-MidTier,Driving License,West Bengal,0,0,0,4,registration,0.0,1,2026-01-10 23:58:00
S009590,4E33DB37,Android-MidTier,PAN,Gujarat,0,0,1,193,consent_sign,3.5,0,2026-02-27 08:22:00
S009591,19664504,iOS-HighEnd,PAN,Tamil Nadu,0,0,0,143,consent_sign,3.5,0,2026-02-13 18:44:00
S009592,0CDDDF92,Android-MidTier,Passport,Maharashtra,1,0,1,204,consent_sign,5.0,0,2026-02-19 07:49:00
S009593,8BD0D625,Android-Budget,Driving License,Maharashtra,0,1,2,178,consent_sign,5.5,0,2026-01-05 13:00:00
S009594,A71DC051,Android-MidTier,PAN,Gujarat,0,0,0,134,consent_sign,3.5,0,2026-02-08 17:02:00
S009595,EE125271,iOS-HighEnd,Aadhaar,Maharashtra,0,0,0,121,consent_sign,3.5,0,2026-02-25 20:39:00
S009596,0823E20B,Android-MidTier,Passport,Gujarat,0,0,0,106,consent_sign,3.5,0,2026-01-24 13:55:00
S009597,CADC3379,Android-MidTier,Driving License,Delhi,0,0,1,34,phone_otp,0.0,1,2026-01-17 21:48:00
S009598,CD766247,Android-MidTier,Driving License,Karnataka,1,1,2,238,consent_sign,7.0,0,2026-01-05 23:13:00
S009599,11F0A923,Android-Budget,Passport,Tamil Nadu,1,0,1,63,doc_upload,1.5,1,2026-02-12 17:06:00
S009600,68C5EDDC,iOS-HighEnd,Driving License,Delhi,0,0,0,109,consent_sign,3.5,0,2026-01-09 07:27:00
S009601,07FB3BDD,Android-MidTier,Driving License,Gujarat,0,1,1,139,liveness_check,3.5,1,2026-01-21 03:24:00
S009602,79CDC59E,iOS-HighEnd,Passport,Gujarat,0,0,0,141,consent_sign,3.5,0,2026-02-23 05:14:00
S009603,0F57BC75,Android-MidTier,PAN,Tamil Nadu,1,0,1,219,consent_sign,5.0,0,2026-02-27 16:35:00
S009604,22F5B1A9,Android-MidTier,PAN,Delhi,0,0,0,148,consent_sign,3.5,0,2026-02-05 13:55:00
S009605,90266418,Android-MidTier,Aadhaar,Gujarat,0,0,0,140,consent_sign,3.5,0,2026-01-24 10:58:00
S009606,CC6C7745,iOS-HighEnd,PAN,Maharashtra,0,0,0,26,phone_otp,0.0,1,2026-01-02 02:33:00
S009607,76237F14,Android-Budget,PAN,Gujarat,0,3,3,177,liveness_check,7.5,1,2026-01-30 18:25:00
S009608,C75861C1,iOS-HighEnd,PAN,Delhi,0,0,0,162,consent_sign,3.5,0,2026-02-02 00:49:00
S009609,2BF23FC0,Android-MidTier,Passport,Maharashtra,0,0,1,136,consent_sign,3.5,0,2026-01-16 13:26:00
S009610,34460C61,Android-MidTier,Passport,Maharashtra,0,1,1,157,consent_sign,5.5,0,2026-01-07 03:07:00
S009611,90FDBB3E,iOS-HighEnd,Aadhaar,Tamil Nadu,0,1,1,142,consent_sign,5.5,0,2026-01-13 22:34:00
S009612,78FD3B16,iOS-HighEnd,Driving License,Karnataka,0,1,1,125,consent_sign,5.5,0,2026-01-04 13:12:00
S009613,63CD0CB1,Android-MidTier,Aadhaar,Gujarat,0,0,0,168,consent_sign,3.5,0,2026-01-19 06:10:00
S009614,1EB51009,iOS-HighEnd,PAN,Tamil Nadu,0,0,0,1,registration,0.0,1,2026-02-25 09:30:00
S009615,40FEA948,Android-MidTier,PAN,Tamil Nadu,0,1,2,175,consent_sign,5.5,0,2026-01-11 13:44:00
S009616,B5BEF85B,Android-Budget,Driving License,Maharashtra,0,0,0,132,consent_sign,3.5,0,2026-01-06 14:03:00
S009617,6852C038,Android-MidTier,PAN,Delhi,0,0,0,139,consent_sign,3.5,0,2026-01-29 00:57:00
S009618,7EF86974,iOS-HighEnd,Passport,Tamil Nadu,1,0,1,230,consent_sign,5.0,0,2026-01-29 09:39:00
S009619,8C128604,Android-MidTier,Driving License,West Bengal,1,0,1,135,consent_sign,5.0,0,2026-01-26 13:06:00
S009620,1182D657,Android-MidTier,Driving License,Maharashtra,0,0,0,134,consent_sign,3.5,0,2026-02-12 22:43:00
S009621,746CFF4E,iOS-HighEnd,PAN,West Bengal,0,1,1,152,consent_sign,5.5,0,2026-01-10 12:46:00
S009622,68353C7E,iOS-HighEnd,Aadhaar,Gujarat,0,0,0,120,consent_sign,3.5,0,2026-02-16 18:35:00
S009623,250B0AEB,Android-MidTier,Driving License,Gujarat,0,0,0,103,consent_sign,3.5,0,2026-01-14 06:07:00
S009624,4D315B7C,Android-MidTier,Driving License,West Bengal,0,0,0,154,consent_sign,3.5,0,2026-02-14 00:45:00
S009625,EE409F44,Android-MidTier,PAN,Delhi,0,0,0,82,liveness_check,1.5,1,2026-02-02 02:43:00
S009626,5C4CBCB4,iOS-HighEnd,Passport,Gujarat,0,0,0,133,consent_sign,3.5,0,2026-01-27 16:59:00
S009627,65B63378,Android-MidTier,Passport,Tamil Nadu,0,0,0,151,consent_sign,3.5,0,2026-01-31 13:21:00
S009628,2E5B80A1,Android-MidTier,Passport,Maharashtra,0,0,0,147,consent_sign,3.5,0,2026-02-18 05:10:00
S009629,4516BB39,Android-Budget,Driving License,Gujarat,0,0,1,167,consent_sign,3.5,0,2026-02-20 17:39:00
S009630,F45045AD,Android-MidTier,Passport,Delhi,0,0,0,137,consent_sign,3.5,0,2026-02-15 21:33:00
S009631,AA10CE87,iOS-HighEnd,Passport,Maharashtra,0,0,0,142,consent_sign,3.5,0,2026-02-03 01:02:00
S009632,45876487,Android-MidTier,Aadhaar,Maharashtra,0,0,0,145,consent_sign,3.5,0,2026-02-07 13:38:00
S009633,7232245C,Android-MidTier,Driving License,Maharashtra,0,0,0,98,consent_sign,3.5,0,2026-01-18 09:13:00
S009634,E220134E,Android-Budget,Aadhaar,Karnataka,0,1,1,149,consent_sign,5.5,0,2026-01-22 18:42:00
S009635,05C95F58,Android-Budget,Aadhaar,Maharashtra,0,0,0,126,consent_sign,3.5,0,2026-01-07 04:27:00
S009636,6BB0C8A0,iOS-HighEnd,PAN,Delhi,0,0,0,112,consent_sign,3.5,0,2026-02-08 11:14:00
S009637,50D8AE13,Android-MidTier,PAN,Gujarat,1,0,1,64,doc_upload,1.5,1,2026-01-04 21:50:00
S009638,216BB956,Android-MidTier,Aadhaar,West Bengal,0,0,0,4,registration,0.0,1,2026-02-09 19:56:00
S009639,A6CBB287,Android-MidTier,Aadhaar,West Bengal,1,2,4,288,consent_sign,9.0,0,2026-02-23 11:44:00
S009640,4CD3DFC4,iOS-HighEnd,PAN,Tamil Nadu,0,0,0,124,consent_sign,3.5,0,2026-01-26 09:52:00
S009641,F8736E59,iOS-HighEnd,Driving License,Gujarat,0,0,0,132,consent_sign,3.5,0,2026-02-06 06:32:00
S009642,45358D5A,Android-MidTier,Aadhaar,West Bengal,1,0,1,75,doc_upload,1.5,1,2026-01-28 23:54:00
S009643,B129A6A4,Android-MidTier,Driving License,West Bengal,0,0,0,116,consent_sign,3.5,0,2026-01-16 07:54:00
S009644,59CB1E01,iOS-HighEnd,Passport,Gujarat,0,1,1,159,consent_sign,5.5,0,2026-01-27 21:41:00
S009645,21A44C4A,iOS-HighEnd,Driving License,Gujarat,0,0,1,144,consent_sign,3.5,0,2026-02-12 22:52:00
S009646,AADBB2FC,Android-MidTier,Driving License,Karnataka,0,0,1,189,consent_sign,3.5,0,2026-02-25 14:24:00
S009647,EE1DB5EE,iOS-HighEnd,Aadhaar,Tamil Nadu,0,0,0,155,consent_sign,3.5,0,2026-02-02 00:30:00
S009648,D772AEA9,Android-MidTier,PAN,Gujarat,0,0,0,164,consent_sign,3.5,0,2026-01-12 20:49:00
S009649,6E0BC459,iOS-HighEnd,PAN,Delhi,0,0,0,126,consent_sign,3.5,0,2026-01-21 07:52:00
S009650,FE4D58C1,Android-Budget,PAN,Karnataka,1,0,1,74,doc_upload,1.5,1,2026-02-28 05:21:00
S009651,BB859153,Android-MidTier,Driving License,Maharashtra,0,0,0,156,consent_sign,3.5,0,2026-02-16 19:01:00
S009652,E2888DDB,Android-Budget,PAN,Delhi,0,0,0,90,consent_sign,3.5,0,2026-02-22 01:15:00
S009653,8E562FBE,iOS-HighEnd,Passport,West Bengal,0,0,0,116,consent_sign,3.5,0,2026-01-19 08:30:00
S009654,E88668A4,Android-Budget,Driving License,Gujarat,0,0,0,4,registration,0.0,1,2026-01-27 00:11:00
S009655,6BDA623F,Android-MidTier,PAN,Karnataka,0,0,1,162,consent_sign,3.5,0,2026-01-29 10:49:00
S009656,611E5684,Android-MidTier,Aadhaar,Karnataka,0,0,0,143,consent_sign,3.5,0,2026-01-31 22:51:00
S009657,0279D6D8,iOS-HighEnd,PAN,Maharashtra,0,0,0,102,consent_sign,3.5,0,2026-02-12 03:10:00
S009658,4FDCB645,Android-Budget,PAN,Tamil Nadu,0,0,0,133,consent_sign,3.5,0,2026-02-12 23:08:00
S009659,82DC286E,Android-Budget,Driving License,Tamil Nadu,0,0,0,48,doc_upload,0.0,1,2026-03-02 00:30:00
S009660,D2242AE5,Android-MidTier,Driving License,Maharashtra,0,0,0,169,consent_sign,3.5,0,2026-03-02 05:58:00
S009661,16AC92BB,Android-Budget,Passport,Delhi,0,2,2,116,liveness_check,5.5,1,2026-02-24 06:47:00
S009662,926730DC,Android-Budget,Passport,Maharashtra,0,0,0,96,consent_sign,3.5,1,2026-02-18 05:46:00
S009663,9EA56510,iOS-HighEnd,Passport,Tamil Nadu,0,0,0,97,consent_sign,3.5,0,2026-02-19 09:22:00
S009664,15F3F9E1,Android-Budget,Aadhaar,Gujarat,0,0,0,127,consent_sign,3.5,0,2026-02-20 11:12:00
S009665,0CE3DCCE,Android-MidTier,Driving License,Tamil Nadu,1,0,1,86,doc_upload,1.5,1,2026-03-02 01:32:00
S009666,B9E1AA73,Android-MidTier,PAN,Tamil Nadu,0,0,0,152,consent_sign,3.5,0,2026-02-24 22:31:00
S009667,D2E9C930,iOS-HighEnd,Aadhaar,Gujarat,0,0,0,128,consent_sign,3.5,0,2026-02-19 21:32:00
S009668,F977DE8F,Android-MidTier,Passport,Tamil Nadu,1,0,1,209,consent_sign,5.0,0,2026-01-08 15:32:00
S009669,F6423513,iOS-HighEnd,Passport,Gujarat,0,0,0,135,consent_sign,3.5,0,2026-01-29 07:33:00
S009670,D5672F5D,iOS-HighEnd,Aadhaar,Tamil Nadu,0,0,0,107,consent_sign,3.5,0,2026-01-26 12:03:00
S009671,FACA2C41,Android-Budget,Passport,Maharashtra,0,0,2,163,consent_sign,3.5,0,2026-02-04 04:08:00
S009672,44DE3376,Android-MidTier,Aadhaar,Maharashtra,0,0,0,108,liveness_check,1.5,1,2026-01-26 11:39:00
S009673,72F4C4B3,Android-MidTier,Aadhaar,Gujarat,0,0,0,146,consent_sign,3.5,0,2026-02-01 18:39:00
S009674,811143A5,iOS-HighEnd,PAN,West Bengal,0,0,0,21,phone_otp,0.0,1,2026-01-31 02:51:00
S009675,92F72F86,iOS-HighEnd,Driving License,Karnataka,0,0,0,83,consent_sign,3.5,0,2026-02-06 18:34:00
S009676,518D38F8,Android-Budget,Aadhaar,Karnataka,2,0,2,251,consent_sign,6.5,0,2026-01-14 11:53:00
S009677,25E591C8,iOS-HighEnd,PAN,Gujarat,0,0,0,132,consent_sign,3.5,0,2026-02-26 08:45:00
S009678,2B0D5B1C,Android-MidTier,Aadhaar,Tamil Nadu,0,0,0,4,registration,0.0,1,2026-02-09 11:18:00
S009679,33057245,Android-Budget,Aadhaar,Tamil Nadu,0,3,3,147,liveness_check,7.5,1,2026-01-26 16:39:00
S009680,AFB29DF9,iOS-HighEnd,Driving License,West Bengal,0,0,0,134,consent_sign,3.5,0,2026-02-14 07:31:00
S009681,DDC096D2,Android-Budget,Aadhaar,Tamil Nadu,1,0,2,102,doc_upload,1.5,1,2026-01-07 12:55:00
S009682,542FBDD4,iOS-HighEnd,Aadhaar,West Bengal,0,0,0,112,consent_sign,3.5,0,2026-01-05 09:17:00
S009683,C2E8A700,Android-Budget,Passport,Gujarat,0,3,4,240,liveness_check,7.5,1,2026-01-31 09:45:00
S009684,05476E17,iOS-HighEnd,Driving License,West Bengal,0,0,0,111,consent_sign,3.5,0,2026-01-01 15:58:00
S009685,607CBD33,Android-MidTier,PAN,West Bengal,0,0,0,57,doc_upload,0.0,1,2026-02-12 06:53:00
S009686,BE6826D2,iOS-HighEnd,Aadhaar,Delhi,0,0,0,110,consent_sign,3.5,0,2026-01-15 02:26:00
S009687,74147301,Android-MidTier,Passport,Delhi,0,0,0,155,consent_sign,3.5,0,2026-02-06 21:12:00
S009688,9CB84018,Android-Budget,Aadhaar,Karnataka,0,0,0,48,doc_upload,0.0,1,2026-02-25 13:50:00
S009689,85664DA4,Android-MidTier,Passport,Karnataka,0,0,0,4,registration,0.0,1,2026-02-17 11:38:00
S009690,9170D854,Android-MidTier,Driving License,Karnataka,0,0,0,137,consent_sign,3.5,0,2026-01-06 16:58:00
S009691,408B1AC0,iOS-HighEnd,Passport,Karnataka,0,0,0,2,registration,0.0,1,2026-02-26 14:50:00
S009692,00ADAD8F,Android-MidTier,Aadhaar,Tamil Nadu,0,1,1,182,consent_sign,5.5,0,2026-01-10 04:04:00
S009693,DB1A8E44,Android-MidTier,Driving License,Tamil Nadu,1,0,1,60,doc_upload,1.5,1,2026-02-02 23:27:00
S009694,9155ED93,Android-Budget,Passport,Karnataka,0,0,1,49,phone_otp,0.0,1,2026-03-01 02:44:00
S009695,26FB0B0C,Android-Budget,Passport,West Bengal,0,0,0,2,registration,0.0,1,2026-01-20 12:13:00
S009696,AF7DA5D4,Android-MidTier,PAN,Karnataka,1,0,1,158,consent_sign,5.0,0,2026-03-01 07:42:00
S009697,74ED53CE,iOS-HighEnd,Driving License,West Bengal,0,0,0,116,consent_sign,3.5,0,2026-01-07 03:11:00
S009698,AC5A61D3,iOS-HighEnd,PAN,Maharashtra,0,0,0,142,consent_sign,3.5,0,2026-02-26 20:35:00
S009699,93C16428,iOS-HighEnd,PAN,Maharashtra,0,0,0,4,registration,0.0,1,2026-01-08 17:04:00
S009700,B7636CE8,iOS-HighEnd,Driving License,Delhi,0,1,1,138,liveness_check,3.5,1,2026-02-12 03:04:00
S009701,0247B04D,iOS-HighEnd,PAN,Karnataka,0,1,1,167,consent_sign,5.5,0,2026-01-11 00:01:00
S009702,563B0AB8,Android-MidTier,Aadhaar,Delhi,1,1,2,183,consent_sign,7.0,0,2026-03-02 04:48:00
S009703,D7B798EC,iOS-HighEnd,Driving License,Delhi,0,0,0,129,consent_sign,3.5,0,2026-01-18 06:15:00
S009704,DAC5169D,Android-Budget,Driving License,Gujarat,1,0,1,196,consent_sign,5.0,0,2026-02-05 08:48:00
S009705,6CDDAB56,Android-Budget,Driving License,Delhi,0,0,1,20,registration,0.0,1,2026-02-08 21:23:00
S009706,63754082,Android-Budget,PAN,Gujarat,0,0,0,122,consent_sign,3.5,0,2026-01-30 21:22:00
S009707,05E71B68,Android-MidTier,Driving License,Maharashtra,1,0,1,194,consent_sign,5.0,0,2026-01-21 02:16:00
S009708,D7561954,iOS-HighEnd,Aadhaar,Tamil Nadu,0,0,0,149,consent_sign,3.5,0,2026-02-12 14:22:00
S009709,46FF19B3,iOS-HighEnd,PAN,Gujarat,0,0,1,14,registration,0.0,1,2026-02-15 14:14:00
S009710,6F3F753B,Android-MidTier,PAN,Delhi,3,0,3,216,consent_sign,6.5,0,2026-02-17 05:16:00
S009711,B9175922,iOS-HighEnd,Passport,West Bengal,0,0,0,100,consent_sign,3.5,0,2026-01-19 21:45:00
S009712,72176085,Android-MidTier,Aadhaar,Karnataka,0,0,0,111,consent_sign,3.5,0,2026-01-08 15:58:00
S009713,85FCFA18,iOS-HighEnd,PAN,Maharashtra,0,0,0,37,phone_otp,0.0,1,2026-02-13 13:00:00
S009714,17ABE966,Android-MidTier,Driving License,West Bengal,0,0,0,145,consent_sign,3.5,0,2026-01-29 05:26:00
S009715,A550A4D1,iOS-HighEnd,PAN,Maharashtra,0,0,0,148,consent_sign,3.5,0,2026-02-09 13:41:00
S009716,5468EDCC,Android-Budget,Driving License,Karnataka,0,2,2,142,consent_sign,7.5,0,2026-02-01 12:12:00
S009717,92C5D3D7,Android-MidTier,PAN,Gujarat,0,0,0,147,consent_sign,3.5,0,2026-02-26 23:21:00
S009718,266BB932,Android-MidTier,Driving License,West Bengal,0,1,1,130,liveness_check,3.5,1,2026-02-02 18:00:00
S009719,A2CBC85C,Android-Budget,Aadhaar,Maharashtra,0,1,1,169,consent_sign,5.5,0,2026-01-26 11:12:00
S009720,AA2BCAA7,Android-Budget,Driving License,Karnataka,0,1,1,155,consent_sign,5.5,0,2026-02-25 14:25:00
S009721,341583DF,Android-MidTier,Driving License,Karnataka,0,0,0,163,consent_sign,3.5,0,2026-02-20 09:42:00
S009722,471994C9,iOS-HighEnd,PAN,West Bengal,0,0,0,3,registration,0.0,1,2026-02-25 16:27:00
S009723,724C5CD0,iOS-HighEnd,Driving License,Gujarat,0,1,1,132,liveness_check,3.5,1,2026-02-14 21:56:00
S009724,93231668,Android-MidTier,PAN,West Bengal,0,0,1,194,consent_sign,3.5,0,2026-02-07 01:17:00
S009725,488BD31F,iOS-HighEnd,PAN,Maharashtra,0,0,0,118,consent_sign,3.5,0,2026-01-07 03:57:00
S009726,45F97EAB,iOS-HighEnd,Aadhaar,Karnataka,0,0,0,146,consent_sign,3.5,0,2026-01-06 16:20:00
S009727,710DCBB7,iOS-HighEnd,Aadhaar,Karnataka,0,0,0,141,consent_sign,3.5,0,2026-01-23 19:18:00
S009728,18721154,iOS-HighEnd,PAN,West Bengal,0,0,0,159,consent_sign,3.5,0,2026-02-20 04:28:00
S009729,4459E2FD,Android-MidTier,PAN,Maharashtra,0,0,0,106,consent_sign,3.5,0,2026-01-16 09:27:00
S009730,041AABFD,iOS-HighEnd,Passport,Delhi,0,0,0,34,phone_otp,0.0,1,2026-02-02 19:52:00
S009731,C51E21BD,Android-MidTier,Passport,Gujarat,0,0,0,141,consent_sign,3.5,0,2026-02-14 07:19:00
S009732,B04FD83C,iOS-HighEnd,Driving License,Delhi,0,0,0,4,registration,0.0,1,2026-02-24 21:22:00
S009733,23451386,Android-MidTier,Aadhaar,Karnataka,0,0,0,169,consent_sign,3.5,0,2026-01-09 06:28:00
S009734,725D71F1,Android-Budget,Aadhaar,Delhi,2,0,3,181,doc_upload,3.0,1,2026-01-05 23:37:00
S009735,49FAFBEF,iOS-HighEnd,PAN,Delhi,0,0,0,170,consent_sign,3.5,0,2026-02-13 10:35:00
S009736,F60249B5,iOS-HighEnd,Aadhaar,Delhi,0,0,0,1,registration,0.0,1,2026-02-19 17:01:00
S009737,089F4C42,iOS-HighEnd,Aadhaar,Delhi,0,0,0,14,phone_otp,0.0,1,2026-02-21 17:52:00
S009738,E322544A,Android-MidTier,Aadhaar,West Bengal,0,0,0,157,consent_sign,3.5,0,2026-01-03 20:19:00
S009739,B056FA5A,Android-MidTier,Aadhaar,West Bengal,1,0,1,96,doc_upload,1.5,1,2026-02-09 14:51:00
S009740,77B299E6,iOS-HighEnd,Driving License,Tamil Nadu,0,0,0,4,registration,0.0,1,2026-01-06 22:36:00
S009741,5BC76084,iOS-HighEnd,Passport,Maharashtra,0,0,1,129,consent_sign,3.5,0,2026-02-02 10:41:00
S009742,695DB06D,Android-MidTier,Passport,Gujarat,0,0,2,204,consent_sign,3.5,0,2026-02-02 14:19:00
S009743,EE38A9E9,iOS-HighEnd,Aadhaar,West Bengal,0,0,0,90,consent_sign,3.5,0,2026-01-05 00:04:00
S009744,7455C604,iOS-HighEnd,PAN,West Bengal,1,1,2,269,consent_sign,7.0,0,2026-02-19 23:43:00
S009745,1652142C,Android-Budget,Driving License,Maharashtra,0,0,0,126,consent_sign,3.5,0,2026-01-06 06:08:00
S009746,FE13D91C,iOS-HighEnd,Passport,Maharashtra,0,0,0,122,consent_sign,3.5,0,2026-02-21 06:27:00
S009747,23B590E1,Android-MidTier,Driving License,Maharashtra,0,0,0,123,consent_sign,3.5,0,2026-01-26 20:46:00
S009748,1B705635,Android-Budget,Aadhaar,Tamil Nadu,1,1,2,214,consent_sign,7.0,0,2026-02-01 05:32:00
S009749,6B2E258E,iOS-HighEnd,Aadhaar,Karnataka,0,0,0,110,consent_sign,3.5,0,2026-01-10 16:05:00
S009750,2D3B840D,Android-Budget,Aadhaar,Delhi,0,0,0,150,consent_sign,3.5,0,2026-02-26 16:05:00
S009751,53CE202B,Android-MidTier,PAN,Delhi,0,1,1,132,liveness_check,3.5,1,2026-01-09 07:25:00
S009752,496FF6E3,Android-Budget,PAN,Maharashtra,3,0,4,225,doc_upload,4.5,1,2026-02-03 03:08:00
S009753,65C7FB93,Android-MidTier,Aadhaar,West Bengal,1,2,3,252,consent_sign,9.0,0,2026-02-15 23:01:00
S009754,0F92B3FB,iOS-HighEnd,Passport,Delhi,0,0,0,155,consent_sign,3.5,0,2026-02-26 19:19:00
S009755,381487DA,Android-MidTier,PAN,West Bengal,0,0,0,146,consent_sign,3.5,0,2026-02-24 07:35:00
S009756,688CCE17,Android-MidTier,PAN,Tamil Nadu,0,0,0,134,consent_sign,3.5,1,2026-02-24 13:28:00
S009757,20B6A33C,Android-MidTier,Driving License,West Bengal,0,0,0,124,consent_sign,3.5,0,2026-02-06 03:25:00
S009758,24B0E62F,Android-MidTier,PAN,Maharashtra,0,0,0,2,registration,0.0,1,2026-01-18 16:36:00
S009759,16F89D97,Android-MidTier,Aadhaar,Gujarat,0,0,0,3,registration,0.0,1,2026-02-04 13:59:00
S009760,E849C066,Android-Budget,PAN,Karnataka,0,0,1,197,consent_sign,3.5,0,2026-02-14 11:35:00
S009761,E771C17C,iOS-HighEnd,Passport,West Bengal,0,0,0,121,consent_sign,3.5,0,2026-01-09 05:20:00
S009762,FD7E1648,iOS-HighEnd,Aadhaar,Tamil Nadu,0,0,0,4,registration,0.0,1,2026-02-21 09:08:00
S009763,1192A38F,iOS-HighEnd,Driving License,Karnataka,0,0,0,126,consent_sign,3.5,0,2026-02-05 10:34:00
S009764,0784781D,Android-Budget,PAN,Maharashtra,0,1,1,162,consent_sign,5.5,0,2026-01-06 09:48:00
S009765,F24E1445,Android-MidTier,Driving License,Maharashtra,0,0,0,134,consent_sign,3.5,0,2026-01-29 17:50:00
S009766,02F38593,Android-Budget,Passport,Delhi,1,0,1,189,consent_sign,5.0,0,2026-02-24 23:30:00
S009767,6F6AFBE1,Android-Budget,PAN,West Bengal,0,1,1,105,liveness_check,3.5,1,2026-01-08 14:00:00
S009768,F4AA15AC,Android-MidTier,Driving License,West Bengal,0,0,0,1,registration,0.0,1,2026-01-12 13:53:00
S009769,BB02E930,Android-MidTier,PAN,Gujarat,0,0,0,141,consent_sign,3.5,0,2026-02-26 08:47:00
S009770,4230411E,Android-MidTier,Driving License,Tamil Nadu,0,1,1,111,liveness_check,3.5,1,2026-01-01 14:44:00
S009771,0BC6E292,Android-MidTier,Aadhaar,Karnataka,2,0,2,179,consent_sign,6.5,0,2026-01-20 06:59:00
S009772,A7B414B4,Android-MidTier,Driving License,Delhi,0,0,1,169,consent_sign,3.5,0,2026-01-02 12:43:00
S009773,FA7CF893,Android-Budget,Passport,Gujarat,0,0,0,4,registration,0.0,1,2026-01-17 20:57:00
S009774,3800DA79,Android-MidTier,PAN,Delhi,0,0,0,119,consent_sign,3.5,0,2026-01-31 15:46:00
S009775,620072E0,iOS-HighEnd,PAN,Maharashtra,0,0,0,120,consent_sign,3.5,0,2026-01-31 20:52:00
S009776,1B69000C,iOS-HighEnd,Passport,Tamil Nadu,0,0,0,136,consent_sign,3.5,0,2026-02-25 21:14:00
S009777,3C91ACCC,Android-Budget,Passport,West Bengal,0,0,0,144,consent_sign,3.5,0,2026-02-12 17:05:00
S009778,B81C14E5,Android-MidTier,PAN,Maharashtra,0,0,0,26,phone_otp,0.0,1,2026-02-23 21:45:00
S009779,FBA837A7,Android-MidTier,Aadhaar,West Bengal,0,0,1,188,consent_sign,3.5,0,2026-01-26 17:46:00
S009780,4F22FD57,Android-MidTier,Driving License,West Bengal,0,0,0,132,consent_sign,3.5,0,2026-01-22 21:56:00
S009781,426CD241,Android-MidTier,Driving License,West Bengal,0,0,0,144,consent_sign,3.5,0,2026-02-05 19:43:00
S009782,F60AD0A3,iOS-HighEnd,PAN,West Bengal,0,0,0,109,consent_sign,3.5,0,2026-01-03 10:42:00
S009783,FFC9CF29,Android-MidTier,PAN,Gujarat,0,2,2,213,consent_sign,7.5,0,2026-01-23 21:42:00
S009784,29C649EC,iOS-HighEnd,Driving License,Karnataka,0,0,0,141,consent_sign,3.5,0,2026-01-13 20:25:00
S009785,19FFA018,iOS-HighEnd,PAN,Maharashtra,0,1,1,148,liveness_check,3.5,1,2026-02-19 17:51:00
S009786,D37805EE,Android-Budget,Aadhaar,West Bengal,0,0,0,21,phone_otp,0.0,1,2026-01-01 13:11:00
S009787,2EEAF8B3,Android-MidTier,Aadhaar,West Bengal,0,1,1,169,consent_sign,5.5,0,2026-01-29 19:31:00
S009788,00F899DE,iOS-HighEnd,Aadhaar,West Bengal,0,0,0,84,liveness_check,1.5,1,2026-01-08 00:15:00
S009789,6B161276,Android-Budget,Driving License,Tamil Nadu,0,0,0,99,consent_sign,3.5,0,2026-01-10 11:21:00
S009790,EF58B690,Android-Budget,PAN,Gujarat,1,0,1,83,doc_upload,1.5,1,2026-02-16 09:45:00
S009791,C87DF059,Android-Budget,Passport,Tamil Nadu,1,3,4,251,liveness_check,9.0,1,2026-01-18 03:10:00
S009792,DB1DF2C3,Android-MidTier,Passport,Tamil Nadu,2,0,2,194,consent_sign,6.5,0,2026-02-09 03:34:00
S009793,139B4C16,Android-Budget,Passport,Delhi,0,1,1,124,liveness_check,3.5,1,2026-02-26 06:11:00
S009794,E11B2F5A,iOS-HighEnd,Aadhaar,Delhi,0,0,0,139,consent_sign,3.5,0,2026-02-12 04:26:00
S009795,68A522B9,Android-MidTier,Driving License,Maharashtra,0,0,1,157,consent_sign,3.5,0,2026-02-16 04:47:00
S009796,82B91686,Android-MidTier,PAN,Gujarat,1,0,1,106,doc_upload,1.5,1,2026-02-26 16:37:00
S009797,CA44724A,Android-MidTier,Aadhaar,Delhi,2,1,3,188,liveness_check,6.5,1,2026-01-31 11:53:00
S009798,7792A78A,Android-MidTier,PAN,Delhi,0,0,0,139,consent_sign,3.5,0,2026-01-28 11:55:00
S009799,28DE68AB,Android-MidTier,Passport,West Bengal,0,1,1,152,liveness_check,3.5,1,2026-01-21 23:07:00
S009800,352B6689,Android-MidTier,PAN,Delhi,0,0,0,110,consent_sign,3.5,0,2026-01-20 21:03:00
S009801,69AC030E,Android-MidTier,Driving License,Karnataka,0,0,0,142,consent_sign,3.5,0,2026-01-06 00:26:00
S009802,CE68210C,Android-MidTier,Aadhaar,Delhi,1,0,1,79,doc_upload,1.5,1,2026-02-06 16:44:00
S009803,90CCD1E5,iOS-HighEnd,Passport,Delhi,0,0,0,127,consent_sign,3.5,0,2026-01-14 12:19:00
S009804,F93ADB04,Android-Budget,Aadhaar,West Bengal,0,0,0,134,consent_sign,3.5,0,2026-01-30 06:22:00
S009805,502E5598,Android-MidTier,Passport,West Bengal,0,0,0,34,phone_otp,0.0,1,2026-01-13 19:40:00
S009806,35A02595,iOS-HighEnd,Driving License,Maharashtra,0,0,0,127,consent_sign,3.5,0,2026-01-19 20:10:00
S009807,B9DEF348,Android-Budget,Driving License,Delhi,1,0,1,215,consent_sign,5.0,0,2026-02-06 00:39:00
S009808,C0FF979E,Android-Budget,Driving License,Karnataka,0,0,0,156,consent_sign,3.5,0,2026-01-17 01:16:00
S009809,F28DACB1,Android-MidTier,Passport,Delhi,1,0,1,178,consent_sign,5.0,0,2026-01-06 20:36:00
S009810,561657A8,Android-MidTier,Aadhaar,Gujarat,1,1,2,169,liveness_check,5.0,1,2026-01-02 02:50:00
S009811,D7EE15BC,iOS-HighEnd,Passport,Gujarat,0,0,0,112,consent_sign,3.5,0,2026-01-03 00:25:00
S009812,C04F4BD0,iOS-HighEnd,Aadhaar,Delhi,0,1,1,96,liveness_check,3.5,1,2026-02-05 19:46:00
S009813,41BC3273,Android-MidTier,Driving License,Maharashtra,1,0,1,183,consent_sign,5.0,0,2026-02-09 10:24:00
S009814,0466B04D,Android-MidTier,PAN,Karnataka,0,0,0,147,consent_sign,3.5,0,2026-02-01 00:44:00
S009815,B0E28479,Android-Budget,Aadhaar,Tamil Nadu,2,0,2,139,doc_upload,3.0,1,2026-02-12 13:40:00
S009816,A48FB9E9,Android-MidTier,PAN,West Bengal,0,0,0,107,consent_sign,3.5,0,2026-01-21 03:53:00
S009817,1FAC6D85,Android-Budget,Passport,Gujarat,0,0,2,57,phone_otp,0.0,1,2026-01-05 16:26:00
S009818,9CCA1EDA,iOS-HighEnd,PAN,Karnataka,0,0,0,162,consent_sign,3.5,0,2026-03-01 06:05:00
S009819,8BF4A93A,iOS-HighEnd,Aadhaar,Karnataka,0,0,1,173,consent_sign,3.5,0,2026-02-05 06:37:00
S009820,2591855B,Android-MidTier,Aadhaar,West Bengal,1,0,1,158,consent_sign,5.0,0,2026-03-01 10:01:00
S009821,DB6FCA27,Android-Budget,Passport,Gujarat,0,0,0,144,consent_sign,3.5,0,2026-01-05 13:43:00
S009822,4E85661E,Android-MidTier,Aadhaar,Karnataka,2,2,5,294,consent_sign,10.5,0,2026-02-12 00:29:00
S009823,9635DC67,Android-MidTier,Driving License,Karnataka,0,0,0,99,consent_sign,3.5,0,2026-01-10 16:44:00
S009824,DFDABE67,iOS-HighEnd,Aadhaar,Delhi,0,0,1,175,consent_sign,3.5,0,2026-02-15 22:07:00
S009825,2DC3E080,iOS-HighEnd,PAN,Delhi,0,0,0,142,consent_sign,3.5,0,2026-01-18 09:54:00
S009826,844E21A8,Android-Budget,Aadhaar,West Bengal,1,0,1,186,consent_sign,5.0,0,2026-02-18 16:56:00
S009827,6B766741,Android-MidTier,Aadhaar,Gujarat,1,0,1,174,consent_sign,5.0,0,2026-01-08 14:06:00
S009828,67B80731,iOS-HighEnd,Driving License,Tamil Nadu,0,0,0,25,phone_otp,0.0,1,2026-02-19 19:27:00
S009829,C62D7B34,Android-MidTier,PAN,West Bengal,0,0,0,140,consent_sign,3.5,0,2026-01-10 21:16:00
S009830,192CC87D,Android-MidTier,Driving License,Karnataka,0,0,0,113,consent_sign,3.5,0,2026-02-20 07:32:00
S009831,0B32B3A6,iOS-HighEnd,Aadhaar,Tamil Nadu,0,0,0,43,doc_upload,0.0,1,2026-01-05 05:32:00
S009832,D0AF7986,Android-MidTier,Aadhaar,Karnataka,0,0,0,136,consent_sign,3.5,0,2026-01-22 23:22:00
S009833,3231DC66,iOS-HighEnd,Aadhaar,Delhi,0,0,0,3,registration,0.0,1,2026-02-14 11:38:00
S009834,150F1AD2,iOS-HighEnd,Passport,Tamil Nadu,1,1,2,171,liveness_check,5.0,1,2026-02-20 19:47:00
S009835,3F4435C3,iOS-HighEnd,Driving License,Gujarat,0,0,0,138,consent_sign,3.5,0,2026-02-18 02:55:00
S009836,B54EC323,Android-Budget,Driving License,Delhi,1,0,2,247,consent_sign,5.0,0,2026-01-24 10:02:00
S009837,9C7E3507,iOS-HighEnd,Passport,Tamil Nadu,0,0,0,90,liveness_check,1.5,1,2026-02-14 21:44:00
S009838,6C83A898,Android-MidTier,Aadhaar,West Bengal,0,0,0,117,consent_sign,3.5,0,2026-02-25 06:19:00
S009839,3D5E1FBF,Android-MidTier,Driving License,Maharashtra,0,0,0,132,consent_sign,3.5,0,2026-02-18 18:29:00
S009840,B6A9E66B,Android-Budget,Driving License,Delhi,1,0,1,216,consent_sign,5.0,0,2026-01-16 03:47:00
S009841,81572C3C,Android-MidTier,Driving License,Delhi,2,0,2,242,consent_sign,6.5,0,2026-01-31 05:34:00
S009842,0EF6DA2A,iOS-HighEnd,Passport,Karnataka,0,0,0,94,consent_sign,3.5,0,2026-01-11 23:46:00
S009843,FFDF6588,Android-Budget,Passport,Maharashtra,0,0,0,3,registration,0.0,1,2026-02-16 22:50:00
S009844,983C9686,iOS-HighEnd,Aadhaar,Gujarat,0,0,0,127,consent_sign,3.5,0,2026-01-29 13:25:00
S009845,979C2ADC,Android-Budget,Aadhaar,Karnataka,0,0,0,139,consent_sign,3.5,0,2026-02-12 12:05:00
S009846,F53D488D,Android-MidTier,Passport,Gujarat,0,0,0,141,consent_sign,3.5,1,2026-01-23 11:21:00
S009847,CEBE11C8,Android-Budget,Driving License,Tamil Nadu,0,0,1,151,consent_sign,3.5,0,2026-01-08 15:19:00
S009848,03617D89,Android-MidTier,PAN,Delhi,1,0,2,233,consent_sign,5.0,0,2026-01-29 08:34:00
S009849,EFD1422E,iOS-HighEnd,Passport,Tamil Nadu,0,0,0,118,consent_sign,3.5,0,2026-02-04 21:59:00
S009850,3D9EA33B,Android-MidTier,PAN,Gujarat,0,0,0,161,consent_sign,3.5,0,2026-01-30 15:15:00
S009851,7F12E3CD,Android-MidTier,Driving License,Tamil Nadu,0,1,1,83,liveness_check,3.5,1,2026-01-21 20:20:00
S009852,D298404D,iOS-HighEnd,Driving License,Tamil Nadu,0,0,0,138,consent_sign,3.5,0,2026-01-02 01:20:00
S009853,8E05CADD,Android-MidTier,Driving License,Maharashtra,0,0,0,156,consent_sign,3.5,0,2026-01-24 10:50:00
S009854,BFCC8E33,iOS-HighEnd,Aadhaar,Delhi,0,0,0,139,consent_sign,3.5,0,2026-01-02 06:21:00
S009855,C1F6AFEC,Android-Budget,PAN,Maharashtra,0,1,1,171,consent_sign,5.5,0,2026-02-22 19:54:00
S009856,27D49EC5,iOS-HighEnd,Driving License,West Bengal,0,0,0,112,consent_sign,3.5,0,2026-01-07 04:52:00
S009857,5AD2C420,Android-Budget,Driving License,Tamil Nadu,0,1,1,103,liveness_check,3.5,1,2026-02-28 21:14:00
S009858,FA4F169A,Android-MidTier,Passport,West Bengal,0,0,0,154,consent_sign,3.5,0,2026-01-24 17:49:00
S009859,B8C52AE1,iOS-HighEnd,Driving License,Tamil Nadu,0,0,0,184,consent_sign,3.5,0,2026-01-24 00:41:00
S009860,94F319AC,iOS-HighEnd,Aadhaar,Tamil Nadu,0,0,0,126,consent_sign,3.5,0,2026-02-15 06:55:00
S009861,FA6A2E9F,Android-MidTier,Passport,Gujarat,0,0,0,140,consent_sign,3.5,0,2026-02-26 23:15:00
S009862,861D3A8F,iOS-HighEnd,PAN,West Bengal,0,1,1,86,liveness_check,3.5,1,2026-02-21 04:43:00
S009863,EBD7FD91,Android-Budget,PAN,Gujarat,2,0,2,104,doc_upload,3.0,1,2026-02-25 19:31:00
S009864,13B8FAD4,iOS-HighEnd,Passport,Karnataka,0,0,0,31,phone_otp,0.0,1,2026-01-23 19:56:00
S009865,5739D3A3,Android-MidTier,Passport,Karnataka,0,0,0,106,consent_sign,3.5,0,2026-01-29 11:21:00
S009866,2A67F030,Android-MidTier,PAN,West Bengal,0,1,1,182,consent_sign,5.5,0,2026-03-01 08:41:00
S009867,78F8EBED,Android-Budget,Driving License,Gujarat,1,3,4,282,consent_sign,9.0,0,2026-01-30 18:08:00
S009868,874AC31D,Android-MidTier,Passport,Karnataka,0,1,2,125,liveness_check,3.5,1,2026-02-16 09:55:00
S009869,71926DFE,Android-Budget,Driving License,Delhi,0,0,0,167,consent_sign,3.5,0,2026-01-27 20:00:00
S009870,78BF9E23,Android-Budget,Driving License,Maharashtra,1,0,1,188,consent_sign,5.0,0,2026-02-14 00:53:00
S009871,99474E78,Android-Budget,PAN,Karnataka,1,0,2,130,doc_upload,1.5,1,2026-01-15 06:49:00
S009872,3A08DAAE,Android-Budget,Passport,Gujarat,1,0,1,126,consent_sign,5.0,0,2026-01-12 04:48:00
S009873,6A5E52E1,Android-MidTier,Aadhaar,Karnataka,0,0,0,120,consent_sign,3.5,0,2026-01-26 10:55:00
S009874,8D72441D,Android-MidTier,Driving License,Delhi,0,0,0,105,consent_sign,3.5,0,2026-01-04 21:29:00
S009875,C7797848,Android-MidTier,PAN,Delhi,0,0,0,148,consent_sign,3.5,0,2026-01-20 10:17:00
S009876,D5B4C4A4,Android-Budget,Driving License,Delhi,1,0,1,116,doc_upload,1.5,1,2026-02-04 23:22:00
S009877,33EADF2F,Android-Budget,Aadhaar,Maharashtra,0,0,0,127,consent_sign,3.5,0,2026-02-24 02:51:00
S009878,C2174DBB,Android-Budget,Passport,Maharashtra,0,2,3,167,liveness_check,5.5,1,2026-01-15 06:25:00
S009879,625AC0D9,Android-MidTier,Passport,Delhi,1,0,1,214,consent_sign,5.0,0,2026-02-19 09:22:00
S009880,C65F72E4,Android-MidTier,Aadhaar,Karnataka,0,0,0,141,consent_sign,3.5,0,2026-01-12 20:02:00
S009881,7C33C04F,Android-MidTier,Passport,Maharashtra,0,0,1,150,consent_sign,3.5,1,2026-02-22 07:25:00
S009882,0A524E33,iOS-HighEnd,Driving License,Gujarat,0,0,0,154,consent_sign,3.5,0,2026-01-12 06:10:00
S009883,8F45C269,Android-MidTier,Driving License,Maharashtra,0,0,0,171,consent_sign,3.5,0,2026-02-27 13:03:00
S009884,E726F649,Android-MidTier,Driving License,Karnataka,0,0,0,109,consent_sign,3.5,0,2026-02-19 17:00:00
S009885,496B75FE,iOS-HighEnd,Driving License,Delhi,0,0,0,118,consent_sign,3.5,0,2026-02-27 03:28:00
S009886,B90914D8,Android-MidTier,Driving License,Maharashtra,0,0,1,128,consent_sign,3.5,0,2026-01-08 07:11:00
S009887,C8CD015B,Android-Budget,PAN,Delhi,1,0,2,111,doc_upload,1.5,1,2026-02-06 06:40:00
S009888,F8644F2F,Android-MidTier,Driving License,West Bengal,0,0,0,112,consent_sign,3.5,0,2026-02-02 15:40:00
S009889,2B72895B,Android-MidTier,Aadhaar,Maharashtra,0,0,0,129,consent_sign,3.5,0,2026-02-18 06:59:00
S009890,DE3D8B14,Android-MidTier,Aadhaar,Delhi,0,1,1,119,liveness_check,3.5,1,2026-02-18 01:18:00
S009891,C49DC4FC,iOS-HighEnd,Passport,West Bengal,0,0,0,125,consent_sign,3.5,1,2026-01-31 20:00:00
S009892,652FD941,iOS-HighEnd,Driving License,West Bengal,1,0,1,216,consent_sign,5.0,0,2026-02-18 07:37:00
S009893,F8642165,iOS-HighEnd,Passport,Tamil Nadu,0,0,0,166,consent_sign,3.5,0,2026-02-01 07:23:00
S009894,95C7D0C2,Android-MidTier,Passport,Gujarat,0,0,1,191,consent_sign,3.5,0,2026-01-28 07:05:00
S009895,626B6E7A,Android-MidTier,Passport,Tamil Nadu,0,0,0,161,consent_sign,3.5,0,2026-01-17 19:56:00
S009896,61E6B719,Android-MidTier,PAN,Maharashtra,1,0,1,82,doc_upload,1.5,1,2026-02-08 14:20:00
S009897,74B565F8,iOS-HighEnd,PAN,Tamil Nadu,0,1,1,170,consent_sign,5.5,0,2026-02-02 13:28:00
S009898,78DF7714,Android-MidTier,Driving License,Tamil Nadu,0,0,0,1,registration,0.0,1,2026-01-03 00:51:00
S009899,7146A1C1,Android-MidTier,Aadhaar,Maharashtra,0,0,0,111,consent_sign,3.5,0,2026-01-27 18:07:00
S009900,10F897AB,Android-Budget,PAN,Delhi,1,0,1,114,liveness_check,3.0,1,2026-01-19 00:51:00
S009901,1E4F1499,Android-MidTier,PAN,Maharashtra,1,0,1,164,consent_sign,5.0,0,2026-02-08 05:16:00
S009902,FB87EBC5,Android-Budget,Passport,West Bengal,0,0,0,124,consent_sign,3.5,0,2026-01-30 02:16:00
S009903,B26D6078,Android-MidTier,PAN,Maharashtra,1,0,1,127,doc_upload,1.5,1,2026-01-20 08:57:00
S009904,F17D8B73,Android-Budget,Passport,Delhi,2,0,2,156,doc_upload,3.0,1,2026-01-18 21:08:00
S009905,0E0F2704,Android-MidTier,PAN,Tamil Nadu,0,0,0,142,consent_sign,3.5,0,2026-02-04 08:44:00
S009906,68151F14,iOS-HighEnd,PAN,Delhi,0,0,0,142,consent_sign,3.5,0,2026-01-08 06:36:00
S009907,252B473A,iOS-HighEnd,PAN,Tamil Nadu,0,0,0,154,consent_sign,3.5,0,2026-03-02 03:43:00
S009908,7AF7BD84,Android-MidTier,PAN,Maharashtra,0,0,0,147,consent_sign,3.5,0,2026-02-27 05:32:00
S009909,32978C7D,iOS-HighEnd,Driving License,Karnataka,0,1,2,150,liveness_check,3.5,1,2026-01-18 12:20:00
S009910,F0E67CD5,Android-MidTier,PAN,Karnataka,1,0,1,191,consent_sign,5.0,0,2026-02-24 01:14:00
S009911,85CE7878,Android-Budget,PAN,West Bengal,0,1,1,93,liveness_check,3.5,1,2026-01-22 04:51:00
S009912,C82211CB,Android-MidTier,Aadhaar,Maharashtra,0,0,0,97,consent_sign,3.5,0,2026-01-08 13:00:00
S009913,363DDA7C,iOS-HighEnd,PAN,West Bengal,0,0,1,140,consent_sign,3.5,0,2026-01-03 09:37:00
S009914,1CCD3552,Android-Budget,Passport,Delhi,0,0,0,30,phone_otp,0.0,1,2026-02-17 06:05:00
S009915,38DD9A5E,iOS-HighEnd,Driving License,Karnataka,0,0,1,180,consent_sign,3.5,0,2026-01-22 18:54:00
S009916,8AB55352,iOS-HighEnd,Driving License,Karnataka,0,0,0,153,consent_sign,3.5,0,2026-01-27 16:14:00
S009917,10E2A69D,Android-Budget,PAN,Gujarat,0,0,0,143,consent_sign,3.5,0,2026-02-13 10:06:00
S009918,4D2A5EC7,iOS-HighEnd,Passport,West Bengal,0,1,1,130,liveness_check,3.5,1,2026-02-26 17:30:00
S009919,6CD27618,Android-MidTier,Driving License,Maharashtra,1,0,2,213,consent_sign,5.0,0,2026-02-02 09:26:00
S009920,13189BF2,iOS-HighEnd,Passport,Tamil Nadu,0,1,2,110,liveness_check,3.5,1,2026-02-16 13:50:00
S009921,DBAFD3B1,Android-Budget,PAN,Tamil Nadu,1,1,2,162,consent_sign,7.0,0,2026-01-02 02:53:00
S009922,19D6CF82,Android-MidTier,Driving License,Maharashtra,0,0,0,111,consent_sign,3.5,0,2026-02-10 07:34:00
S009923,6086CE8D,iOS-HighEnd,PAN,Tamil Nadu,0,0,0,123,consent_sign,3.5,0,2026-01-18 14:44:00
S009924,C37E9C25,Android-MidTier,Driving License,Gujarat,0,0,0,115,consent_sign,3.5,0,2026-02-26 02:51:00
S009925,FD39B46B,iOS-HighEnd,Aadhaar,Delhi,0,0,0,148,consent_sign,3.5,0,2026-01-29 19:03:00
S009926,677EE2CE,iOS-HighEnd,Driving License,Maharashtra,0,0,0,118,consent_sign,3.5,0,2026-02-28 06:01:00
S009927,3B289BEE,iOS-HighEnd,Aadhaar,Tamil Nadu,0,0,1,179,consent_sign,3.5,0,2026-02-18 16:44:00
S009928,9D4D8B69,Android-MidTier,Passport,Maharashtra,0,0,0,154,consent_sign,3.5,0,2026-01-03 05:31:00
S009929,4F52DDCA,iOS-HighEnd,PAN,Gujarat,0,1,1,166,consent_sign,5.5,0,2026-01-14 12:05:00
S009930,00CDCCE8,Android-MidTier,Driving License,Delhi,0,1,1,146,consent_sign,5.5,0,2026-02-23 20:12:00
S009931,1E557621,Android-Budget,Aadhaar,Tamil Nadu,0,0,0,118,consent_sign,3.5,0,2026-02-17 17:08:00
S009932,E97E55D4,Android-MidTier,Aadhaar,Delhi,0,0,0,147,consent_sign,3.5,0,2026-01-09 04:05:00
S009933,C4CA0233,Android-MidTier,Aadhaar,Delhi,0,0,0,146,consent_sign,3.5,0,2026-01-15 19:03:00
S009934,816CAA34,iOS-HighEnd,Passport,Gujarat,0,0,0,113,consent_sign,3.5,0,2026-01-21 03:04:00
S009935,C9886DF0,Android-MidTier,PAN,West Bengal,0,0,1,150,consent_sign,3.5,0,2026-01-01 11:07:00
S009936,1F4DB543,Android-MidTier,Aadhaar,West Bengal,0,0,0,102,consent_sign,3.5,0,2026-02-12 20:50:00
S009937,8D4363A2,iOS-HighEnd,Passport,Tamil Nadu,0,0,0,136,consent_sign,3.5,0,2026-02-26 19:39:00
S009938,C3D1B0B7,iOS-HighEnd,Aadhaar,West Bengal,1,0,1,90,doc_upload,1.5,1,2026-01-23 08:05:00
S009939,23065B37,Android-MidTier,Passport,Gujarat,0,0,0,121,consent_sign,3.5,0,2026-02-12 07:32:00
S009940,E7E4A92A,Android-MidTier,Aadhaar,West Bengal,0,0,0,96,consent_sign,3.5,0,2026-01-29 00:58:00
S009941,545B25B3,Android-MidTier,PAN,Maharashtra,0,0,0,129,consent_sign,3.5,0,2026-01-21 01:27:00
S009942,3BF5337A,iOS-HighEnd,Driving License,Karnataka,0,2,2,143,liveness_check,5.5,1,2026-02-20 13:46:00
S009943,9012D2F8,Android-Budget,PAN,Maharashtra,1,0,1,130,consent_sign,5.0,0,2026-02-12 10:12:00
S009944,5763C5C0,Android-Budget,Passport,Tamil Nadu,0,0,0,117,consent_sign,3.5,0,2026-02-11 18:33:00
S009945,605A79A3,Android-Budget,Aadhaar,Maharashtra,0,0,0,117,consent_sign,3.5,0,2026-01-19 16:51:00
S009946,0BAD6367,Android-MidTier,Driving License,West Bengal,0,0,0,118,consent_sign,3.5,0,2026-02-20 20:37:00
S009947,993B1792,iOS-HighEnd,Aadhaar,Karnataka,1,0,1,151,consent_sign,5.0,0,2026-01-30 19:01:00
S009948,BBFE7E0E,iOS-HighEnd,Driving License,West Bengal,0,0,0,140,consent_sign,3.5,0,2026-01-30 14:32:00
S009949,4BAEC9A5,Android-MidTier,Aadhaar,Maharashtra,0,0,0,37,phone_otp,0.0,1,2026-02-06 17:03:00
S009950,C22515FE,Android-MidTier,Aadhaar,Tamil Nadu,0,0,0,154,consent_sign,3.5,0,2026-02-13 23:44:00
S009951,5EABFB1C,Android-Budget,PAN,Gujarat,0,0,0,115,consent_sign,3.5,0,2026-02-05 13:23:00
S009952,C5EE154F,iOS-HighEnd,Aadhaar,West Bengal,0,0,0,146,consent_sign,3.5,0,2026-02-10 07:25:00
S009953,0963C291,Android-Budget,PAN,West Bengal,0,0,0,115,consent_sign,3.5,0,2026-01-13 00:32:00
S009954,1A0C0048,Android-MidTier,Driving License,Gujarat,1,1,3,252,consent_sign,7.0,0,2026-02-17 17:32:00
S009955,0FA745C7,Android-MidTier,Driving License,Maharashtra,0,0,0,89,liveness_check,1.5,1,2026-01-27 12:31:00
S009956,1F5C5C10,Android-MidTier,Passport,West Bengal,0,0,0,97,consent_sign,3.5,0,2026-02-06 08:24:00
S009957,43799D48,Android-Budget,Aadhaar,Tamil Nadu,0,0,0,157,consent_sign,3.5,0,2026-01-06 05:11:00
S009958,88143A11,iOS-HighEnd,Aadhaar,Maharashtra,0,0,0,84,consent_sign,3.5,1,2026-02-18 12:37:00
S009959,3AD96CC4,iOS-HighEnd,Passport,Delhi,0,0,0,141,consent_sign,3.5,0,2026-02-06 14:50:00
S009960,0FAAE5BF,iOS-HighEnd,Passport,Maharashtra,0,0,1,118,consent_sign,3.5,0,2026-02-25 20:00:00
S009961,516BBC7B,Android-Budget,Driving License,West Bengal,0,0,0,2,registration,0.0,1,2026-01-28 00:37:00
S009962,87B31442,Android-Budget,Driving License,Maharashtra,0,0,0,136,consent_sign,3.5,0,2026-01-19 08:16:00
S009963,E37FB2DD,iOS-HighEnd,Driving License,Tamil Nadu,0,0,0,142,consent_sign,3.5,0,2026-02-11 08:50:00
S009964,12A94F75,iOS-HighEnd,PAN,Gujarat,0,0,0,109,consent_sign,3.5,0,2026-02-08 22:26:00
S009965,D8BFC4D5,Android-MidTier,Driving License,Delhi,0,0,0,155,consent_sign,3.5,0,2026-01-31 10:07:00
S009966,ABF5C5D8,iOS-HighEnd,Passport,Karnataka,0,1,1,153,consent_sign,5.5,0,2026-02-16 12:04:00
S009967,2978AD8F,iOS-HighEnd,Driving License,Karnataka,0,0,0,4,registration,0.0,1,2026-01-17 07:48:00
S009968,427288FD,iOS-HighEnd,Aadhaar,Maharashtra,0,0,0,108,consent_sign,3.5,0,2026-02-12 23:16:00
S009969,AF6C9F36,iOS-HighEnd,Driving License,West Bengal,0,0,0,152,consent_sign,3.5,0,2026-01-03 04:27:00
S009970,25C298E5,iOS-HighEnd,Driving License,Maharashtra,0,0,1,149,consent_sign,3.5,0,2026-02-14 22:19:00
S009971,8E1483D2,iOS-HighEnd,PAN,Gujarat,1,0,1,141,consent_sign,5.0,0,2026-01-07 07:19:00
S009972,FF3D782F,Android-MidTier,PAN,Karnataka,0,0,1,128,consent_sign,3.5,0,2026-01-02 23:22:00
S009973,6DB96FA2,iOS-HighEnd,PAN,West Bengal,0,0,0,137,consent_sign,3.5,0,2026-01-07 09:47:00
S009974,72007655,Android-Budget,PAN,Tamil Nadu,1,0,2,105,doc_upload,1.5,1,2026-01-31 04:37:00
S009975,AEE5B68C,Android-MidTier,Aadhaar,Delhi,0,0,0,28,phone_otp,0.0,1,2026-02-19 01:36:00
S009976,F2128A48,Android-Budget,Driving License,Gujarat,1,0,1,76,doc_upload,1.5,1,2026-02-13 23:35:00
S009977,B4D713FB,Android-Budget,Driving License,Delhi,0,0,1,114,consent_sign,3.5,0,2026-01-28 04:47:00
S009978,354F9914,iOS-HighEnd,Passport,West Bengal,0,0,1,146,consent_sign,3.5,0,2026-02-21 15:08:00
S009979,EBBC9E9A,iOS-HighEnd,Driving License,West Bengal,1,0,1,105,doc_upload,1.5,1,2026-02-14 20:44:00
S009980,B10E91B4,Android-Budget,Passport,Delhi,0,1,2,122,liveness_check,3.5,1,2026-02-22 01:16:00
S009981,2018ED3F,iOS-HighEnd,Aadhaar,West Bengal,0,0,0,117,consent_sign,3.5,0,2026-01-24 17:21:00
S009982,6E659294,Android-Budget,Driving License,Delhi,0,0,0,38,doc_upload,0.0,1,2026-03-01 20:01:00
S009983,79A59FEC,Android-MidTier,PAN,West Bengal,0,0,0,2,registration,0.0,1,2026-01-04 23:44:00
S009984,E55B116E,Android-Budget,Aadhaar,Karnataka,0,1,1,132,consent_sign,5.5,0,2026-02-16 09:36:00
S009985,CC1DE42D,iOS-HighEnd,PAN,Karnataka,1,0,1,170,consent_sign,5.0,0,2026-02-01 22:56:00
S009986,EFA5FCCB,iOS-HighEnd,Passport,Karnataka,0,0,0,122,consent_sign,3.5,0,2026-02-22 09:14:00
S009987,9760DD35,Android-Budget,Aadhaar,Gujarat,0,1,2,180,consent_sign,5.5,0,2026-01-20 05:30:00
S009988,0EBA92AC,Android-Budget,Aadhaar,Maharashtra,2,0,2,154,doc_upload,3.0,1,2026-01-01 13:23:00
S009989,5EDA2838,Android-MidTier,PAN,Maharashtra,0,0,0,113,consent_sign,3.5,0,2026-02-18 12:29:00
S009990,018AF2D2,iOS-HighEnd,Driving License,Gujarat,0,0,0,154,consent_sign,3.5,0,2026-01-29 10:50:00
S009991,AFF32A65,Android-MidTier,Aadhaar,Tamil Nadu,0,1,1,130,liveness_check,3.5,1,2026-01-27 19:53:00
S009992,9A9EB406,Android-Budget,Driving License,Maharashtra,0,0,0,4,registration,0.0,1,2026-02-22 22:20:00
S009993,33342B79,Android-Budget,Passport,West Bengal,0,2,2,202,consent_sign,7.5,0,2026-02-03 01:52:00
S009994,157470F1,Android-MidTier,Aadhaar,Karnataka,0,0,0,145,consent_sign,3.5,0,2026-01-17 15:11:00
S009995,989F5496,Android-MidTier,Aadhaar,Tamil Nadu,0,0,0,143,consent_sign,3.5,0,2026-01-09 07:34:00
S009996,F3986F93,iOS-HighEnd,Passport,Karnataka,0,0,1,119,consent_sign,3.5,0,2026-02-12 20:03:00
S009997,507409DA,Android-MidTier,Aadhaar,Karnataka,1,0,1,166,consent_sign,5.0,0,2026-01-15 11:27:00
S009998,BCE4D414,Android-MidTier,Driving License,Maharashtra,0,0,0,131,consent_sign,3.5,0,2026-01-07 20:38:00
S009999,0ECA3630,Android-MidTier,PAN,Gujarat,0,0,0,3,registration,0.0,1,2026-01-12 23:23:00
S010000,986ABDFA,iOS-HighEnd,Aadhaar,Karnataka,0,0,0,113,consent_sign,3.5,0,2026-01-27 15:38:00
